Distance,TurningPenalty
719.7481730273275,89.11022078738277
657.83168657497,90.35781383218445
762.9421541461157,92.61144355166437
740.4168000116764,91.47356864972258
808.2821258589718,85.190901386753
777.713361879225,91.80355217403394
691.2443979961944,98.04029107897594
828.0793219892224,87.30266117939773
748.9896673377137,82.78797572951764
786.5632604665209,89.71393669018758
750.9996479057428,86.40417153135431
605.3390855177963,93.13931666414476
752.3534203929268,84.60305996303592
723.732182806088,89.76661620930496
696.0266683951049,93.19145567175018
785.2291070403942,94.13161868616821
735.006210961032,93.92469300291728
800.2276049013424,96.1125962183062
720.0611056325021,90.78344641613957
677.0399587723788,91.94606435824232
762.6665592188075,90.20889691978147
708.725376869665,100.96099367166228
752.0225231898308,87.03606774115268
674.442503097433,82.92938323030167
735.006210961032,86.07107421387975
741.3017590984211,83.51806329754754
698.9024643050484,100.45575648071957
720.2848514110362,88.28552560077789
670.5739418978619,99.13818359263173
786.7094234905435,100.51413876728971
621.973822198701,95.31513341749294
718.9704420675791,92.85427412720831
766.8176096205465,85.54068510765578
789.9588595448466,86.01777469591121
717.0515093741169,87.53437524423124
694.3340348839129,91.56877388151406
752.698040016936,94.78146315031873
678.1540622211744,92.1282629428477
700.5189909972113,96.86542529971663
769.8282923899782,93.96567026180693
805.1051855427429,89.59709535505365
622.6455311860342,91.71003458663846
698.5691226584981,95.81737502478981
689.2214220781958,94.74003221296894
825.1466128297089,78.38882020934466
801.9226875126947,90.52477508424829
807.8855756877422,94.5599177095383
675.7413349855169,98.4530850372862
766.0688561103512,87.63329077393857
715.9410646414885,89.23431208976329
731.9636774010878,87.62995353182765
707.3155852037555,96.32761103872437
689.8001789146748,86.22440923585096
770.7326211449113,89.99762403161839
702.2624455957407,100.2072791590505
744.6716043289844,87.6050981578779
751.4942857409001,103.95009977919568
735.8253572932068,92.07022559240652
743.9359003207398,100.06604564158228
690.776490616976,92.56188173641748
703.6977700407465,99.9089585770819
684.273159302903,94.65407190753912
656.4098632478746,98.35268545020932
751.2726888782995,93.3189287503658
637.8215417773569,88.20787597018996
709.5741732923815,99.60224684071169
740.0012195887363,97.95440441432797
742.9483428817075,84.6979395442003
812.2740658190862,98.56022231281936
788.3905667540275,88.36208537815934
763.5730167403,87.5646024061101
658.4376684661082,94.88953724607138
745.4687885316791,96.19742667550427
699.4812211415272,77.43251178995446
678.054228762868,90.80770673448782
660.7326211449113,93.13913504493325
839.9835537639707,85.41604677635307
745.1906410741097,83.54549007200951
744.6671353943556,91.5919528442681
657.4111418957546,89.98042336783813
687.2354365436402,85.7492655090173
682.1763747523383,90.28145957635057
726.7610218217311,91.7834822397215
607.1867355525102,101.13410544828258
777.0764031836441,95.03190615285874
749.1917001414836,86.26891869426153
760.504048813689,85.75640396658694
682.6812368271945,106.48995405533003
629.7718216707524,98.8336751384646
762.0395766133602,94.01905433409445
717.6226405099853,94.40739992354167
717.4399662294629,87.22495538126168
727.7269903474536,81.86040184299621
660.646550301509,99.98840695191028
811.0507550828145,96.55993369433702
714.5655667090715,94.66438853343426
733.2062638748603,100.14968610111356
748.5423646936247,83.83974223020883
781.5743055522589,98.87163318193488
808.7556875249169,75.68137398523058
743.6218055309853,96.19063310046114
733.3329821897115,98.69512326400996
712.4008940724218,94.7119373013283
662.4211248427899,97.70926718420749
735.8522282349194,102.36321522544436
717.076403183644,92.0949754643023
797.5083310225535,84.07958455476187
635.925190751513,95.85557127426323
718.1019015621928,100.71358579029237
672.584708043623,102.71683129414566
740.2685511648493,89.92876754454922
668.4766375974298,86.57276152293662
756.0319095750565,107.11427254955473
733.4224034906699,85.42765637875979
729.4295777601797,100.1390205631507
701.1274781303312,95.11680674607967
687.7382673343297,85.14366228505232
718.4629522423508,89.05111527854477
789.3166248953861,84.60542091560728
790.2362396565562,94.2581121142731
692.6524124934862,101.06940685502124
1007.3036494372728,72.43077181531136
684.4269870347673,84.96400755895691
666.5119549342465,90.65621277373579
699.6557742785519,91.44404263865601
753.8072837132985,85.56877520461043
755.9595033344734,91.06118665057917
797.7794612247421,75.65045212811827
817.7151523640308,87.29399469565311
742.5147375583545,99.9238427140737
638.5457825666815,112.07062886778742
703.4171626468406,88.85222553240125
687.4866022348805,98.35254403632727
720.6511235572777,85.25450113432348
724.7973721045332,89.40376711494278
806.3519247279693,84.56173370232534
802.2054309493406,86.77611223366672
816.1646588135617,96.28048624627924
776.9849036334537,96.85267448419859
698.5691226584983,90.31933437758603
733.8328033722723,75.86136542542631
741.4234223846615,86.68423472458458
694.0507827519258,107.77665631807704
727.7472133949232,93.73299333165377
745.7530742419921,81.29350662304464
715.6175638957399,87.0752062268393
739.7073806193092,99.22465906538173
764.7818317147694,97.26337492911622
634.4071103773458,88.65025019377718
676.7020630561487,87.22581858798888
733.4224034906698,95.8171151373874
799.6975490559932,85.8020044972254
838.5209940764425,87.74599277283619
718.0628019653224,90.02115848289034
810.8695874171964,98.57849153846966
702.1539773822208,82.00245575352254
724.6916485540848,91.6928874738962
766.1443150663544,80.25172101412028
692.486851938985,91.56861949129325
776.5797711519674,84.19782460067174
705.9568114855967,85.89134537358115
757.8575958312542,87.73842672020203
821.2080655742697,88.74369088051701
721.2370175131041,95.10042006284989
647.5430631779304,97.58084524341801
719.5509501654304,88.00813597837913
711.8470310454701,85.85899927887695
799.4962806415019,99.10910100910206
699.8663731006558,99.27267231136199
721.2009518217736,86.14007090640726
774.5345574238006,89.26361101160226
718.3074594398207,93.35816844435438
757.5218607756102,81.96573230590208
641.1969498940654,94.85191003992591
787.1172637887762,94.26249231598324
765.6751570169649,93.94778601793911
712.6743555197427,98.34125084509809
725.4048980161175,99.07721691956428
723.5830421272358,93.41602961748542
773.204905773342,90.94503091608075
711.7104467241353,92.21156793113295
756.8348032932905,85.01954868536217
727.9337706996122,98.8075008220353
646.5174078089176,106.71853577833697
648.3356099354872,102.00905727317064
772.6063875755387,99.63102579348136
771.1596930186321,95.57829550972977
668.6777038488574,101.83698777130923
848.1252139257934,89.85620122647012
664.3900842722807,86.41917631242417
669.901411707796,91.62774182041191
785.4477836730211,95.13177541682877
676.514559475391,88.55136434679103
692.8890300031785,92.03586997463222
679.3703278921247,95.14246216701379
695.4300603149823,82.22132138119534
749.5859446875079,89.94087015802594
779.0727630063432,86.71434647360141
730.7711231864467,92.4957983963305
658.9386013999059,99.98212547756364
809.8280645340443,84.13200282186595
649.4812211415272,88.00141853855978
659.7932976072228,92.21250094820206
768.7539363464099,88.509968957115
716.5567045115013,99.82057831459754
650.6193252468495,95.21204126385746
736.8845949486421,92.87817625000497
695.5934346718217,102.17532351884046
690.067326375244,95.13519365928708
743.4832502422416,90.64174935647236
798.5747778699267,87.06645018121608
684.0328416533775,94.7128584675093
739.9296541876594,98.8123904477164
681.4726949253351,96.4094714435522
724.7273208069234,88.19851497318935
602.4552312049012,103.5166510504665
702.577826736171,92.53372558023275
699.3893674783902,88.36784885478247
698.0064943240807,87.19526544670491
721.6544873415171,86.86290372436835
680.3895476385528,83.57310737250145
748.0355262556833,91.61443112402432
766.3853559493369,100.84977734744102
727.9268893921602,95.45839102778473
754.0050452899915,94.14988595301763
733.2219759634697,80.3415604947508
773.6535167718195,88.6143982398201
761.377572167371,83.99868875792889
727.9461146622948,90.17798461833463
754.8744813665605,97.2591552373628
806.5332562630323,74.13528263341385
722.7854522527348,101.98934354407042
671.6409476419368,99.42197770563286
689.9694973675875,89.61881965478568
618.3719413699133,103.20683003426274
778.0342391286074,94.85145887005518
816.6439948163153,82.91624827065954
682.362279054047,99.29140313772778
725.3514550745002,98.97571360415941
724.888505295954,88.58519431824712
749.3931205058581,88.08782995832634
618.285870526511,100.83935449833777
758.1607891457307,95.08690851995979
905.8050240730945,78.35959716456654
729.1066145220412,83.72998738154025
671.3996154245418,99.96211438546752
748.6718080522833,89.36782323650029
772.0546882735254,91.2151797752407
711.4384715790243,89.49616141183058
753.976361751792,91.39230649370404
793.4581215631891,84.60348990027829
729.8783704080375,88.9459105561996
680.6465503015089,97.42655041296969
748.750027015321,85.77237572315747
772.1000355472614,90.85975266407667
774.4428609247427,90.26805457105705
795.8333181298404,86.8010513992536
802.0369435447699,90.13479347664875
690.196750775367,95.40917235726735
703.5390401387176,90.68622419305882
798.7640081054689,90.43522421604389
711.4968165764353,98.07654391627709
676.0769886911105,92.03196797437285
732.039549294896,96.61979838279305
742.9280657178402,93.71851263659127
737.9963495264675,101.35323883484111
704.864557819048,98.88528952580089
839.6173749496444,93.42008992746197
714.4112271377039,94.64097366011372
644.6941344953365,93.13913156178123
718.0895599301956,86.87117259435149
825.1667336615926,83.99845246415256
781.0254723404723,78.39776659060404
755.1953956718901,88.1294772606007
861.590359524371,92.72076810532027
701.841900916525,91.56854462457642
788.9314821136809,94.63654819022426
690.007087528301,93.42318149158542
765.6601220911377,97.6058784834846
623.7820360123073,93.64077930043976
737.1473883465695,102.48681059581425
758.6048282996585,86.35408113252161
686.0502307262369,95.21145380896291
797.6192975777383,92.13171475917808
684.9212585947024,94.85270496382897
758.4029363107313,88.74894274202404
719.9272708966154,96.04662336476957
752.5525790351797,91.89056586658894
632.9553105014522,107.68762245841907
744.0202072397103,90.84206083008067
737.8909201598175,84.74519841183087
654.1096285406687,84.78405527667404
671.377572167371,99.60215545559674
788.5556418138874,81.7390669265326
810.7233771020817,90.28840902297215
767.2491139603458,84.21005514094632
690.7983482411062,105.7046215992445
614.442002306101,101.69478955334763
721.6918571937897,98.4491068594903
646.1022363921014,105.60177665781904
723.0565023956972,91.24640654120924
625.0062109610323,84.50026115303051
688.6995338982747,92.63775404089982
641.2700253874982,102.66253781438904
734.9193127451027,94.27318479667626
676.9853151881359,97.19039381300476
776.431806274131,95.35331776687656
770.570808636086,79.3418241192699
719.7398228620494,98.07776573000993
738.8007051386363,95.33905187700024
856.6091382237588,91.6273159447822
767.741530511267,90.51705296765195
761.3300033655044,83.355180285818
780.0620441253584,85.15981731805961
827.7378368211118,90.39263938722601
786.1544598639675,81.28591079261425
657.6997652927942,95.81683176619839
729.7925997359944,89.08472269479128
688.5492460010768,99.36446325831609
661.90762801272,90.78336825486942
785.884528434382,84.39693208724744
681.2257742277739,87.65360050712329
797.430805235738,93.94845206840655
662.3574497538116,106.32467611131868
695.4288076474643,86.250646514263
696.514559475391,93.85561693415094
689.430086455521,94.15317228359496
695.187287578199,98.80518126833648
689.0553944339086,83.57316092455551
726.1667108207785,96.29568066898554
720.4601262499327,89.15678510989558
735.9492323069162,98.08239630871464
710.7252705288436,88.46490724288377
657.4326178322249,95.03172331255786
718.4733741072688,91.69573259441769
671.2188929203218,99.78168469241388
746.6765922183512,97.53406167694953
664.3612599385723,94.56791128918643
695.1805192475862,91.3302134038712
745.9841495170954,98.93388612782502
688.6560483877912,92.8144080277499
693.6505818199175,94.7479401497685
759.6738344903438,96.9002811436455
779.4759388916414,90.11061513842058
656.0652796991167,100.06576162237744
726.6077590316678,85.4052193951811
729.3529638915419,90.64169078594044
846.4286418510294,84.90017036282772
734.6871480270988,92.97612439957669
784.1574145383155,78.50833043735325
745.9276885740452,84.96806042455634
685.7596301970118,98.77855944488503
723.9796843906782,86.53507073935128
750.5761125049715,89.35424719972346
837.7682554747489,98.67601759026047
737.849642976813,98.70608793113904
673.7615309584282,101.83737867181499
736.6294546525019,94.71013810121981
617.373772043482,109.46336419950654
749.5837799176852,92.85552255653742
719.0322991925627,91.33727112819405
823.0209097120422,94.27791622013078
696.0984624087511,95.78369930255795
811.23705121465,84.6149894780312
763.672742041954,77.8532044157643
685.7207740425296,100.26627309336558
771.6763381431941,105.60657540710615
691.7216900094655,94.76854455195998
815.1462267102987,82.74148173071562
713.1479442826692,96.85455858034979
746.7438827398267,92.39177495598744
800.9043305133745,88.62423542943837
732.6707788870253,87.88641393738472
746.6110464641678,100.6019426313047
873.9003854414536,90.15329826742268
720.4407677266853,86.22765934607136
643.6505818199175,94.88944225975888
770.1116828542566,94.33033008310062
804.3160107362601,91.21567136642079
714.0036794241514,92.33661904827727
715.8250031802601,89.43768839830565
662.5687203564044,99.04860137409685
692.7270872659682,80.65004227744681
631.2241749487246,103.56642491355649
713.9686008787262,94.97659617817627
815.4152091691794,84.53024281037048
772.5409239736845,74.85727998001899
715.0142107455569,90.60410503057604
642.4280061502419,102.56318752710796
720.2945846539671,92.14929679570491
737.2196660522015,94.35328109120805
711.3562897058247,91.67509188153645
686.6017625080566,86.99907068501835
722.9126786466035,86.10887250633156
708.9675630047855,98.07438579552151
838.2951177211203,90.72789264480025
805.5923161947488,82.24829012489737
715.1660415834335,98.55543535758314
714.9566123668983,94.31516329916707
743.0423816604863,99.50491896125462
789.1807597610649,87.39689348326296
724.3612599385723,87.64165632638527
751.7915357142831,86.22445985047048
799.8175474871091,93.62642850690659
798.2293906249253,92.79971194944758
644.3413832811509,90.35804862638207
672.9907752995023,96.90648552808928
803.0271045150984,86.11446695172995
712.4211248427899,88.10570605778138
823.0419941786532,85.53766139796674
756.9743446530233,83.4031717003039
672.1758550024708,89.87385655169099
783.1975300576397,90.31937458849728
780.3100991120274,93.70588729868092
713.3566763944749,91.87274096323569
819.7038763062644,89.9146819398706
730.7711231864469,84.68013300449654
637.9241716360384,93.60304710756135
666.860742303198,88.03189518508015
755.9323931589086,95.01556203526154
693.2527556107631,89.9932521000012
919.1526984398022,93.41868992010232
705.9587886177823,98.42557249316901
852.7421614161314,88.0661617108888
660.5604794581064,103.91513205631671
721.5625436726302,94.24605327745314
824.4606263575175,92.69608202299244
709.8429200319998,100.52919211832938
826.2332644497628,80.34117908303217
697.027589215675,89.07071164076143
704.7638635192396,93.36083227927679
736.1564369961529,90.31949764775607
707.4946098137058,84.58247054740403
737.0613158874736,80.41705130869249
739.4557492214057,99.11785206044456
675.2072772124595,86.01242351168104
731.3057759348951,94.19474539701821
708.4172147804165,95.0449546693481
771.7372397736772,92.71403256940245
701.3401144615716,101.69525520248418
744.0851314871007,101.63118172588626
795.9383837070764,86.68389294701613
680.930269523282,88.4999682766744
724.1476297908724,97.76834132940999
735.4928080888749,86.79156092562403
718.755687524917,93.58542221621659
634.275656184956,109.6047956037299
804.278041030649,81.82270752917461
680.3058794438097,86.78286619499232
804.2213904560036,82.55571651187138
751.4853321549974,94.36748612491598
701.3324060141636,98.28358917034086
701.8828471800322,92.37136058730634
637.7654923889891,84.32025412759906
623.1370849898476,95.03165559416412
680.7974332476231,96.09719437239701
799.1414891079545,95.65719835706939
726.1478459162503,91.97527098084886
785.6496517196096,92.79135759023322
695.5934346718218,98.59963755879781
752.7003742073313,88.83952097292126
841.9400287576631,75.83133531724371
694.1257698618931,106.35191139382304
739.213988236816,95.42224751739047
741.3354859917026,98.43588524442835
762.1320343559643,97.81326635064286
726.5603960440762,89.16277953730408
739.9561682688782,85.27527583625377
722.5346379366317,91.21565422231276
813.8276635357573,83.02636287110843
829.60537073325,90.9864716926368
789.29776106179,92.85522770472511
728.9965486451657,85.54325584176182
747.0583906815689,97.6918020548345
683.1370849898476,100.67111774427786
756.0707916692245,93.41621244611308
694.7818046177878,94.70983014782502
754.0843806181948,97.97547780763591
610.8052295485581,94.20712571303693
814.6246354131381,86.46592907366357
715.9300532074994,89.39144671391958
761.0010137715826,82.38075169293518
582.6455311860342,92.63765404366212
683.8222911883809,94.65752821232897
719.4641928176324,98.15577444869876
770.7342204239603,88.58065432775166
728.1625837780659,89.03642795546942
850.7162088623643,93.79635858180043
776.2156190203941,95.21694378346794
656.7394329084213,96.67538830262262
684.6568776199032,90.06855081235372
683.1659093235561,91.56830883223292
736.1392862686711,89.50277801274754
751.753078578984,92.76614218596026
753.95968311084,96.36480327177384
803.0886081473535,87.97085522437179
699.6029976260899,92.4954327419506
688.6353168444791,97.59821245494216
741.7509258978563,88.55136554799797
701.5290398246649,90.20503742857207
735.6966991879682,96.26284300776403
761.8805432533641,94.9960333129753
676.5044146777778,99.78164327574247
735.5650911400896,97.21918560097257
727.7793424033664,91.51512313514296
722.6665592188077,96.96548692533072
751.0979088779773,96.78976311413096
692.6638953607436,96.33710442746002
733.3750407906672,94.42012950175298
688.5783806749238,83.36739976988791
695.1182555857866,93.47846785886563
710.7259570332393,81.50736384410634
730.7983482411062,89.99798211738235
784.436306075547,90.6040741214665
770.2410673410977,76.40099004861214
727.7617204029857,87.82165731235403
792.0032979196961,88.9656749416559
716.3169110970201,91.74801628593242
818.7161034406488,77.97689039690998
687.083751580882,97.6326538665573
703.1001822273611,94.0015999160696
753.6269331764927,85.9467317782786
646.4573113500036,88.88195280531079
726.5632604665209,96.24251147662596
760.6651756856229,85.12261313486586
630.5643684283094,94.04892840609313
772.081823322435,105.56338673199613
732.4136177420725,88.20872441769644
724.9212585947025,92.10690311990652
714.9041524304112,96.15649573509022
771.9451385257221,85.0477114668937
828.4663205394727,91.77149619350635
776.985782277922,91.56850198722432
755.0300846355324,90.78820154641605
788.6514453465403,84.41452823527327
733.8915837550089,92.46096426619344
787.6501666986604,89.40979332708642
680.6120898264508,89.63139575902838
712.5785512008384,94.94997619906803
863.0240839212279,87.0128583591457
789.0917590240857,82.8799587222569
690.9810225216285,89.35394477669877
762.9708986420808,84.77507117161295
691.541155368204,92.94699886517516
753.6643030287653,99.83417580227996
766.9838051457365,101.92010712680444
706.9484124256494,87.3198204199101
759.3782371698989,88.9877314127623
733.1751565181653,92.01509153712547
786.8758040220027,84.82168746983716
746.8588781478518,88.56790720854517
717.36689073603,97.88956208679406
761.3370927721671,80.75330062064653
662.518980947428,93.7321141885142
797.2868738275527,88.16000379029134
720.1192886377053,90.74003695034311
714.2859139594083,102.78388911455059
731.6202906604321,88.80418143838607
680.482499789407,94.49910089854836
738.8057222907421,82.25074238170166
694.573072505982,91.39615801248918
726.4036662259884,87.76636573846075
722.0395492948959,82.82522307549239
810.695691548908,104.15010846531062
757.0291358346426,97.77809610431324
789.154400519688,87.11402057452044
723.5933353102237,96.17701086272601
779.2921663264965,92.25246123517678
760.9485816730989,98.25965986168167
762.7575758107887,81.96421318528942
667.5008640254225,100.6939324918563
724.44576627437,84.486891025131
586.0769886911103,113.87976380624535
802.8525586943892,88.39244164823175
805.1294572978047,82.33792287556133
713.089760362443,94.14977326502708
681.90762801272,93.46122075500429
657.5888720433918,84.46916275077265
748.5391012034636,90.11206954655458
783.4922090246317,102.24181478616214
739.7008125461546,75.7506914643661
780.2796823594728,83.3347210897138
719.214540770744,104.13404241010036
730.4917659425521,91.12930815226001
783.3882041226868,92.3466518181263
708.0642602704181,89.73136105728048
717.5679569874575,89.27148877723812
813.4739243995942,91.94538657095313
695.6363444391499,99.4673172961369
712.9896809424548,92.96695514956807
653.2978306057319,102.49830376603141
742.1239559271862,92.07119051270955
738.1356718659626,88.58037150073677
740.2198978563908,93.51263517934963
704.5946139581037,86.14788794776007
728.5931176919712,93.13092340559142
737.3824067986957,97.70903941846579
683.665988620107,87.26874181183229
696.9230059649977,82.98815741503846
740.126172163987,87.9256771917587
754.4265565215494,102.97154875611243
757.7401198440983,99.21092579680185
803.636916667434,89.02667795632833
687.3232068970059,102.23506764392268
705.138132243208,102.42155615979884
718.5607290898171,91.75443394571532
738.6242333325271,91.01828043534154
770.4443441379199,94.46918768757392
658.6775908720181,88.28525491337538
679.016892392373,100.70872635479887
713.4423039787346,94.12219322840544
682.2639556381401,84.48267768576173
755.0525284895915,86.95440091825607
693.8482575167526,93.68768442905855
762.557430550365,96.61991908061064
735.1514767762528,102.52459634133756
704.3697405250734,88.19397859060885
745.9966469400704,92.13451599285986
656.5904855211803,101.63588017695294
789.5344123393213,86.75176936371155
755.2980167673317,106.13735625265251
684.9843533369019,101.2447659260892
632.0736556570073,98.4650280656201
815.4741161214207,86.53461601718512
717.3415181911392,83.18183630725505
815.1784289170787,86.61157783489965
632.5140769936444,107.55918774781205
720.5263204359137,94.23306716251996
814.798886611961,92.92770041762579
765.417182170695,88.53089139542882
710.021822326519,86.7144878856081
761.9554140103668,91.89045371525013
711.4875504232905,91.9634235883366
752.2441503842458,89.66902025258285
697.3181897449,91.99664125808275
643.9028737825313,96.02752028810539
677.1971516978847,93.59514726593733
800.4800537802159,89.82575746434782
766.7677901523437,74.46717762138907
769.8870252018818,86.67157428842945
653.2973635159459,96.70530647066835
719.3898156096406,96.61967769420055
699.148346584763,92.533754859991
823.2632571538345,91.60629753735417
713.9330081950714,94.4577829685742
802.9527546255708,85.43951258649908
702.1384851501984,92.33645928725694
763.6370779741058,84.48304212728534
726.5737181852073,92.38018798929305
782.1193940594209,87.57927968624617
634.583241245934,99.50111226803826
648.2858705265111,86.46953850672402
722.058827477516,85.83392591064172
754.4960553822649,99.59388651900561
659.023773699825,90.21621134012099
710.4455970269207,89.89996158343948
676.5685424949238,87.32010324734642
645.1143250616053,101.13481248873035
750.8368502826416,81.82245757035267
766.6294546525019,90.64136655742192
776.0941038113423,92.6581391409646
762.8615439605973,89.71948125220193
668.47663759743,104.18994799903717
759.5908818610682,87.66495983456977
678.135937682739,90.69973956489603
728.2846890410372,91.0181583487887
698.1155880176422,101.58057664747471
740.7589134031213,82.36930616484118
716.1126943322707,99.84669273564752
676.0406572566844,90.31996951840522
892.9008282318218,81.96806120079997
769.0671272565456,100.68252879380267
826.0078320762811,89.46506296408239
642.2677276241436,96.78200114255202
764.0883534889117,92.15330703295484
684.5370545273363,82.1177569809588
700.2207458088401,95.57359563660951
748.6788360381205,87.09342347213962
733.0982048736929,79.07978110628541
695.5887395620316,88.50378244264107
841.6039594476174,76.26255216891461
670.0728146244959,92.9242192893488
693.1001822273611,96.46060302613866
811.4793762692191,91.2885549805957
760.5985493707308,95.82625694864223
753.1280721489267,100.12431747255818
805.5328527916106,85.65148004335026
656.2441485246605,85.06703180576422
679.8375487669473,104.20714619883553
743.7612617518821,89.52259417170708
861.7499222514542,94.64119121234981
752.6617105609571,84.68424012757721
624.5589083169432,100.72676337173206
687.36689073603,92.35386076187682
614.8917828737074,91.30188549780532
712.3553977465949,100.99308733009325
725.1231581453595,86.22760650569094
776.05138513045,83.13153017488891
814.7402032730939,87.43624908648978
654.6941344953365,107.59684423535491
668.7829125795763,99.35286147089887
690.8422177131711,92.06705369566846
723.356209304689,93.32020144182644
759.3587919661747,98.5773287853372
802.6269405733647,91.73977604600144
715.250984882127,95.2978156203303
659.7718216707524,93.53387851745363
766.0354901073761,101.5567973373421
845.8333738282766,83.0956811825378
866.6005489367303,84.6828640398936
692.1871450299931,96.2810335522877
811.5926736712476,91.10463133390861
735.2456644899362,91.5073679645788
742.1037663486915,94.24614233510216
735.2088764915088,96.12428221560678
848.7466987825882,82.46453656881873
651.2221975950564,89.92071073810133
704.0871700947936,101.97288922358936
704.7749210915061,84.86527977451638
682.3746486107509,88.4442881468811
761.1712714583737,84.64201682819915
733.2989627949951,90.6266035695826
815.8048522393276,90.52039688375386
715.4943352462113,102.99575505923612
694.0694065203463,99.57896239482514
731.5245421092027,106.08197064567247
771.9196819353007,94.06228134560823
750.0239552431105,100.60220840167584
755.5674678490632,85.46523000657378
722.4767049225419,88.76499948932421
787.0132245283613,85.53636253588833
720.5519988716055,93.03490538796032
787.2265236387976,90.83838738471783
659.9947177501143,91.82504573845969
677.8648953340777,100.65352283145316
694.2731593029031,89.01503152838872
731.2340548700406,99.28044631151809
796.318017944666,86.65028389414874
741.8896869141719,90.71376734964932
775.1267361722875,94.64861913407778
826.2844040139579,86.35513441708143
704.7818046177879,83.10927691950619
706.0258540051043,90.2643391132862
750.0538891127724,86.97151874798969
778.989827111092,99.35338221901941
711.7388037465748,91.79887743916854
731.6573063804242,90.69656508029126
711.972157987589,92.92054773959887
794.5566900486501,84.41687733368202
709.8360387245478,101.17276892821424
735.9897656326184,83.48368951257568
762.1359298166923,101.11296505792082
762.4486563492127,88.2709873109386
770.8571918110196,98.31547748454814
749.5974436397045,91.20807741371735
790.1818952774115,92.47837469008857
756.7020630561489,86.45818439730928
654.6407769558454,102.65692528487935
647.8974136711649,88.21589135152442
793.0660758652497,88.92843177768962
755.4993640438945,80.61122682399767
744.0007124234517,100.33207063304545
796.222207767659,96.3636873159985
747.1548539494896,97.63624378581643
732.9377532092582,87.1142031516062
773.5036466495307,94.56847687458122
758.6330985761862,102.98150892999924
692.5882846763403,87.96374575537985
748.098548871931,91.76594103407761
768.3873481701028,95.76577456044298
714.5179618319532,85.20915071815303
771.7984421990187,88.00237837972693
740.0231881923588,88.23455978824123
602.0667743495553,105.8288523339195
698.3241113586419,98.78343628448022
709.1658397796141,92.40887565489382
806.6168096937165,84.50812297640005
705.5230124658366,94.34898254131994
756.605077931369,82.69443325044618
745.9391595872661,95.41910490132592
731.0974293568324,93.85920685824854
785.0184221274802,87.26422191680277
742.2148241337925,95.90812831834364
849.1379863284969,85.29802733569801
799.5268486649771,103.25231189137675
734.9262103357622,88.70649128172123
834.0793659495267,90.87827582845777
748.4582294090957,85.71830848875932
662.4942003362229,100.4307385483823
763.3118118728437,98.85521920600021
681.7696178653105,95.39176389842235
657.2228726473678,106.28910119530876
785.908452961836,87.49295730352546
667.676670051448,87.73247227284654
700.3505785072311,77.11074510498403
619.5084461961866,96.28030343333882
706.1637438200787,92.3781799879353
704.425476770885,92.28915899329262
679.0352045421901,95.73046198155026
808.5472816148161,88.89089955986803
736.6995661740959,79.200169597322
824.307035782932,87.33441726796418
669.4154940453321,92.67575189519535
730.5486939753881,88.69753403165717
673.2247528934694,93.32815454185992
705.0724051470131,93.31844476725209
648.642198151931,99.94144805076512
725.5491034528709,86.25076957607743
654.8544130214349,100.52908498445626
632.5866853972911,91.34976354837622
674.6568776199032,94.01968645494321
672.7925014410897,94.24650678372262
767.8712857715253,85.98791625471307
752.2064862131227,92.23089361488776
766.2403996315993,95.49202878677109
745.425953623604,93.13557357310472
723.3930334229221,92.71059386964194
792.0040319523922,74.22159588604856
861.2948236859472,88.03231058298731
709.8088136698884,85.8912454080201
815.694587386383,93.05904995654905
777.7029019327069,84.29973061046495
654.0609275495387,92.99717821914983
684.3852549720455,89.85619264266786
739.8001789146747,89.39254503732874
706.5429167193134,89.71427045782256
703.0713578936527,87.03609495317227
743.1119263040233,97.85126422097201
719.2159643815028,81.17348034435874
724.14373490278,92.27718568784758
772.1533515889552,83.39604925621208
848.4296942756047,74.51690106773518
654.100522160902,95.15987837622491
718.5049948413523,93.11362613548486
697.2230925809575,90.04623231836908
712.117527347902,87.96353366446789
709.7365306186738,92.25087831948386
800.8387027924105,87.43046671685505
696.6850369510836,92.4184089141785
725.610682588288,81.2173989821223
677.1595104978508,98.21097124735485
798.9364246773173,87.13613550407923
770.3256730521265,95.92829669835287
832.8000830432208,94.8382464966946
809.4555953659169,81.2434468608858
681.3284040864552,97.88922066732559
705.4479115586261,94.01348540827647
740.2699959130808,90.17800176945269
776.0353752282814,88.0324022709538
814.7365554154757,82.18610881444387
750.5900703999233,95.4953525843977
800.8474442925924,86.05645265445486
767.5497984955399,83.63480122354687
763.0513352463888,86.49225158402518
672.3301498241211,84.94640692073564
748.5620826475666,82.70145205819719
791.5567293083034,94.38880220312377
749.6848532243462,95.94119160575735
787.5179908043988,93.26793419466344
701.0467496178235,100.26801827301321
847.3124388394915,86.7399469960027
744.716077521593,88.42753054323464
754.8630477766485,88.56894315290508
724.4185412197107,99.68802977525088
697.2628787940795,87.71103171119736
762.5956779798147,91.73223293802876
818.1471809137223,76.38748763152005
795.6624581564571,88.38516840233078
755.3816310603524,86.41089265410153
714.4002290698938,91.03573342576416
765.4083890252258,90.54354433101203
686.6995661740958,106.40409934425911
673.0565023956972,101.65445353016007
775.7186422142246,98.69175380031145
717.4482468717298,82.86064979033475
799.4794699630203,88.98765324324211
804.5513914729033,88.66301953580415
678.4184431959736,102.49559636570453
745.6326707460531,91.57120604307752
697.4394991396769,92.92016492953704
739.759699519471,92.59864252926405
709.2280804703242,93.7370531046173
698.0417045100446,96.10528128192057
687.9891129330185,97.55274224498136
712.4008940724219,86.78577148453098
711.1347992091049,89.72755358094777
737.4127411748035,86.10024628592308
706.20704581794,101.14761789267043
709.0750403098876,98.08223062943786
706.0498766132903,84.97854705459618
770.853715081035,89.39809925224222
767.236120829206,81.28610916532439
663.6233567652582,89.39241454756927
810.0726562342403,81.89565666884155
745.7779423468287,93.65830419507405
750.7378092665538,95.20372469841847
692.0005801635743,102.24152553245115
713.6557699415599,99.91594915338156
728.8582131453239,93.7826470743686
729.3611569128528,101.4464623878427
643.7403039495855,87.82124164763601
747.6559812228558,94.24636536994535
778.6921832822069,90.864790524781
668.7911039658599,96.4918449109776
711.6409476419369,78.59489061984046
793.1675086026052,92.3150501919391
762.7712263893326,91.22945078498775
713.9632000289477,93.35287105765157
754.6942751560656,97.01613568713
687.4750048366033,92.81732472208633
673.7552780474341,99.49511742016662
798.4582294090958,89.5026537516055
718.9511652961783,93.78251313459268
803.4224308091341,89.8089875296619
810.1382260865676,93.45329871950915
764.9391063534194,100.70198047298497
767.1655434594672,91.11261826844128
748.9002460367553,88.66625794194147
798.2232527517646,89.63692135258825
821.6838849817332,86.24702691295143
766.8709763374609,90.49936949074385
794.5504882065771,84.27559827253775
693.9935346265382,93.36908700972742
744.9508169611069,87.71848427842015
690.4236540006642,93.01871742607993
762.6327567101338,89.9684766613808
611.3357524836931,102.00024820994759
722.1238265003469,93.46764001748704
710.6566950991221,87.56908392048567
737.2440425383393,90.3962878907156
710.6204437239222,94.56813428132425
746.926469399393,105.42549203980604
770.0925740762352,85.44228150932406
820.2243000051249,90.63855315812313
753.2079877763261,80.89540374025556
707.9903658220194,85.8604924757546
749.1822806865304,94.553269695782
749.8439995611816,97.94900835484393
713.0933009199091,100.9927163119508
702.8384487192512,100.38512038427741
820.6122826327256,80.24622534818491
726.5584327819791,84.82168748882849
779.4640965516741,97.65360298071208
756.9921848500104,93.86575901568429
690.2853185008221,96.06552909117262
704.268307787718,91.24714288004758
739.853298034506,101.82717113824667
859.4841075476521,84.03708248193415
764.1128917176061,94.44360113564719
709.596116318638,96.2808276549737
724.3160937853647,98.99041838390951
687.8564671861751,80.4969519895171
759.5768910485034,90.56681420989003
768.0337193787399,92.54690071841952
649.3661646577445,100.02202792057493
738.1556615002233,86.13638382823407
660.126172163987,90.96291712647206
702.0294044972828,97.6712095637655
708.3880698719746,100.65305718461941
712.1053037095552,90.05501423686692
725.6390651770055,89.2713230970539
763.290034304797,87.53716544659481
615.6296860470214,97.77816509842512
728.3465688250227,91.85891273102418
807.4476331035588,92.43702078263418
730.8571918110193,106.28486066284754
700.1549964976955,91.72172273759661
701.6911825061094,83.77058456566574
657.36689073603,91.88998928699921
771.1907528721794,81.33169601312396
712.5882846763402,88.20844161294103
682.5525790351799,88.56886619312576
753.7592319596154,95.13843506741684
738.7073795140867,91.71314904902637
728.2676645709994,95.63350359152318
754.209289738631,82.15885315172629
691.9601007683706,85.20856235586713
704.8630477766485,90.03550978068101
746.833294333215,95.26993439454053
748.5970082778675,85.01918303447121
774.0572843690649,87.61554408054866
657.9241716360383,101.95771357211937
786.385355949337,100.70818499614496
697.6109429552532,90.77002430428949
834.62592145789,83.44838586668557
841.3118809249446,88.07771343898486
606.3441361516795,97.06592464621707
686.2998847704723,92.49465537499391
740.7711231864467,91.74827385651741
728.9957212726388,86.87900725827942
757.9804067050296,91.9956134815252
724.5653591111773,92.95342641459229
667.1683273641761,99.85499995818591
758.2554282710495,88.03997948962099
733.3363599657316,92.6065028488842
725.4419175899666,97.65062850057414
768.2672802270654,92.35414275982154
788.7480128565203,94.302617393079
661.449241856679,88.80389516301256
649.4812211415272,83.07160330962618
693.4442811109202,94.38426120741582
713.5003831593691,99.62771668147838
722.6050517908304,91.49146685187222
590.870956644753,96.35758119011354
772.9084951059177,88.11082890881708
706.7245774104658,96.87285456190774
708.1880142003902,95.80398303638982
705.9163320903928,87.85979734783362
721.9986028099061,88.35032150814826
710.8120694499539,89.92909180230812
796.6748653199537,96.43077302039873
736.1646588135617,81.03686797279272
913.8834096009377,87.87725290579468
704.5288992932674,98.73968422672648
772.7720287024534,84.25553603977694
768.3746591260351,92.31637417159641
755.9856358193051,88.61879358703398
702.5949660395581,91.18769214193848
731.5090263597609,90.64112514293677
707.8195644236886,97.72197289557631
762.0389208984382,91.47035187526085
723.7887450594154,97.0519682822207
718.2786351061123,86.65589773649944
735.6312853260704,95.57277055290366
808.4042463895629,85.86052818836835
723.4962979390687,107.65276224293666
721.0974417881912,97.16896724240962
579.1268706482925,101.51163731067152
682.1057434808768,91.87248744247886
754.3697405250733,96.93629351353226
774.0602991530809,92.4521354033007
820.8130413138192,95.77386675807065
715.5301779411474,98.34475290621322
672.5140769936443,85.28560696353836
763.2471524824167,91.34969163830272
709.5146187310045,93.06623307645367
702.3553977465949,87.64169403676041
785.9216629399718,92.60967110521601
762.0490267259313,89.35460328779773
889.1061076418923,68.63352451020042
756.2652677156727,98.85201836539281
646.1725785388603,93.51171601863471
769.3902461228583,89.05291089717133
834.0742631390459,86.02435350877151
748.3855379563443,91.67906043735852
711.973822198701,84.35854695006195
758.3199354825659,88.93275725074506
639.1707439548805,91.67154338253602
749.751903218536,90.60360846589353
731.5816347634079,93.74490741635144
784.4046134952929,92.80005689603267
730.2396852578288,98.42552075059106
725.9657575461903,98.54014595087878
662.4403757069457,89.73552754762223
675.6278218916752,100.38771808236118
799.5984466991259,88.39929711735356
706.6445036253815,101.85416668859186
774.6316059572397,98.21107121543984
713.5345344277171,91.79944030686315
793.4647675239585,93.33870134112978
762.4591580073198,96.64085937630584
792.356997025644,94.7476866053155
721.6073495541849,90.10080562962047
742.9779752295804,88.5865496455689
765.0495645177527,87.69706946787686
736.6542352637068,95.27685554708096
761.9289576770698,94.2255404972817
677.9166645353208,94.9763064463537
614.5000625282,89.73161339419256
729.810790802074,95.61968570410875
696.1427157873054,98.17322926074243
701.169724839406,90.78273937859547
687.9632537441992,94.50956008045613
715.5380199409191,96.26296727718135
711.2735602254205,83.25604433983855
652.7469639233894,91.0395061870494
722.6845003173557,98.92017366324843
714.7818046177879,90.6792862271403
754.9993552476013,86.67753846196841
649.4812211415272,87.64175260731676
728.0978515261347,93.5728551455622
733.8318883787892,100.15997938748265
796.9083797360895,97.64565292012396
756.1349857712642,96.82757342246236
761.8554975029562,96.10700677526212
752.9800050218474,79.29840984402142
704.4927141309621,90.96297421317112
863.2907622367248,84.8337437130086
826.4056607486534,83.46650654103199
705.3060776434021,93.69985936758056
761.1097268355733,92.72686598287402
745.4354894574683,91.215477100757
767.8146604699049,98.49457783277461
629.5981683258545,91.91340066941987
808.7010439406741,89.64155083132934
705.776027905619,108.01724092298572
758.0645735047152,89.38915976889426
680.5994469737344,93.3278009680276
680.8052295485581,98.17242953341365
767.3297243673472,95.17804285446925
709.2571277193563,88.39792177362366
689.1050168586858,88.03976918642195
818.35827621743,89.11396254358931
720.8417017978268,90.30204463963486
699.3349114511818,81.87794748458596
697.9883884683511,82.50991043084356
614.5374323804726,98.08649196522383
775.6209661782444,84.08934930370526
652.1031313780026,91.2097911054623
717.0684108567652,99.0688459189292
691.8146758618658,94.10443140005842
816.4687649257256,96.45867284766375
717.2787901003608,93.80319192754918
611.2899020449197,88.2850904294351
690.2649747536149,94.36205270478028
802.2656952124927,83.50296528466163
667.2150927964326,96.71776437767195
702.4212378196293,95.53322617264054
713.1466840534213,97.78799296782924
754.3068080420337,100.82557223562829
705.7865011387245,89.91464603502023
674.7419204929832,82.57647385789343
662.1148619787784,103.72579331867425
693.5462319824493,98.60631089767683
829.2825185332749,90.31991092872967
778.1249973023204,81.57922036859429
738.2452082093799,94.02769643837105
689.7699575154061,98.31511180855962
666.0769886911104,99.13860782049191
680.3660945698969,92.99744890638878
798.7855193098441,91.33715840482374
762.6155097309996,90.70609055820631
718.7951282807915,88.99335697776705
744.4881306208827,102.19625509260425
664.7955672326917,96.21533062033377
699.5292963393914,91.13523802694051
729.7555710094919,94.06213993682697
742.5933427988366,99.31881325086621
747.0036795843282,91.88484835501004
680.0728146244959,82.92984767839984
765.9300535207233,90.85628698801465
712.6682863834615,86.68120487394133
738.1656933209973,91.56866174604055
690.0604450677921,99.45946848598615
787.6805886957244,81.22503547021861
701.666193345581,90.76602243152772
758.6799545151931,90.70016378108818
649.1658397796142,100.13860100578242
713.7143315624442,96.96299657076094
666.0854692776113,97.58030009790903
743.3537842688065,92.10144708530554
796.8056637974215,81.75022110046993
714.9021990190815,81.89165383129661
770.4401562388572,90.07480181315265
737.7927174436484,84.64195984841615
698.614750181948,100.94706792885736
847.9749389960034,88.18207563690353
704.0075700100479,93.87301757522195
688.9494453173913,99.99267964557261
726.8540488476164,91.651885836092
888.4583726504163,85.97511681955456
696.3657250649892,97.09049288039843
669.2994466531319,99.97459587451473
761.9921754598531,93.7947715781984
671.7173280315873,106.56696856688072
709.8012973917475,90.52922845677546
747.6232918972721,95.00827050421736
717.4094776846424,87.03613843981645
718.689960428722,92.29831999989871
774.75145688781,90.40410329501056
704.7035136253206,90.74842753289003
727.5133601997537,92.91398698538116
773.5643387161712,82.76431618641995
765.5586769224235,85.49627146386806
754.5564623077519,88.5994353095962
790.2640771506109,88.82158954521584
792.0601375563476,91.47366862547267
679.2691843549868,99.35344545128065
841.5547668600501,93.1990777992557
692.7469639233894,85.74950810930858
739.8921923511901,94.88966652223071
700.2401523476148,87.79083192085577
686.8607423031981,91.48668282336416
749.8351027577561,93.61002223767504
685.9251907515131,106.31014199694768
636.1725785388603,94.89386773406865
687.36689073603,97.85139351301358
716.6110464641677,86.95670890421914
826.8603606155384,84.78711975396655
805.4703784035144,86.24553959389009
805.3809029826446,77.19194645586465
718.9443095827473,89.37349623565865
756.5221408431948,91.20128452752755
778.9642947928231,90.89426814043487
799.0411209048337,83.06733254855016
684.5842692162563,84.1710994495963
717.4140160572713,94.36280497542315
712.028465782944,91.42682447328838
791.2082204978599,87.40491363291244
754.8399525353024,91.9810721858036
714.1753556368636,84.68007323284165
584.9847350245616,87.44431683131317
692.1982285419454,93.99369090925083
675.7500567274592,94.0493402009965
696.5632604665208,83.99901064434836
663.1760541211692,91.44422512714152
667.2387412183747,94.34930556919082
747.7192092181679,92.3974401022009
802.6997752439138,85.20265948218882
785.2248873721763,89.25426800629583
747.9295426796081,92.33095729919594
767.0937834016559,92.24716105506995
702.1995145866971,99.15599132725134
831.4616114133829,85.62501051626086
783.3345814687606,80.7414817202284
760.2321544362554,91.87277024961746
816.2806207739294,91.30705980997091
796.1203422478311,89.40966856375287
700.4714162774551,90.30197394092235
814.1960247365032,89.46918409722885
741.6693048858593,95.0307184288165
584.7870866461908,103.20697144461721
757.6634338583682,97.83363930754487
715.75869423022,105.53264790980828
823.4718799256043,84.31622711954034
719.2890587935785,95.7007128506425
718.278989219059,101.13516306802744
633.0036534437894,96.82066315305514
727.4399662294629,83.93396188008812
767.6982140585213,82.06102545648648
704.9033174961544,102.20603911744466
709.7060945745574,90.12226185022006
746.8689099686258,82.78802129872992
675.1888852415545,95.98235179077629
746.0989317173669,86.57262132170976
713.9139572944833,96.21180285363273
727.4751178134425,91.09037586259748
665.7242374769247,97.51231299619783
727.6086656517085,106.70143141193051
779.3090922006475,87.78332661385798
755.0281517684589,90.14561479093305
708.5391012034637,87.13977009272163
805.242349735361,91.2640646851898
722.9250482033073,92.58892444233905
630.8153743461713,105.77777930935873
714.8070523187789,90.64133106002949
703.2885048548258,89.52261253923467
766.2676289207826,89.36059814114653
706.4693723488748,103.49838682509649
731.8196403538901,106.30694795911693
736.2746370694812,93.06590958203545
746.5904855211802,82.78785920308356
700.5547166277273,93.99194743979143
712.2893165374533,89.65559598135624
664.3767760012379,98.63682094555824
768.6791901510674,92.79164039275713
678.3143797203162,106.81695767301666
715.9402524703177,91.46469933123798
764.0161755984825,84.1541252166731
698.8772163825746,98.36610320646935
688.2586454718517,96.06240130514257
690.7759747016319,95.35351409126761
745.5590022748556,89.26325368950727
677.7927174436485,99.42180817828911
729.4953048563747,77.75015675585588
796.6978149955888,86.20576759575498
911.7503477872618,85.1860225474548
726.075011337442,97.77443998527484
677.2150927964327,96.49937825589375
675.8724567864577,98.17308549302287
859.360988032396,85.16025456480214
776.5668368777555,90.81785436307545
749.7450199137371,87.74773551662423
732.5949660395581,97.4842460661975
704.4548726541368,93.5297237156775
756.3637081157789,87.49560314539836
736.6305014634014,100.34475955737584
717.9697991594883,97.80597769614575
697.3155852037554,101.51141425935246
796.0042085433379,84.95945985634255
694.4083964220977,95.52439995208216
823.4224308091341,88.66323270513502
841.0569233495944,85.22714653443606
761.1884470629079,88.19606128516916
665.536733896167,92.60283089082012
712.3717954552023,96.88063991665189
696.69482763575,93.91430534005698
644.4124800267049,100.6938910808875
769.3225418944779,82.9296941040102
675.417182170695,92.33633623575088
805.6919773927112,84.27023236435548
751.6613640453456,94.8057302033356
668.5457825666815,92.9388868396894
685.5699426552746,95.45137653639706
708.558506236332,92.13863949655553
700.5994469737345,89.36025672953723
677.257479800811,101.21134298186288
761.166574326084,101.15447125040434
734.044014421313,95.16388417708245
704.7284470782969,93.15683691385198
652.5209583010962,90.80971387808545
731.451779850067,103.245069294958
842.5336572845233,99.50130610857025
795.9953327132214,87.28906339631038
767.8169459561091,91.20412929604284
790.8523663453074,89.10885092018786
700.1618778051474,95.7782755487389
772.7510198557691,86.90663500208636
635.2730043086545,86.77313157624117
823.3103390465201,83.78306692079825
693.3381789251653,88.82830827568594
766.5477682344986,77.5655727589071
776.3980252644519,86.97138395072118
750.6323183779892,91.47039842468676
797.8923786416108,83.27462052573753
748.4461490526093,86.81749879088215
821.737068282433,79.51333072347285
760.7053958687691,86.48302355181842
762.9800050218474,87.74446461831782
751.854270473229,93.1565173338323
657.0924315280292,101.16871336049591
720.3874026254645,92.96038235731248
749.2855820635941,96.0403660978204
668.9239402415187,95.49569396516394
777.6891358299821,99.5128212965472
752.4098001947303,95.01747881559012
672.5346379366317,96.53329286779015
615.4052797037772,107.57931930767448
804.4127018601148,90.15184066064423
718.9015667020445,98.13809043420278
742.8840012054952,91.27139414433653
762.5731399781673,91.10484343989866
778.6131089419254,100.2844938187889
760.6936870982581,92.35438416260082
845.0775932686555,83.08780356622457
743.4236895354218,88.40985622419532
713.5323817465893,104.2586389160133
728.0279810823674,93.64228295784463
725.4924805176129,82.97315713816889
804.3159124433535,85.04757133080157
689.1910874806053,103.27658186282369
744.4983983170881,84.33215439795293
703.4415822768627,87.26866695266393
712.8675124933958,82.99904394089279
789.1753845778674,95.37550415209328
610.5519988716055,92.06974158218877
691.0617237156719,83.69788660251047
824.7520804622458,83.9679206566876
685.6296860470213,88.83524130486286
692.7112582822291,107.17203081363388
734.2935554887091,86.29000923933509
733.5460336539088,95.54714524039356
758.7777454302679,86.20892517723144
758.9125698733692,87.98588449339789
716.6482384268718,91.31375526498589
748.4878808827602,103.69502280103649
695.3018286423629,102.63397288739743
772.8185877566377,93.05600593827005
734.1753556368635,88.56900759075529
798.4275587531636,84.7063243930608
836.620882300421,95.39248547278297
753.5223261856258,87.56365726504467
813.6598798873886,93.32639651483908
731.7024725336316,86.63782691012378
768.9945188528989,90.10852105218075
685.9003683455129,100.78141973091914
731.6554958234846,95.57861221002406
771.7981168465866,90.10140609442371
751.1274508118669,88.08784791323235
666.057112033689,106.7174965720133
601.9348530673794,93.13929951746242
780.2814218924021,88.89747476461443
704.0823697844635,94.00753181171842
714.351528078764,95.85192278082582
692.4941585414279,83.12929426758033
577.4111418957544,93.26357166091319
760.2401043320875,90.44352961646244
662.9785187196377,95.51242897049082
676.0318225379028,93.34988577988993
784.5201929579698,78.4896047842928
698.1420369203701,107.00920505458575
807.0734860835312,77.82211862751518
767.2013279626991,83.1348239380238
793.1153441770799,96.91034040085096
781.1619646660029,86.32974858701412
753.3951784360105,86.42362645184274
758.1828865548827,86.43162349187224
781.4384715790242,97.85160561717332
765.0176918309426,91.83605535446388
772.6418293218962,89.53651447166926
780.4895395375397,96.84131796126361
722.3553977465949,100.06536047478427
674.1364994823813,96.36403839517601
687.9112639070249,90.3045283517774
721.7179913438445,92.47720994047324
729.5728277856807,95.38103304654486
769.0107369437994,93.44968617294217
750.8068288276072,99.17706974210951
685.0695130213445,96.24948783299217
903.8911955724869,83.87352123312826
755.454197890687,94.07336131557334
745.0852701589131,97.51231300315375
683.7745289115899,99.26272142049666
669.1184505379265,89.69595527492467
794.6300066781907,79.06669880693012
720.3088464445094,87.02733812490277
686.985782277922,81.6119868273321
704.1532513039352,97.61083816718268
669.4544631766539,94.3194473940878
741.6832216694759,98.35316823352301
689.8732544081076,94.39673013901812
721.9484496538104,102.84742142839086
749.5144074531141,92.09110660040682
752.2834526552053,93.1471621710164
756.2812954616096,105.46641503368397
662.1982285419452,97.45689735544593
763.1369330903898,102.51654408501435
674.034795064707,100.795337037699
715.5265890985538,92.27704317264416
683.122696581678,92.34041911674272
721.0349657507986,100.65332285069265
757.3729463059822,90.34381977274342
771.4490426622112,95.52946503453148
718.9002460367553,93.11865868258799
718.5931176919712,92.5332770571814
695.3494777208319,88.93767182079328
709.4632800429791,97.41935019437682
718.2276836867846,100.21635162373506
639.7718216707524,102.68744253497307
688.689960428722,97.58541454725784
691.9705587085399,95.9703226688159
780.4072884603091,91.14897060099867
760.0351854997408,75.66763646521632
774.3578304199381,83.20961306322711
663.4915484599214,98.57747019566582
710.7122773977038,79.10597990499997
853.4211522173625,95.56490319719023
845.1127596983174,85.99881022301385
818.6318873258449,102.14190628290267
789.8676572398019,88.66783743567171
712.1865195499516,98.88528951808935
750.5189909972114,94.56824019176469
810.7463696722232,88.72741586635821
675.180406270747,89.03275518904147
739.8807490218595,91.320130445582
730.6418339781129,102.79723923841482
709.4443183790406,89.4954840190791
712.8511793489297,86.21907462221579
683.7534138920879,93.11511405776704
849.7088482578195,84.69783955678417
691.7830551277822,91.59466684775023
734.0435473315271,83.25127105314009
675.8930615215874,92.28502179745571
699.1840522259236,95.30103606923677
755.5099759312936,84.51826889062677
703.9935346265383,91.09326784345194
819.3022086743656,83.37557038435031
654.7886859252397,96.43411167677553
779.0083590836851,98.27615496091255
705.8377268499106,88.16104132095985
805.2037344955033,85.29931484759916
812.0717912801783,87.1680871655727
742.8197264957491,99.45983416023823
677.0671838270382,91.94578154786151
644.9404838648372,102.74328242856203
672.4706380050908,98.26367468544247
651.5517674770861,101.67409015862354
794.5603092407894,91.73691153774264
762.7345122662045,96.17383606491157
786.0846419050845,78.34306215169657
782.0462076870243,94.75565376346884
653.60541566671,96.49166122644324
756.0863077318901,87.4199167464668
776.944835792932,87.06671423551218
643.5510737140435,106.88861791894998
805.5732570182973,85.47329855593686
730.5909680029272,87.89062235369316
761.6703433037057,78.92943347350113
735.7292546290306,99.3391607065849
646.9618621194801,92.3539599199814
792.8343189059378,78.8120973180253
710.854343477493,93.52986598050828
702.2048869340734,90.59594324313412
691.5421940075333,94.17287751677497
663.4615270048871,93.20947781485503
718.2172852397423,94.5307004593289
679.4511996864926,98.24984524980461
705.6363444391498,104.0886923064536
794.5011947174631,91.9933646421808
704.7941741744918,103.9188633931745
792.0449205599484,91.4268159042045
661.4875504232905,98.81643817108625
725.6954131432162,93.21213417335994
787.6309340303973,95.13006699114078
799.2018958119584,85.20923810176824
666.9906864531885,95.39214670688312
740.548693975388,83.55568600326771
685.5447336806918,89.89150604173787
784.3026203706784,102.42213978379081
736.9406161247146,101.60517670837761
762.636070673987,92.07509592287856
745.3733981007565,86.65902339436005
689.214540770744,93.62382247596302
771.4286846087208,84.59116245644987
668.1828865548828,97.80449652449097
799.1775838562762,79.20022313806304
737.3843298144833,89.12010227446406
660.1923663499679,89.62031641906168
727.2881682898656,95.9670388944478
797.8840388523657,93.30790786862197
813.0064454503422,83.35136781324388
762.3234507375681,91.22922773107582
815.0698022215619,78.91764534645056
746.820079986067,93.786307686705
722.5302054957056,95.79919540063597
742.7516283373969,98.32838192010057
634.135938601845,103.16884772871842
665.6954131432163,99.01389931551455
796.3691884993846,99.67460855321305
822.5513819138537,83.95998103290594
730.63785639757,86.7693344873239
691.1528117111801,88.36860826074141
736.2449660056307,102.67551622334501
769.6657621335685,84.91839973350254
718.5979469922065,88.28535491004685
687.3559202009171,92.22950494743895
746.6723411194364,86.65920150324106
799.8641548323628,97.12460975155179
732.6528795832721,96.70544168553151
779.1953155006095,93.35519061183739
777.3470140786085,78.10547795808138
649.6677860079459,99.03165347613854
708.8175240352156,87.34293063782907
839.3603239093543,85.46186969942389
759.4544631766537,86.15758527713973
666.7219397135701,102.42120762397315
749.9453885840094,99.09481081717838
708.0766538612016,94.0491210067548
728.9015667020445,84.94604247885316
788.1222871041952,89.8738261186441
720.9030444686227,86.32010885251026
772.7677206084019,99.01406843296897
782.1982285419452,82.46582581907418
710.4167726932121,92.13892315249218
765.4705397101861,95.31531623913402
729.0622757413607,84.06306468097932
658.7433179682131,92.35343570783111
790.5317441395649,95.61028088815598
697.9224204575314,97.18716372371199
765.0356339412652,93.68771964300466
783.2489836247596,90.67186159364608
702.3998963117422,100.54685131280947
712.9446123017603,84.42395493018262
692.5327023777585,90.52667962623697
779.116760935348,97.5598144645287
679.9137568962536,92.36848191609494
764.3708590021461,92.50616189623511
724.1114810504374,96.85530910197704
664.9473651722891,94.88986647983887
747.6964603965766,93.3922521279805
793.3157299094852,96.84793917020164
695.2481104991274,97.58504739373227
672.486851938985,95.67485876239579
746.3125456115943,91.81841619877967
705.0314586620232,92.28901758348508
731.5159076672129,85.06691688585275
708.8840561167142,91.77972114136625
653.1590280161041,98.4948238914195
651.2626769902603,85.46557260161602
671.8033988749895,103.02684715862405
734.6312938052664,88.18907253931219
787.2535948379683,85.81365592292454
756.8899170280903,95.24191079799697
739.3088285944511,90.15852369571009
748.2293906249254,87.1609762271992
695.0495645177527,96.20720310384571
734.4659561660889,96.94104543186218
773.5003831593692,89.64945204213862
679.6408001807035,96.36283955719438
685.3865336199252,99.86014350252006
831.671823982862,93.35467970002935
656.0838699985624,93.2045465238599
736.0898312554898,78.2374780329452
802.9019399554506,80.85638206750993
736.6995661740959,92.28117288393925
785.7747921467306,79.40737274349836
731.90762801272,99.70638456826784
682.7365059832202,82.67216329015848
728.0288678635549,90.07117738509166
744.1773148916006,92.80577216397388
745.1109071885487,91.38836688654658
666.7459347470433,93.95388306378106
670.0117440766622,95.87237738292087
702.3216167369159,92.77949912489814
737.3011636398351,96.92432018027176
728.2486414890811,87.44403400632653
673.1370849898476,93.60285213689008
700.9453184961617,102.70494316944152
749.7563948447364,80.17468936929576
735.3118604631369,92.9980595110858
790.1037986245127,89.94254975729447
722.2347197497494,97.91005674299345
777.6997984485452,90.65890859637746
747.9188041634935,92.97463364527205
697.6779076686639,93.04905876853158
861.5359843192934,86.67927185857687
636.4975333703259,94.24664820092184
728.971176100275,87.57398313969499
696.5269290320948,85.21275897414739
755.1231597610531,93.242298283626
669.030655007277,103.42574158763782
697.6192975777382,96.70188712735707
771.158327152792,88.19905854810858
630.979424858273,96.49905401314028
717.3853681090613,103.29518291575371
786.8330867353206,82.68913969974524
829.8445193110489,88.285242757261
685.891197366241,92.00806536374786
749.1386147249548,85.46514835305165
796.8808106483237,83.35489171836943
798.0187230659418,90.18958992926008
725.8460263928464,98.45586705317162
738.7807778262352,98.05109031064642
648.7010439406741,94.38855739915277
865.2092306044555,86.08266276705857
779.2309887652148,100.79534917897985
702.8200394168224,91.78716000856836
680.1533972186463,94.426119090624
686.6451288839404,86.97689648078688
693.9797117091424,98.39963080969227
732.7571087210026,84.96402090591259
687.2606842446312,97.77469978757964
653.8072837132985,104.9957710660601
733.3531358370091,89.81058653248297
746.3435414535872,88.40344719976963
728.3381603602343,86.46939625683424
671.9348530673794,91.24704520502523
702.3828399970344,85.3965579313492
872.567779622461,84.71173599359958
795.4736400468641,95.96875706241242
734.6136648780252,86.0123016629213
707.3465469888226,88.54265646212734
797.7082458792951,90.86015298698214
704.9847350245616,89.87340412801261
667.4399662294628,96.79918980041072
724.1364994823814,87.05704876255996
748.9002460367554,96.84114731172446
673.8834687496627,91.8511554860104
712.8953981127653,86.91177130507147
707.087288274615,87.7985326012038
730.8860183635576,81.86099676704994
672.4381509478551,93.39186932714254
683.6119590786441,101.79226993317072
718.4761705076438,86.25129500627821
703.5352561295889,90.33698735264097
724.9411444295472,93.33683647494954
753.494788978993,85.27296020633446
741.5743328707231,93.40375986083376
747.8788241408193,84.6244333352417
686.4576492455213,102.9645554403531
852.3912336161405,83.54526712417626
799.877856189396,93.4119402201979
727.5218607756102,89.89286544910186
787.0161640201266,92.77529748764731
758.445668250633,108.950892031808
717.4536458649983,98.2044545768907
699.8765178982688,90.6035296184019
758.2250061995263,86.78341508154375
701.0207772306821,92.92073056410855
786.7336837902325,83.64206384721798
718.8516571903042,94.67089757359074
746.6474649357473,97.48424604057804
800.1651412953086,90.44381243071977
722.4591580073198,87.67200613983792
717.3994329037607,97.13890542918064
755.7906159604065,92.10720900096659
807.6047078504862,86.13013756289756
661.0651415887287,93.05565450619272
686.4045812194717,91.56880316014853
789.563562788105,94.36126441866341
719.9761284412516,92.59631312983939
706.8051600046163,85.39263552249923
791.3095136045611,83.95805878154243
669.9171260990023,93.00063866577705
763.0474863349041,99.37701665934894
790.9421958208432,90.49088466440588
645.7772817821186,94.08377112900618
740.810339316617,95.50963196239641
626.0769886911104,98.63672096670807
755.6334249542432,92.52516663618734
775.6751586326584,89.41934809998381
736.8992716631979,82.53945513363749
651.103997743211,96.13877084041546
824.385256587739,80.27784048660328
726.8873280077274,91.1283323157823
706.6947146589108,85.2482270956572
822.6167958674926,87.31196478395147
693.1195931781192,97.65066993221836
706.5522006754248,90.85195745665585
764.8239504860586,95.15891019738207
747.9334697035093,91.25440319579744
756.252263530007,93.44367634136324
781.752950693379,82.22022098562508
676.468083243352,94.93379870313576
807.3529977830565,97.22464737530234
767.4683234733853,91.07878607951864
751.2341064288998,86.13606969086777
736.1817122370911,89.62885743346443
712.0090607500755,93.02341721313842
699.6851224308922,97.00651695969164
782.1270453647506,77.71050162422027
761.169294326188,96.12171277292155
755.9608134133051,95.88984531767444
783.5756266567195,83.42651510759507
722.1727981196211,92.77836785114191
853.1741501487979,87.53073962767535
737.0291358346426,88.67485372929721
763.2787732165003,90.31967575633863
702.6256545286128,98.6303014093924
749.0068064196181,87.62448244103106
660.19924765742,92.29235396687051
688.7829125795763,102.94032566528149
778.5905547705836,91.35553036233087
734.8139680857889,88.21649716562374
720.2744911547701,93.73936685949876
714.7988307228528,90.31954528769201
758.0968606177169,93.81428044249652
748.8245611270736,93.28069926601943
775.8990841739266,92.67531791448513
681.4432992635659,94.10422693246109
714.7638635192396,78.10690147966451
759.096216074999,93.74105845960328
830.2191243148413,87.96366408951691
749.5326747086473,85.20588658762229
711.4432992635659,96.74464058123891
817.5837179005937,88.19601988770415
740.0108464736583,94.90702574465803
650.0876701224514,98.49496823267991
772.8022330794153,76.18309763582481
827.0086591382387,90.02825250496008
720.2122407885597,90.8269973165345
744.2734379166629,85.04845009584177
688.8513296190423,99.70007270719269
667.0096481171269,95.42625508779858
622.5209583010961,96.7056414534242
745.0356066228011,92.08769071796858
794.4217050063643,93.17749734349589
692.340657127734,96.2765373399743
795.062944634966,93.73760833554779
679.3539947476586,89.53421783355199
767.9391722790854,89.39795664069169
652.7088332463467,98.80961645123611
734.6429998093304,92.20635629447175
703.8177002474115,84.62922447043378
731.1347992091048,96.45657052909769
813.0517860529674,88.68338104756023
788.5032210831296,78.51618188936742
795.4652576817832,89.3546178752954
711.2004016828831,93.42962742174436
750.2242544437863,100.14869074436788
656.6358688701678,88.68401876830572
733.8871993296099,100.30109649346056
773.4713356888543,89.65692319362248
756.949407051354,91.10664717517207
874.5172948541142,84.43160381914261
754.175468613703,88.73841902519996
819.3767613655745,94.63650801590238
773.4657570473906,88.37144876796211
689.9947177501143,96.46066280206823
753.9780201795661,102.7821576422207
758.8571202622722,97.18634832985023
755.4535113862913,96.8805758586663
723.1353338113407,89.55493911019805
743.8817175711557,93.69985935714305
790.1720499212248,92.58069900305331
745.0018602170439,105.11112320649153
834.4126764669943,83.99338692640029
739.7178386512196,94.97569939377159
681.002877926929,93.6878941677852
749.1488136745489,91.81664634276532
768.5711890273333,95.24237565778239
749.5837723559553,85.82427512385631
623.4166020071207,101.90236268788539
764.8628066405408,94.34307764130166
705.2043264291889,88.5516252980777
768.9937108387343,92.52539929502004
730.0671032384375,102.31708411855091
670.283339149807,93.35802701756155
704.3900842722807,91.99350898105021
859.4476177229704,81.13020896942794
688.7822870995346,97.77836508347794
692.6240552495638,98.03118913734224
729.0089182018696,88.35058006750512
772.0153116000754,100.1417583543226
721.1517837408577,90.43059054042727
835.4835433188524,85.0884465950364
751.5786384187986,104.05093403381122
746.181797895466,92.63438127444914
770.5467168432025,96.3186657458071
778.1716243653641,83.71521653053307
805.401383095357,88.16799942557985
845.1994359765436,85.08708808170711
712.4894717834242,88.9006378947173
755.2038866578672,84.62344364572883
728.7332861474392,93.58494940690032
726.9046156097861,97.60630271656544
740.8643761660109,103.40741841858599
784.7670639989268,86.49227551762138
756.6114655384266,105.89817567757022
712.081823322435,91.4263111925196
632.9516477779249,102.56300470547612
699.2691843549869,92.12566431416897
733.0468505951151,85.4641108340955
711.7489487656708,91.42632332352736
766.7189792227293,85.42860564746555
782.5433142651576,94.28385617058025
717.2306088590984,90.03572189333697
719.8468149200921,96.6019942193861
720.4451299371347,99.10011003069896
725.1526804247558,93.84147723946431
682.3735033808416,98.90283158607788
773.0729571727018,83.22485788540597
750.3725453641309,94.56793308295462
715.6790713237173,95.08525400219919
726.275923114233,93.80025983025422
693.8756487278719,88.81771758004551
740.3205570521966,89.7791793576012
669.8814220735353,81.70672880340457
827.005694789112,87.37544735986914
687.2403404974237,86.29000925205338
664.0439014444738,87.82213152204262
741.1907318988708,89.96802639357381
814.354881574675,98.80660095204016
738.4761705076438,93.46064297622486
705.417182170695,89.67647934915762
651.9348530673794,100.85089652831132
772.9178667682459,91.74039987984155
738.9243112927876,101.0166929040688
718.2257465586625,96.09664362954683
708.3223427757796,95.29807535482497
767.8351383637879,87.34608872833498
642.1325014457502,91.10529697328606
755.592316194749,95.17353989935643
702.1337874905022,84.83949520216493
733.1105744303967,84.36637950132328
708.3352558032069,94.80523615686076
743.7183750634648,95.46920141822177
808.7500457605137,94.19623453625645
740.7831142619576,92.3686049738988
827.4308644348881,83.09935909115481
669.0826172697384,91.38133752357831
755.9035688252002,87.27814051673333
859.3780805681737,97.19450513841414
654.2955328423774,97.56771032331548
649.2179586438006,101.19284291629849
754.6947950600467,86.74543554915962
791.1405208653413,89.10062257940365
759.5551676148185,78.48912990442182
694.14373490278,98.50661204942153
752.7521868030673,74.35979067397606
747.3686851468823,94.34157384194367
692.4336092785883,106.9116682212381
800.5791908474832,98.32964594732128
803.4305708428737,86.87791183825385
633.0713578936527,109.02573135405729
796.7732784015957,90.19528406905812
846.6980681548217,92.41561404398239
710.548693975388,91.40943596748262
742.0046985396261,87.20037780544347
811.3109122747267,92.15281210385601
717.0036795843281,83.07109122429435
723.6955346556873,89.25999182047504
700.9731559902166,91.49537978038352
664.1802071520488,102.68810814766799
750.6577746283036,91.62385561658706
651.973822198701,95.4642697007841
700.9731559902168,92.55133916578787
716.6995661740959,101.4938354847669
826.1152665135156,100.28979115240566
832.3997133898147,94.7140685538009
716.432023469911,92.70741597148836
817.1653240995349,94.95516590900108
777.9063737788108,91.60720650954029
779.4841075476521,87.26172817798675
602.9784057427984,100.85101837230992
741.2915013239686,88.55769596287404
765.2038866578672,101.90105970793202
841.051363459406,79.20779171259942
707.7995987511003,99.8855790122716
812.4158428143871,91.06682844733449
756.545360941285,99.01426377134561
735.784484189514,91.45339277812887
777.0495300231016,86.49597329992436
720.6874549917038,93.35012370807829
719.3634881579851,89.58997608194814
766.7931788896602,90.83852069796684
634.9404838648372,96.78227194326931
719.6521115550247,91.40948831554547
666.96186211948,98.45696294454117
748.120309750527,96.25970661665919
695.3643332187874,95.49533303083986
671.3572284201637,85.91768439972577
729.6502925916121,84.71925435519027
776.7616842886964,86.883083726475
743.0127183257586,93.53358355973536
683.8039790385639,84.28259264569165
675.5790079237062,88.85316615585963
700.3256668202556,103.07599404957803
772.0803909746168,90.27718760404744
761.6797350425082,93.87866771361423
681.4875504232905,85.46544953665148
751.7066747381317,90.85238105196844
734.6228842346312,93.12507334353754
799.6975490559934,83.1354112579112
743.4258213637265,83.79810423255189
808.5244509135409,86.52919760271676
576.0838699985622,97.1425551249806
832.503745134476,93.80875680345584
836.6215077804626,81.99791247037668
783.3507005636077,88.77911638242557
704.1549592295746,100.26283293960492
673.5111534370242,91.30202690299525
737.5800551770664,85.68046757326144
836.5768711819669,92.25594727250612
781.7915608915669,101.14635921242073
755.1927758274509,91.30277537806248
701.2359190253868,83.82617211977018
631.038270647016,93.46086724005062
686.0975496340978,93.03949449318601
715.0370873019572,91.70780865701582
751.6066672272287,87.86498750730505
836.6509305889722,91.38869970195904
656.926469399393,98.38776957584003
750.4455970269205,91.04540148723014
738.7557673626604,85.20666787332907
720.360311750162,90.29867521490304
720.1533972186463,95.35355429197575
700.9586267672045,97.32288284099687
747.9193566974216,89.07097730680975
751.9375708235013,84.35736921795305
708.5102768697552,99.74348077759579
707.4838379203574,91.88173624166929
788.3846497549357,103.0471502661053
853.9505187804016,84.76621323932045
640.2191243148412,93.7827763418176
753.1754257247113,76.92498392682128
757.6730073279207,92.21211172276838
787.7493547045678,100.95058704025628
808.8743416473851,93.24592961203895
782.2675757246857,91.5231770075595
815.8239908131973,81.3540609931098
719.2938075665193,88.42082575608393
818.4008015573903,99.16370501976864
674.2955328423774,96.10053157649057
714.6753373670966,102.6186446031421
686.0652796991167,98.81643303386308
765.4048980161174,95.12996828966986
739.5679762704956,94.21523769090548
754.9181103253627,87.38899257872829
786.2721471208695,94.01676978241954
774.2030420617654,88.44119400401489
674.5050796803058,92.93848214826052
760.3707894582042,91.78455757386224
680.8169736252204,85.70285890990522
758.5134351991308,95.29763275334552
657.7654923889891,96.60218154647437
769.3236214236596,84.19205144007076
745.2546139534429,92.27690521424188
769.7554561303974,90.01564663525927
712.1871450299932,88.44458192103384
744.3432929003385,85.38387501158384
640.191899260182,92.35381851778583
818.6688042173465,87.58341007711496
659.8083128785566,89.48897327650315
715.137665153422,90.82119074898783
777.6262570673136,85.6324326616428
649.4632800429791,99.16922345317641
777.7499777094462,87.19590058297774
736.2815183769331,87.17437367421427
755.9402524703175,89.35408151215485
730.603337559631,97.62236157003166
738.2669261141185,90.40224515910347
759.7604705060685,94.29746114202405
743.1659093235561,92.13524443085521
740.7041432012511,78.06079826165508
793.5551834383892,95.62083659914651
802.7250231663877,94.98667875008557
766.6475602867484,86.85645565176807
770.3022904894897,86.99523136234734
617.9241716360383,94.24650679551601
741.9484496538103,92.44714112878644
686.1816849186268,93.94215689968127
741.7127286730567,89.67635467990404
740.1886692389957,74.7775085492861
795.9117534890414,89.10941496714305
708.9800938681611,91.10513841654557
664.2025806915229,93.78285917664635
696.1974723483874,88.34384504259447
754.9869856908974,96.81963464751594
703.918974446589,94.6150617489464
655.6585103807298,92.60677115444071
755.354472589033,88.06712074178107
740.3379847313968,88.23873458401735
766.2543787244002,86.75189903814429
709.3159859394582,96.52578797833704
769.9344850425437,93.64114493793949
719.1353512347937,90.51711154230921
692.0294044972827,94.68374468831482
716.3052904950825,97.73141457225401
828.0534307342506,76.68510003149675
709.453996086868,95.77924668809807
778.4443775132162,87.3434595366208
785.079286454465,87.49949108375534
866.0702808366328,80.77113992721787
805.6058144882729,85.99762991747441
813.0630023975697,94.41631105462697
736.029664063706,91.12515080720867
763.054366873256,92.8173811807711
745.4214082058385,80.16536268253687
739.5707437737473,100.41832777389345
695.525650384215,92.46038884380337
784.3990443799266,96.96278325947222
818.3170794844298,79.53350830352936
735.0955789777533,91.29412400569475
703.4950118943168,102.88511855319685
732.1119347832192,92.45060440363669
834.7586230641489,94.52124368828511
679.776838822858,99.49250452751237
731.4854188898215,95.67181614367037
802.0204296609994,83.71494475789967
828.7816587030768,80.53006089005419
655.602460992362,88.56920878562832
747.887268873552,79.36224434144073
762.3379281609044,92.8209974548618
667.0832844910962,89.14101419587716
726.4504316582452,80.0119603227583
757.3175613484423,90.45595242285975
724.6797460871669,85.30323814796922
820.4640961729245,79.72384715660401
677.8584445398434,104.1722610694501
770.6940714421924,90.30494842835202
643.7451332498209,92.85566395870019
725.5062453513465,86.92117493063142
693.1153441770799,87.58297963424691
691.4875777417548,88.0483233160584
702.5956779798147,108.00855399213188
699.1925977444874,97.19050818773623
779.4779162453098,81.80517995147872
723.0481347667017,84.10585126059841
688.2163714443125,85.77938939969084
710.3304789344862,87.27439714251746
706.2239589461659,95.17383128374988
671.1517837408578,96.71305853792506
731.823959817977,94.92089541702963
761.4248080261273,86.50332264662917
734.5439342190947,96.41438259625116
732.1392104928582,83.4764909387211
649.9943638586503,94.65139858123032
676.4971792573792,95.57859380616863
743.5012817028523,83.10532642641138
685.7242374769248,83.10069209506906
739.7458826608448,90.90737720165316
713.5304046144038,95.03198307543374
752.0464306023479,86.00222281562431
680.8393693796444,90.9891645405141
732.975100846581,87.46200028518389
676.8689099686256,90.78310505010303
793.7214846063962,95.40905402524022
776.5362613655402,103.74734116996615
751.0617510341361,90.26294496830442
795.3357806215788,80.05428638150515
762.9020231343184,83.92411477365155
771.14623005147,85.89083210920657
811.293338988055,87.79827207769075
822.7078871731171,92.74167199264087
680.7476698963081,105.53284205898234
657.1205413665292,96.8856883352373
686.7766962746523,100.62608128008713
797.093155005198,94.66674088215937
753.9359003207397,93.2079731730852
678.5189116249688,99.56401617534553
657.9598772771988,88.85184272286523
724.8630477766485,93.6408988977289
795.676409684483,94.56899886521579
670.1514198649782,84.89860078313382
714.913371787017,90.95299928487633
760.7402759939125,97.24050364043035
712.6104857963601,97.58567780471711
721.7885433770341,86.59016217716868
683.9778202353319,88.04672722227849
682.9250482033073,86.85655562512072
784.8727794149739,86.49628459097922
795.7981322385475,80.71536227299035
702.4463725437811,97.38755805637146
742.5078799717584,94.49881967346623
788.6435745156566,91.99861564123715
734.8865008453043,87.14030952366066
775.500702113539,82.2789524591511
700.1651412953087,85.14442789259635
725.759629975529,76.53360059678238
757.3327821550889,83.78800356916597
657.586416734651,97.85103998097583
701.7696178653104,105.4598307772276
880.6361994524567,85.69706572242119
693.159028016104,86.2128131380634
708.6658818800244,96.46056281240162
732.4229773525586,84.85280540676916
725.0874541198926,78.5013235211239
744.1165098481207,92.66378854465407
755.2193754020685,85.60716254320731
771.7929350490981,81.94361380408537
738.3419371664246,91.07372433082192
729.4563156864224,96.64734512187185
724.0926002167739,92.1134338745734
716.3136062008027,94.5855763618015
732.7958168644024,102.28480743383768
781.6761861933112,79.96784937764195
766.0480124579442,85.04669646426973
833.1132134310992,79.62281965808792
731.6338922818882,95.68009345679053
664.1096285406686,92.35349428138596
758.6810426608358,100.44461915595915
745.4255027512468,93.7679129636274
690.6814342125297,90.44415380414056
708.1875471106042,95.47765196953432
716.3157588819306,99.3704358537955
709.3882689906728,93.7830896619315
707.4077061452494,99.44522932001682
641.8896869141719,96.71303423428229
793.1707720927661,85.5516699686829
806.4130618059726,94.2723922633905
708.3216210739077,90.69443444308203
768.7010439406741,82.18184091855225
698.6048282996585,100.27240104317657
705.5334704060058,103.82360186608442
701.3919937312916,91.51879469053628
672.6535309705589,93.03418739944584
655.8322386006587,86.59897124835263
752.1663429315645,95.47542934006663
782.7209703226421,91.79005079140434
771.9773055321111,84.29974969310261
758.5294765845325,86.49233528351412
769.463280042979,79.25545339842168
758.5715143797654,94.34426923327695
736.5931232180758,95.22907872590594
752.2048869340734,89.8428375639584
712.370559696314,105.08582422286344
675.4171821706951,78.03744667212807
818.3616095107452,86.48379601349838
712.0727580540034,93.38409535329654
728.9257927512875,102.67386309651829
685.8273344253923,90.62796835694365
758.2059115067963,95.4027715260453
687.8316865749699,89.87371514324161
693.4467364196606,92.92828105079172
652.4985847616219,92.51258145496284
718.635316844479,95.3540246244239
726.8386270165975,97.94363556072719
878.9730606612512,81.36926413601071
727.7907400899802,95.71418650220552
680.0876701224514,97.10408106317476
767.1847172284514,95.14711817814027
707.3332926482781,88.90230488374034
688.7090437251989,93.83223764193876
654.7886859252399,100.09152877965391
721.7135560455837,93.16544475460967
750.3067944372929,91.42708894646155
677.319475789652,87.56874253840314
876.1141452259451,85.62138439303025
714.3207805433685,96.20357176314738
670.8052295485581,86.39308964461632
688.875239250389,87.37525916420473
849.8932762106207,80.27753222324947
715.5119092713373,101.79175160864571
777.5924484546264,84.32022484140113
726.5632604665209,89.35448740428572
742.3809028224676,96.60206613079926
793.1877981978314,88.70031899815623
656.6198811829493,87.12290767860921
785.7798885123863,92.44292425940326
761.7202144377121,87.10784728395983
746.9040734123981,87.6491123705011
700.3510455970172,92.85586226822306
603.5848547237227,109.77314378178828
624.3612599385723,85.28537650865971
617.1477664211887,91.38866685199667
695.9657575461899,102.33364508466232
813.11097347735,84.48460222642481
666.504414677778,97.06550040841627
681.1969498940653,94.0664704562551
671.3945982724362,88.46567284948694
710.9706178427155,94.75939862910397
662.2280912935001,102.94067798330862
640.0351971453181,93.51214024727946
801.802291904346,92.17256823289604
777.549566632246,92.92090866513986
723.83849833848,97.72688616869094
827.2726856961749,88.97874713293915
706.1366893657438,98.47997767952847
731.7051646957323,96.46102845386119
751.5548767985345,89.3544655312166
795.6242299660217,100.51192666530186
731.7874171056606,92.57554568724085
747.8956624926581,90.16337562752828
781.707169146382,94.80458187258638
759.8351027577561,97.09618911355837
735.9085775842527,98.69173199762922
809.9606093906561,85.25592824154174
722.2347197497495,83.48990636234903
736.6419390883002,95.91665966466178
760.5954156155026,90.17271942483048
766.4721608254354,97.27737149286826
732.981982154033,88.55115343098075
767.3253921522956,86.02826343959165
737.1105373837588,90.13946132683182
749.3310208652855,85.91386152551391
737.7010104588965,88.91528496969926
656.860742303198,99.05649844341177
740.6850523430445,93.5640316669722
740.631914266434,105.04804700992793
694.9021990190815,96.49186120640688
695.5095088415077,92.229827973956
664.7851092925225,94.63338371499086
769.2319274795537,88.45500773464668
695.9183094440612,99.42171179605391
757.4584653754667,83.52710294519605
822.4223700088924,87.11970390217854
726.0119221596256,94.7650872623069
842.1769647442134,81.76738326976856
718.5492460010768,80.16573404379633
749.8514455247374,83.48383092762853
763.2724346429655,90.85131077934156
757.8475604649456,90.46539157446753
682.6947739204984,100.09560604134563
816.2190022701952,89.15971620291877
750.7762533153917,93.35615405115891
782.1234886048293,91.84479029021067
712.4336092785884,99.70154126748562
801.8275125083555,85.33682021244863
647.0548142703343,93.3192701540506
669.7588977243099,100.60737895081297
822.5455925669423,87.13065985467043
767.2082114889806,95.35343244969555
800.1774099504516,99.45953809066359
667.1329109232331,92.78294763917904
786.2781161767633,89.24392001060899
718.875239250389,95.63730819162073
843.3416789228615,97.85691362702535
778.5931176919713,85.0976734477301
787.1143443446434,86.67690049793478
723.9863934377861,93.94789574551422
802.5736070679533,88.36482069292141
773.1138618628966,84.43173398336624
715.7248888642116,96.88709773610506
646.5701417739729,84.35813986455557
718.701043940674,89.25041170240806
725.7137775394085,99.23688329822102
845.4551699218084,93.14041879510525
738.3465688250226,92.5025028815353
758.5849965484736,84.65987753292153
778.4111067237062,86.5908964800251
735.7733514058594,82.9853473779313
708.0187230659418,86.53455735373484
696.7652932702908,92.53371343202683
753.0202232076466,96.7388591746615
739.4364740625786,100.81261583900809
671.5533048379496,92.11749518678589
700.2410651222681,89.07528098145796
842.8471033060524,93.80054265686876
715.1616601868951,93.79126456346181
772.7552445656563,86.25115236717471
746.8533939059602,86.39270806144414
703.240117006252,90.42278044797943
689.1837370860203,92.8554811371714
743.4759208035391,96.72999180916618
641.4501805710179,101.35331820136375
749.6534390975738,87.79511475241078
677.5022298912626,88.36852542235631
804.4909629524552,85.62832910851952
755.0988877098047,83.93743283278694
674.7886859252399,94.13093780472707
658.809512154194,92.01476731258175
742.3301060319791,94.21494273206713
809.38298696227,90.13976249551449
810.8678824079731,86.6767423635508
689.6131424237033,86.71464143410256
709.9062632229811,96.86868885320155
649.7718216707524,88.94617848369029
733.6911502302881,89.61103114752434
722.5750893821366,95.49859153746823
746.9346370648208,97.99346246056159
698.1929183756567,90.93670619143695
845.101663798756,85.64639325532598
752.1726701818355,93.86557618356025
667.9241716360383,91.89023522953849
783.3970309457793,92.21188004016228
708.6348497546932,98.45717099160743
717.23543654364,87.50005672812112
796.2036279448834,79.64601659184511
744.491317065402,97.04548972389476
902.8073425382292,89.12146842769396
688.9257927512875,101.52553625937799
717.7943167226975,92.67585189679396
714.051881239643,103.26512022124533
695.0419166021925,92.61145092298692
723.4182012861697,93.33608800157768
705.9375603082169,93.11818469513172
670.805229548558,94.39990917017579
655.7665115044638,98.9583300997238
708.3111182275021,88.78787650668376
718.7044378520583,92.08281295856277
821.8855330870057,85.69036947151001
769.8643957469875,86.44840652213013
682.1393827532022,94.49138546503828
744.8911544772494,93.09591700740137
729.8355987317433,91.47349792511243
675.1738503157272,89.3153246387367
666.6995661740959,101.86445359608976
693.6505818199174,96.74431549567085
720.9298024334961,96.60232940269833
688.7924860491289,94.42617745186722
800.4163421799943,90.98052366615012
733.8933906319522,96.18398200731802
669.1563463692878,100.3497631568044
737.373772043482,93.95091598255182
821.6293516267823,71.53709060089746
766.6357589316835,97.1495043353157
683.1226965816782,99.04438259939076
741.9594337905315,86.88091270105642
757.0764031836441,88.42701054985397
794.687393848614,81.0865207490628
801.7773042223735,82.12537477103643
737.831219485184,85.8915868022921
715.8522282349195,102.7429593749188
770.4960963758381,89.30529878962533
767.2875289397357,86.41610108980466
728.1656406609159,88.73130069722906
700.3745735407043,91.2699214333141
629.8740399747517,94.76864702240881
740.6868065599061,88.82187235866411
724.9728970411389,94.02777927142742
698.3143407472726,90.17790176541547
657.308044947287,99.38282171324917
742.1054166863944,93.80507773050739
761.5243882537139,87.66769785988379
830.6087347319284,85.1063007547807
760.6115289459144,80.91965544615144
747.1680167871226,91.6449744845465
690.5876631067096,85.46122875887184
797.9487523591904,91.2854353324424
870.193298281773,86.195855124293
736.1817122370911,102.46890265009836
754.560529810942,85.67151496205163
648.0118417584898,92.07034863481744
727.1868485293495,83.47297329162063
654.9828708692154,91.48533889060886
763.298962794995,89.17373467657094
746.504414677778,97.38766255233315
718.4104434114489,91.24688193335238
828.9915919691949,86.17381482816631
824.7341831558397,91.1263580832054
714.2645769751998,90.01261170067062
735.8661789342971,89.82452391932897
799.2547095068293,90.58266425518896
720.126639253773,101.38780655092842
731.0028779269289,91.5033366245991
779.0071064161672,93.24237991402381
777.3164385663931,83.19270098221298
756.3827281989647,88.20835875252176
688.7010439406741,91.03173134511837
752.9133419588607,99.00509105352589
726.7905409712819,88.89895515646741
740.9723024147136,94.62701317543032
696.7020630561487,95.39612064261483
694.2701602974867,81.79144077512487
701.225420114827,96.71154515019165
777.6539126351909,82.97318350236971
746.9502415175424,92.19735803703115
753.0612481807082,92.23844329332819
753.2840657719983,90.88482346938935
747.5179908043988,88.19613738236531
741.3615903980422,92.77228132394147
610.7326211449111,94.709871584266
742.380904438161,91.71400731630811
730.8368502826418,90.96268143115104
761.0870846149852,94.06661307537395
791.3943333961389,87.017269177678
710.1720226027605,89.85570864021805
703.2417812173641,102.49053097252953
724.1914969580881,95.37105617740642
795.1451149971856,89.63724086672777
759.5212698020304,93.97611208165894
699.6483809750774,91.91662204089765
762.2094134086818,101.41764760349378
745.5403103074017,83.63823252534243
690.5077474903983,80.47051240429458
605.6296860470214,99.816284824951
652.1325014457503,110.00849112119197
636.1427157873054,100.67075900323914
744.6499963124511,93.61669627568432
646.96186211948,94.42641885103349
760.3994921593741,99.56021330539296
780.1007002438654,94.04896983664776
764.0032678805572,95.8678774104042
700.2396852578288,101.07213282995166
710.2576263563769,96.8862158415925
741.6254554099145,93.4853844210586
776.0397596536804,92.92830457143342
738.8679808589008,85.48462639249894
705.6381666335225,85.25583038899822
733.5152288002776,99.22798413098343
725.0314586620233,78.43636906167559
650.2624778715619,87.16031059821184
750.0808144090207,91.06838662276084
694.0637758830653,91.7048351079233
746.8469774694645,101.8771227879811
712.1417675988952,92.45113782017793
777.4935711743764,80.50855730984152
810.0729743978742,86.05337399752928
662.7117253720153,96.97988708470695
739.0431846505832,82.54889314675349
799.3615110257995,92.70586206824287
657.8941501810039,89.13555398833499
771.2510563883226,90.56811509243686
747.5970783657153,92.61481751834685
695.5099759312936,101.49823788971266
687.3264113408262,107.53177763313145
692.3585070680438,92.23017055703495
765.2317449587723,96.52951927615922
694.6407769558454,91.30229759484679
725.9540150852215,95.41869903087718
808.0934102697826,87.89843898513203
757.1061529583599,95.08702636299728
696.5701417739728,92.46849666017538
798.1013149605299,98.49828788403448
711.8437534262938,101.9263201841568
686.9955887912787,87.96318013591456
703.5576296690632,98.49541894609378
738.614344700814,90.75168367269428
725.2472318546592,93.49301337026631
721.5090263597609,97.99303703064466
655.5634918610405,98.81681586391856
805.7593890609044,93.30506824216684
720.1533972186463,102.56339976531916
734.5589083169432,101.38362366326484
634.3612599385723,102.0995399276718
649.6651480895675,93.7056435628508
773.1795889590916,97.77904626131021
710.7711231864469,81.86037258986865
788.8396509334425,94.13858057617963
774.5269095082404,89.9850999596891
651.0506402037198,98.24597251860484
700.5008641855992,94.88465605770692
791.188545190344,85.62055576969857
750.6931863069262,83.97808283535065
654.5439342190947,89.05604823881218
699.9422449944639,93.31963579706252
856.5730281800976,83.27048130466373
744.5664501891051,86.68541122613635
652.7112582822292,98.81663422801019
776.4176518241641,88.38174706241475
726.0621331931549,93.54732435602047
734.3495509465786,89.85635118869784
825.9296986516368,85.05856915704481
713.0922080368575,85.45692799634114
727.7715890702764,93.37649159267409
748.2286689230535,84.77107452482151
747.5727064666046,85.9465196635892
764.2709454846135,98.56796446704755
705.9913431426991,92.4331128408059
693.9139846129476,85.19090759686004
775.3208065237303,99.02719471568443
741.2642762693094,100.99263259642699
657.9241716360384,92.53369508531325
820.3338477478264,87.98987265597408
742.4007810955827,94.85191004115788
788.6639624037897,87.02940810162548
687.831219485184,102.88553419993777
682.095131593478,92.57238746952089
720.2577393332161,96.22207777735332
786.5360354118615,80.28953484641222
685.221352534254,92.35405992161117
743.1492961562958,90.51691276445253
695.6296860470214,82.78800917562577
676.5892326321795,95.02264874679942
774.0831959282275,96.14669839689982
696.3896069001403,88.88255992975867
753.797043265907,85.41016785103524
742.999994656108,105.62135731157946
773.489531510711,89.23891374067858
781.7249868879486,94.19030123581724
766.0528505706764,99.71304153535806
611.1969498940653,102.13739637220816
649.524320086162,94.69339429209226
736.9629416486617,96.19010360897408
767.5108030937166,86.48052412872964
734.0819346090035,94.46503516476649
662.2893165374534,91.76910252475058
779.9958499393774,83.88938878940016
708.3447163152539,93.42307816323856
742.9118940204387,90.16353417719807
795.81235430502,90.18118041297181
743.4195113650013,86.63495956652223
766.4574299498966,88.37543045227457
700.9508304662695,90.37469899572378
755.4145458569221,95.93829714885426
818.4046654638219,92.5784175031479
726.6883416258183,90.22830929599945
631.2631440800463,97.85132280236373
777.432617832225,92.81740635650033
744.8832373551431,87.82245417984633
681.0401231567847,91.85235588267949
732.26395563814,84.03683660344983
777.5783893502609,99.11237973804201
707.1607965426027,96.12503004847596
746.2050684642717,95.6223125246512
695.4691426446259,94.80686666550895
726.3026375679452,97.59828350381403
760.115811907721,88.38358146643743
783.8425049107428,88.37151205878614
763.4816370755173,88.83991316778295
806.6518618733869,90.8286742417402
752.9155650527283,89.02522978934203
693.0481347667017,89.46119280982201
669.5201902728487,82.96737987087094
720.7199761861258,81.9722465710713
700.7983482411062,83.71507513790462
775.6499090944911,91.86773845721513
680.6461961885622,87.33799284931659
737.7161630014014,92.1685486978141
713.8716137439332,100.48824523713395
755.6018325959042,85.3841632108837
709.4117220593288,86.99841127892009
754.9404838648371,97.2080069169423
654.0049320916694,85.71029151671183
681.973355108915,95.31510413493439
623.8477631085024,104.45563439208749
755.5553066201999,92.62033504250496
810.1588913857878,89.67653054330881
686.339179475709,90.44886591303043
703.4476491943142,101.1673159019559
883.3216204222135,82.97486426272032
807.1815665009467,95.24237567246112
745.6954404616805,91.66370927575485
744.7293316406546,81.76715900975873
832.403391894954,85.56855807975299
677.0515093741169,90.10922809869842
857.5307854231859,81.61240249576515
746.2746370694813,95.03228774306982
669.0237736998251,89.13581494278492
746.7974000526962,94.29146733849109
676.1058130248188,95.13445020861846
725.8067677628612,86.6691157699379
794.9794529961587,100.85028949873914
732.7153766582809,91.07864586834212
678.7010439406741,99.46007558223047
641.1312227978704,93.49878225313198
751.3913682512498,97.87478653272518
721.3503471127116,92.99745009781137
703.6234697420973,85.84614309996108
695.2281922683939,95.84864293833573
637.7654923889891,86.85645563921658
698.8578590323772,92.29510412368525
758.0273578211554,98.17331595978699
673.5117770114599,99.2364176422413
899.5776102355169,95.81540444929023
666.2157912807382,92.86486127068169
701.2684060826226,95.73913201416511
819.4760520899634,86.62790556316524
740.0157265967988,89.77916719023206
759.906541836741,95.72044940678907
700.2470336550667,85.73815976054809
743.3200898900164,91.71468503033753
708.4376684661082,99.74344544209964
701.598748489429,85.34713307293653
767.7220336714828,87.67976881827039
675.5368468730064,95.4365139127856
749.1891682258533,92.19822369363912
726.1294539453452,93.48428955464885
782.0851768183459,92.54112050544089
776.5815726163379,77.80916819764315
737.6135845109073,94.25413048091448
748.0669524325186,88.14275079686387
808.2253315519584,83.39664380712509
741.2471623107173,87.92129408635638
741.1377244150096,89.9828008924569
831.046008568326,95.52324000873172
732.6610472486999,95.17366056129208
764.9249691852941,82.3860856939242
692.0211411065618,93.35077563742807
742.3328600222462,94.25618322271801
763.1684071460883,93.41561914456888
810.3593032681945,77.02016121626744
837.4314207108987,96.39501340226752
760.8120694499539,85.16136415075857
691.5599359116137,104.08858128159797
792.7940480600574,90.12244467705412
740.8901205221803,87.08342184293923
697.9541144468196,94.7846665068033
658.0451223831014,87.94968072619169
749.661843414833,96.28058525973256
664.8816380760941,98.91978032312021
738.296015324124,91.14259992048179
747.4988120182059,80.85730589998074
687.8044615203106,93.34991045250912
734.2459342482437,96.2250279817281
757.319475789652,88.69321370651967
767.6322256001123,93.41590775960667
743.4950118943168,83.16503518485943
666.4516807127227,98.03644890914578
687.0432182551798,97.82651315738939
794.5972490518068,92.88115239370964
798.4616634995814,93.2728083051074
655.7206608442075,98.41805200747535
730.5945028408495,84.79101327175319
681.5159076672129,93.02358912334516
668.3212630251153,103.96228715717588
682.8208249834663,97.9722790756789
783.5238584429749,94.53312893144675
730.6210794637115,93.14971679804219
717.2403404974239,98.01928815657904
757.8618963286613,92.50251381166267
765.3771570461141,77.91616396692031
681.0617237156721,89.8561512070661
720.6193252468495,80.35513658718494
670.3238205423578,88.24749844847229
716.1427157873054,96.78222195796202
773.6523219138094,84.77126294050615
693.9863427828066,96.96972274862333
778.0342391286074,100.20714768498311
697.2663128845651,100.59741006552186
713.7523859217655,90.42961959344551
671.2626769902603,93.46064299615753
774.960863465813,92.45016837625866
795.0954539044175,99.96044902301028
678.5268724616024,97.1094936043134
744.2838238503836,88.28507209424151
767.7688458849,84.2616367970322
681.515907667213,84.68063888271486
657.8974136711649,96.39156490717156
721.4335674037578,84.35864693962925
749.3703278921247,93.6345291730826
743.224755112299,97.70924291677056
798.3832183567896,97.06606604423546
769.8388348116991,89.0880951257349
693.2782724251683,93.72359545569776
780.9925608689719,91.30858492820846
816.8704337513342,78.03007102529362
838.5608127952407,93.73999606980527
752.1982558604095,92.76042087185557
778.5016443837964,94.36732165471497
767.9226886906205,95.29475133281578
683.4759208035392,101.55309368375127
916.4115499263968,71.19556015927778
774.0016274169348,91.67977830918329
739.1215886198897,88.21647988784113
707.3445171965557,95.43967124227851
738.1095636726827,94.1556592908623
727.5689744126616,85.11311498264708
770.8648507811058,87.59978988072358
754.309254051225,85.35419158219376
732.5393607698868,104.01115892758459
640.4675256915586,91.26982143901171
740.0487360757983,90.96311708313608
639.9947179715971,96.28095071053089
649.4407417463234,98.57153722090307
760.8640753373011,92.35378923939012
785.5943949949428,90.43438108422204
706.9975677606404,96.53680928412432
839.131628256717,90.58231953659441
744.6263021076877,90.55829600983395
747.784271628592,92.22946352138898
676.413439659109,95.18632952343084
829.0243461719828,84.91291750488206
683.5507461427815,101.76565892248298
753.0933009199091,102.45916405475752
626.8388868978976,89.07047024179676
794.1252022592851,80.55635253221418
719.7178386512196,90.78773168347881
598.4445497735602,99.20323805904205
747.0736240348149,78.52869809280195
718.8277243790205,86.20308649476584
722.0734327416835,92.63008044769822
764.326081863333,95.13446233369334
913.8487296861172,82.06175430303807
674.0458785766591,95.51309461272375
712.0903022932424,94.7180941462868
686.2729728583689,94.49120263160808
688.9353948047396,91.72425657947886
737.3908857695031,90.62674455130926
794.3898298435076,87.37189888702513
766.0230056715775,95.37111593294
701.7538002808558,102.86741909828386
764.6368879856425,92.53325870927034
730.4626231319857,93.16934947133814
779.1868486262987,91.92846373051616
704.7359519601846,97.02240305399762
711.2330268997184,92.70680890403733
678.7010439406743,95.92858293560039
752.2639556381401,89.13965096267997
731.0876559237118,100.98774391756304
701.3412407329452,93.13897527620398
642.6455311860342,88.569038087019
793.6962599983472,88.9435608170041
837.433084922011,94.31508046390138
699.6198008158315,90.41613120546575
742.0040319523921,81.0008894415328
714.6933498691719,86.9805278069734
725.918309444061,88.78683709976107
813.2154362258791,86.92600000833137
813.2382938212965,80.53487914504248
676.1058130248188,100.91553888976144
688.5492460010768,95.41894515040292
728.0177843516028,90.71012303759129
638.9409663465839,100.18997520690662
677.9008315442217,100.1485623081819
804.1479627013014,83.38228786317401
787.876847008634,91.65165867705615
695.5630613478227,101.9751556617179
705.4066651237598,97.4982970460949
724.2875586518737,98.61037101977065
761.7328601768913,96.00681207788224
714.3495509465786,87.14014976935407
745.8253572932068,99.38442834331555
751.2609258117534,88.80762905853265
726.0128608739645,84.8599314098478
729.8585767997208,95.76156319874897
776.9051996837716,81.95093684112946
705.3371081641279,94.34948841176059
756.4377897570963,87.88137189347982
755.9481180792184,85.7768660589088
715.4588846486907,98.9078569901426
664.9473651722892,93.15078055723234
790.4988868319311,91.38313218241842
815.4064118930404,89.23891840250882
684.467750798424,108.60096990210732
662.7843337756619,84.35846410482871
687.8113428277626,95.95934156524582
666.0112615949155,100.16921825335572
665.925190751513,97.63240779442052
701.8905996888252,85.25371726539622
690.4446583125817,91.3156676942421
837.650415598901,83.62480876669089
739.3048899961473,82.45836630168182
716.2746370694812,80.44939734904558
756.908504579989,94.16022037638989
763.6336898615278,85.92637350467984
771.1250048026756,98.66709288201432
778.9085004370071,99.28015135547976
708.0950620495357,90.01145626272184
748.5033955623032,98.17308829157949
659.8629096662604,98.05187569383668
704.7583513276492,96.20335964447767
696.8241462790367,102.99311210852008
800.524088765168,87.07149326039189
701.9509815694407,85.60698563984256
695.3809029826443,106.11952384402149
645.5892066518176,85.61115954890849
711.4539089321355,101.53772896735839
755.9121397406394,93.94689555066059
837.9557137258687,98.62626409833884
718.5574675970028,96.79477766722171
709.9948309484363,96.02389229920772
688.8218817108979,97.20782167830656
795.0893260912926,90.94196714346775
827.2784561103042,80.47030230007942
760.9838744681957,88.84047880841905
780.7055558636301,93.01787761981747
788.0270037082088,78.50119303176882
730.4800537802159,99.3103711255081
730.6589198582127,83.01147305670929
735.2038593394029,88.67560220485667
672.4758814038721,89.11866876508469
705.519707791102,88.60739569211678
775.7992307262646,91.79388286848899
782.3728642485937,94.11998064921704
738.752291347271,102.7816809700233
754.8573734675703,98.45131444224752
754.3835740160976,82.37875466481337
720.0059612569275,102.96140248728761
829.5183261175025,92.49575698795063
764.1404300065626,82.5000825935463
695.99640609696,87.24758688841655
742.4505205045589,84.69351637837123
687.897413671165,92.73126754569216
739.2306882313409,90.49408342698091
700.3003674737018,95.85484828402166
752.3042630605887,90.35747243370434
735.9697630111812,87.75874026391011
749.2116486450755,105.13047533948232
713.8482301982883,97.69147413928687
750.9721894378744,83.75259520463725
723.0933009199091,102.27994812463076
792.5560308239976,86.056047670754
725.8507697513792,95.5997743893702
748.094394682958,89.23924106152609
747.9903658220193,88.42709219463343
841.1942877101017,81.90222608928858
693.5576296690632,90.17767751457488
715.3458568867637,89.66265928032777
798.0331714228395,85.5733675918674
701.7591454964353,95.5053996285694
778.5335040351576,88.42731172904077
806.8632401257302,92.7586333646469
709.60299762609,84.42367210621309
734.3117122173003,89.64096045340904
789.904561907894,85.94671103736447
722.3938997881307,95.17374344771491
710.0333329899719,93.58216489683637
796.7615694096019,85.60736843161553
737.5531014895021,92.6860111295101
750.2031425455123,94.63654939610035
833.8039790385639,82.14412992493935
785.1895858103278,82.42405449270778
742.6456909594125,93.84157824789298
757.0470331410489,95.94665759837557
676.3726063724413,91.13726027115713
705.4448802330301,92.25119376787772
837.8210571121577,80.62911146888189
706.8155761499905,100.65128895636597
733.6439177082456,95.28417759963453
680.5909680029272,90.25084234209159
686.049763636451,98.17303192568036
700.9810225216285,97.52114849515493
736.1392862686711,98.74415649242104
746.8416849139663,96.28071052339153
746.4675546026982,108.79892239620472
719.0895007960199,97.0919527312706
716.0497636364511,92.85540626821836
744.8073096936605,93.25854088671119
757.4479797261779,87.88674963239852
725.8643264245283,87.17792338507803
803.2929952829729,89.8971879469287
728.1471809137223,91.40281969249129
720.8096234407626,98.02270657440006
734.3797373116039,93.29953901786729
720.5305029093086,84.43605240884929
698.261048120511,87.108763845868
812.2336771511403,96.49658789520052
719.5096913622889,79.87141813270186
745.3151236400741,87.76613808356224
706.6562126173752,85.28584299311406
849.1686376097834,82.85287579422045
739.7189371389369,80.90081795765722
750.7111251826142,94.439682651538
745.453980694907,95.92069020272119
819.6394698753586,97.51197731719256
722.8208060249307,90.76540943378845
644.5589083169432,100.93749976805634
680.1037986245127,90.3021153629776
700.6668940487162,96.28062648054166
637.9246387258243,91.3330867122
668.5286432632944,88.68369451795724
760.8928996710096,86.83052873650375
775.4643186542204,92.13077885394699
785.4502325395468,88.00620967978935
787.8360710003691,95.04912743040414
682.7267743448947,93.42281080996382
792.330149824121,87.60361454919605
774.0264080281398,88.36271076190899
715.9184497393646,99.85311544212607
727.291703127788,100.92750743692562
698.5695897482842,89.07037026110366
788.0288678635549,100.58442493500925
788.6716738729264,89.17550072859153
737.3434374458913,92.31135338295377
645.7749904752714,96.57572590793814
816.656845398429,97.6586489809576
794.9222189178238,92.25091974005535
761.5149689528739,95.08767535191927
870.3651293118646,76.81953607915743
762.1406687979542,92.62744339270492
798.0251738601758,79.61603410959788
715.6003235410034,95.25713906145846
694.9190079283666,89.78294617577876
695.013092268484,97.03969776135956
664.2094619989749,83.17447280456088
787.1858379495064,93.19479681664406
653.9801514804643,102.83376505310667
782.835101135627,87.78342664269121
698.7294011845964,97.49102333547799
755.0370873019572,84.98693529456592
772.8436466541909,89.87288622523472
779.0709104965744,86.07095748483715
739.5721959387132,91.49207270932453
660.805229548558,94.27229229189388
671.6851988016613,100.99277402551526
770.8105594075544,89.0502972604477
795.695502379866,85.81385591263412
723.3872414300203,85.10590581611832
627.7654923889892,93.28046644824225
770.8344022950034,94.22307358487028
770.3798699307256,84.93645723069949
693.1842757170951,101.27564935736356
775.5769722771159,92.53476437056902
777.9381915201134,97.36156534535645
718.701043940674,99.08305696901891
828.7672381266551,94.01800884809155
736.9560792997454,88.36793048201777
719.9685914046551,90.03031153884407
707.9125165745429,92.75225931791269
704.9137258999638,95.60179985827051
684.7359519601845,96.65134664344156
701.5752205457419,94.4261188980361
813.179499678116,91.41802725610768
727.6964603965766,86.32407224154416
721.2093194507692,96.67566224633966
713.1355747259653,88.39282566639824
801.1007677220248,91.09665138130273
733.5994471339113,90.63571352988444
676.6049070851008,98.55497262605682
722.6812368271945,91.78723071178506
748.2789892190591,89.21266155733443
702.3458242770424,87.80105151942664
736.1972009812926,87.64160026176759
746.729939498095,94.53058887140544
732.6845003173559,101.14233453608104
758.3381603602343,90.03672231766144
669.5169267826875,103.42574038122166
856.9325039767028,82.46205768956098
850.716673077128,82.78779204176418
735.246133366942,94.56788432116315
655.4710067999721,87.85260734385707
748.0625437124484,90.68350121777
739.4949423503749,83.05422099573484
666.7728999204027,95.66041841773774
754.638485648998,93.92146142036609
742.7608807070061,94.07807697331353
712.1384851501984,93.8554006587474
651.9930730628568,87.7394748461207
823.494788978993,81.17183100109646
761.9803218184934,92.6819037411193
698.1203099720097,95.67470349509249
774.3752696732016,99.3710233567593
810.7276644689405,88.24696368868638
759.5042804260268,93.85776364084488
736.7097618445707,98.41819260279358
775.1109345070129,84.90695493187368
707.6100763188771,89.58977610167322
780.9002653197936,85.15777214388652
656.8031828724307,101.03044764058417
782.485100760478,85.02280599891982
719.9397670709466,106.95410528635237
719.687091115824,92.57201246536346
794.9683227420147,99.06242519025112
705.6024609923621,77.93366460777114
747.5844396024655,81.80515690855569
696.1715401210138,98.34128012699061
705.8253572932068,88.00140224412657
623.1103270249743,110.0774229780004
763.1318029614447,85.0398412146871
767.6082121635309,84.98424030443574
758.4581779045835,99.36330473171817
731.4209257240917,94.38845384512416
731.6828675565291,101.19339762776268
709.1284699273417,100.18118569129369
695.996873186746,99.155584238699
885.1244975431085,77.52071205632464
755.8253572932068,78.21765485885656
705.0216177612215,86.48332650746535
796.6425779172757,87.34297204523584
786.9842434750079,95.80046864364652
749.596030886805,94.05649661162371
729.3412192117435,104.6844918100832
730.5620771214622,92.66411652921862
755.519707791102,87.49962393829023
790.3481019668366,85.3100630829638
667.308044947287,92.6496835802053
799.7563926259065,81.90353234168384
693.37370249954,88.94569100828511
716.5161587544401,91.42670613248306
788.858212923841,100.21138303266639
707.1501300643638,87.60467393099952
758.594017851148,96.38847735692333
705.5233590773678,84.17555251347501
757.4345254413995,96.35748867529524
653.3635577019269,113.86264598305435
667.6087902741253,92.73088474725725
825.3325333238437,86.88558584041427
766.2031608550973,91.28442628378072
834.4173451807086,92.16260710066312
696.730899821216,99.31875469705403
713.5538576830597,92.58870487149743
704.0910009377249,92.9533628582353
644.1116056728542,90.85577993851919
719.4937055773255,106.91123425665721
759.5395541138439,91.38717407601716
748.5273905957764,89.98339344250529
663.3964722770139,107.97708491712571
716.5236655419337,86.8350408444555
828.346315594303,84.96396853564691
774.8346436048905,85.92825155552414
737.8720411262743,93.5301342188889
756.0562144306853,90.27590683856003
778.1763052083965,106.6012046114404
762.5780529113323,87.41660340049353
631.169724839406,89.2128927084866
785.8741712611759,92.59278136388032
713.7820360123075,96.60228027717511
692.6623959844275,95.4654972311896
769.1925977444876,91.74799102945367
672.4777455592183,90.12226065740899
692.1832544440967,95.05474330592853
732.8586956270707,85.46515308217468
701.2866720237333,100.16903660840939
734.0075700100476,95.50862772543644
670.1992476574198,100.80692051913192
719.062770149611,100.6527022431231
703.3537842688063,93.92437343454958
680.1062955065657,92.79115640552446
754.2443459099959,91.69702270976431
658.0256043733937,94.24588258133416
671.7038907691154,102.52471346007401
773.4208934482705,86.85631422329351
711.5445298378576,94.53377864752088
757.5038291703117,88.47173631256297
739.9321001968507,85.61117047409078
659.2564606853363,96.19783375343911
677.8669251263444,109.06484176061734
755.0062109610321,94.56789289215861
750.5148207070373,88.79051876151843
749.9454322985367,99.0829679303092
770.3662348652003,90.10677102704571
659.6788695198982,93.40525662146894
745.1531809028637,96.99378912575331
590.1533972186463,93.13929951251505
697.9217466001558,96.10740674602688
784.2406138560527,93.94990243836763
670.1113110429778,103.71793185309365
725.0451800923536,93.08375959847814
733.1570506624358,87.57671769874759
723.6891968382923,95.8312050258483
678.9433059847692,91.84761826546338
682.7575758107887,92.01480871433031
721.9563267850202,87.57637510511398
615.3390855177962,97.24549533056066
727.9903658220194,89.53422996545153
700.108231065439,88.13627560098445
838.434238947474,87.07813453297977
680.9083264970257,92.03243364237039
744.9583809497606,87.4228934483058
614.517514149739,97.41859077844683
722.4007810955826,94.54200620293217
785.7910830501925,87.39525573602026
740.6650814522295,101.2969422973053
739.0997585704724,85.61761052943251
663.362618987588,102.42185610550798
707.3717946898137,88.5040945443733
717.5179908043989,98.90715270320857
742.9446396202246,91.22854854019431
777.8981693602581,95.18373658125363
685.6580432909439,91.89045374068299
794.972128429564,98.63676238223033
826.1219415268802,82.83001456546043
726.6856082791442,89.53023965865162
838.733085753572,84.63437648861955
821.5752205457419,91.5685652805647
724.8899187183612,99.22150764473366
655.4320376686505,96.56426082700321
693.1355747259654,98.32282723111459
818.2994671129418,88.46454436548831
655.8452317317984,96.32396024258482
689.371355862447,99.8653501535556
737.4673847590464,89.67612703463145
749.076643657701,98.69767368960838
716.4222328045785,96.08347244287263
649.5359777026093,107.943221583479
682.3350539993876,78.01029509940989
771.4941668544452,102.6546931063272
643.755278047434,97.90682132150863
736.7124792015231,91.75338680758263
781.8793266579058,102.06264866811186
776.2951980124686,89.6452700121582
721.6978017653497,95.50208395167105
781.809219199116,92.10057963264575
782.5607984122761,87.70665593185208
688.2982400832148,98.782207929064
706.3768553734805,80.79865005400794
798.0814383031086,85.42725547272555
670.3662075467361,97.72361049444575
713.821005143629,96.06963153036165
640.7106781186548,101.4562923391523
749.5907688842287,90.62066934487225
723.2482320115982,88.16095849199043
791.9716039304082,86.59372066103485
696.9638392516656,87.1779810930282
733.4424169555739,93.3464300616562
752.7746733193808,84.98091997975429
718.3198916904241,97.53142078349566
795.0695130213446,85.68002781678354
692.8481967165108,83.1679620342351
741.4049629132984,87.67622421676842
666.860742303198,95.4181150329289
735.9630197413728,87.34311347280511
762.2123462102752,80.99519048893673
741.5821291716582,94.3317097525763
852.1493756513574,84.64769039659397
752.1758550024709,87.30233692999238
731.7209044428217,90.09633754266041
714.5354552482872,92.35371853715826
733.9554466958577,90.21974640391616
698.2789892190591,95.35326523207827
769.6618411960034,90.06068139413706
749.8888874549729,92.13938796606278
742.7520220458858,89.21275009595793
859.406852655507,87.02776573459144
869.6966362488996,79.18226489740749
679.9947179715971,99.42208981775354
786.6965671686794,100.64005788909611
759.0671272565457,101.58070259150539
743.0277910194942,88.79042201583948
676.049763636451,93.49864085465013
740.7999475201552,87.64171239209735
765.1157587037338,76.9690371535716
746.938367331544,103.73007739124995
716.4722854478522,89.60698770747243
740.1843200815016,92.90820764525236
687.2518342522474,91.98865848952981
733.6273586929665,83.68382313702796
646.0406572566844,78.3418722852697
737.3217245828225,95.38536097334385
726.8509688700776,89.46506296366184
695.8016630884433,97.48382182378356
739.3975529467841,104.92600432931233
740.3518210408218,93.49198056777733
737.5073050360658,86.817528064626
803.7767539839044,90.03595184608453
619.6687247222849,88.71100463393775
749.1120151503371,90.51671728943094
745.1531812160877,87.78310237037306
675.3203394339445,91.91328112205383
722.1659684577317,94.08999289043561
725.0217270236976,88.42731052916683
826.933438327801,85.12043757249714
784.781804617788,89.07038690007171
783.0388508105905,84.86022169738588
682.1475504186299,89.85566722554356
748.0780359444707,91.28466766251145
666.1679634882964,98.01922961249055
701.5514133641392,98.29412962620087
695.8979656968536,88.85157704840334
604.4343354320051,105.21478141520011
693.4950118943168,93.07033088706703
670.4010739092136,102.69332730899042
720.9440795993745,96.90313209854459
802.3082960345142,98.10894859262974
778.3448292920931,84.81185230923839
692.3553977465949,95.95877593639256
771.145815208059,101.69102898527703
762.170375090828,87.31475021276029
713.7634453996378,94.53864433136611
676.7876668097651,93.46119148416012
674.9758743660944,88.61259869775067
784.4256415280663,83.00929152608981
761.242369819621,85.17433807214663
763.4008750534953,87.38494561322753
735.3610285440526,92.49584606196014
714.6613378988328,97.15956402351445
789.1366375927693,100.02706883216261
684.2347096999661,91.77468357067445
671.9930730628569,97.54238255228603
793.6902115159494,86.51724807599402
726.6646932038763,91.28430913514094
771.5021428334792,89.64674947180342
724.3358873936816,91.21507644817872
658.1068459165608,92.05547935043113
773.2411528209062,94.84605113230926
751.8350173902435,82.97296355123214
726.6358688701679,91.59447653794857
778.4512588206682,85.10284769137925
856.2455478594757,74.43277776866098
754.0706591878643,82.61593559824584
706.1585896772808,91.51581606774192
885.636888454417,92.52718038259223
694.8562655312035,107.27780515277387
793.226354391348,85.00174342183305
733.0864173936275,91.27213517478009
716.919588091941,83.83920085125568
771.3839688096241,86.42658040673105
725.592316194749,84.96370640126473
688.9896673377139,92.99698569671921
710.2705778819613,98.4147219036866
670.5815875694401,102.20465825315057
662.8854535919439,97.9933612589146
753.6301281342257,87.07388448203915
691.7967347633177,99.24901507694302
749.7778053752005,84.43882589526281
699.9443976755916,96.04971862262
630.9721894378744,91.592735064371
809.3598917209238,75.63045639062302
747.255914437523,91.91471238311507
615.5639589508264,112.57491958426236
752.4369987327656,89.76651265576119
764.1410813938495,85.18113590928354
659.9743742243896,92.92036490490077
739.6347313370127,93.9141313534677
787.257479800811,84.00460261555139
710.0600909548452,89.01201559155066
731.7024725336317,95.61561059359073
719.622408576848,92.59252782140824
576.6075116262455,105.56298309246193
709.214073680958,94.24610683791693
751.6162416842801,92.33595221348752
734.8090296724472,93.215158848389
667.3470140786086,82.97945082912777
790.8919609566706,83.71514461347621
648.2232527517646,92.43044900144827
785.5397185951988,104.72023777065756
685.1738503157271,88.18227328940687
784.3996006734361,86.24570264867995
663.0729571727019,104.89373791564057
756.1593113791527,83.30693635032658
681.795424684486,103.34855520256504
829.3488691246506,93.1944323393792
758.3824484520435,91.84771946541642
712.3301498241211,96.33574354544527
820.7199885004405,90.04149916411764
789.4876719357611,85.92920185976351
694.3526265664811,99.96436293090503
757.1829908849711,103.50747646822884
709.7275705110279,92.49583862246322
716.0973682920862,91.04893286484031
719.4966082127639,83.49640204616503
650.9721894378744,83.91509165914518
818.25030554608,82.68678747271971
797.9656663551605,82.82297200590813
766.049763636451,94.10467567857418
645.4710067999721,95.63754960131827
754.436586098341,90.42636017639428
711.7265752261965,95.83403811993304
724.9475059871318,92.40507436325856
713.645625143947,92.7018787851148
751.139844199214,95.52459993606554
643.9139572944835,84.68007324151026
778.7037946144089,90.76548014318837
781.8622369408341,83.23050303417561
793.9222149656606,83.76723671048435
785.9417445485653,96.91909748543159
724.4726145582172,94.79331107949588
716.345381317782,94.29657771159349
668.9239402415187,88.46492558893718
716.8972145524667,90.12191926267722
814.6403846806967,88.83907838656764
720.7886163812979,87.26476796956038
767.3147023488324,79.06755780103023
863.6579101913289,96.17697229418356
731.6194717054664,83.6459143164804
652.2639556381401,89.73117081093335
798.4228129681528,86.37538432137241
725.850604994198,89.14716049671216
728.3223427757798,93.19478989419345
730.884553231184,89.9402159019571
856.7823847813622,85.42792425058974
660.4167726932121,103.92333028463236
700.3441620707355,101.28919715103784
838.5613926424569,77.30028014474468
681.4160742089066,88.14339927206984
735.0126617552662,84.97210698064427
708.2129080099173,81.94363338877481
614.2955328423773,111.06002172370144
809.6122448206993,88.46505484270635
713.5964446316721,96.65013199896038
662.8197264957491,90.96270500825122
736.6716194175647,94.33690100956659
727.8803875660999,90.92530324977584
712.4416857857774,90.60996814501476
710.573941676379,88.50365939350631
695.2072772124596,99.33856112181734
736.6947146589108,94.88930085391658
621.6443655149935,94.93499270689924
757.4536458649985,94.4573708561007
791.4671473925783,93.14899724981245
750.5281273128571,90.13247848815064
742.190162544526,100.06543859934831
806.7950425254674,98.39949509352196
764.1219980973725,90.0535663934103
666.7371016632891,92.29524551523873
792.9644903423044,100.02913914403302
704.0823697844634,98.83765667480591
666.7288210210222,91.13129458005369
708.4229278472473,90.27748757544691
617.308044947287,102.42157328340545
810.5535882936075,93.40971626305286
726.0845305632724,103.88151400504877
733.660974022953,88.4574507143512
682.42112484279,97.06624888008979
728.9450961598973,96.11678461274781
737.6369246027241,95.024013880075
712.8298047456055,95.01619972999184
811.0698910678758,84.93437858650401
747.4058598673516,88.216256996761
730.192366349968,104.38297786442473
740.1515328418175,97.03384419617839
676.7288210210221,93.07409150478057
727.9903658220193,87.90819489677604
637.1206543433685,101.51200297059059
709.876393275852,89.68273151395933
739.4156070221715,92.66129003070897
647.5479673531969,97.87759582092298
683.5864540027717,100.5024631728979
793.3329821897115,95.15928883905232
719.2871764928552,105.76418046529503
735.2746035877036,96.03775494313722
795.3258236758362,85.92334891252558
656.1117556179319,106.00880581827116
792.4855874044065,93.35817310042546
711.2333144842423,92.87324745273035
777.4001382215458,94.42339292983836
637.4773360817354,92.48231615659492
734.5284197721224,78.19119371574072
699.8484082812517,96.19469357760252
682.1982285419452,96.60213561520534
687.0753752133218,96.06945148891444
773.672742041954,83.29756503243266
739.967805838011,86.98554579909455
796.6631953713528,91.03941830939954
781.4960583282557,91.07522902108528
666.0769886911104,93.82134106015067
691.8419009165251,97.88879644023743
654.9698795266061,96.26281372170033
748.1575256555697,87.42314344289557
706.8689099686256,105.84687841636168
713.8867322398239,89.47907286974308
824.2118787589941,91.35869732283092
779.5961163186379,100.34899129338895
638.8840561167142,99.85418549724803
785.401667491152,88.63099590513225
779.591340058176,95.0985669799524
750.276509376062,102.62049567124647
737.7865204217626,85.77650333861166
701.7202144377121,98.55203530988422
765.7867345519335,82.76439781179675
836.6124285474368,94.52977668244863
679.8834706092479,87.66932837536721
812.5799571819274,90.20072915825097
736.4425824696754,82.54919986640148
785.997557472312,93.32650437756341
713.6692072040317,86.7321006451223
845.5396476207561,84.48893058389751
750.4455970269207,91.84643872909163
730.0538891127723,89.6110494929844
707.5237036089034,87.4922119870177
667.6116646571248,106.29259992564995
809.4897017280283,90.00945359693905
807.9091577478272,82.98488052207883
706.2069326196181,91.152597250041
701.8776065576855,92.17276463825803
757.1457534876125,92.44566883561029
665.9184224209002,98.41139985741653
735.7173561694727,99.6708119566216
884.274758581952,77.09295371088854
829.968591404655,92.9008955470753
697.0554748350445,90.10481978064603
788.5487002670376,83.25127395811494
710.7620168066802,92.62405688066777
696.670792713249,100.82021874355824
728.8733750950428,100.70873852958444
700.2857512031633,90.06380743444217
797.3888337622865,87.21626261795099
700.5804690923673,85.28806643867587
770.6393148811102,99.22124319215132
752.7537582634467,98.16321409088235
728.4362909546907,107.35317815112724
679.4812211415272,89.67635839099695
753.380204338162,82.44284844041907
750.0487360757984,91.42660374744631
732.648405347551,94.40590569907627
789.1465954062561,89.45134847364749
752.1323766018508,89.92102404184881
817.7670916680381,94.06637045926472
733.4325304108344,87.80684392538662
742.3987513033155,87.26434619629462
756.787666809765,87.96347387431014
708.8456492490515,93.17320307088771
723.3919149458493,79.71114175011063
677.4952333881416,83.62816118861865
708.1458150478825,85.52117108406836
734.0246761743392,85.82420184164162
669.6131424237032,89.6071584139403
650.2191243148415,80.61150964937619
762.2197044784157,93.4611086299089
758.6266645138526,92.08817351783519
816.3512236799805,83.07146188024537
718.4273082098423,89.39791520759032
747.1677320937769,99.8972256119798
773.7604081763791,95.70437816176174
806.1830858424731,88.90384397033098
737.7874354152456,90.1776334155976
693.65576994156,88.2558832885638
742.1608586896729,96.39644016827118
804.9862094597112,89.25785792662701
720.8851033700745,84.64887644044688
705.8272098029754,100.06539596147408
762.0579136910882,93.41743468200569
713.4311944173095,94.52446506587675
776.0854692776114,91.34984518455005
817.2082114889806,92.21224570517671
721.8698102567505,95.31579745164701
781.397951768347,87.68271019084634
739.1103509392249,85.50968883627633
715.5062453513465,103.70896884446888
761.522358461447,86.23332750268368
767.200860872913,88.60154031429924
648.7517969390206,91.88974667735815
731.0686323415882,94.61489058997161
702.413732621167,104.12967047172882
773.6486044662493,87.25470620033592
776.563260466521,85.46555304612217
639.9947179715971,95.6747404196181
792.0005801635743,96.60290492710016
740.5263204359137,82.6209906514891
770.232845523689,88.80474681494161
825.0614014728043,85.74906551212224
786.7844367885788,80.22845104007183
673.3079754033452,89.23029217246928
730.6316948035535,85.13527743328143
679.0971995844419,96.49061516396236
775.1500307027657,100.39374012447004
682.2489815402918,95.67498303101925
746.7946335193434,90.94002994931097
703.5364585493287,86.50346525840949
792.5032496475922,95.30993272678647
753.6358412010565,91.20486587194407
769.5921702800377,87.01894839707978
772.6136882630601,79.85980801264714
801.9128769623414,87.98643174774347
714.2304663108927,96.7619989714748
718.7289295600436,77.66025616656665
810.8193282583525,91.37576709499761
656.6358688701679,97.31096308693691
676.6056474708992,93.86551761770502
793.3737298180043,84.12113823993069
764.4558113684757,89.99732288483025
663.3079754033452,99.53291493935146
697.9903658220194,85.01979754582538
733.4731564890164,90.7980281918727
742.3014147270624,86.7836979046269
762.809366239483,96.16415928549961
713.0193520063053,90.12226466239271
671.3288711762413,88.35382857251082
707.8288864528322,91.2772878030492
755.7616073291973,93.25014090247336
722.9296382039118,89.7524625533079
678.9142083817106,85.46480576943021
780.8496869291315,89.07472503427915
763.8842862306327,87.02870172839934
650.126172163987,101.31420033470671
833.2971392968155,73.91360287652878
743.0660758652498,81.82249776880145
838.6906237409793,90.28081186877809
842.8995373067914,98.41449251708868
776.8559069804388,93.71391646416488
663.1911570245471,95.07033758311071
688.9002460367553,98.4114827146281
651.1039977432109,105.09901125544552
739.4564403088393,92.33652999166812
727.9963495264674,88.10944484151945
770.7053960902517,87.17810619422839
691.592246650807,91.80357120055434
854.9795554332673,93.09357385703146
750.6501267127434,84.97275806958372
677.159510497851,86.319867461433
707.0431936683967,101.35121822617597
700.7712361632862,81.76390291071753
713.356676394475,107.86291464056266
701.986191755405,87.16477750338635
793.940969031705,84.39029839176514
662.8095814766531,92.22989154568768
756.3260506325379,83.6188460215977
730.9314239274948,87.51721598370479
658.5695897482842,91.92841018829141
673.863279171168,92.99751958766183
711.980703506153,91.47023367787335
748.9351835268491,91.36780887971823
729.6618434148329,91.38886807967671
749.7395615865388,84.48604033403548
731.0800358654889,85.41011430127388
758.8032622446732,97.2453953239941
729.2566606295703,101.31430152853035
737.2170348651649,101.32739145252931
725.5508515644971,94.76502748823576
715.3296250057491,77.51630805533335
779.2714072084718,86.85106806105422
695.6580432909439,95.1738020157375
808.0519271480543,93.27559688566996
790.7028969893693,89.67595160110233
755.6939028793341,80.14413071188568
716.9552937331015,89.21242585745279
713.3328692128723,91.48542054307792
713.2417812173642,86.67680330259827
805.3155082778984,81.27578084337723
700.2649747536149,100.14720600905343
813.4018368281387,90.54495724506802
744.1299700690463,85.45983554239949
773.8880182845758,86.23042588023404
768.5373296640705,89.09382185434593
752.5847080436229,92.72598125051137
719.7857184285423,89.48284044947903
727.2774694350716,99.05488259652441
717.6128670768647,99.59460751193514
805.6913688024582,81.59324653836751
830.1565957767444,86.76528643651537
626.4755903440695,97.70934411610527
702.6794652878015,99.90863552933108
648.809045064408,91.24675265193277
685.2193754020685,87.49967392652044
693.4666819688586,85.83388450782947
870.3284071812457,87.37534200174949
726.9828691789448,90.81343551568823
734.8884779774897,103.15143152283822
751.1730402627186,97.10965836084166
742.709748018347,84.8989250199698
734.2032440037804,90.3759671500188
837.6053607554912,92.10134708044062
735.7525947208472,89.25042373365024
707.1130342658117,98.21509590344083
701.7758197073834,96.05591243158226
761.3235891478383,94.95575066249171
730.4532639010164,98.89943751886639
744.9667761230471,102.50491572120305
778.7267078024262,94.72917845308976
803.2711635985283,94.05803577920113
743.8697061347588,88.00188502863006
734.2982505984992,83.57212963129926
670.300367473702,92.99728292124193
670.4797158203908,99.17689905609481
671.7761738203301,80.57326917406182
764.1822369443156,97.68326724522402
826.0493331232332,82.44830446958836
799.5153917508296,107.20963849477016
679.4813341183665,88.22645766377384
712.3553977465951,87.28200537753686
795.8253572932067,94.70957040426151
685.9616630007818,104.79509771855311
697.5258708117889,90.37010783232888
710.903157445462,93.65840419934744
773.8463660429421,100.06552593798625
673.3079754033452,86.35744109005222
733.4463985241432,101.4474505967281
774.3619442241383,88.32688603275557
811.178904378987,83.1360455762699
777.8283816787526,78.96771417977817
844.6142124658961,81.62512299817912
769.901411707796,82.88500546987905
779.3248238433996,89.36327522127914
722.0164540535499,103.65036477746472
708.7517458946327,111.59226727465867
737.9786568300256,84.96338333902585
708.1985215040031,99.19981415719991
743.6746954532837,89.41691925854991
690.6566950991221,85.69372472574587
767.4481338948906,84.03680840777578
731.4209257240916,97.2287517275247
779.7222230766187,89.0156557068703
706.9191210021551,94.67218579785472
661.391334782275,102.49791744594103
629.4935906982311,93.51646572412697
675.138132243208,98.60596232170994
646.479166755304,85.80504682838682
649.1925977444876,97.19035781828252
789.4272381219945,95.10458457829675
726.6289875627159,94.70992157409708
691.4079942388944,114.3163596835505
808.2560914445401,94.43106736740242
727.1680167871226,92.91091470006987
828.2926666357647,83.81266187627047
824.3279460186793,88.78299764504455
766.785689456097,81.82269036450927
773.1727492249519,95.03228896066767
819.6637173463548,95.72395534201534
660.4411056222029,91.77914803173547
830.7444676586819,88.01535263065941
746.0482513752219,96.46569160100492
909.7240993537341,86.70886205069216
813.4935289488988,88.76956002684487
795.7534102233701,85.46064056948155
756.9652156153909,90.65134179195518
726.2547186172648,87.18596463387455
740.1326229582211,88.57811664747953
856.5263006356371,81.63765107356578
735.6098807931271,93.99397558186152
687.7282355135558,89.67597348856917
776.6560877734756,93.21579831816683
747.7823571873823,90.31393787344787
695.246133366942,89.21219660578949
690.2357199066885,97.04894821403171
689.3479543526504,95.26671717790198
874.5621371904373,83.18213871508989
635.4320376686505,92.67532767570417
784.9015498181841,91.85205592714857
683.5124635158556,101.5255764833229
729.8472820098782,96.9591945453266
736.5099029270297,88.14296292361003
837.2049811545706,96.57253967636412
702.6231576465598,87.30264282838237
650.067326375244,98.06963823098036
708.1246941759259,89.67954624189267
749.9489033865922,83.72948623097788
747.4566128656982,77.95675544585811
664.3787531334234,100.0100510199917
761.6841859778359,96.03345252838614
611.7830551277821,91.99329393385952
750.7053960902518,83.21334178021735
736.985782277922,101.24180825506333
633.7415566171036,95.00517099774358
724.0085087243867,82.14402015009804
591.9348530673794,106.4898954917765
717.5479673531968,89.88203672161795
756.1009853402771,100.9811285075917
702.3330242071207,92.58897054076648
758.0324027014772,80.60521724521513
699.6112782683568,94.62697175468041
682.4777455592183,88.1611413291574
769.9432291726442,81.23617836058104
687.0014567308432,93.67176219212394
731.8624618595126,84.43104654028657
739.7987818491147,92.95193486224407
769.4130081040807,82.12662462220874
716.6951817486968,105.02612915918644
716.4795922717778,92.9174596439245
690.2362358220328,96.0462384950678
758.5199911541504,91.56862032209804
699.9674929169377,89.21256727618311
763.5699992257671,84.76658391415991
675.2857279783051,90.19508288748423
880.6871311432385,91.71026664696853
680.8640753373012,91.60661820371222
845.5194323890204,84.65012443319846
818.6045231946389,81.88847096612498
790.318223060828,83.4187798908507
659.4924644268576,97.00711025077973
735.7344095930023,93.63236757291689
724.9170305746983,94.63320945082015
712.0294044972828,85.2858605083841
780.834783074069,96.57536584010748
755.1532941929269,79.52793263264111
801.3588499141624,86.80141064904663
848.4609748886825,99.54496235221076
768.8693222512971,80.95109792454946
711.7601920510011,81.11993301720999
786.6414719985142,86.49244321455329
761.8921133331771,92.74126821521178
687.7250129937853,102.07236431518179
746.1491665815395,88.92108200124478
806.904073412398,92.74092682593302
804.930123608571,89.31043064351825
745.6279348685143,96.84126916203473
675.1166563067375,95.87207621813458
814.3160937853647,82.36585880970408
739.2125634170757,85.51291310787903
699.4439642660939,84.47575622343342
761.788543377034,100.45951001415588
748.7100040483199,105.78146921574857
721.818805675179,100.47788925042812
712.2762082106447,93.35788562555506
757.6793116071022,95.30833342438933
716.1791952565768,92.77516700892647
775.1162784536012,94.10432692589423
777.6814862987283,88.23987310407138
806.5392985887988,92.83802192073908
784.5739572898228,85.92936039646638
720.7122773977039,101.60929978654558
713.1521444898225,82.88051949704582
820.2494185007597,88.36437733449826
767.399019744473,89.63735923432542
635.4171821706951,89.58998080360999
715.5197055722723,90.9687162657131
708.3194683927801,93.51681923942517
796.3760698068365,89.684782542083
705.3663105724556,91.10505677488894
739.214540770744,86.82108869034474
761.8146758618658,89.35427883459059
768.8967151868594,90.49934642639398
731.5651345729867,91.89729706379644
774.3709719789854,88.68262290575589
675.9592557075682,97.33203526919621
734.083496055837,105.02651918631462
753.3850336383973,84.21673152246913
695.730895869053,90.1970794315411
716.9490638129363,98.77847659349861
720.9810225216286,93.91554380464079
765.5662096171623,90.07277130473007
728.8752392503892,93.96289552145412
769.5859173690437,85.64532490039628
737.5679569874575,99.98272716178212
739.6789824967373,84.33050926215371
705.8253572932067,93.49934789193217
803.238503639611,85.2461538218488
702.5804883754051,96.09701152338675
723.0408279427759,87.82165966619436
720.3242876321439,96.61990277267726
695.5367338961671,105.2718748847671
612.438150947855,90.78330501577817
727.9756252031583,105.73545089810416
688.755687524917,97.72731039837475
769.7563948447364,81.86039444193077
657.83168657497,88.5377430779782
653.2690062720235,97.83323938008162
766.8699894978072,91.73101461735199
733.8765874422108,89.67616843807951
678.6242333325271,89.17422802540473
764.6499963124512,88.04696982728355
777.1647527714745,97.60690976637926
792.402979101837,86.44218646868852
702.3666410319253,93.67196216916362
829.0103412575404,83.88748088084272
736.0750113374421,90.60345153176206
781.8877095605036,87.21826677335123
786.1185776668714,90.96256639454421
747.5534556024487,80.09228069515918
758.2757591978726,86.57275805194698
744.6200026954201,88.65350531082308
746.4344485057936,81.43598178469858
666.7015959663628,86.04541339762771
794.7853810290223,81.90306074557684
749.8366511639434,84.981985976126
720.8678471018218,106.27090921386747
745.364160080451,83.7702786818923
682.8586956270706,92.00106793662606
712.3958769203161,97.26326043414957
739.0754078988126,87.17788194459139
711.854270473229,93.4609095081975
779.4377624240209,92.45651730503698
808.5470595819322,89.17548858014568
685.6025739692013,92.67603472109849
736.3948493596633,87.58645528955387
737.2648322054091,78.34606102355627
725.0977856004688,100.32637990795446
859.2366716488709,85.38234730929236
761.7879178969923,96.56461434562955
711.4586611575189,95.57190021174864
736.3081040814625,99.76713343465043
646.8572788688027,94.50933703848354
780.2857512031633,93.71686484786188
722.6707788870252,94.14366778865642
658.0095446082122,104.54607124115097
697.4877285062538,93.39136226496959
732.6455311860342,99.10020964884175
732.8609203861614,98.11664132341676
853.1056342524187,81.45998715441144
730.4524783343727,78.25202522425901
782.5610596216809,78.78422936230731
766.0689275138782,92.09796461484224
737.2787901003605,91.44388253286483
742.3487336349231,85.0746488375
755.9164968475742,94.10380550116639
803.2243245990812,94.06655329733849
676.4060912618712,93.60294712561829
697.5022298912625,93.60324710530539
783.7884868065415,98.49495840966101
691.2626769902603,98.172643853045
784.338886399098,94.371110784207
641.5532775194854,92.73116757343001
781.7354990718402,88.94591855628957
728.0620766226623,88.85226003135894
820.299443821225,95.66982996559659
826.5276028701367,87.9377188494243
723.3850336383974,85.00186521406181
811.3328775270211,87.80207448831676
691.0243760783492,98.83397509590372
802.6696408120401,90.49403692241212
695.9306790007649,103.58393768789823
806.8942093151794,88.91686476965289
738.2721056927772,98.65606647826398
776.6430712775634,82.0254320583741
787.732166037737,81.35876851946284
750.7780044938988,89.92130066835793
704.0753542976545,95.99612029398861
649.5469482377222,93.9252804633484
668.5691226584981,106.16832777648061
721.4843204021041,83.23371475863343
740.2779956976055,90.7464263224274
726.2555793670256,99.59334637444393
710.0757199943502,98.55372113213625
726.3309948118676,91.20429999594856
729.0462880541422,87.17828903463065
626.1667108207785,102.23299016235073
772.9906169092467,90.50376569296357
684.4626926759277,94.49147687435179
689.4564403088393,92.15636439417487
643.5576296690632,95.95873451610693
797.9098105463331,95.05329187878662
804.3595087600653,100.61236877670937
772.4280935497153,84.3933068313507
707.9257709150875,88.20858302823046
786.2965800957377,87.49977043873565
779.9897612956264,80.04453901971307
720.1967507753669,90.72738228818525
659.0462880541421,91.94148534079477
767.2150927964327,85.06734624699692
675.984036540256,103.34882707761892
722.5795789556859,100.75955626685911
673.5576296690632,91.89012947545456
805.788826664313,97.3597250805985
693.8734778992796,91.3967144878494
716.7876668097651,89.07044094713548
665.2733584216013,105.70421452712475
635.8696084529312,92.33592293063282
731.4310894802404,95.2947875577793
768.3941015919498,93.96002406900708
635.5367338961671,97.97559615253137
727.5223399618931,92.80867794004023
689.2315668758091,96.404821713227
713.4074293928215,83.41687115420096
700.0803195063837,97.47475980631734
734.0439014444737,91.89045025636013
750.5553523675163,90.74211761996675
705.6735593536094,91.27287952806289
769.1414891079544,86.65877846485093
705.1823834029325,91.83914571419798
789.5852889725859,89.39783948737028
839.84152475497,78.53359647442919
760.6283443459974,91.7003167439503
734.2478027338389,95.00000079163354
776.2668748987314,93.31184550072467
688.5313049025287,96.425408827608
699.0757359622864,91.35918429181541
711.9348530673794,90.82133939998576
639.8264652549952,93.74480276045819
837.6944832643912,89.49623957699023
801.2313773561201,100.62874162774234
701.3572284201637,88.6716478296348
719.7198157834052,89.98420831810054
774.5090551107237,84.52250714965183
748.1101649529138,90.02781863540153
780.0823880940485,94.9935059191166
693.0538660819241,99.48065068440982
749.7072267638205,78.68159383688385
686.1978264613341,88.9772981166176
750.2964119733293,88.1885385003103
747.5409318770322,88.98215161189354
781.5196638411813,87.99952481316109
735.2953014478577,99.70557183511585
645.4048126139912,98.17277338593325
736.1994257403832,85.28186942990617
738.1871355559219,98.85727279595511
707.5714204218527,88.20844160879398
732.6256545286127,77.80164027544009
690.13347876643,92.64031669677142
696.4060912618711,93.85629466958773
742.3394159772661,91.66559360286233
765.1138945483875,81.72857619577138
751.5206980452364,86.0580365077859
717.7740859523294,99.70930806323005
793.0959659352691,93.06773262966342
672.5798040898392,89.99843784144011
769.1616786864491,95.593233377532
702.1677399971246,100.82410280459196
679.60299762609,87.78365944464981
678.0560929182143,94.46134442796678
684.1802071520488,96.2249279979934
657.2413791367532,96.13929505946385
787.916441619997,94.94522355886704
797.286423020974,86.49256037923159
700.7395024523631,78.42447971644258
773.9305802047949,82.23931835662353
727.6997652927942,85.9662684135416
880.547847245246,88.22086525428078
765.6580432909439,86.22460471452169
758.3565123250676,86.35423398291871
718.8419992114298,102.79455412505686
747.9078298165393,76.22595907989572
790.262047358344,86.35774697552519
696.85339390596,92.5339790998626
790.7472135551,72.34941708019787
785.9280215096267,90.66679257448405
727.3099246941597,87.2071501832288
761.3284040864552,99.74350994920886
717.5411990225841,91.71041741002054
806.1257255360089,92.56147212503541
823.2651096636032,91.35709776842175
700.0605580446313,90.77962346910208
734.3628814325712,98.0487183568205
707.0175573949012,91.85769552632276
727.6623952190389,91.94812425239607
766.4289418516863,89.83233395427281
808.6647925654743,93.5278877229334
791.4530547325347,100.27215843121418
721.7874171056604,88.30236059320171
689.1552278922151,92.17380974540221
713.4853466178484,95.3144158245524
695.7899645731198,97.85136422737376
776.3318186471121,87.82146588984435
738.231395075575,92.3652555202164
770.4366731812768,95.9414833849934
655.8253572932068,90.64132511608646
782.1005026370475,78.75759417882368
833.6200518690407,86.25135355822063
709.4103661783421,95.9180361774023
742.4499491764983,77.49716735266792
795.2067524594553,95.4433367565117
719.9694700491232,84.19912497249167
749.9735468518627,92.95696734616928
647.806438652496,101.12145447821854
765.8663035567139,92.48244042657083
632.9784057427984,88.74914392548521
760.727809543008,99.46039979743671
674.2025806915232,97.02853383943227
772.5461904115351,78.21925328600408
746.927601588656,87.5652233308378
694.424224103367,102.61921022964577
733.2048784548776,85.8048033811753
739.0622757413606,89.13559541185133
697.6997652927942,94.92770458770283
776.2688879512923,88.10554282169272
750.3900147283389,80.84421355654878
649.08950079602,99.57583479813839
765.2390978907773,91.74849688998415
702.6312576569592,94.98919375581112
717.4386717671498,93.18515786405247
698.5189116249688,89.49648565289868
751.6259751597818,89.57349892279555
744.1302976403083,99.62767025922992
710.8220327382995,94.30465845200582
636.0769886911104,97.8891378450669
701.7420652393891,84.50034280092669
775.884995524168,82.93733883521034
707.9903931404835,94.80458067541852
790.1349694401262,83.30445660086153
826.1950523578631,83.82962680946687
718.5286432632943,102.81997388586191
698.6080917898198,85.2681988958422
753.3196775934712,95.66080286043564
719.0602459490938,96.85172335532786
693.0729571727016,87.98960528938255
704.5390316595217,93.9455761180546
681.6626167128637,92.80032494797399
741.4069678291401,90.83874496373554
719.5758855482699,86.9149247588418
615.4753912253713,111.00442323756262
767.2678497199418,92.25480962416712
699.2502588432632,92.43087323428395
705.0998473974523,91.39691030972294
669.9086471281948,92.64921794153824
771.2622462555596,92.50357240836507
703.9716183932591,98.27591355562072
704.6941344953365,90.92495374023163
763.4812731100562,91.15608718575436
748.5673714799912,83.65614861215113
733.8632791711681,92.95937395239616
704.745473183362,90.71454852776199
745.071938057227,88.89075816382781
662.832096052453,101.09954552358559
732.9244227232656,90.38834087897172
764.7625793476532,91.78511581290523
701.575220545742,95.33257548752748
773.2316364197511,93.31891041564768
745.1862198724311,91.07832160940092
707.5138609910855,91.74875785645311
760.8137101350592,88.2081581790399
632.0951315934777,88.67223061735058
721.3506724651439,101.53299436661214
746.025345309763,89.63382325432288
814.8774552282346,96.71975002583716
712.7664819330973,95.02138006073892
713.5036466495305,95.99725659330785
697.5187125062705,104.47365927334997
754.0305751750068,88.53140649641098
705.39453340445,92.37202781214833
685.4525471071258,91.46113631624699
849.3272641012494,84.47436798346395
800.9285495444951,83.64634789728252
688.2902325043895,95.06259380979421
724.375448237206,86.37940861788312
762.6895174694615,80.4899291549904
721.8703711372868,92.52026074467511
745.9657575461902,91.32598556562189
736.718709692384,102.54004803968431
739.8391480459965,92.79151112658487
691.2093194507692,88.160640177655
697.8941501810039,88.11751378447188
656.6562126173751,94.10470972179134
751.3764792843194,91.49566260899344
772.6386749782167,86.4776391217017
722.6267730056855,102.66818401697954
734.4762297692314,89.43111787446101
712.3131983726043,87.58805070531052
685.3630805512694,98.99604514311707
722.105699688735,97.9239821558426
809.453834780196,97.70364847619894
717.6959933067907,84.10951272659308
700.2624778715619,93.83816514156455
803.3147955472988,91.51374117928566
708.4596114923647,95.06957856536744
636.5904855211803,102.92309450441516
757.1445364000024,89.05559472077593
812.6572636171188,87.14700778431789
696.4755903440695,89.0701044294122
691.1250257759843,90.64098372876059
688.5033955623032,98.81627449283124
811.6479165703449,88.47371438344699
673.2690062720236,78.650094142198
725.4745416378945,84.85329296188148
738.307373559963,94.33154999162373
739.1932583091977,85.66273766402901
684.798830722853,96.92400925197994
784.3891692787977,83.14864426260782
704.9287748728433,95.67469900572696
721.5042526057175,89.6108311634337
743.8765874422108,82.96743963795566
764.1608486288012,83.4395375397114
762.8498379565334,92.90102179013394
701.7212229196796,98.41172410067337
764.509568263272,87.94766592825893
766.3862146044496,89.045173792955
720.1262851408262,88.75893665281572
701.4968165764354,104.7188181864822
755.9225372425825,97.5293308483534
684.202580691523,95.03181244316299
662.2120787778053,96.24185246003636
769.5726498961119,86.76221239890309
783.8618267847194,95.91396379716129
689.2566606295702,96.35743977194409
727.6506337884464,98.70941892974064
724.4050805850788,87.2162442692137
784.3595087600654,96.0795493639262
745.1810695830043,103.79397026449003
709.1284972458059,93.85140118338144
739.60299762609,101.0192263524761
764.055144729804,82.72901194379779
746.8096098360218,95.35344338541462
721.3812234536368,95.61003948533003
799.1291213146284,93.03482374488114
628.4819196258327,99.5462671278793
861.6763659560451,90.74635500934829
747.905635267091,90.71799700548144
741.9986028099061,87.86079342935707
739.1708788668668,92.76570472864124
779.360159152173,91.4919605826011
718.8647403398292,90.2948770563219
658.9239402415187,89.07075304612293
735.5367338961671,85.53839483305876
833.8861038433661,89.0274470355848
681.5508315102942,109.96057711714397
687.2881682898656,85.50400403105424
852.1661715751002,74.97926801840178
715.6511597646621,88.25896233369146
587.8584445398434,98.63700377250501
807.1161968544121,97.02430256831326
721.1806080745663,93.96740141072499
684.3243571760858,93.66760664303594
708.0925841260187,98.7336149036864
861.3489385955369,86.60357365946703
668.4104434114489,94.38818079233955
829.8019301436069,92.19973154734697
733.3273063267271,77.69060432061703
743.1727492249516,84.53835901293549
630.7983482411062,94.85162723246935
697.4394991396769,85.1176353876155
746.8946764049653,92.98279763510462
638.1218200144092,97.24610238971214
711.443299263566,98.81648306208159
719.6341704564766,89.87009040275177
716.1022363921014,96.35786756978321
656.6713745670942,102.94363533141289
741.7811738423235,96.97560147980667
723.9050966360161,91.11071330492317
731.2034515112045,82.33582977569833
665.5256503842149,101.49407810502161
739.6213640196291,95.35317269831388
815.9507499388272,96.33897715155352
768.699972227546,105.47570585927735
744.6974879912473,100.35956331932876
722.9772535277086,89.76559252005768
604.0615530295804,92.22940375893144
700.996429321818,95.45266221176998
640.7983482411063,95.1737605802283
773.9578306010715,99.15018497289839
712.252872126188,103.08264574144539
771.3098677175079,85.07859100016043
664.3969655797326,103.88886377927302
704.8933821527563,89.09951761119288
823.6244871673015,92.63324297017338
751.5821018531938,88.72243924864723
644.5000625282001,90.51681156963747
798.1372943577946,91.69748364431837
833.6355011878086,94.63870341504263
716.1062259626237,98.67461884145808
818.6618423075821,90.00543643663066
728.9483008737335,81.30887959017242
715.1733707945823,90.31979882276774
772.9924894576458,83.35099899317345
828.5432333595571,81.57976252884195
752.3487336349231,85.31736481124993
696.0622480722494,94.34589261878303
749.8670244879426,88.53182299806005
805.7175733652529,85.13243980036982
708.7842642317202,92.87297675998862
766.3129778043449,80.72816436995573
740.8880703707744,73.96900019998918
824.1399902352409,89.87668686497855
847.3312198663142,85.58972640849404
781.992072417077,97.16462553924957
844.1224907811797,94.51802541448085
741.1916678656623,91.2849458068417
675.8253572932067,89.99828966545347
643.4715588256608,99.0740588417491
687.1329109232332,93.80003045417196
807.3486133576578,84.11380968640303
793.6046106814063,84.32064905446389
762.2706140302686,103.89559116236457
797.6526908991776,85.83428062966195
721.3747077449265,89.64396920008629
738.3649746306285,84.26957166579196
745.4652576817832,91.71043811360093
775.2497811817035,83.93613724428033
806.0460647382591,96.95822758563835
758.3077564843701,90.66665500280111
744.2304900317483,91.62869543101388
812.820833343395,87.01003107674242
730.1601062657544,88.91410977280738
749.1998001518831,84.67325320293216
731.8877786737629,97.30249057001531
753.1639664294455,89.76351764270679
702.5798040898392,95.8174335639525
714.0115904837977,99.79575936107591
641.1969498940653,102.74335313871757
728.9004202063969,99.31174470955698
721.0467496178235,82.13564175591289
746.2775112309982,92.45316878573674
671.8437534262938,90.57167533033463
751.0165991357766,81.29892107239596
806.0867219340413,91.98660033969037
700.9180934415024,89.21265011848025
705.8253572932068,90.92532167345986
705.8302088083917,95.46004420516313
657.9540343875933,93.65817995600219
768.7453843370482,95.2001300871135
735.3390855177963,95.21161698631688
771.5428545722434,93.78219356714877
680.2470099342107,93.74423712337645
735.367555738558,87.45869278573629
754.7819643911661,94.55353121552696
709.4588476020529,96.58495450257988
780.8285082476675,89.86193150646851
756.6995661740958,96.97986331002845
843.1181792150174,95.62813620721828
759.4170933243814,94.56830918309494
718.4880921606507,95.48162893807692
711.1234626244674,97.11806971304485
785.6274677787285,99.19706367236806
745.8939585509185,90.89475513946402
721.1786708999995,97.37916981895619
723.4839283823646,87.72725193250439
738.4275549186403,85.18735459207495
679.1629266806369,100.82024181549495
765.4772597109662,96.73816863413232
680.5734745865932,90.43424433226014
680.1386565997855,99.52146472704791
689.9037429529284,85.69394293079506
743.1510538256006,93.86781096347616
721.0630097604237,94.83432656402138
670.9577117737215,106.8144329458328
709.0633942184335,96.460987024222
716.1978323792238,86.01211882246238
736.5017611688472,84.8525289576836
720.0504410850216,95.15573573104595
830.3376723939116,93.39548232048068
852.3150940493739,81.0495299079223
810.2110190525465,86.06108682976318
691.5011407778503,100.07670089116716
795.4894092687629,95.3992385376886
789.7352272622846,92.77495490147874
733.4343019502276,89.09484471535971
750.2717490476186,90.55476802818067
800.5284216317076,89.56499322345583
814.2437745819353,84.370235089033
770.8844953537505,89.70235390105248
805.2200008821102,95.99647141392585
708.4891220332282,89.17013889192178
691.0383836238552,102.36304171827598
806.677686335016,93.58043454185379
666.4060912618711,89.14336940736081
813.2247551122989,90.82072868428173
717.3194757896518,89.73161338585321
704.2025806915232,88.56884784188286
694.1364994823813,86.93900936713077
742.4103785434629,93.27374584491398
699.5469482377221,91.74821529204725
687.607911629657,89.62876439124328
804.8001167676048,93.23289466140203
821.7290721082494,89.46092265630162
737.5430904963946,95.08876001111896
768.6723088436153,84.68073888006803
674.2025806915229,98.21135404647787
656.329280653724,100.06566164412524
723.309574682394,88.95012940252441
750.19924765742,91.34999281692961
861.6027539544199,90.56107026873974
728.9308215489707,102.24183819363654
810.7284551569331,85.11342195966716
825.4896863360674,94.70972167076991
785.9198629402888,90.18454957268327
741.7454621387033,88.18707078413716
758.3447163152539,98.49462905464125
754.0673545131297,83.05353210549637
713.1398027459694,104.02934831322463
688.8572981518407,89.96026835004086
707.7719431832232,86.27218437555385
716.0621331931549,94.44357810028285
745.4823357199997,93.70576306102444
701.7290721082494,83.45762001731795
769.8120768468259,87.371377450676
666.588508167512,101.99655831346385
679.5586586128385,105.36813779088175
704.6246354131381,100.91991629061725
686.3793332969977,93.78247638118155
738.2090230470748,83.39328667008515
737.405465865377,87.01413794994346
751.7425057874904,93.21785514825999
807.2679121636141,89.65332890564086
727.7373825504891,87.3237943510164
789.1257765451712,92.93351496860498
694.2177426412419,96.04177574513233
751.9116715137405,95.6632948755407
670.7228892851031,96.20724452521054
728.7090437251989,94.17820856700205
709.3310208652854,85.16691390617561
683.0660758652497,87.17806478274495
769.1242677228416,90.54164976092103
724.1877251935675,106.08306049222138
759.6516444652386,89.07071630572166
693.4000489097311,97.6327952487682
728.410910501235,96.64023347300679
671.5298244508294,100.81290338598224
740.7492167367585,91.03591625462197
748.5776032449991,84.92489216137082
740.3883629485856,97.1309498179603
737.8693038326651,91.57647715991645
688.9239400200361,99.74050400134561
765.071938057227,92.81729309778042
722.9456091462947,90.82112282752685
747.4550152023426,84.65350141219459
748.1641840476979,86.09700153794928
755.7413512029459,83.01600480315619
709.7528182120191,89.25160695912014
713.5979842203675,99.16946485350176
700.3488273287242,86.96398228158453
758.3836854465756,85.05059014704591
714.5589356354072,93.87750971284096
708.1284784065375,95.25689890841439
696.79566659429,106.52697538584832
660.8997809784614,88.6457380762833
640.2853185008222,101.4557559877359
690.8795913999668,97.38799944203642
724.1772081466323,92.0009109821708
744.6464043867978,93.6199456683951
566.4098632478746,98.81619164647088
662.55257903518,86.25105239415697
779.8645089453095,94.85181005480885
679.231566875809,94.69218811452973
662.355397746595,98.03083490698027
745.2238728043068,90.90731862669652
750.1022625326402,86.16922082329903
708.8780875839155,97.39321108414092
741.2121379119808,89.10226865845068
730.1370969724594,84.72666267767715
746.1226162145603,97.93474392449104
793.1457940121476,83.91239997320616
723.6247557868493,101.11684619714718
729.210338566244,93.9241885443778
804.0204997998976,88.76397734671734
708.0917985593745,92.52599801130464
766.0888457446118,96.64656646945132
672.3958769203163,96.67141634945034
820.5177873487086,88.48276259388513
756.6318617242326,93.08343535299726
726.1646588135618,102.27963481609662
704.8716235068662,94.62675964415178
673.122696581678,84.12311211029234
679.9017658207429,92.3536356839021
696.2084428835003,92.17402358589845
714.2838238503837,94.56840080735269
721.8707252502334,82.86459944186294
730.2848514110362,89.03232240092512
609.6554164512421,102.09921568195877
662.7286268546634,103.45863584929074
705.6580432909439,87.7184265618868
842.0536311074882,77.41097835668357
676.0750113374421,89.7907432426881
673.6063284413633,98.92486769292233
780.3778925770575,97.64075209160075
699.3459949631338,82.82550709893744
691.526519554612,88.14334570972575
802.1252832482525,86.93286653449641
707.6501666986604,96.65777554089136
726.6179277716196,87.06793177666147
773.3313038495842,91.5546225941031
713.821005143629,92.371159985116
746.8346357256114,89.03335011860533
709.3882689906729,87.4617174633641
757.6444959152857,93.25035506962371
675.526589098554,92.21218472635816
662.6153803041605,93.16673265330377
755.5672435997345,92.98307809826534
717.3445171965556,93.20794889432412
712.1761744948802,97.93438239178172
725.5630613478228,97.54715573838061
666.7577707629287,92.45637590546097
720.3147141625913,91.94135249406375
700.9517454597526,100.56758990893191
717.9903658220194,99.0134620948368
668.5695897482842,85.85601868003785
709.378237169899,83.71482158654142
705.079286454465,88.70502765689939
718.3902535197303,91.51274994230859
826.7507640472785,94.70996408819434
772.7153766582808,89.96775370106042
698.1875744290684,90.54623200097919
694.5316832622838,86.25082193026864
772.9623531235168,84.88731970947873
753.1734495800246,91.44261852361522
661.8419009165251,98.81665728543338
699.0313139562936,97.10722820210184
705.8405192429257,88.90394637930673
813.1993825674084,96.06601150377027
646.5632604665209,94.92780577895105
721.5532775194855,95.56392708645754
744.5575308055255,92.61103933292182
667.0510422843308,85.53878384764268
782.0693579300531,89.23418578127462
723.3685748540325,88.35005583267206
687.3011636398351,85.14376227417988
745.1771013745296,89.31896087725107
704.7692407215155,81.29987128350794
729.5741732923816,99.74334544897688
737.9996319751642,88.86648488402409
698.1827733565607,92.52979926326897
778.8329652228499,100.86857258546301
677.71901615695,77.56428833168833
746.6975888204277,89.86162233618374
637.1329109232331,86.44816513319157
776.7724434673388,89.18719055404705
754.5953995247473,93.7582323760722
743.9929821850509,91.00848470621091
653.5167961609127,97.76832297022123
636.181684918627,93.92465627284184
683.7169694808225,93.24612958718299
692.6707788870252,105.98773361123956
685.3192088603749,93.60631277280243
705.0869533285609,94.65099615679866
806.0752375126034,92.93809813247962
767.672071361129,88.7183075770818
790.1118986349121,89.70686848193527
777.7217083190507,87.32038606809387
768.6142293497567,100.9751733869014
818.5169342713007,87.56399780701989
758.0443839262206,89.46125403861414
701.0767726885516,95.99667382154666
722.7624799860552,93.56404883195312
688.7079525665903,94.50935316348436
676.1885662260788,86.95604731839971
716.9871098204712,94.14311308516683
697.23543654364,92.21200310864681
745.3973055132736,84.32024910046556
789.156827171264,88.50406526377046
635.9381838826528,94.47493998519062
845.047813339246,87.0086031716807
743.7854878011252,89.36079813896801
719.8793922812686,103.47278092583268
746.0710933008007,86.8388307386053
805.8921639185834,86.51710958386877
752.8807948247531,100.60204891702489
726.8844260312914,89.85613287395503
703.440180464641,92.21689300398396
641.8842879209033,100.06519599533023
793.5571991558454,90.86925006221992
786.1320863244932,93.98072038283891
690.108231065439,96.02795040051188
751.8638439427815,100.34955575640906
746.8890995471205,95.63616636060138
776.0299142974939,92.79683048559797
736.4065583516572,101.31430151966468
784.030006875807,101.04808886287624
685.6287884440176,98.5809810475496
705.3848941617748,91.08103784271913
667.7927174436485,89.07042882448889
752.503249647592,93.09619001167681
685.137665153422,100.52891786982067
762.8489610806369,93.05659964560529
646.5904855211802,95.35351409276313
721.1730402627186,90.13966248867145
776.6216458084814,86.79329072522367
664.4269870347673,92.81746611915658
735.0894312520782,97.46085145556947
796.4228933692885,89.16101145405784
736.4244556580634,94.52466503603763
694.8260557775124,95.38851538387945
789.6910806863461,97.81613869338148
697.5231449471967,101.70879307381233
745.841836048539,81.06553271116346
680.580823205314,95.50667505482424
782.2718243586751,81.89714632088278
769.774459367648,81.73602224246885
738.0627513103425,90.8668261476155
813.561081457881,92.93997616796005
702.635799326226,92.60251135003375
605.2481104991273,106.21941794678798
707.2230925809574,82.47679210897272
704.2573372526052,96.54995420109978
723.7533006937657,94.5855287259464
771.5818789378701,96.78898701041446
781.6564634831196,96.94534238722537
684.0615530295805,93.80040757423421
759.4812211415272,85.60735130662722
751.2387673589136,84.72357852905374
749.109244657207,99.84932204740643
750.0950718987674,88.47808849533959
765.062319174258,97.377734292615
748.9143667719662,91.30228041903234
620.8425994008306,108.32667939601808
751.72357622078,78.64978485272296
795.3791531368349,88.49195289363163
851.3053101537723,86.85627279529004
711.0932271523322,98.91026300033278
727.655627109909,90.35801628151906
704.1988087055195,86.96711126453975
795.3061095577282,79.41814443356922
672.968401760028,100.12073591082759
771.7693181068994,91.49976382835135
789.1229740398724,91.2158875123172
793.9537453807707,82.37933072666921
752.3284856130089,87.35000286784492
664.4927141309622,87.82130141534921
718.8244321356447,82.86391547696331
722.4280061502419,98.67466998333903
746.7642468968602,91.6323426015552
731.4603526870953,99.00525830975438
665.859463655318,83.99905623591327
775.9269030074014,93.9690858980284
744.5601943616949,91.3025292924037
840.7209121529174,87.17823670400658
745.9381838826528,97.10955920563094
825.8782860828579,79.10889317526726
702.7267743448947,85.78712195628137
825.3224788413338,88.98761182843283
716.9127045656593,88.66795699938262
670.4167726932121,103.7263003850241
723.6116477732645,93.28109657932107
717.6152921127473,95.5100159703566
665.4320376686505,93.31898852536912
750.8793502638594,96.30820064346746
758.2245388882575,88.20005675336876
727.8347958964185,93.31058534277146
652.1020129009297,97.632695280361
737.9520572554079,84.37607687606618
628.3447163152539,93.74419569767979
709.6618434148329,106.63217534742688
771.5553438883205,99.78753001828495
679.3915321676101,98.22847186898485
703.9647102928297,88.89065815931177
793.7802848338005,78.91933282842805
777.4734332414442,82.99095778442454
814.3499087738883,84.34069478106774
720.5849293712968,90.99419837115524
730.6159747892934,90.84195965958912
630.8052295485581,88.24683281398472
739.9402678622785,93.31953581092829
694.1622660535004,95.55022727464706
650.656695099122,96.79971402628485
714.4909629524551,99.68491386084573
893.4921673053515,89.10253843971607
711.7885433770339,101.63646035310457
727.696487715041,93.93292658789892
707.1017442382896,104.16301407296895
677.3080449472869,100.95409997997918
663.2671421166773,100.26607312562328
654.3501762051374,101.85104280293288
680.995996619477,105.43809895777251
695.6879060424988,85.45680373852987
791.8088813035981,89.97306196824043
696.6578118964244,85.0796375255592
721.3998602750124,91.98143784682455
633.4058317294658,94.16935209930524
694.0186535219999,94.55039104039416
773.7271682089341,86.2550872459882
819.5483702342731,101.17190612136136
737.6457822732615,82.66343586436261
698.4522485619822,94.88192097263733
835.8330952145168,80.52774711107526
745.2894869236626,93.92518045096043
789.8977306279878,88.97228503479431
808.9201920861586,92.49626285964237
670.6417210012736,93.43767420016717
675.7168890796869,86.25101217086625
635.8525823478661,91.7099713540034
619.5084461961866,109.48948987928603
711.2846200165167,101.03044764808183
788.1880142003902,86.44853814786984
784.7800335946131,95.98146722660877
787.3716811140533,89.51665708161366
730.6644519789676,90.59590183445461
801.4951334067878,79.19247844747994
829.1495693636422,92.76943355529755
795.6901311148134,86.46187249810929
706.8129145107563,84.4353406886039
679.1361368014374,103.43182690342049
748.0314876344687,95.76578312811317
733.3095746823942,83.06201806282606
760.3845126089985,76.06496427399337
734.0819026946774,93.84128918779646
794.6246237675606,95.96999133050139
719.1488136745489,102.03074200040669
733.0780669407607,87.29642655331116
706.2089372917505,104.03921497543068
703.4292847981218,93.26379591721326
670.9721894378744,92.77235950769943
744.9794529961587,92.87321814877222
700.8147459497134,89.3975324215384
697.0590420688557,97.42387847053944
716.5244830229037,99.06997482513592
719.5469482377221,95.9590587359462
811.8497146832212,91.76561015069342
724.6246627316024,85.55036142517424
684.6154044109546,95.5084018704897
785.8195744734721,83.59400672822012
689.2994466531319,91.98115503588578
681.450180571018,96.21586782513032
686.6947146589108,88.28563771079288
745.871833212022,96.16816601615267
743.2761084535443,93.83835769303711
696.0499234098293,94.56169680413905
708.4376684661083,90.92546653844192
824.0563858802722,96.84358172074678
779.1990485387215,93.44317580441447
678.0187230659417,95.61091683953192
757.8809768219472,94.52280861772867
766.6124285474368,94.71008369102287
711.0575215111718,90.46545646594647
765.4690294463038,88.46497271623494
884.5186331452413,89.6901820019899
796.3496802900397,96.96776130226687
820.0754523213916,83.6973623780062
866.2222530157736,87.27290296357353
768.8218817108977,90.1437214676962
805.717549644397,90.05355976428264
750.7611818724233,86.92980991654251
827.2218018435407,89.15911354147491
688.2132619013814,91.22922773639272
708.1860368467219,94.84228336971891
843.1817832135316,92.53810762744656
793.6741343377522,89.22229721641467
762.1796921729979,95.61791345991523
786.0367268804254,87.10536681560501
730.2031425455124,91.08077137113216
630.7496472499764,87.17820618564446
718.410443411449,90.3196239292374
670.8162453260296,98.74679670028587
749.5593177944261,82.23743879108275
819.9732089563452,72.6792240415533
767.8376702794183,86.91222484006836
780.7431282270414,81.28992922682893
699.7992402003358,94.12161544712207
671.4875777417548,92.1174733094646
679.3533433603718,85.30334279520032
783.6449456785679,86.9396750327
718.3447163152539,86.85639240183203
692.5561098850758,93.0560937944308
784.5913214932449,91.96661855488664
851.0956167603456,83.04304254718055
755.1771762495608,91.7016292070685
757.9997449520035,95.94464567996394
773.9787867876744,95.19126242857915
729.8814220735354,88.07919167804155
740.6894339970545,98.37028607476267
772.6674742122906,88.14362853058539
732.8615439605973,94.80857127264147
767.0673832640923,79.05540174922133
683.0693805399843,88.99359835814435
804.6888524669337,102.70516741749732
684.6014952655555,89.43427262015184
767.1761060896982,75.5641535611698
755.7865011387245,95.91377397645634
770.4143298543635,93.4017871609347
699.22095498841,92.32773304276526
733.635726321962,103.44214060480053
695.3868715154431,92.60293898300489
700.3361900990618,85.53446929822499
728.4810220228289,89.23282189786511
710.1923663499679,87.49971413015595
659.4360549883197,81.00616095647936
655.6296860470214,108.04254268170808
830.9731900031968,93.12301515692226
771.3972454353396,90.98912655201401
735.1076436983874,95.0317464071257
696.2527832798742,89.77929768742986
825.6479335779992,73.50425219013965
794.4516826370138,96.16549890660521
739.6773594774987,92.21182147293631
685.990804050465,106.82936535982856
754.3612599385722,86.71460690179133
720.934932562441,91.61270591895227
687.3011636398351,88.42684960731388
706.6562126173752,93.78248495748053
718.8389878751893,96.99100785657657
776.9101275798938,88.86358943866549
684.2022265785762,96.19724383677693
730.7531820878986,83.04008186729888
711.6468902350499,92.47827470550838
689.5469482377222,88.28577913639131
833.7650449919108,83.21388316597381
700.1465136923646,96.52136947830702
864.0356116198468,84.63780342397637
797.1521888752021,92.53804636504655
817.53741649685,96.26069531926444
682.7400826159376,81.01113249053024
719.3076863965224,96.2633161419281
790.1270015382901,93.4689767326265
743.5479251277192,92.51157804189086
740.3219563870116,87.34420584892676
747.6192975777382,99.98528193242639
746.8465103796783,97.10934625017981
725.318141154607,95.42683748074184
715.6366549754293,93.78280062262147
658.3243725680466,105.21478141929884
743.7802848338005,94.65118644917453
753.513376290509,86.53462345980336
722.1106476561434,98.61073548151826
753.4931883961373,93.11407130924594
796.701165453145,96.54683337175128
777.2356537394201,85.20134109845173
758.7380359398103,94.56767456517466
779.2454636335992,88.29811139479956
771.9636774010878,91.56833872081378
655.4121192164342,100.41832779370002
752.0951315934777,88.748937500814
730.3238205423579,85.60703909214061
730.330478934486,96.69917503921847
781.5182807743731,91.98976886495058
714.7638635192396,93.07679678006997
787.6130213977159,93.29574546246876
811.6813021932411,100.2769147513786
775.6421205457038,94.366947618532
679.0168923923732,91.28470993407228
750.0231881923588,101.20468734567335
718.624233332527,88.6244244724118
682.9751008465809,95.69239460968876
838.3418785088224,93.7827763288307
649.667786007946,85.94666107332577
725.0314586620232,89.70240625002236
658.7434309450523,96.84098634148675
757.6982140585212,80.02694719542406
693.1386842688967,87.02460384319397
722.8436028620491,93.99389274291732
660.0241136333661,88.83940230320323
712.130637290404,98.75723583242804
797.8892165653377,89.95670852767114
816.0485665151249,87.14034507025244
749.0332901009804,99.3234729772833
726.8997114345195,92.44749854643594
709.6414996676256,95.35345433420878
724.0458785766592,83.320521227694
780.0022625913062,93.45664179134171
672.885453591944,87.50001652345966
846.3675242882725,85.19428301787786
770.7291935642846,88.85346441735416
804.6921156438709,90.51237630405085
740.1642053285168,82.36648537312158
777.196503266087,87.05211994261268
661.6190046156803,98.76046032138342
786.9046139940926,97.22245165045055
733.6572908670255,99.2185495411564
746.0776729766764,92.02842484714982
732.4644783995107,88.48260905033527
758.2208067425735,84.37824969963212
683.7045999241188,92.03164374083434
680.3510455970173,91.17340618549731
858.0985968874583,85.6071529078497
717.5022298912626,102.4798341694054
684.6977109065709,90.327632586448
797.6440778334268,96.80336370260794
667.4750048366033,102.46665808492213
744.2061571027575,95.6195833176462
631.841900916525,97.85142279605441
719.0089182018695,91.30266325572285
703.809921631677,86.59002076295893
785.6414301236837,88.80456705212758
740.55557528284,105.24501271124325
813.3068799171011,89.95417314286277
705.2769348328358,103.24971940085175
722.7926144179289,104.51119148237326
769.7835657474146,92.28566907759145
697.896946581379,94.56763194354156
742.6086284235477,93.8477722177228
737.6566303913128,109.90311560889953
731.8419009165251,87.64181237074348
662.4868519389848,89.35384011278329
668.875239250389,87.41341677743266
719.6364708699423,88.575229269167
655.9592557075681,105.97517485878433
801.423535582984,86.16296977740718
698.0039055215996,95.39880688666592
815.9836027479187,95.31056731851623
735.0959330907002,88.59236041276277
745.4438947221521,79.72957515881349
701.0110455923566,95.95929394577642
734.8747567686421,86.3926080524323
688.809045064408,87.82122533888881
696.1126943322707,94.70961804347762
686.2372672172088,91.2730380865051
755.2194027205328,93.36587411870828
674.6407769558454,92.22926232533108
722.2893165374533,93.05607545841755
761.1985491731143,85.6069027910056
719.8739133571244,93.40611718803787
704.3249285041462,79.912510045606
771.0101219398799,80.48074408942504
751.103997743211,89.10820363486022
686.5904855211803,86.85635565225371
711.7328601768913,98.64664090150417
755.4745416378944,92.43334301798753
801.310462987907,83.8637123601101
637.47535894955,99.88566672346283
721.014750611894,103.78031569008016
764.8972689041295,82.35308563725908
668.4376684661083,97.38772409120708
645.079286454465,113.88814486877672
731.0786251983203,102.35233680284657
871.9800786533667,83.66276768524348
771.7797502315648,91.40884102796075
847.8078291128036,90.07438580523191
686.3068792762464,102.64596430439481
720.5432511899777,95.4894631657975
721.1639420196711,90.8664462589045
685.0485979654103,92.29515647626829
677.0365352762685,102.1234157461961
741.4570618784699,97.54154322699854
706.9975677606404,101.21101873302206
743.0429357176671,96.43392885918988
712.1865195499515,105.31403170826138
712.3778111993512,96.2702882230114
802.5192651152868,84.07908962184297
658.934471219543,101.93424984028101
824.3250687801161,87.77959879703553
690.490499573932,88.71696614805572
667.8316865749701,89.47861934594637
768.4582593368305,87.97901253727927
734.1773327690491,90.28449045598633
834.7258452351697,94.38077844356636
729.5748338570917,97.9245462013028
761.5015192590434,96.1651219703203
710.3304789344861,94.20065928230092
765.0034318122028,93.42946764833276
743.5238362280253,87.71876711394613
784.2314050252317,86.81760880555981
723.6218465013759,82.53487490557998
664.2095749758143,95.48494602674904
704.671760955862,96.02776288176482
816.469839438661,94.5378290799708
823.4000371711984,82.86696128997738
729.9017658207428,86.57280294963707
688.2537412965851,89.07473595150982
729.4374370715888,90.64112514133483
680.126172163987,90.82087865660552
737.1234277726542,91.47174744788683
692.5456955088981,81.1543164585466
744.7988190772755,106.4381062392659
813.9974511196799,88.78665779699973
781.6899494617763,88.47703674892641
742.3281726919356,85.42729541495981
729.483073651296,84.93281892855074
775.0428470600016,96.8078594973022
827.7282355135558,88.7812669816695
710.87990432104,108.13482603947573
749.3615110257996,85.07528858034593
758.680477278143,89.11635916512472
683.7549239344872,98.92717559499287
657.373772043482,94.41400651919372
762.930455684882,95.63024419434184
755.0266888549149,96.1541728028213
692.7862433948496,92.87245876404806
745.7242374769246,96.96609073330777
687.3080449472869,89.67643913205494
768.9644194152398,93.17640749593454
775.1084175264984,82.09349147865714
696.1821520084128,96.63275284287498
843.0789125117395,89.07034717040008
738.123106059161,89.58966633772192
671.6901029769277,98.95808870094154
733.2367461878098,90.4848291671293
792.7064433436121,96.92425182952167
711.5411553682042,85.97980544359999
731.9193383878363,82.38599191411923
731.5094934495471,87.53532452597148
735.8910843894018,85.78726337988047
759.0622757413606,95.53365043272565
729.520303249688,89.57537304263654
683.4258213637265,86.77362247626395
722.0026465324095,91.73660526410951
688.7924858276461,100.08651079372257
743.176054121169,89.42287943035947
757.7840651130219,101.58084733772306
766.552130212377,92.26770277780948
747.4228859724167,95.2254285494381
660.5535981506547,90.0093121999874
754.5986283171708,93.73596224339089
688.294151168778,99.9823204226889
757.1595378163152,89.61937315891483
665.525650384215,84.64191561902908
646.2372672172087,76.78874229215765
764.7161031156141,102.76344280211887
715.6580432909439,87.67961646677546
770.5579601285331,94.12532747140055
781.4458123380447,93.68950262494837
704.136853595328,92.85570538712058
743.2681086690196,93.83898309308448
813.4716488314104,97.27735099540155
737.4464658492551,103.22698789777726
724.7422096932006,101.21995086777547
657.6997652927942,96.92406780429735
731.9705587085398,89.77908676807954
766.4490797846186,88.70998707349132
793.4444191731279,92.31231636014863
776.1646588135617,91.74845194271857
679.5826538788825,97.14263797548142
650.5147419961722,110.01001162682343
810.9491662551574,88.72958018018092
933.9780740076801,77.26701108474062
729.8831762903972,96.72130652552005
745.6669909672308,86.469155689877
762.6356747038091,79.93678256710328
767.38487174786,89.83194952794932
779.4006385473767,95.08683781075472
693.3193287571522,99.54629127509943
718.2537686150492,90.8857074529179
671.8220242591037,84.32063193048467
725.1564443930249,85.55186994094953
767.784936314363,94.3824253890224
750.9084157336752,83.03378361519047
685.519707791102,88.42695080336624
790.9031469057312,91.53022910627605
733.5742252609106,91.42666470604834
723.0866368082371,80.78502933340816
673.8921035048763,92.41916326745931
752.0378850837837,101.58603720258553
733.1521444898224,99.9410238142539
771.7719539306296,96.12111163958131
655.1804062707471,95.49559397865124
720.0790704519062,89.31894741275796
825.015171068678,100.31093577027222
813.2924068399753,87.04865632455801
641.6443655149935,93.98301712918149
715.224904835894,98.22089784555033
689.9799773527361,107.83885129875908
753.0729571727018,93.8474601157082
768.7851354330612,83.81328392703156
725.0451800923536,98.17307335006474
759.3658954511985,76.44911935605299
672.7966312544029,97.62055842741209
705.4710067999722,90.24643406581062
724.5082301936279,93.17720980912715
752.7365059832202,84.5263496814941
780.6978841675124,86.89962372466476
791.7205249739917,80.63476593831018
834.020252801049,86.48762783910176
713.6886533482353,86.92507072696716
616.1427157873053,86.2508402628975
763.6356428067377,82.6457707310434
814.173436160629,83.57320856333519
668.8378693981164,86.41897635941635
765.2546139534429,99.03538481412029
743.1570506624358,82.63374119087004
676.7219397135702,94.42660168228343
768.4185561728128,86.81032974612337
659.4588476020529,92.55145546400178
714.9002634602082,91.10156564643475
750.8160349108813,97.92007930593279
708.5391012034635,89.99748729185731
792.8438401291152,89.65790719396799
662.4280061502419,89.25036515765274
714.6184034163712,90.01526608279465
683.2316364197511,94.10432691362759
683.6388728279237,104.91899919034408
774.6709529416977,92.5773358357405
759.1707439548807,99.27997833940644
732.029564270661,89.77295021829269
685.3090640627616,98.80464490764699
809.6426181446983,82.24932644534141
734.613551901186,93.51652549163359
702.6913816248077,83.89094375686271
871.6260463418262,78.26646642238283
751.9861917554048,96.39152349689569
768.7887413815898,90.092829298656
757.962710254142,90.56808457832688
771.6243322558469,92.54313842460476
745.071938057227,97.24567814645785
755.4868806899477,95.58464616601155
725.6511619834919,93.64062013497899
777.070201341571,90.03653947819275
704.4834493609399,98.08660410930138
657.9494193370294,96.06202822066858
808.5708757930362,88.30556929997132
855.7223733215785,78.85915275097959
686.6965671686795,94.13599097010476
767.0441587580492,83.92460113384497
703.0765335839363,96.48985158726911
696.1679634882964,82.42728341802611
713.3455928825229,80.95071200456762
642.6050517908304,97.69787899295758
737.1562470076897,96.06184551906323
692.6840332275698,104.03083396354612
787.1971516978846,87.06779156508038
818.893094837515,91.58036797336399
750.9731559902167,85.58997994403659
778.3433388038364,88.99244435752462
750.8211034385336,94.19535331479877
768.1307676906962,91.39262241038801
825.1183685626257,89.3984072856141
717.5413989668182,102.87682269309205
739.3712406667781,91.62748542943778
713.9413758240668,86.4483065490757
691.4616114133829,90.12634593985754
773.6577842273131,97.84699312988194
728.858212923841,88.70486789682202
707.5056933256578,77.4698646711277
733.523848659384,92.35318216062637
616.9264693993929,89.13559540614202
799.8341130164421,96.94784484094141
759.6768921662298,91.34173600440866
679.1995666728956,84.47710954104228
657.2354365436402,93.13911201894211
834.4702317234146,79.80931168252324
743.3537842688063,79.29031662290988
681.9636774010878,89.71362529245718
813.4850190465866,88.32865225393512
743.388338313132,95.57204163135438
773.9509492936194,87.82137447428835
831.2001481389395,82.49802230170087
758.7882181439013,106.0436071143478
753.0874292504554,89.1277198133084
754.8475317139828,94.85175718578121
768.925539520568,74.35467552719162
737.8986997159168,75.63019630196997
722.1710034872858,89.78719474880786
812.5362594306305,90.85262435252545
669.08950079602,94.02762572279273
765.9117534890413,78.47401340016658
706.7224068033561,111.93161845702984
720.7178805260502,99.52148313336126
697.4983449284199,92.6754288626858
757.359157388637,87.67849366390548
718.5943703594893,95.3533019807499
717.3649133823617,91.00183254392378
708.6419752366074,90.86686637637962
732.2123927309842,76.47080344422834
788.6982647918447,97.6678176321851
792.8616569374364,97.73958843027138
715.3847130412461,98.86175633827769
810.4415549090228,78.7777404664538
825.9836060270381,89.12647461975949
785.5974463236938,88.02031837600686
689.5015904827558,87.00414853986388
756.2173905597873,84.9110143304348
773.0550160741536,95.60611798557892
722.1201650447974,94.04875023952044
706.2826368540061,100.75799509809339
780.588362252801,87.64624439176849
767.1201108533115,87.16067627678575
705.0465655123363,94.13579099488848
791.8118794614905,91.50352394083414
632.3458242770424,92.73078475612567
827.212987504979,97.80425511501832
815.6346792374547,91.73351085489666
692.6338221940405,103.20664719041513
677.0275892156751,95.95910874552087
760.918570382056,91.77511283044026
685.2857279783052,81.5943610769431
783.7012950279013,88.3408534115276
736.2171676444636,100.14914134901449
778.1284784065375,90.04336180235981
821.3311218425771,86.64771620967295
767.8974136711649,96.31862432539427
711.8219824643087,93.35008695665456
717.1256714954743,97.5232443338255
811.7133331302601,81.63513720603986
838.2331735517303,98.22828902876323
725.9341833340366,89.4832049260253
696.2759231142329,98.51222455339702
748.2789889975762,89.33642852987884
704.3677107328065,88.44766633861614
762.8431795644051,90.96337809171203
719.7344518184799,89.54616487161131
724.5284197721226,99.35707679417018
749.670449409532,97.43204240600753
693.3814570056801,80.00716537714328
650.1533972186464,99.13803873214832
804.9424084963184,84.16650414169038
725.4703784035144,104.35758939999788
735.0451800923536,82.0332478486346
637.6068131419399,95.9589173432635
832.0756053272403,85.11353181084564
690.2443720158324,95.41829666035048
706.787666809765,92.2122994005531
708.3804219564145,101.4178718663409
781.7828828674382,87.47636252633289
678.1221624817784,97.39410898639755
667.7654923889891,90.64112513215034
745.5148801065603,101.00440445161196
698.1065883201965,93.65921503316721
689.9947179715972,87.64150027001293
791.7024725336316,94.88085742577488
776.1994257403833,85.98441753677801
774.5691587678039,82.89280921182772
837.8704145701842,73.22495092217758
762.0225231898308,97.85153611596772
762.4692000406543,93.97997192518486
699.0120647078314,100.34923149725681
822.7756398717231,85.71785497204276
671.6833346463152,85.61751054164026
822.109278318799,90.46793128716023
708.634849754693,89.67618303451272
728.111502956452,75.55448747411485
781.6141896770635,91.3195136650471
773.6692948249878,87.97196833334824
719.7835657474145,90.51648733856668
771.5365978044687,91.41907356412653
777.8255648942352,91.3105547706295
698.9896673377137,86.35513440001348
782.241381821874,93.44553476589252
720.2191243148413,103.16883217682357
746.3893472403231,99.90869407567749
685.7242374769248,96.14676909117502
800.3425000784531,95.572277902086
778.0213607628373,95.32849308965959
735.4405182551516,85.06699037614182
797.07550440759,87.78921900638635
700.5312246111803,90.01544891647687
775.175124242344,86.1087018269183
766.2056799521,94.3428334859564
773.7075479388955,84.16141085473004
809.9655155632695,83.25216383941326
768.5391012034636,95.57180022850108
716.9448337955852,97.37165984979065
745.9217612328789,88.47256097190379
758.000758025055,94.16990022971434
778.092459282119,85.12843192370859
809.1908465659806,102.3691320274236
783.216688893397,87.60271410894953
734.9615118976105,92.20840139842353
709.9187919258078,102.64974584448744
766.8444129150578,95.4558191542183
700.6649166950481,99.62876182347664
730.006172534818,89.78677211871165
667.3961677979061,92.8408870682103
724.9132588101777,92.53385484713715
702.974633756795,86.78318223600786
720.4606459998002,95.21149398566577
783.6924646758281,88.47153596509466
723.2309236590905,103.07239274054523
755.1007623909354,86.36635691000373
734.712536964127,87.0809667934432
712.8320960524529,86.69707511558286
690.424772477737,94.81446485278319
816.5704628739164,87.2398184209446
720.8776656918611,93.13615857003984
853.4407678868621,79.5646678078795
767.0665583469967,84.21670846319822
729.7445966160931,81.14414622239693
786.482792751465,91.84830466611456
723.1094294219704,103.9059296271785
654.2298057461824,93.78242402951896
736.96186211948,90.887274931271
704.1343544944455,86.23862076982405
828.2509391766662,85.23280629489011
703.2199274277574,88.43885725959014
692.0962500705506,99.03333092795788
694.1822369443156,97.20730408025555
855.4120599156704,78.43932253605031
795.3274649158586,87.23185204548902
791.9826741496946,90.61405385652347
679.2948160484867,83.41765642084626
815.5426099415234,81.23828628620129
774.3548713149275,95.9608131179255
759.8430608468426,100.00998030249986
717.2787901003607,93.13935688349737
785.6857297158457,91.8358651279714
723.7836352913565,90.42296326019326
766.120342247831,95.29803746305545
688.6775908720182,92.99755480067498
672.9784057427984,90.78281546628928
716.1058130248189,95.35316057443917
619.2836857399956,97.00653248496654
779.6755208315387,94.17867409745821
775.6904564672458,97.31118614116976
741.1292039464048,101.7227565242671
662.885453591944,92.2118386124943
764.0523804152812,86.41602273152469
681.2626769902602,106.52781173217073
738.1525539673053,93.5166669167863
725.8959359045868,91.62408107832246
700.5113463380653,94.60036281948572
754.5215384646706,78.88742308075254
726.6646932038764,92.23851398070042
742.8868849900902,98.80237411963893
697.1205413665292,83.89508217336584
728.0924575083914,89.11098110097434
727.2150927964326,90.4228097079879
731.4597796345919,96.14089039967551
687.714927242513,101.39803147770203
800.1483898427164,92.32501974445265
767.0665583469965,87.64148931002578
784.8588069136395,89.57728885848738
749.2603912095176,90.61194848520161
772.4142691293594,89.46042377043767
889.6345295915254,77.04773033242198
745.4132932004923,95.17373141982327
718.6134630548721,97.09339452535774
771.5710981789853,92.36318709921876
750.53714337365,85.26825867574146
713.8039790385641,81.2169543102812
816.4036452526799,78.83024825079497
663.60541566671,91.77969530970236
728.2214812123715,85.24023728803847
698.1193740052181,86.54269199876173
710.0810060107794,98.1421577558269
722.2693269031927,94.49122097704631
720.2899815399812,100.90902572318373
794.2902508139745,93.78277032782442
721.9807035061528,92.62008423294834
846.2787402455858,88.1692232792704
790.731441275131,87.67299245484811
734.1960247365032,88.32379610906494
791.8571758430832,101.48013474722121
765.4347554247724,96.99924053595086
761.5555281858212,92.17508417817234
680.2848514110362,93.13910369954056
675.3018286423629,97.18337772947595
710.9576880528656,87.12962268924858
750.8120694499538,86.33720952811834
711.0631642350604,85.3629725840844
663.6890838614531,85.7876461778984
679.7413331259318,90.85962460283491
734.2684207645573,98.99956431094414
793.6784733571767,79.26732239465481
637.3080449472869,104.09526839775772
766.9955887912785,93.81316456287247
779.2195857608531,91.30275108983521
819.5870477710871,98.32315731652315
765.9807316440385,86.07510014090289
791.4951334067877,90.98429049421836
754.4626926759277,91.9931232399026
750.1786809948889,100.86997336162933
623.7163089161124,99.42149490243692
734.3247701138907,94.03538879547811
787.4750048366031,85.34439935664103
748.6099442995885,85.7080752542885
708.82876301835,82.6196024271598
735.2038593394029,91.0323024974856
774.8475317139829,92.85528112953956
671.830841125429,100.12277150879517
700.9949570035772,94.45699305911648
773.5470002062509,86.72781657986809
777.7340778757545,94.42636029254871
644.7886859252397,89.82945868859494
702.462071106297,90.33687522105483
743.2572972800297,92.81732471746916
688.8101245935895,90.24629261474242
680.1809287250692,98.49114236124434
764.2971321214264,91.10525468983153
730.0380715283178,95.04888136183226
748.8746108539311,92.13021296332313
781.5539380841955,92.87305489503474
757.1424843927857,97.52982857839065
693.3079754033452,87.03592864548538
734.1096285406686,100.67042112801823
802.8870528709931,90.52567924230515
723.6207011797258,92.15624011232106
661.129245444202,94.64460500635995
713.7145577376056,99.98262039549515
717.8020155111195,102.39109669803365
751.9001209120025,93.9895278954103
768.4004394286785,89.01535455542736
680.6752452083781,100.98876736449337
826.0843583029285,95.18850681695056
658.0573789629659,98.22861328050409
769.6147417027521,75.64283048901184
723.7329045079598,103.33565131921225
699.5470612145614,87.99483930253542
735.0520887182698,89.1540396882898
712.5793383831759,97.29492825616029
763.1659093235561,92.39155191981924
755.453980694907,85.28519284013215
674.5082301936278,97.70924531584645
776.4771896231185,88.90232119102808
632.0010472533603,94.35024743640088
845.7204740041352,89.72706071893833
805.056978320997,91.59465938848645
745.8932368490467,93.3981649845362
687.450111027076,104.18938116601576
725.3882535987121,93.78247637859964
719.7338260252143,100.82024175391524
664.1773327690491,95.67484041599984
676.7852417738826,97.0034449684955
663.8030640450809,100.31131486138221
809.4551264889111,87.59876559575405
719.2325510539895,85.650882646809
675.592316194749,88.42719423737526
716.1283273791358,89.87356043569312
775.9566501789251,84.86510264618092
847.8455545091622,77.79040521139487
803.2199274277574,90.10053494802793
830.7044810967689,80.50092428786213
676.0112615949155,94.42608424070882
837.319475789652,87.23407036018831
744.5799363497165,89.84231204902227
776.8332943332151,91.15023746262452
745.8099780380238,98.60695394502034
813.9749443270925,87.8217487180862
749.5461624385074,94.18234936206414
646.0769886911104,97.42591590810248
712.7624783703616,92.55710586674535
710.2377496989554,91.59796267882162
739.6381492100695,81.94375520325464
788.1964947868912,90.25640564400926
727.0753752133218,93.31889066653243
733.5134914861779,90.80007807488862
757.1829635665068,90.07080600471221
679.8621708961556,89.33988417045869
698.7434309450524,89.51345988139622
793.7176850583552,83.43380399297234
757.4988393366702,99.3270627630643
779.8834868266769,89.23646736453719
774.3969655797328,94.20784015978296
715.3425373066141,84.47423427460501
730.7556309544245,95.61964307498987
709.1482217408635,103.49756501202079
669.625511980407,86.52141780328496
732.5302054957056,90.4440830996593
711.5816347634078,89.2505228703516
775.6324038031435,93.7838369398101
706.6289875627158,99.78210892802836
715.9117534890414,92.4573364886168
829.2840321300439,92.41909880276363
758.0123088482757,85.56924132342414
813.1983224998579,88.18183762557747
722.570072230031,97.86494647319653
778.276273578689,96.48808394004017
749.5877698788124,86.56161662606549
725.0495645177526,85.85626127774313
709.3001683550037,92.76188475881557
774.1417575491117,97.20694553981042
689.1066145220411,87.30501563443175
754.4913170654019,84.29984969045235
672.9708986420808,91.7919244518555
797.5645391144009,93.42635388135521
676.9394885800057,98.63657954968515
622.7186066794671,96.45626583807265
688.3726256554794,99.8542854777687
776.5121257805147,84.08545892812288
766.3319440553101,80.64419713915952
674.2701602974867,98.84811545069604
639.7718216707524,89.13914389370096
693.8177416534678,93.56394883413746
747.6545991395866,96.82377430080214
729.3349114511817,88.10517716225137
697.9241716360384,91.38906926926413
715.9320306529087,95.23344317573647
734.8621118098567,99.24991117437246
671.7558300731228,94.38802103760847
743.7179081951616,94.91666021073385
801.5447320009214,85.83762557343495
753.288731029987,87.47919878141059
688.2982400832148,81.9254391773337
692.776985378424,92.35391764586885
836.2036257260536,84.58648189322106
743.3566763944748,93.72713143120981
628.344716315254,94.88972508406198
720.3067944372928,99.78158003296458
640.580823205314,95.88152124656618
760.8653427183531,91.78911988168299
741.5514133641391,91.94923884967614
783.359080547101,103.23313976839819
748.438443909913,92.7751779485492
700.1586461682675,89.36947624830738
667.6068131419399,82.14434950962259
748.4768254493003,94.56797452523628
785.4993640438946,90.96269753836647
758.4461490526093,88.14365783061766
726.0094489984284,102.60116984280573
831.7248670790741,89.86054644897527
738.6353168444791,82.7320616713204
786.5256751555953,98.12980530131647
723.1738358528762,91.48527412856933
721.1274508118669,84.03651236551877
727.4321699285279,93.40961155121553
741.854270473229,85.1611161247016
697.7654923889891,92.71316105395087
715.0447130025677,96.4601385901881
644.4965990938049,96.84077421293027
634.3969655797326,102.9883025055812
658.4376684661083,81.5391462507449
753.7871661412524,93.37612242010255
718.6782541842754,89.67991730792444
672.6455311860342,97.38741424546922
851.8864568929856,92.28471425327389
816.3773561648123,87.49981532781935
755.6809001126303,84.26539036247993
614.3681412460242,97.6324538684226
682.0225231898308,98.9582472465929
814.3072769190395,84.14764847363874
728.8582131453239,92.85540421373072
834.2921754454558,93.78292989390742
717.6547121164258,92.2949789832456
796.1886538470349,85.45724883410304
646.263553557529,100.42221349079573
752.196364386599,75.77828156694079
719.9332186739235,87.56795495907004
691.8808700478468,82.397102164004
734.2314050252314,88.4531972062221
734.7339746065163,101.34740418443411
602.9784057427984,101.17252752699437
729.155227892215,86.40422901114604
786.646480757567,84.93282589763363
813.0221137900135,84.57730549067321
701.244735891712,95.14230864415742
766.651868105258,82.38289694768122
755.3508295944584,91.76614015356337
760.155297326405,96.48822606941788
650.9550501344871,89.70218322318792
761.0243760783492,83.54055459873365
691.1518967176971,95.18456548248875
725.7000941816763,94.56085460448577
703.363557701927,88.85215483158407
760.6797366130957,99.5859647483095
700.5665912817943,98.81685727266796
764.9178070852778,87.0156249356498
703.4961303713895,84.85830285734929
748.9822751160908,94.7407837302117
794.3712528367274,85.69069252643783
720.3874026254643,87.29350212755848
621.4875504232904,96.79964331246369
676.4516807127228,80.93881321396795
735.1364680320959,79.42730621614263
772.9734366354687,86.09251250421272
736.9085045799889,110.5284740526871
736.0707916692244,98.21020719891528
742.7787385129618,86.59014502313016
717.9451996688118,88.55099988590659
690.7711231864469,94.38783822642488
718.5984140819926,90.26240623007206
726.514559475391,88.92872439499823
704.2687748775039,98.14241470780904
799.0239330237843,96.78742631432932
711.575220545742,92.74846822080589
671.384453474823,93.25432782324339
814.2236732884376,87.70537438942753
756.5796581751281,79.97336158093024
684.7722311482353,89.73176693872708
790.6547756228872,88.46413555511185
718.7298682743825,89.08833654916666
749.5050715681416,93.78778800099349
734.560194361695,95.44015403000697
785.4495108376752,88.11381647589539
746.2105092523352,89.90288205721939
739.4054900625617,100.65352282742168
752.5960645272754,97.62570793608127
837.1425973696252,86.73904397348161
749.0992150804153,88.24719847702315
738.8650944527758,93.43542311977396
849.2530428122795,89.62110390330858
669.3225418944779,107.27547648872171
744.6221894039468,92.0394884034425
752.3335953810681,91.34330338494405
738.2369030433905,84.98671429557004
783.4962979390687,87.37578337967054
729.4007534264713,85.9907495679428
750.1263124592905,84.72674790725813
682.1564964792234,95.40867120275519
724.1493380311266,99.05794102652814
722.461604016511,87.96752515822998
709.4885277439702,98.63377632522774
691.973355108915,90.82097864749525
585.0504621207566,97.38757520608392
738.785550276472,97.64004505266317
696.2183874043217,97.30127664073811
704.9838374215578,101.0481311100133
732.4887044487535,95.92759465851506
647.1867355525102,102.2793519968789
836.6453852713231,83.38778868296383
788.8512464060392,96.00989128024803
753.4415822768627,81.91311744252206
818.4577252483684,85.97413736062208
672.1210638208514,94.62679012458617
750.7332817096212,85.50332785194732
666.2635535575291,99.43980259474623
833.3960782281375,87.47797050904
803.6945977047262,85.3032427993568
754.1639579502498,89.98915539991411
726.1646588135617,106.2067507026105
806.482018690783,85.69383772295757
727.1424841713028,84.169736215781
716.4723127663163,87.1212937558882
718.119955859063,87.70060103939419
785.0432027386853,87.2551195029734
823.7706924371349,87.43125618824266
673.0173748741199,95.38831540259412
645.918309444061,104.59755574446487
781.9450871016422,90.31939645735868
677.23543654364,101.91982662263032
734.848324156201,97.89389348424702
665.4710067999722,92.95936317164141
735.5619815971581,89.53006347842563
762.5972431682925,99.5250593084934
691.5897687272895,97.626496609239
702.1020129009297,92.53381343456327
615.3390855177962,101.31438316032234
749.3159735080993,88.18563895228837
734.5570441615969,89.7142955976662
721.4364157372843,84.03681354311747
755.556177821541,92.18577121455935
666.8957809103383,88.28488924622623
722.7549637079143,93.15278057774199
752.0462076870242,89.75939461099682
766.3657250649893,90.52424135330615
666.1679634882964,91.36148098101812
749.4281197679361,88.63659512727604
736.4425824696754,91.6275590049242
763.5286534358968,80.65648230071622
784.6855887552894,100.42981754896091
684.3900842722807,94.06631069422778
728.4911857789776,98.5531262060144
647.8974136711652,97.37045736828937
798.4403862222301,91.42694752544669
774.7300825095606,82.42030354567568
770.1476478789747,93.46100864498747
707.392138437021,89.99748261740757
689.6131424237032,98.92023224883411
667.9241716360383,88.42728481109502
664.8092468682273,87.75000692245129
810.9362532277302,96.81339622259756
649.3459949631339,89.0882951212626
745.5433922882955,94.02123002521027
769.9747995193808,88.99803512082451
823.3359021340495,80.74923119977277
740.3363049781562,87.95203460561726
733.2904822084939,83.10903553731205
730.8223432745792,93.304296975793
808.7356116730277,91.28941493883212
684.8384253342163,84.07159769095892
763.2178989044816,87.40452222919112
831.4652422898224,93.13897525253242
792.4786666981444,86.37993285165003
676.6289875627159,90.35744317566761
684.0458785766591,84.23385055388847
731.1232486073668,92.60292394858479
760.3523316417692,105.43837457577139
750.271489412621,82.09160464315848
667.8992661809335,100.35570670521484
785.8712077319805,97.23408997913457
717.3470140786085,89.89005209134956
733.833402018797,96.37547817751276
728.8735750392768,94.36185272831017
785.9874883290739,86.56991603215016
831.1724226061722,89.29546709554397
705.7189966330955,102.6807907142903
680.5008641855993,94.61649563955129
769.592575761172,82.74210308717107
741.1312227978704,103.49056086120578
776.5360354118616,85.92910186057914
802.4734124576835,89.19621675903356
659.6618434148329,103.9535939919756
706.049763636451,88.24725704792638
732.0151725737632,90.18320483180243
775.6422490786495,81.87819949015565
797.3428090494334,73.75720905881607
721.448429392511,83.51411013506636
692.4362867925088,93.86581430984859
754.6220324876871,90.9372316106616
738.5081859403266,87.91246147010149
737.6340381965991,98.95847150450479
684.8674061525744,91.47039845292258
774.7342104743041,91.59782362279658
654.3024141498292,98.49494343929065
735.948172195616,86.98447049712544
704.7818046177879,90.64102516099445
648.285870526511,91.99345369821104
766.447168168084,87.20445116672211
748.4813006365889,92.29684557281574
857.564566432865,77.98106623273624
802.8600443627982,104.35720658115892
744.6129803516426,92.85503974677275
723.3919149458493,82.61922082203004
677.8088459457097,100.99287520978785
756.833505602961,90.45437580836806
773.0389637874296,83.02665271355377
786.5249756207653,93.28822712713848
722.6418219785652,89.89284380768981
718.4392677451573,92.5718112880215
665.0719380572269,84.96390878161316
782.9258217448568,89.86756145353158
768.8606245955441,90.99823706075749
727.3957150697383,93.29247764204237
711.5090263597609,83.71506299040858
755.0644309565095,86.88536161422327
711.1008472298889,96.97626173817648
764.3279460186791,95.47772767292408
701.1354505963916,98.59930089580973
695.0790635391413,94.93472412382846
745.6679878117652,88.61841237705018
702.8431795644051,85.68063327189377
705.8810525686278,95.62442810737305
854.733657000431,90.69951896256097
778.1330048811458,98.93702863420094
815.8745251526398,83.17454654090179
740.5248638226958,92.20521364363469
668.4761705076438,90.82136144593201
757.2202025644915,91.12815970853335
721.6027539544198,100.48689801531162
669.6638954220496,101.45638019267254
821.7443909804525,82.4784188526624
733.5238362280252,97.14346214252672
797.4067674309103,88.05958905351275
771.5321900247629,92.22930997704512
795.5349827176603,80.84965330687155
668.2331365614558,90.7395298843839
665.1823834029325,97.97573755406304
733.3765768825397,93.25014296585096
706.2372672172086,88.59503448907587
711.6101439572132,95.67519395197156
716.2336905844913,84.71928900356572
709.3883819675121,89.48883307333791
807.9196650514401,88.0630132446577
699.6788695198981,92.22918070122694
685.5528752173917,99.94553214861088
687.5443492226823,101.51187871420055
677.2150927964326,88.20884747899528
766.2036279448835,92.49571557511656
715.006210961032,97.38747521792962
678.0187230659419,91.42684754972309
742.5065698929267,97.40482230161363
684.9473651722891,97.2842107798457
739.513634317829,91.67154340488182
742.255889640721,84.11390966917264
778.5827130130581,92.26158280562828
689.9943638586503,96.69866978511931
690.2848514110362,96.8858882996391
707.6278202014046,103.01969666765845
767.6457822732614,96.81758031948208
647.7250129937853,93.98963999848469
781.4672942970392,93.48450166950602
736.9298616950837,90.56451301471128
688.8694564306543,92.78308904088668
734.493181220748,96.28010225785673
749.7867523137863,95.37662430451648
652.4868519389848,91.89018926514778
684.2025806915229,86.43052308981606
777.5674132759176,87.43301268930952
764.7744540017203,91.75362689787256
641.8691259711844,100.06549835851358
756.3509844461283,88.53992598452938
673.1370849898476,95.03152214364884
855.065600108803,95.70911675178677
698.875239250389,87.3019772151504
703.5828773700542,89.71503152455392
905.8359166799017,77.05655342108281
727.3465469888226,88.31218222055138
671.2257742277739,97.8248084393781
726.6221040364342,97.80223604090854
700.7836076222452,92.13135381737044
711.90762801272,93.13955925438833
801.3794967988523,96.82145510961736
730.8860183635575,86.85631422230587
723.224755112299,91.24708259759404
782.9469912295638,86.3234687361689
651.3256076860799,97.1424021707935
700.2074153228475,92.99731961699722
749.5082328787488,93.26562272077615
660.3127607512617,93.98987980173942
811.7238296487263,86.55820382417035
723.1284419587704,107.77842775355373
704.6349090162806,97.28449359715998
709.1961066427242,88.1603757078659
839.109672799102,91.77398484510526
736.9585572232626,91.85260939421434
855.2817569076212,85.36479101175735
649.3566482565893,94.56784405395456
767.6103895531744,93.17356484494397
648.1222871041953,90.91208548350596
762.7724018683446,90.86664331725132
703.2095211331505,83.55832089975596
774.3006629713223,87.54688301000746
677.1595104978509,89.85569030336684
669.9544959512748,94.31081771982217
833.3995500427818,91.21541527060776
811.5555281858212,85.60700278831708
750.5189909972115,84.7009148826236
750.2647518382912,88.0083205873197
642.6913816248076,89.32781321954813
687.6036626286178,95.5533184999534
762.4334943994937,96.72676248208408
764.9420831438862,77.11023307613593
787.0122648407136,92.76932911634766
654.8917828737073,94.8344496191141
712.9107012929352,93.17729265789491
680.4236540006641,98.22857186343968
690.8714237345391,98.00078172406639
699.9694700491232,81.92961187374222
702.1053893679301,90.39944134773557
642.819726495749,99.56347601700973
688.9235861285721,92.41239947573409
753.8245399815513,85.79076787441907
675.7719997537158,91.64141950765864
673.2904822084939,91.28486764427974
795.0895442289175,82.20740031657753
742.5814033688883,87.35753548653933
852.9800050218474,81.86167972101074
688.3267752167059,91.31615010193363
619.4154940453321,84.03663072203165
724.1561044594839,95.55074420079782
700.2696197168236,90.5647360623015
719.4272381219944,96.81331339532638
774.8953177116296,92.84860596407366
720.6823008489058,85.23309728274106
663.0859503038415,98.49443016114977
831.8300629331025,73.80071056753452
746.8444916419376,91.886899364663
713.1087077200987,90.22907916174321
663.4385450333773,86.12651457407965
727.8755598815583,95.5985513177004
672.1020129009296,98.71321002517097
733.9796843906784,88.74885249710552
747.7121348494979,85.73139920924409
700.6465503015088,93.56390410022021
652.1982285419452,94.38848548243764
707.939687698704,91.10507271996576
691.068605023124,103.82021939358624
718.4104434114489,84.03685962224334
683.4666546503944,90.4570692262927
720.8068288276072,97.42653206136184
709.5563273677063,100.76773573746671
640.5643684283094,94.44379769292298
769.4538347801961,95.49027022401359
673.8108603460158,90.5646946304633
767.6677664840914,88.57969532243979
712.1502422675064,97.07781277514755
704.166249257097,103.47352465916791
703.7909836885945,97.10445727114512
720.4151084821,99.39619219965361
734.1794854501769,97.3366093125674
671.9080951025061,90.17783107316727
750.0706798711549,88.69129614167076
638.634849754693,95.31551622310953
737.8117681227535,91.34217579564209
605.1804062707471,99.28022205227505
739.4170933243813,91.8521307841034
786.1940544753307,93.99373700087193
696.6167777793903,92.43681834604936
816.2303859097567,96.13891225083329
676.451057138287,94.1595242518828
734.4913170654019,95.23620360375021
721.2093194507692,88.85575686157266
715.2056539717381,86.89484685227158
739.1215886198897,80.32763268741478
746.1250897962199,102.514986345567
721.6194717054664,90.76579459969614
690.7866392491125,86.2507695809129
721.7489487656708,79.18263225768665
667.1867355525103,95.17337777793819
725.538019940919,86.83911355214501
772.8521272406921,95.66760277240839
773.6222045501685,91.83882161586621
735.0272389938056,94.20846589284096
794.7775655419985,87.67966883384628
699.0104654287823,92.67556905892175
642.0216081963479,105.45218446047413
687.7927174436485,87.32006181865344
679.2871491743908,93.84767225675233
741.4165412986926,96.92431041102182
733.0550160741536,92.66817627856709
737.7656053658284,91.23628753799485
661.4432992635659,89.35426435358153
686.5632604665208,91.24662837658524
785.823904906758,82.67695357999314
817.9379782470123,91.69979946954196
826.051830005286,86.21327878215446
814.1772081466323,89.00143608488541
754.4365860983411,84.3847738224378
751.0282666642456,92.44041703224585
813.4625722267552,92.06648099448863
773.1751565181654,92.63747121962578
684.1116056728541,91.69282535448362
717.7456157315678,92.62022935202943
714.7807117347362,91.63872326308334
719.6318341696744,97.66174264807974
716.9196154104052,93.51782107482191
687.0767572965908,109.34800613542994
735.1655744936473,83.65425155790358
736.6788048120889,99.76385095656576
714.8548383164258,96.59467214208871
837.3463856821506,101.12976533900547
731.5811631388549,84.30241627733406
736.3403914841405,105.3262008815848
733.2154255768262,93.04853318294288
758.0931978941896,92.45063077311396
813.498405805701,96.7554965551437
778.9326740587395,93.06988018693323
706.3822076799975,94.03537042920607
705.5934346718216,103.56546050760579
741.9231440753856,101.13474178039009
758.0107454229953,96.625710255051
717.9221942823701,97.88978631367574
665.14501355066,90.7827971086305
684.3348273261311,97.85511269577388
743.6123862301454,91.58607050603695
753.0072300765067,92.35314232843481
794.1002545081701,88.40939123492868
755.4721389892353,83.45756143872214
741.4966899588081,82.65497810463273
770.8893591135435,88.55527428922043
737.7907400899802,79.36333674254655
842.8544547640614,93.70159357847282
703.0258538449275,95.06131458743526
652.5311030987093,79.5218270516694
761.919997569424,83.05442690501224
772.2096801152878,87.43353078961297
805.0713122639614,90.17015083827621
670.6658011656647,90.19483677945055
760.4167726932121,77.61210435497456
704.0085087243866,91.46466135431857
737.3011636398351,94.70983691914951
773.7487590244991,91.38429489829743
688.6605625481234,99.85353832186391
712.3451987970008,89.21244894135349
690.1082310654389,108.5939185085497
777.6035082457225,78.64611475813876
769.4648793220282,80.7847172423938
676.8961350232851,93.13875843829905
700.9810225216286,79.99126016031151
724.0602991530809,92.16847057133663
734.6312938052664,91.15009605529542
711.6561095916558,86.4069927753433
716.5892326321797,87.98955180019058
705.3868715154431,89.56568335584699
690.7016652777338,96.12388318960318
765.004459782525,84.91865327541703
738.8447507055683,90.6036896250205
745.1862198724311,90.77553103990637
671.5245424224266,94.28432182414996
788.8493629314572,82.3493367238091
654.7851092925225,92.13466320588147
807.6828366501494,83.52937364486117
705.5845198938139,87.85322995911466
746.719962359902,88.22047113862185
624.3024141498292,101.88088932200377
719.817043713068,106.02131908211206
679.5091067608968,100.65362282244604
703.5345344277171,93.37039531490107
710.2191243148415,89.07046473903348
734.9765608704902,90.71406732139539
746.2831176559823,92.3150749791294
777.219454774311,91.11915748843538
778.8976794952197,88.23062804356594
777.7847432531449,93.85529508818782
749.9674929169377,90.35730285578057
793.216221803611,85.50424662001177
704.8880108877039,87.37511894515994
794.8270780282909,89.21264718566435
759.9028643084599,104.21898609092443
733.3635577019269,83.99863877728927
763.7183182165502,87.51210434592409
718.6081191082841,95.41040935675309
661.592246650807,90.12226185674176
715.0894312520782,88.8947375145548
815.4859267814228,91.53012288155945
648.3447163152539,89.71397134557408
729.8136651850734,95.35303008286859
653.8482301982884,90.05333466642833
752.0645560812624,90.08103095832818
749.4415848108839,92.53328919272818
733.9866533190863,94.36452803008892
724.4902890950797,84.14744147674963
769.3226821897814,93.1168164789808
697.0548142703344,93.31901159737872
800.5058664264224,93.87261713114808
787.8991259270533,88.93227780828079
737.4673847590464,97.4316683917158
766.8826853294546,84.51194930566479
757.6392871462206,92.98238195271173
745.3986155921053,94.66819390346602
795.3707962576295,90.22326647167523
723.6521810989665,93.62925216759496
772.2829234896237,82.40398333776298
761.7489487656708,88.10540022383148
783.753613836322,89.4308939968812
756.3175716617303,88.48242621973225
778.9137932250759,91.6335455278909
720.8028384477705,108.09788422819314
827.4314207108988,79.40088974990616
702.4887044487535,93.20848987308845
838.1392960249475,98.72759788975985
784.0436603083663,85.61724728609568
727.301163639835,89.6383249750687
753.9163209376584,89.57006757861467
800.2970625774846,89.19529089518451
764.7160773001101,84.81442566437059
778.7176395325214,90.85187869099688
717.4481338948905,89.67583208153191
713.9044967824362,86.67976783442812
693.9980487868704,96.09540278457705
767.4510659338409,85.2265563279286
747.7033417040287,95.47762770598723
692.0294044972828,99.7554566068423
755.4535113862912,84.96405017567508
699.1259730452887,97.76450001781781
779.5624643003878,92.07039785664027
803.3579624392266,92.10080612089997
716.9585572232626,91.04933401709583
665.192775827451,104.33208643584608
722.9968082115888,100.34142327171199
667.3668907360301,98.6369221242629
690.2191243148413,103.207023123681
714.3345019736989,93.53414920303678
726.4105238125848,75.87902814680388
723.6667103219788,87.30187128903702
662.2416010572014,111.68350433069132
816.1496861099241,90.02413492719558
778.6150607182278,89.69942629289704
748.6339393330617,94.51776840826696
705.4630326094687,102.92748486527637
679.4154940453323,106.49016533146101
701.225420114827,89.75302941345784
690.4167726932121,101.49372789710606
723.4071695115215,83.55836111510555
664.2249780616405,95.17378365762652
728.319935482566,100.08279780945492
677.9022651863501,98.37012280111698
701.4875504232905,86.98072438916711
748.0909009563709,93.24721283439628
722.461604016511,85.55215278574755
624.4693740391455,94.22171550537642
825.0606961550194,92.17402274793528
684.0439012229909,89.14710071401649
821.0039742177183,100.24079062257447
714.0694065203463,86.44837724257454
761.9782066241,87.83907866594498
679.0339458159025,96.18525174174682
825.9175248178965,77.39372877421741
768.4740346719788,82.76504795814785
718.3719413699133,89.99791219886093
707.7788244906752,84.66224836889509
736.0558175713761,97.83476944264864
664.9404838648371,90.4996523127091
751.0547155669735,94.67830748770108
755.4827508766344,97.40550007407144
721.3498992090146,89.03257075060266
794.3164238844586,86.18824542143092
690.0196115596416,97.94792292523958
682.6077134300647,92.21685158300319
764.5803842534135,85.00211874258669
670.2624778715619,98.01371708266763
680.8997809784615,92.58455842578033
677.2130630041659,91.87277024689179
740.9112118208266,95.2291590922076
721.7509258978562,93.1218160306181
671.3332556016403,93.98007253241556
737.439966229463,78.3884227368369
656.5752515420318,96.76756712022042
683.0713578936526,102.0998191014851
685.4320376686507,89.67609652984154
778.9068596712489,94.30185530128419
689.7395615865388,85.12912534591287
702.5649485918836,87.6417952247822
724.5266482327295,91.86734350065487
846.0919100556838,82.10561572379069
811.830781841924,94.40103057595704
683.2702923167752,97.7779287016039
809.6052460735962,87.93044311120585
844.3541725336853,74.97598813538931
776.0717044438777,93.7396958359245
763.2023815728247,84.30337838421114
621.6194717054664,98.36976184983925
722.3151773419661,108.45925566199155
660.2479486485498,98.19930735971302
691.6173404045682,97.33714230847133
672.8026981718543,98.07448578498115
782.6734168054037,87.56838901450519
729.4940577880172,92.87292234690926
759.4092760501376,90.46937068667995
635.013092268484,90.70677453737369
755.4405182551516,94.00191298383886
723.4881305868648,90.71424854428449
853.1731117309516,86.64590833889552
696.049763636451,92.53401340025107
745.7738522634845,96.7267746434353
731.9554140103668,87.28885869177964
765.2405618250976,86.25067119260005
770.0364831900699,90.31972070738327
694.7285619573913,94.98911091729768
812.9257714589933,99.63133289506757
691.673189848702,95.94968305068966
745.5705753819811,90.01878908430442
740.2463844541692,98.04885976414666
693.3078507809283,100.07223684037184
848.807293885901,90.72453940860946
699.667786007946,96.49876065622861
708.2789892190589,93.13899893617453
710.3949189036053,90.89766889234258
774.937054346203,87.57245076763328
740.8928974521799,99.47693390492826
735.080885733514,81.98476898983685
769.8659060108697,81.14041167455254
669.1995666728956,86.09412626956181
861.1110197113925,86.07005199340132
732.6707788870252,89.09788034746879
735.3815894870402,91.67903615636345
716.8271779059038,101.9431208825497
834.5109479497497,85.68194506609866
763.3713712544078,80.79849148701106
776.2007128674593,93.61348625704939
811.3929340613239,94.99283387410594
843.5457792542818,86.23359315523463
766.4542197268872,90.96290497999642
768.7179087390673,103.86242016107823
742.5286694038331,103.57213148877736
692.3458242770424,96.65774624805108
688.3650578436317,96.46577325215868
700.3660945698969,86.67674355147346
712.7935999288069,91.50964062824006
781.6559966148164,82.42814241199633
655.192775827451,88.98368888975665
744.7805517287869,90.2666133373657
795.4687885316791,81.275362823356
659.0340314742775,103.68462097616762
821.9630451385124,80.1307635237864
703.84625284462,86.53440391243495
732.6200592659126,98.22857184273569
748.6991797853278,85.98824049342736
769.1917001414837,101.70921570634364
699.2691843549868,93.13903383395558
695.3675557385578,97.91655267414183
647.7654923889891,104.73957197653306
734.7668302984566,88.41469100718206
822.885683533649,85.1433334038732
766.8899170280906,89.06288572510041
663.4224034906699,94.12243461747444
761.028159005154,97.8715828083576
769.1211215301038,83.53543374009178
781.9782066241,88.76626746390825
713.1366544766297,98.15517778135136
744.3345019736988,96.67160037759298
770.764567231427,93.52636306236586
657.450111027076,108.86344920782665
724.3612599385723,80.75361996496365
816.0717066627075,90.64147868371717
722.3585070680435,97.29358549548493
713.3504968363065,94.56000056438417
704.9167896600737,90.3437185868584
816.6423196644018,94.22019708284118
775.0592977606836,90.87647714335752
778.585737208881,78.16684176572495
725.6609174524606,101.01539381659417
694.9657315658283,82.71051309661566
675.2585029236458,92.46552256366721
795.9474819501238,79.53959563723221
734.4635101568975,89.70606726504688
751.971603930408,91.36762607005934
774.3462460503613,92.49615193283614
812.9764391377079,83.35552047817951
771.7788115172259,96.726307779167
726.8533939059602,87.96342152643693
740.7053960902518,96.31814154144365
721.1936449978477,99.81676882446946
780.995996619477,79.7023456029389
690.506832718398,98.42560926455434
767.2534175554699,104.94385277361579
681.9465971440416,82.63819012929413
709.8663731006558,94.84021332455089
635.8522282349194,94.50897731518789
731.4028198683623,96.28056790102268
744.3921362794974,92.35090303384435
806.3950875876626,85.15240773380495
623.6890838614531,87.17786360026284
768.4897718158758,91.61144700968104
769.1180099898254,82.37305080243611
694.2684207645572,93.68596409867803
639.6837210350831,104.30043793804424
790.4606459998002,85.749789847821
775.1725434220555,85.54479346993372
700.7784715836847,90.10867877255173
666.8859900041891,91.78684789535768
723.0003487690549,88.14323826070265
739.6957343182914,92.16855220544137
699.5542548401651,95.63230115786081
702.2624455957407,91.24681122151209
767.5348680505501,78.04555071280427
704.7359519601846,93.83170454218285
771.7945762891208,96.42307201852793
735.1415501162646,85.84583636825411
732.0829028516165,86.26893583485906
713.3144772419672,90.91641387589463
817.3365922136908,84.61421668411892
839.317127912312,93.6378864507242
775.0701868787202,93.11840015109074
716.9828691789447,85.7569696159363
781.4099853436729,89.98545308996289
804.3087005297983,84.88260142133817
669.0826194885681,106.34831053653078
798.5572523598325,93.7392254563537
709.7824419512045,98.13125203788756
693.9070737682016,98.09243492251804
815.950094223905,83.38785941704622
706.9731054048103,98.50850159947929
781.7591454964353,95.16816614089865
702.318599222383,97.64061067511177
838.5979469922066,82.2979639887493
721.3551986278966,95.88615959060463
747.4394991396769,83.49623548615607
860.6528139945655,75.85446134785307
817.3381531986587,93.86156276519216
777.808591333624,93.01918074354606
644.2094619989749,89.41877190485272
616.0112615949155,96.1387415678289
782.6702267882807,85.10183855059311
700.9964637092629,101.27632673578785
642.0005801635743,91.88988808302673
797.0340400099091,94.95438460315815
707.909783227869,96.94179269816318
702.7575758107887,96.59360937309692
756.3403641656761,94.58592782441836
790.2951368693788,81.70385354354214
783.1865994608119,101.4730339862395
594.1272801257754,92.28490345795457
684.8493842237515,92.43331754116222
721.1517837408577,94.27754663506508
732.8855665687831,91.73393053028899
731.8505334529092,92.81742469500351
783.0824735738571,93.45565977978215
720.5808232053139,89.1356660941114
741.3318558752729,94.87765411456176
868.614750181948,91.52378698135783
788.1867003804621,80.89153299007769
748.771901165814,95.8313281041794
679.08950079602,90.2429734866432
715.8997199137154,90.56826322131081
745.180406270747,100.7088213565708
849.3286313801913,84.9085931113079
693.8687911412758,88.85967807758345
771.4954026133336,96.63554030681055
877.4410984187259,85.5039052326373
817.8111705674186,88.72514502487027
702.3047710473594,112.04466971124585
813.1738950787656,95.2672289167457
769.5468430769366,89.90576492962084
714.1144800558537,99.1936211800318
752.0568467477221,86.14767044930072
718.1636635287304,94.70978993778128
753.7704170260635,91.91589230061678
773.4177624890913,85.82082446408786
645.2107406468549,95.3230488155805
754.1264933390619,89.3976554488889
790.0876701224515,88.60688591995745
707.3166797025009,86.89444884428572
729.1035995058144,83.37577037203705
777.8132268821238,100.05134571828845
717.5534556024488,84.27213625253722
692.8890300031786,88.69785876701509
774.8244364726368,94.65864654058123
733.082473573857,84.9584557496536
750.1472001967604,89.95952618147534
766.6414719985142,90.4192683514365
721.3494321192285,90.82493504001162
645.6954131432163,94.83404841176358
727.330559301604,91.55136229170384
717.3600072097483,86.64687106902139
749.4544904951181,99.6964829323014
720.6244350149084,83.8713234883162
666.908504579989,98.58122245187948
682.1309914033509,100.52898499833218
767.0658383203375,90.85177468673515
724.0096272014594,93.54801927134203
908.9141425528358,87.08797510056183
697.450111027076,84.40994922670829
746.5565054581798,90.1546501484428
764.2955328423773,85.28585278195102
778.699179785328,89.12902609587556
660.5008641855993,94.93891182386483
758.7449172472623,94.91551056728652
773.1280721489268,97.95771805731353
726.9618621194801,92.07012441061565
678.6080917898198,86.85617199796768
696.3025226888508,85.01930729335517
662.8978231486478,100.85073555217399
709.5064688425183,87.57707122487741
664.4002290698938,102.68762070239049
804.1960247365032,90.88641710586367
781.9433336538805,98.45608777077265
750.8893230382922,91.56886292747748
681.8419009165251,94.70977158546162
707.4161590478602,97.44637616829164
731.9465971440417,88.19159879293812
675.8910843894018,92.24999003154662
736.0548937653961,94.50936010833557
740.498886831931,97.49647551325344
712.7183837641435,95.81673747067015
784.8320394819605,94.65432021105033
691.194972540397,91.49173010518909
749.7677773299944,96.73303158567259
733.7549239344874,86.37869890445036
788.7969962944237,89.10156522467906
752.5530461249658,91.42697958098209
811.5617581059864,85.83877831741293
694.0706591878643,88.89890401488593
663.8834687496627,81.14028120717384
782.6863465952536,88.47689613136218
748.7587050394498,91.68329010778052
755.5774606967933,82.17339687855963
699.7699575154063,101.93333558920938
813.8679740594753,92.71168951276675
810.6665244213507,90.3323894147207
688.9966616220049,96.07987361106105
693.6521810989666,91.85293986142104
654.5657896243952,97.24206517717802
732.8684272653961,82.03349391076098
703.9796843906784,86.44829676763784
740.6434297027922,96.3854862462744
689.4581259001811,96.69265411286273
654.9828708692155,97.65068826593868
751.2642762693094,85.78751691005274
786.7360234284176,88.7066326869625
727.0141395218443,87.25110535816754
841.6986087407125,84.79604459793516
831.8531295735687,85.2418256362002
679.1727924905931,90.43027321216258
715.6591617680167,89.17652490066537
736.8689099686256,88.9286743849481
749.2078766590721,92.45466330266207
787.664200312363,87.22819510745008
679.5064688425183,100.38755359513645
742.4505478230232,97.93624293687057
713.3717253673545,93.28100908079098
733.9152433392352,90.4789136955766
687.8044615203106,95.28047352805706
648.7556875249169,96.65763413883636
634.1561044594839,98.51254880004947
669.6098789335418,99.1379007779495
694.2701602974868,94.9208234984327
750.9188318983834,93.93457409802551
700.1386565997853,92.77552054187353
907.4494826306181,93.0610012360124
687.8836922408346,95.66356907827854
732.9795361448416,94.14268965862597
745.3904242058217,96.35383274773912
624.1368535953281,103.06450875908918
761.4380172351631,83.5733901850995
679.661843414833,91.74878091637783
735.8178501924892,80.83070660152082
807.8094786724165,97.3370921855039
779.5451970592153,84.91871541487221
728.3559596005842,84.16839366010628
664.3612599385722,85.00148120567401
667.010676087449,98.63686237272525
713.2316364197511,87.82152566011953
742.0873352925428,96.46380002438876
743.2301261558688,86.53470387906185
666.2492645245906,87.154428715326
715.4015077177738,92.11842509216389
817.7574727850694,84.76347893906475
742.355397746595,91.14274754836511
741.1733012506404,85.99319192801613
700.3725215334877,91.10491414756942
742.9703216138104,87.92554501616883
631.460325368631,97.58511217440923
689.3225418944779,102.84712304122421
658.5695897482841,88.6936039977479
685.4890170832176,99.40281222987446
701.9348530673794,95.99743055320569
708.2331365614558,92.02645046236472
686.1193756954887,88.34363529560156
652.1325014457503,86.25091098557621
770.878655433175,89.54165747619247
731.0110455923567,97.06566780295499
651.6901029769277,96.98872851918014
779.202204369791,91.32091161146117
641.2447358917121,101.20413302040653
758.0287065568831,91.63574342532084
704.5439342190947,86.69969741653966
751.1786708999994,92.0059376862969
776.4954280788722,88.98680478247526
706.514559475391,89.46123644391007
675.4993640438945,88.27380814668564
820.8120694499539,86.08826384832359
713.1318029614448,80.25210379780239
797.1834306562928,96.47345634531429
795.9130274156582,87.96378597116905
791.8808700478465,90.0709583431435
648.5033955623032,93.64063789402178
736.5236655419337,98.2756307398774
722.5306725854915,84.93315012754526
783.2877192770935,88.74871968256548
786.9346370648207,96.92391036844344
667.8584445398434,85.32346136598434
690.9521998036137,99.30639037678942
755.9269956233547,92.05569910564236
747.36689073603,89.67632077785932
645.4710067999722,92.03192654888544
715.4959003880165,90.83584923234183
736.8031828724307,86.35474303119676
761.9705587085398,83.14788546964611
681.3562897058247,94.77889874777019
758.6129086844675,91.11924031423183
740.0606048411703,92.22963422158779
684.1802071520488,92.80002525463148
772.3757773475709,90.36918191379694
690.4050637012184,89.91116693674327
764.1534491871754,98.76121736581158
742.4831211264668,92.7503756193812
765.5582098326374,96.28066788098452
795.918309444061,82.60819706838299
735.7719997537157,96.85537226848743
723.689550951239,100.0095939703652
741.8888698323715,92.60071556764001
681.0317022606375,94.73603987952664
807.3175613484422,85.88559740677181
722.7791191627599,104.52781984059656
689.9086471281947,98.92095143111749
743.2219759634698,89.6621285192529
758.04754739965,99.56405759628707
773.2061625940236,87.72885558603106
783.3044548812187,96.6590622780786
735.161660186895,89.39242075724665
673.3717253673547,88.5689076144293
693.421936400884,90.60333937769362
776.5378879216303,95.70676133911182
733.2475103097264,90.40642740654809
763.7645442005789,88.54445149589948
663.9139572944832,87.9635215159855
738.2590707668427,92.20702810326054
719.2548890901772,84.48875626544478
724.2026936683623,89.83856774628873
756.1644336794085,93.64448421075232
720.5247738169461,93.46111214793046
743.0654500719841,87.67565469043491
680.5189909972114,88.65189530001075
804.8171561460016,84.31816070404376
787.7641148775716,101.14937708188128
724.4863255073175,107.8830157093409
683.7441945354819,97.59889318920456
737.710000096157,96.04601001727885
803.4768757103042,90.58566806969881
784.2946858907524,98.56402183937334
762.7335021371953,89.60255424181848
743.5986032510345,91.8127612662079
726.9777360094555,92.44291213117393
758.9314848612281,88.16210608084378
723.9863427828066,107.32103644085035
681.818805675179,90.41050014116921
678.0411188203658,89.69940464717239
659.023773699825,90.70650385855542
731.3538779626076,90.55791319917886
746.4060912618711,86.08843632150388
720.3880375961533,98.99632795859199
726.4349155955795,96.25048544021213
664.6758555012705,88.52340274277337
726.4042271065249,88.06029948139101
810.0653075237783,100.72627199515176
740.8846362802885,92.64461205405655
681.3673732177767,85.42751495546132
743.8618267847193,89.14272843755714
712.0477708908219,98.48331860298927
797.1829635665067,85.28562340517989
665.6954131432163,97.64022787213695
737.8986997159167,92.47811494387655
820.2373700086428,86.54649281117952
710.0418555374465,91.12847784896778
720.588749734634,101.39742439978248
791.9729245956971,92.620659282059
740.0490473811782,80.17998804772793
771.7532760458114,92.05130793517117
705.9300535207233,79.12725329292023
757.9425741048289,81.80932207613704
652.9516477779249,101.0989798898248
775.3414491609713,87.77502054810799
730.4606459998001,95.79081054972991
739.4542220405464,86.79778266067167
744.2177426412419,89.85551485527495
708.23251298702,92.8726196724721
726.1679634882964,85.85251902332674
748.4766375974298,88.30275554033148
701.5283181227932,94.13230356159599
691.6328548515404,103.01567281377933
800.5182054305675,90.1737582122885
715.8910843894017,90.92494855588315
730.6172954545827,92.35353568121346
672.8197264957491,102.78123886710024
721.973822198701,98.03111652163156
715.7319043510206,98.26999025340842
708.073479627024,95.76980285018642
747.4605034515944,84.09229368926191
748.2796525313164,82.99871546920087
719.0826194885681,85.92940183064857
591.1969498940653,108.98816985141157
790.3792779970402,86.53887619909133
748.3788226773653,100.7735808471411
802.6562487266808,88.68105848890647
722.6690080853334,95.29763276121888
749.9204575667142,87.10147573359691
796.0296640637059,88.09773961305918
681.2626769902602,95.45747425562725
878.6752408825657,87.96330598673038
713.639971315641,94.76221662604814
783.8039790385639,85.0018335698746
682.8943996525375,100.10633573292887
695.59137748041,89.74512493560222
690.0716883531225,94.59561723730111
777.7877607676779,81.15189122912184
773.8933906319522,93.37788867819116
796.4094851732553,83.46965923513268
753.1248605782353,104.18741090457422
787.243917130141,90.39640001340112
726.552289931408,99.22110177900782
690.810339316617,99.90854897345706
802.1428936487857,85.06680874585825
818.2961053298739,96.87503394686529
819.4780915727695,81.37207520678955
647.8941501810039,102.96219277392277
668.701043940674,95.28486973461897
703.6439177082456,93.06641590591944
718.7770446400117,89.14705928390512
731.9532555361699,105.4292598966273
785.4448802330301,90.99824264489311
722.6312576569592,94.34639968839822
656.4488323791961,97.97535355098643
629.6788695198981,96.60213563040068
746.9917070185786,99.85460912936486
782.951647777925,87.73495523421427
733.2227777586307,83.97134700067821
717.9898987322333,86.53452999334638
756.3136062008027,87.05682352136799
717.9233458792049,106.71604006327502
727.1457890675204,87.96348126905725
699.1328543527407,86.42205659739025
740.4707907974134,84.32094402547634
725.3809029826443,107.64024157958819
788.5322198960117,88.7229341835007
688.5931176919712,93.30464816157595
738.8633469650546,98.27270059425554
730.0029370611045,95.19689035359956
761.7984421990188,101.39127931063574
830.9005982379487,86.43565483118333
624.4931812207482,100.20751727714458
720.870956644753,97.78655116371752
705.7242374769248,85.71053290467803
681.40696782914,92.34007771930128
773.7470578813021,89.35375846452335
758.0301539083067,89.05325242717555
700.3205570521966,97.63235805138206
711.8896869141719,87.06708332312584
735.2390978907773,96.49882474629497
695.9952798255864,87.38572077078791
760.7857032823207,95.46469316410773
739.980103316752,89.88154454396508
741.8852544732457,86.01567857348182
808.5534833565384,87.08141227491397
711.0683821078002,100.02003838981645
675.3780546491179,92.81742468716793
795.1984032584033,92.32181317992848
748.8550904700055,90.51672525989716
741.6491149941406,98.11775767774391
827.2738137412761,89.67106761720757
715.5923161947488,91.7222055382841
698.7054792389348,97.73979019147576
766.9346370648207,82.78770921767138
784.1957249780924,91.16007212101076
760.0721891444541,82.46590520790764
669.3883819675123,105.19694428001526
793.1756236079514,93.67198051687832
790.02193708523,98.30679727180086
778.5304687175047,85.20247666668669
765.2493965438792,93.98015475167166
700.1062955065656,101.38746514554313
724.5296724285524,83.94004270246195
757.9252992905346,96.0278750338908
633.5042721295721,86.85645564659868
705.7673844816691,91.95547891212338
772.0310159862079,96.84727877301974
656.514559475391,98.10383406699358
802.1659888186177,85.72889034081061
740.8269089686183,93.45596073935457
735.4900347488043,102.32511666676483
717.896946581379,87.96327498635164
681.9316230461932,99.40755569595923
692.5140769936443,89.07053116553858
770.4570278692856,92.76218695167707
709.7275705110278,97.56760296425585
676.0092842412472,92.41894367481729
763.224755112299,102.27975909289667
702.6840332275698,88.10568423554552
685.5825843349406,97.19781223429078
717.3183027217394,90.44688691200412
675.5265890985539,86.56079056792957
849.8089541715073,80.12555354709475
706.1351366086249,103.9027103542784
765.0883539120196,92.31080390244222
726.9262464840693,86.81789212749702
722.5167146905401,94.05291250156988
761.3639997891313,90.59547882471978
712.9800050218475,87.3582031289928
795.471961706737,88.73142648858033
729.006065046321,99.84227440615452
661.8691259711844,93.46097700999773
728.3314980499609,97.80587770351806
742.7267743448947,96.60256732313637
737.0665856654608,86.94131602411466
838.2630094054216,92.2032304494052
781.0219288275171,84.90505764089501
691.3284040864552,93.10152468770974
717.747551290441,94.921396603698
663.3455928825229,93.64067931031241
794.3763472513981,89.42952372192161
791.8921406516414,89.40417266055238
745.7168890796868,96.82003462867976
780.7620168066803,95.92801729401171
681.7758197073834,87.01164090881205
639.9037429529283,90.53079376393204
899.7990738586388,82.52173996882937
756.0862336417374,95.1844445001773
658.8430414880349,105.42818430035993
730.2582532195412,88.61730611554303
695.7721146328101,88.06337299124046
726.6942667552139,92.56004998609043
767.6782244242605,89.47166753221188
696.1154907326459,94.74818901191591
804.7761500268391,97.21496253530948
686.8155524291345,88.08767651744037
885.4205586183617,80.79468480415332
765.2984107693062,78.32413023672468
720.9637365352635,87.8066782403474
660.8846362802885,104.69810895853759
770.8936830188237,90.3347795097483
763.6001752116194,97.79109255248721
861.574913229334,80.99190390270621
810.3119245662377,96.8273934746883
770.4708447279116,82.95629879561594
753.9105215439781,78.03350528017121
689.692719755758,86.72620530359447
752.3009476372763,86.5728159214011
814.2820563150299,89.41409050591575
705.9499707637972,103.87854919203627
764.5872655608656,95.71407149719757
843.0815249614493,85.1065284278022
656.9743465552784,97.4872840814994
765.221352534254,87.09152482768135
816.1587871441079,86.97553533076983
601.8691259711845,101.45667515515528
684.4269870347672,95.67496347970383
716.1494248344133,98.01667387882327
747.3994329037607,84.21667798690713
759.925216670569,88.96815134627164
662.0667743495553,95.08748509384348
651.7885433770341,95.63740818926999
724.1802071520488,98.11767482577625
732.3550436336483,93.52011260957363
692.1646304541933,90.95912256108515
721.3532318084558,99.18364704909388
671.7761738203303,100.24529208917642
734.1532513039352,100.38217749954748
801.8151429516518,93.13961908100474
697.9520572554078,95.65476988543818
744.5446347878682,91.25955710237017
687.301163639835,89.99786544824565
836.5294794568418,90.60238160477934
833.3289056057763,90.13824997674683
660.8640753373012,99.74447671966361
756.40907862171,93.11860014555519
754.8908852707035,96.58498851714617
768.6160915743445,98.59972156522178
810.4807486109003,81.0513148492538
745.443312868307,92.96672809739772
764.2334570324481,91.79924889414514
702.0005801635745,93.74466195593229
759.8590247034178,79.60831298046311
721.74906174251,91.1733464114784
712.7774524682101,89.64501486771684
799.2071901546764,84.5436413531647
688.0256043733937,90.31925506322249
708.7522640288065,80.2693674150602
750.8169736252205,88.2466121131591
771.3295344884986,83.98217004658844
654.6921571416682,94.73618128877719
779.2869262590674,95.11502577238657
747.2739385851756,94.06641190069872
740.312422855744,99.42346935594307
752.1034122357447,98.01756740528546
769.7869606493816,95.99032452078542
688.278989219059,95.45727186933121
641.4213562373095,101.3143009331127
717.9078298165392,91.12830769781958
767.3175613484423,82.10075720950675
682.0663072597694,93.96248964350805
744.1863667576289,95.12184635818186
760.913460613997,85.2512911887403
801.999754406741,88.75098115321782
635.4320376686505,95.67489813357813
660.3505785072313,89.39193797379365
764.7376664349026,90.28198707164405
710.8656746163502,92.2503248222644
704.1833554213885,98.23961103978854
697.36689073603,94.42583691262888
728.8856553957631,100.79294460048216
804.6584768989522,90.95678916064097
764.0984982865247,97.65815275483473
683.4915484599214,98.1729896744764
771.2224693315563,90.20765996534875
612.0667743495552,104.13394241658416
706.4879599007734,93.26400159587145
796.282804421685,78.34197843581128
710.3510455970172,92.74474979622343
810.2294160050549,94.06740016867057
775.1909114506218,94.11461429212162
665.9995526029215,95.67496348447396
747.1919975550866,91.13002443950363
713.6574631273694,97.82496309397942
798.0631950997351,97.67254704209141
687.1986380194281,96.85111128065033
751.7189273106362,93.48739646694727
818.6145425840539,88.01887358594328
699.7824419512045,103.77038769236371
805.6297419361296,96.61205338582351
764.7984490351932,83.73478417513573
734.202580691523,93.13959947437675
777.4983449284198,90.03548048523724
694.136853595328,82.78768109489334
723.9591177281472,106.89512576450558
795.4970310115426,96.82503871880702
766.8176096205464,96.53555777533171
754.5564623077519,86.50457107192737
853.5639170829756,86.77601723910107
777.487374393307,92.78245390147109
825.9942713436188,103.64671848136807
669.7445966160931,92.81746612050999
711.1784110186993,89.69934937122058
832.3417692783664,90.95713521492435
805.3574879865866,97.20062052302725
701.5498417689802,99.02096281470992
785.7981319253236,101.16777400448025
793.6990957494922,101.77216215182867
791.6222334891745,95.37057047912441
718.0800879516873,80.61472969008155
676.3292806537241,87.89074541446605
690.9298024334961,89.21250870124946
771.6547102568408,95.71786376527447
670.2848514110362,95.81726374110816
682.6610472486999,96.13929627275307
741.2391822023242,97.77828222700842
787.8297425985356,96.70413737581096
729.1062604090944,88.44199821027654
642.2742292412828,100.85421788042513
724.7082182101839,98.91567868215488
694.0732971062426,86.47924800105261
788.7582255183049,70.15684985225846
777.2507114701982,90.65555130352365
652.843179564405,87.09168810228142
801.210042706455,90.82271323832633
809.6750280108837,88.3437279104788
872.8639216713807,80.19031926713079
724.6908295991192,84.94652993088329
660.9298024334961,96.60241845411889
755.6097675948049,93.31108528021947
764.7955672326917,88.0024198019621
782.6734168054037,91.30201607379553
691.3623381882226,93.90956862197015
720.9687715648178,69.54091862956498
742.1779724156938,88.740455710925
749.6939724232761,91.00211037507799
709.0108232560922,89.2340999971268
703.4393049733181,86.28219223544382
666.7609088448919,103.38658356249404
782.2789243510731,85.3759942007018
713.1830230495771,96.80528216307549
687.9970242141477,103.89553138284232
738.5253385885597,99.9235762330208
705.4814229453464,89.11231519733222
732.2201715682017,98.52587283552533
751.7489487656708,95.95905544194498
729.5100454752356,91.59464843130294
695.3021256869124,86.92371894982635
594.8528137423857,99.60168979103075
779.4641928176325,95.20724976535135
734.1777998588352,85.50059331341352
694.7722311482353,100.86817762802897
775.8521484138312,95.28930551302115
784.6891778193658,93.74363165397477
832.5937729255921,85.14394391565926
699.4800689264375,103.79937679403896
797.2515650457013,93.44330211328489
681.9199975694239,106.47316047831754
770.8934983175343,90.15550782549893
738.4301613653907,87.72404482828647
667.2134935173835,98.03124099349138
794.271485075629,89.55424106850002
760.1424136428875,89.43653330990574
659.9460169804672,86.85611425373057
682.1982285419451,96.46069207381339
689.5449708840538,98.8046449053812
693.8159701140748,101.79270630258725
749.1302990192345,99.54208260920518
749.8293516611201,96.76768929551314
698.3226119823257,101.8762538859214
730.4490427379807,100.25861337824522
779.378921455465,90.54772400222863
750.9849128860421,90.32327781231572
743.0423816604863,99.05497167137251
691.2846200165167,89.07057022111665
743.8099216316768,86.59013525541317
716.2746370694813,96.42228212771279
753.177340165921,94.15969700275029
781.3623381882226,84.01307910866744
738.1223619792265,96.12989980641126
670.2443720158324,94.49116120750239
722.3047772792304,91.07367432117701
825.9853746099005,82.33513332974726
808.7653739713088,93.3052381347906
712.9250482033073,95.37093782448544
779.2295897436237,93.28158916148963
761.6173404045682,94.69759011965434
678.7672381266551,97.79525864480601
652.2235894412582,96.80647450580189
749.6667473686167,95.43041022622339
710.737525098695,93.21591784451091
786.6066140232416,86.92498909616678
639.0201970671078,92.13494838919513
706.1715401210139,100.7739648658887
727.777861945693,87.53089820542044
671.90762801272,86.39300921705328
747.1089207645919,92.6386633056822
736.6799477695482,92.12866482983364
709.08950079602,88.60696609227013
755.6868898396021,85.59957259935459
766.8732372487664,94.6854831537873
821.0580218515341,93.26513869817465
715.4950018334453,96.16204081011381
761.5903824954607,96.80388302706358
724.3092540512251,85.40989477880653
816.2066917049934,87.98393928359438
739.3817006042942,88.36194395311664
695.7665115044639,95.57236587414513
732.130637290404,87.41653735894596
663.4666546503945,99.74348686487856
715.8459182361942,93.89324571917685
704.8796607224259,87.24339111438866
750.2660932306876,85.75045952670777
681.7489487656709,87.17827689598263
767.8701886165057,86.31997211622175
726.5533713628448,101.30362044830883
735.0748122187439,94.76542364420726
678.351597622706,102.17694815477203
780.34218493855,90.50492941463612
809.3988873688699,88.70329348217047
711.0467496178236,88.14359924781685
796.5261789296367,88.2853134781008
719.7344518184799,94.02679601778779
780.3137089004957,93.87197484750166
681.9567960936361,102.7434238274067
734.3852549720455,83.58137133769945
756.589552724731,95.09074361166988
701.6601264281297,86.80413499818779
857.0730599641357,86.29354147283996
784.3413832811508,88.1172423984259
707.2459066936855,102.31853311395156
781.5094934495469,82.50403639694976
809.4377624240209,94.49137856634373
651.4310894802404,104.19265682075458
728.3543153788278,86.10807758752566
683.7088018153948,94.5972653507
824.1775726016535,89.70034172896119
732.8720038981135,97.21979266976298
709.3615110257997,89.28526645385318
737.1329109232331,87.87706643377187
867.2085303700944,89.99951214547221
715.6363444391496,107.87331291717472
819.0216009928706,98.34422990984535
725.668188088557,85.16138705553281
771.6702263195064,89.28946964002789
772.5530461249658,86.21309595424941
750.63785639757,91.37150599286443
666.5632604665208,87.35781709147886
736.7807832834834,88.4948602100031
816.5180943133134,82.99881111753164
722.4771200791768,94.85185146270257
722.717312217154,91.44954057123908
698.2302882279291,80.43189634981401
674.7342021143752,100.16012535979468
755.4711197768114,100.2660731150789
745.3356559991621,90.28827271252483
846.2832052769382,94.09568013580817
746.6325184126118,91.36760299336191
657.1493657002377,92.95950458846674
773.0854416085001,92.13177801891653
649.023773699825,99.57545077422292
681.0767726885516,84.35822269658854
733.8039768197342,91.38341380898578
805.592316194749,90.46159589963955
690.7326211449111,99.13811288816893
725.8254702700461,97.83031877064909
728.6738188860147,87.46194174108507
676.9046139940926,90.64108372196543
615.984036540256,98.63700376428824
765.834736423191,82.64585238937899
774.3832029648287,86.85655683250492
721.4669837607594,100.30363753215056
784.1293724018556,84.517762999096
786.5971945682883,94.91319749811863
681.2626769902603,83.10964259082458
689.6677860079459,98.74345225365974
685.6511619834919,96.31856575660554
878.2122003349858,88.53101133053488
726.0989317173669,108.56233727354403
672.3724238516601,91.16038959615804
809.6048352901764,97.14822642233999
808.4747734420836,86.3094437538186
680.490499573932,100.56112133900156
714.3072769190396,83.628687526877
616.8607423031981,109.95687001033092
796.3486958768641,96.88043527969351
720.3226358523906,107.84255762305422
729.848054168305,85.48297204664388
781.2638073923035,84.73197519207038
722.6122172661411,96.06204036827079
668.4886286729406,109.33301848544323
795.8638593347424,91.5685446282311
740.3662075467362,94.85459953688424
657.4773360817354,103.33104362983043
702.4207707298432,97.14924870363748
794.7008435424443,88.1200648020128
707.2888272388822,95.4805649069599
698.4104434114489,89.21229659348774
710.5389958834186,101.59441377908259
665.0255027240643,104.71263531752558
751.8821560925986,89.5521255559728
734.9993534842233,96.51565543593003
695.7020715353447,99.18329476751727
781.3687722393679,85.6625841398576
727.7727989914321,90.78602242976706
852.3028001470449,88.1505740685627
785.7141261482864,89.12507542652762
746.2173905597872,92.54149071111269
786.4349155955796,84.21664663032065
741.7148420903355,94.88148284727917
747.4673847590464,79.17412554010599
755.5471500415414,91.07393252241981
792.5751113172836,92.95210256155565
757.0973182395782,83.79063448863337
773.1825049154032,82.01093730039155
801.8384713978909,97.09730587647618
622.0663072597692,98.81714009347937
738.84708289118,94.37043754525008
759.8088136698885,80.97117522840672
646.0181429023675,98.27581236490913
706.170402212207,95.3492689408024
712.0962500705505,90.92460481829303
676.7371016632891,104.83591654184504
705.2472318546593,91.50991687816436
698.9308215489707,88.64543811047477
720.1720226027605,91.83463098288405
783.4192087373885,83.08936756136518
663.4646775182089,94.1041671546542
625.4705397101861,90.4612716463075
773.9721052119978,92.90820532748667
776.7662230415468,96.52402484442044
730.3088464445095,88.38067798898095
746.3682771035099,86.726319828388
702.7774524682102,92.5335904286328
747.0583906815689,102.68385142453786
808.7712063351297,89.3356693157083
689.6788695198981,94.7786443933481
680.0425039692441,93.81393573950916
710.6396689940568,92.49571556832234
760.4056891812602,87.2340691447236
721.6652805709276,93.5716244358042
664.1368535953279,95.674769717081
763.9146178591935,90.00155457701648
738.7465811451505,90.71426807502075
682.9994337755718,95.71984872169277
757.7554884062187,83.8391582211738
767.9007671670759,82.74242735220578
669.4813341183665,85.20261808969626
777.5389807542912,93.86571757454811
768.3397596392833,92.70231514360331
681.8146758618658,88.10550141726381
813.462926339702,91.18754952382507
700.0729295035904,97.48696103563704
796.6103969500465,86.79967390276303
705.9039210358916,88.11264063898251
733.1809710423605,79.64668219379688
732.3250221786137,96.19780948608593
722.2858986643967,83.21311756081731
746.2613752275212,103.54471006692263
722.6231576465599,94.90709643942688
725.6037470371139,97.1904406489194
840.0586324713053,79.31103269166364
828.0520972293989,82.24021888949241
801.2660304861712,82.7422916350758
697.3080449472869,91.9935959522777
818.6756713957834,87.14698264467593
737.9616307249605,84.50045785664604
686.228810461351,109.43419255166445
800.6050517177746,82.30512918337789
647.242317851092,91.96728890725922
696.5230384461984,87.17838987736158
791.3566026268979,90.17328056864814
712.5501310475415,88.3612125642235
775.6065166003101,90.28053401343438
694.9404838648371,92.49568162206187
662.8197264957491,94.88944225870276
705.6580432909439,92.53402553592107
749.9286367624554,104.05108521470527
706.3169110970202,90.96322801747769
761.5077734707603,87.15511431682583
775.0465810162,92.84395279271311
797.1562329200975,84.77910903292484
666.7288210210221,94.8895665249161
750.7501063875635,83.58785360254298
787.1842927136615,94.16298275614857
695.8731432908536,99.71226536982145
726.6723411194365,85.14347945156297
663.1207431703485,89.28184639321488
689.3882689906728,92.81742471462087
766.3466997390888,94.28575616822914
663.6233567652581,91.42687683323034
726.7425006565576,89.81430746253533
755.9179553311143,101.55279371337771
726.3385000103299,86.12967190885192
713.5377112168467,83.38573681656403
716.0626002829409,86.47928822774551
751.4603253686311,88.26807611281566
698.7790236093734,93.56354174418333
686.2070458179401,89.45083519952288
679.5091067608968,95.37103433729595
680.4056891812601,87.87720580721424
692.5798040898393,95.49535603026499
740.7645672314271,86.14791102021519
762.3434666083778,92.44986804876012
769.9387585889789,90.06290896034108
688.1875471106041,79.71911572124795
799.6479504618596,88.113699614953
653.8847214060927,103.265544448635
689.901411707796,91.42676470654204
742.1384851501984,87.34900922424096
673.290482208494,100.67136606083783
811.6356275259918,91.07872753009097
716.9482536659888,87.73663428180919
771.8629289492985,94.27764579605402
699.8156949773405,90.13945786775118
831.6825540814152,86.18215672490075
657.5875619645601,105.99220089223441
716.7674769180464,94.4432659961264
731.8179390388029,88.80457172698637
687.0277021925143,103.54282390910316
704.9137258999638,89.40978713184185
814.202150178305,87.80402383669376
733.6116477732644,98.77845824469462
721.8195273770508,93.0839010107871
721.5041986752192,92.495391330985
720.893938088856,89.19886789585871
798.4138952002668,94.60186477795355
735.5367612146313,98.40007338314706
757.646407753303,93.53382615800193
723.9427816281918,95.97655939145929
749.0622757413607,81.69266311637203
711.0982149234762,85.06092346935709
759.1509745383363,88.06294875528556
696.701708943202,84.03675497153957
841.948936782227,92.8014060307206
632.2800971808475,101.9027685686412
727.0634078336745,85.33786297516232
804.236810528359,97.12693147045384
767.9529959697468,90.9902456028593
821.6668798499767,87.67313503887003
797.3905752332233,102.32525927733163
721.6677294374535,95.73652801225965
755.9907455873639,86.87984866999416
706.0769886911104,100.06568591790918
670.5258723046634,87.55837977523889
730.9150355441335,89.84102215721641
771.5388891113159,82.33743792675534
693.9139572944833,87.12271458306799
735.9066004520673,84.68005143457816
710.8068288276072,101.10815082935962
707.9834822957376,100.64541790517336
704.1748867598579,89.43092493502114
668.7822870995346,92.13930513174058
799.4845746374381,86.63110815761186
773.9122930833712,86.79147188630486
666.8018965144549,104.21827618995552
675.6296860470214,98.77812309040557
722.0829028516165,94.51225297232428
768.1519303928694,85.04033926717646
786.9173698236481,88.20213082610309
735.918309444061,92.39181636755424
725.3208065237304,97.3641224016888
715.4860557728518,97.99269562988472
749.9909459855937,85.96448594711258
608.6775908720182,98.49454108961149
759.0011219009347,96.34986415795797
680.5772465725966,91.00172161813572
676.6289875627159,85.92930183753803
760.455769142998,85.72333006753024
749.4588476020529,95.29781094660437
662.4720343946428,108.42770116898286
754.3628592176213,93.4872137008559
737.6667574184002,88.79398265426757
673.0651608717668,96.99654551692441
749.7038763062644,93.55741628924721
742.861035265256,88.86065926915816
628.9511652961783,99.4219362975782
610.8052295485581,106.56676738014434
736.379208674581,85.85982274609582
719.5201902728488,89.08787088197094
635.925190751513,96.21540131439403
658.278989219059,104.27587639948712
821.8950921143193,94.63326955128734
812.1052647455134,94.07350039877463
652.1325014457502,101.56274710154163
670.3238205423579,93.51614149186024
756.5515514745273,90.46137162254418
719.9141353774468,100.72698762263676
833.3425855582616,89.52870504353577
761.3990458850118,88.45891472779175
807.7849891845716,97.99606207404015
778.18025424847,97.3880994212455
653.9952004533438,92.04983427249493
718.8752392503891,92.29888564582636
760.0622975775608,90.57172768706829
689.8042348470542,95.22863488168167
711.9201124485184,80.20973280792066
741.0621908054579,99.81606175506302
721.0506402037199,79.9127514329186
676.6713745670941,96.54367768883469
740.6393148811102,89.7349012022198
756.47925437626,92.3537185257295
698.7375351484783,98.57795420016126
692.9089339790642,92.77052077798514
686.3691884993846,95.13490964536068
695.9117534890413,94.38826243193448
824.0992682844026,90.04135775274761
685.8253572932068,95.49526973856125
751.198959194503,92.11379954308897
743.4205393353236,88.26153513434836
659.3533433603718,82.7579095588761
659.8375487669473,90.31972812152414
772.0101792271481,87.45144967011394
670.1938068693564,93.09791127935186
720.0729295035904,92.91711989196918
778.1555714818381,80.8185318445467
805.6666780461576,85.46537141628001
701.9253925553323,89.28195850727057
806.3318186471121,90.86040236286006
763.9174090833011,100.91478619269068
686.8553015151344,101.23137240428225
698.9066921035698,88.74435278294777
710.1037986245127,92.55163829620938
750.9972826642288,91.5507185245502
668.1107365024571,99.51547407931152
723.2994423161399,89.49517314456642
780.9265213679219,87.2006744288579
802.0613260600761,92.57030999059906
770.5994469737345,93.87511849461589
702.8028133675232,94.27046796940031
684.3612599385723,103.99204536351192
705.5619815971581,80.49663989621496
763.1796305324037,85.31529068810066
658.3993836203528,97.70653883372609
730.330729168274,93.23435120050054
692.7808703412667,100.51537375302897
717.4127411748034,82.86532295593392
738.4580480670843,106.94065140216344
678.4376684661082,91.74854575260767
673.3599810692095,96.75241374136597
826.8826853294546,83.47001360543076
775.6695871101481,80.83986957546814
645.3877842900964,100.317327333154
748.9202094290006,88.68105261308295
806.8998138716281,96.35599081392645
689.1078671895591,99.88580814036764
651.2699835927032,96.35715695131502
703.4423039787346,94.426200537523
712.7092809285608,96.06215248326522
709.2778218577479,94.88213310297066
728.8103831340524,84.55970906153199
723.6028517113788,98.77269933826305
760.7784297888898,86.33534011084353
813.2494507145456,86.60351511745239
689.6167188349376,84.72406642200656
757.3839441595593,96.61144878228491
719.3615110257995,87.90800584753926
800.9732068630784,86.0407820750657
742.0225231898308,80.21422901019561
722.4868519389848,106.16871059276122
670.3510455970172,91.24668816559026
708.4733741072687,96.43377029035213
722.5368321910719,96.36991149471727
741.1277932792361,90.2883175979466
739.8022577148687,89.25052370895499
660.1583011724301,96.35742264574075
711.1517837408577,94.9310458165657
683.5612060802977,89.98044763032732
715.1823834029324,101.1172618572678
702.7352533157022,90.4845646798464
702.2234762429363,87.07995627000885
792.3326700941739,87.44465736680442
702.867174597878,93.15382151043329
677.6465226323976,100.48657376432753
865.1054416457764,85.25355382772385
767.9849097410196,92.9275773597281
814.0157404230226,91.39670659848721
782.486851938985,91.70994231978389
747.4147637708304,97.59673553980447
603.7163089161124,100.38707080851148
709.6651480895675,98.8552899177777
718.0427180994149,89.37758667478668
764.9697211363505,86.59014382080554
767.667083575385,94.12421371679041
664.0910009377249,93.31315149257563
644.7886859252397,95.79089341242805
709.2454901502234,88.98732901856827
829.5131547966841,92.58908888901594
705.3406847968454,101.14609270055847
716.6646932038763,91.02771805145319
677.2808198926276,89.85586839399873
720.9065753185187,92.66139644905114
680.4824997894071,83.3068553130739
852.2240700626633,98.3155360383163
770.027437193398,82.42106881691163
722.6640085590657,96.18348997807344
794.2052784582894,82.56254044520507
714.7973721045333,94.69015219940984
745.0874541198926,90.64098311403745
811.1142325465739,83.79989005122565
784.9695638924828,97.88219473787476
736.0009013386493,97.77260495337921
631.1969498940654,100.06538628682499
685.9179553311144,86.93928478918339
711.3678403075628,84.51772040030784
778.0982006040564,82.09902909261406
795.7660474530327,101.4188048608522
642.2235894412584,94.36377705072029
852.8511793489297,93.3181278117721
700.8571918110196,98.84212145989723
658.6353168444791,80.69782536522108
632.0005801635743,98.17323432126305
695.895214202715,95.12236569439156
765.1943751065,86.74115111341334
804.2410809458389,95.00131121162106
733.3056441582129,89.12955886202029
751.3203256576771,91.91642206609231
742.6540117725352,101.44208287928626
743.9614070123058,89.92479482486196
868.431132247982,79.36131835255851
644.2298057461824,104.13377915451781
732.2289624948413,96.9362763801877
742.3272367251438,97.45574256897775
744.6787074478376,91.442943187774
762.3045914640115,90.55828507841478
677.1971516978847,98.03586503156947
693.6774287999577,95.43010316991425
639.7718216707525,107.91917756382173
754.3109396425668,80.34230909988631
745.0696259981837,100.78230823548569
716.206932619618,99.10418273075926
708.1199558590631,90.29932369929747
707.1409107077579,97.7464872954318
762.9527273071067,86.48339067160823
712.3740231307094,91.46935288916106
778.619890018463,93.7570967551665
697.0937834016559,93.40581131592049
702.0663072597694,86.89475347845527
771.8015862785026,91.93500937075146
726.0296640637059,92.30825383509828
646.8533939059602,92.81760754459242
681.443299263566,99.92386577626708
700.0778841462454,107.79227869034929
775.0897918558227,92.77228133411107
648.5033955623032,89.39182084800005
761.8445386134207,89.08805371846552
774.8763560476913,88.3882951033722
781.307899032576,99.0280919002086
735.2974720549674,88.2299978053875
724.7564320728972,86.88712984231918
772.3662058564653,88.54342002033381
777.1163578258436,83.45068505238562
713.6521808774839,84.23788185622534
752.7774797866743,89.16542194199602
740.021511021139,86.21319595406851
658.6115096628764,109.81101738153716
678.9786075466176,97.92041910219592
742.528669403833,81.21701288068779
740.7342204239603,90.20397009149565
773.2608736912644,93.49117819243719
732.1599199753338,86.5906985319993
702.8876705567341,96.05775509187939
797.4977724023062,86.92927711132627
703.2754570662576,94.14832011091096
761.6841859778359,87.67874463764917
702.5302054957056,97.03041627985688
746.5177402003667,89.50334366112712
830.8369516139036,103.9405108397993
815.3825022616934,90.91946622368064
741.129245444202,94.64520350049641
806.1635624780672,95.98653463878385
718.3881828488139,90.83536337912919
810.2716331457432,99.31407288783741
727.3251586733082,97.26940614076743
726.2084428835003,81.17930256431576
764.2851725861112,86.27996428407008
748.5423920120891,85.37078417639569
811.8346931800165,89.15912985628415
666.3403641656762,101.95816707362034
817.0992123226592,95.93893094917765
804.1755815905423,87.16816875844214
745.6591617680166,89.6387935491599
762.4689108404368,92.70694575376905
694.1096285406687,99.56414127383229
756.9811129836359,78.58336015996859
715.6591617680166,83.96154794374057
722.5424320187369,102.06637868851432
781.5827532404805,97.24590240845495
750.054157149237,97.24596097344819
781.7869819302006,75.93800647067296
654.3612599385723,107.59707887439134
694.2366870536343,86.88258253268637
799.0832800532784,87.10927153468734
679.4190704565667,86.04470634337764
724.4321171637122,97.16113682207956
711.541155368204,90.10074707252531
644.2955328423773,92.21149723484729
798.7132965131785,94.0011311085049
760.330073453352,92.16808775903492
766.1427157873053,93.46076438169241
768.4524206496754,88.08464345498793
742.6812368271945,85.06678154730115
728.128529061517,83.66535689162923
588.8362701190673,116.69964731216791
758.7627828494695,91.94311212310284
727.300248646352,95.31569746722147
717.308044947287,89.82941727455074
703.0174878509592,93.77275851589492
728.1945160390122,94.2376553507662
797.6846275512662,95.4372373923688
750.4455970269207,91.10917090598859
709.7937646970088,97.46033294216765
725.9568114855967,92.67575189433362
776.569711260755,92.73078474822685
721.3926209187679,88.7749879824998
847.1453707989106,84.30771827364426
747.2300891092309,96.22527914146237
768.048613135961,95.49072974252923
800.8867442224358,87.40091779630536
713.8119788230887,100.17033740655147
610.0015992790491,94.49091981413903
695.6378533992252,109.66053549620456
803.7180612872497,84.91024708577304
768.417904785526,94.62288690170644
822.9711487344326,91.86533305062834
614.4343354320051,92.97973615371451
749.0431846505832,88.08451918173184
770.9856363632109,102.85959489172302
736.0109861928338,89.43086515488766
627.1477664211886,91.38856806323403
769.0777918040263,92.06988420360175
740.9462001421033,80.61704550670551
756.3656452439011,104.98919037146233
778.4733741072687,84.73383450330373
701.5159076672129,97.63276598692264
710.4168000116764,97.30288553198983
705.6657420793658,91.11243544723857
676.504414677778,95.85504743984974
817.2129063772882,98.15585553622515
872.0966014456877,73.9275198918714
724.2278283925142,88.92953218388824
741.1931779080619,95.6751646555671
668.9949493661167,87.03630914106118
791.409678027265,92.37210024858163
701.7104465026524,96.91587078735343
646.4755903440695,96.4605921028747
753.9598791367838,90.3368643224079
825.5079987991081,95.35335081202162
693.1944185173613,97.02257371822553
668.9965486451657,77.85710482551532
727.2609432352061,85.1438622494662
789.7632761521884,96.28085073310946
700.167118427494,98.48118309362381
758.5373296640705,92.36858106925324
722.9784057427984,90.82119075526812
709.9017658207428,91.56878601163461
821.6608479085188,93.11803469252345
768.2874698055601,82.64595356535347
740.6396689940569,92.0320628310264
764.4297047908892,85.03850252531005
575.6296860470213,103.72551050156106
757.2082114889806,96.56490459196287
685.1143250616053,87.75952521419337
687.3460753642696,90.58572663646387
750.0401013205847,87.61525553151517
808.517144089615,94.27250201607744
751.0564828718426,89.0952883115059
706.4244556580633,84.68559077306541
691.5747534559558,93.1772059713336
714.7545795631285,99.56448182165275
661.8415468035784,101.31410036753743
729.0832800532784,85.12425491072037
835.9674263744691,84.43228346230309
707.8011980301495,93.93620298727599
723.9005824756839,86.13622406621568
705.9170565550603,88.72667348906022
784.8799448902847,90.46531507614202
679.9086471281947,90.93664415846203
673.1104400018135,98.440493560759
783.1537459877011,86.25105240721284
760.9210192485816,92.05553170023718
781.7258535243246,92.72686725256722
770.2620473583441,82.34150366979324
710.126172163987,98.35250261823131
711.943992602897,78.57159755753273
693.504272129572,83.44852812534505
667.7654923889891,97.56746892433716
710.6595434326487,91.017770965559
780.0791368137634,92.13515428359277
784.8502494701047,92.03314569983364
752.4591580073198,81.90340218588267
742.7451923839965,100.41058097211719
710.506832718398,91.77970222178641
652.0915549607604,91.10477275765655
652.8017853972009,105.1302632355691
719.5084461961866,89.53435923673159
719.5064688425183,88.50372803857799
745.5775555372574,105.3517679618194
794.0690212076794,86.0125844779771
700.5994485894281,95.93242480013382
702.577826736171,92.57200467774567
690.3023719243515,97.47225275598753
759.0109165615061,99.12981682671895
702.9901498194606,80.57319965843698
867.1049801285851,95.25848245513188
814.9265909118639,89.1013702772613
884.3013599199477,76.86914547967399
850.08661589257,85.92328175785963
714.3508607121862,102.6008041712504
802.1949059030587,83.7666379116244
765.3113450435183,92.00247093456187
782.7587383154475,100.41452524303779
747.881698523819,93.95221322581273
680.1030769226409,94.94096225101801
752.5935252986868,90.37091948736214
726.6766905112581,84.68767072906859
784.7564320728972,88.21557668175869
712.8511793489297,88.94621524091764
774.9789859063727,86.9979929408711
824.6545782239193,84.82107540562131
719.0826194885681,83.57304413299013
685.658043290944,99.49883244590619
760.7986490698158,97.12549467792884
795.3315784170785,98.2766681162866
697.316325589554,96.60280126631578
669.6255119804068,87.62402892280463
730.0604450677921,88.3229054557086
727.1572922295579,99.33891931263761
724.5432095329444,86.00579089938591
825.659642569993,84.65374637851983
740.3320421382838,83.81786177033295
719.1840522259233,96.71776435975713
801.5138167377843,86.69402027044012
730.0253996781179,87.87678157233634
739.1215886198897,89.08826083852132
721.7310076671225,88.4686714804464
668.095062049536,100.00979747284906
684.6011823444821,93.82030975660058
712.0211411065618,96.77545534763311
772.1685574780946,91.07411799831148
737.3869042009339,98.27308434212947
711.5816347634078,88.59516732556108
654.9404838648371,95.21194127782407
801.0483488968727,82.12966099986008
756.0785879701594,93.21607141078964
701.6298641299849,85.4275978116739
738.726976148714,85.74191414961177
750.2138422864384,85.28580074500152
760.0635427436631,93.47848634680949
714.6499963124512,99.27979782313935
654.1846395929748,102.53196604973051
753.4900899763815,88.02525542357036
654.0085087243867,93.00939057217118
693.8030640450809,90.14658028590426
794.7341831558396,92.26760277759034
704.5500476584759,91.14878928980171
850.4650398920046,95.8646514501168
712.8855665687832,94.23546669695152
810.5039757258777,82.89143149422357
775.2395649805634,93.25498684389046
718.7705430228724,93.92454411486759
779.2933911317128,90.6272143520116
751.912479527905,91.8732628291872
783.5778527165328,82.30062713818812
814.4084506658198,92.49543685503635
703.6233567652581,95.67509394622644
662.2893165374534,104.97813781039856
689.6394698753587,99.97932167008163
760.9879503510105,91.6572311681154
772.7400826159375,87.74484744654228
776.5406502409426,94.64143931711807
649.4278636020362,94.15982542018878
748.2214812123714,91.82688258598243
710.6899038582296,83.50592070210848
673.464677518209,97.24623165147179
816.6916844151662,102.61456313969937
886.1193113183426,85.75980500310676
664.6014952655555,94.00132816081154
753.9022483024895,91.03205641714116
784.2902508139745,80.573543114687
740.1937517699507,86.645384156806
766.121046156582,95.000240879536
741.8151429516519,84.14722774257176
827.4752047808372,86.79149022645257
658.1880142003902,97.33175245556014
698.3735406489624,91.32258269976325
735.3060776434022,87.46181749532263
762.0211456784133,100.31821591828061
703.1639319698878,92.77822644206663
832.0991875258571,88.38796228631074
734.4958189176438,80.36247541254798
773.7298992706724,88.4765604665504
729.0168923923732,95.17361059729004
708.8578590323771,95.35280705784837
681.2354519356008,90.64133725241989
637.7269903474535,103.2063384159334
681.0546683556232,101.91409282027531
691.6174945732809,96.92380453866065
699.0671272565457,96.25059756537264
689.280267866939,83.44889377501639
694.2177426412419,87.58281514885316
763.6322626467502,91.38123265121119
732.96091393107,100.08986421609367
687.083284491096,91.02181435308128
749.2871491743908,86.64570208389857
758.9546219480396,96.94199386668461
770.6124439393975,103.20726284724451
706.7288210210221,92.97128930769837
751.5380541770592,95.80916135220309
694.3195278758504,96.44589940555879
703.5031458581985,96.68225593139024
706.2912326613285,90.58520241232988
745.415047417354,87.27467995810184
719.9991133377974,83.93875110230374
762.3907492748087,90.35235239156684
812.2946090637416,92.90074584442921
761.9201124485184,96.2002587879422
770.1920122370212,87.58273351091555
790.3238478608221,84.54774249784636
639.4154940453323,91.88988808536493
654.209461998975,92.89423802736216
806.0197421814164,80.81761673852479
701.1163672999148,95.63704493455103
631.8419009165251,89.03275519805028
706.3687214095985,84.14007797682696
774.2138558911795,83.94248161265651
749.5951835221886,84.03637216553828
729.5034895202159,96.33108864089927
795.4860557728518,95.49562529717453
687.4102442927506,83.07132049200513
709.7303625908189,96.72709702043642
728.9002460367553,93.96255913370918
642.2639556381403,101.61852094401375
714.4194799340495,100.43112256520902
764.847177601036,88.06000452636411
783.4588946984742,97.61270373995868
680.9453184961617,100.38712936871191
664.4558113684757,84.42373068255512
684.268307787718,96.8860711565371
671.3945982724362,100.85074770044382
763.3384114474613,93.46030820680718
801.1780594121711,93.42239234440254
806.9863251943066,97.36039813108388
797.0312532478656,86.15832007667584
843.0924010980756,83.37573597158668
770.0108464736584,87.30263188340594
742.8684272653961,83.43717964559383
665.5265890985539,93.71777543928131
808.0025853815206,95.18246990769629
766.3454942946212,97.24824545533733
710.53714337365,90.65880861355107
736.1646588135618,92.9976024349302
763.809921631677,81.48324657489495
726.777934949957,94.24654821457568
742.7228188445221,93.62569166329018
812.4905691650622,85.78340351176665
751.4741772201845,89.25128272833781
753.2064901652855,84.28144102036796
729.4267373306626,82.22715554926953
715.0504894392208,90.09265858293608
723.5994471339112,93.41740539036303
721.8146758618657,93.4605844089915
715.9616630007818,84.94622529362915
643.8039790385639,85.28580073265769
728.4802140086645,87.78260905025564
693.3758551806678,87.8726323552362
700.4532639010165,91.34725091883821
715.5265890985539,92.9852366353446
724.7988307228529,93.64051193833065
812.0947010802598,94.31958878180059
740.7326211449111,89.07068235794335
656.2596629716327,99.1231545393313
669.4544631766538,90.31927460441148
672.3587024213296,105.02262808916308
834.9517590644937,87.70737308266679
741.1677474857378,88.18209047295942
730.3991332262403,92.20789516755761
693.8463660429421,99.04141275281783
730.0538891127723,95.13443842677754
747.9644268121117,93.4055808411997
693.3381789251652,105.11084039909946
714.9132588101777,77.2518656715026
729.1173864153894,98.76121735906985
741.6298641299849,90.70988163801974
738.459142183749,96.89250623293077
821.4598948554134,90.58611412236334
735.7018639374505,94.9187908041228
764.3426693259026,91.06126236191862
701.8046440410919,85.7285075513328
680.6823008489058,94.19474540476948
787.8403515418375,90.25573006803961
704.2572479966218,103.91515717813834
811.367400536241,96.18523338508585
743.9863008218331,87.73909028820471
749.214073680958,93.7824349506716
823.4374524635496,83.96071159885588
721.8236219224593,93.11341063032404
765.625844538007,79.8326100991636
650.191899260182,88.46496702306138
781.433442781341,81.14774307694559
775.7749904752714,82.80230019638823
778.4358040892793,93.74216205314227
803.5104861621874,87.98989774796573
804.6310862073722,90.23807344633987
773.8867205942464,78.38701317647578
770.9826195818479,94.72046226218967
782.6391425623897,88.97902936569477
695.5826557384676,101.13080582026711
824.1221578707509,79.20033408031262
725.7949817252254,86.92172221293413
770.0590675563743,100.41004193970896
646.926469399393,90.76533873885725
754.180320128888,102.63876431351453
757.8292006337184,89.80065270643294
650.1341719485117,91.60694243599056
622.3458242770424,106.66999038016637
708.2237198415506,92.92356820369689
708.9965486451657,96.20391561597239
715.460862002359,96.2420938371712
694.2365147932903,86.41591825533318
743.4101937073442,103.21038853995047
761.3528662097142,103.8037353770415
790.3404350927408,86.17767042149309
735.806106115827,89.38421396095528
722.7745603425416,96.42926942187245
727.301163639835,85.60746845395118
769.4880431654744,99.34723890795976
849.6785037613738,90.08098478855693
698.3194683927801,89.87351044223809
736.7652932702908,96.86824625195725
776.7304203000713,88.07915172423019
754.7445477423545,89.23258600479735
694.6669094406772,96.13854779658132
707.6634338583682,95.61952473700485
708.4445497735602,90.75692459560568
752.4579224444908,86.6932437889597
704.7942890535862,97.48744382865668
678.5666976226157,102.77434062680179
646.395007749919,95.8726187747202
773.1405367786655,86.5657620822492
764.5564623077519,93.61055744520445
778.839467061472,91.29311533359414
720.3510455970172,95.94169951264372
677.1595104978508,96.13849549288213
670.737525098695,92.53353059083567
689.0627428311467,89.63324506450047
791.8213958626458,96.417009571472
718.1384345647921,85.47165790509445
724.1181075114762,92.339091884777
792.6057702329739,101.3109631020233
762.0649617530685,88.76244675229673
796.256359691109,76.07017725260485
708.0560929182143,91.80413331196443
769.0833949323727,96.55990722880162
773.2872504000879,103.00490533698056
696.4383334686363,89.91508988128774
832.0950067495783,87.1545419681573
723.4359431902501,109.28981143264754
706.2069326196179,90.16964498401781
641.7008732545826,91.3020758036177
829.6906677485414,87.80953633694796
719.9443976755916,84.77132184726081
759.8765178982688,93.01473810943592
647.1241177777638,89.71038142520419
704.3612599385723,99.74423617752531
683.5111534370242,93.1564759170262
790.7393301920192,89.37721892567423
812.062877741135,92.78661029731718
678.0917985593746,95.81238193383936
674.0637758830653,101.96362010517751
657.373772043482,96.16540480462378
842.332670094174,92.03925676479895
642.3350539993877,90.92520206850912
685.6511619834919,96.74432407217462
716.8902180241932,98.45737956013363
854.694949148221,84.29681663005486
823.692437357364,86.16767264455096
759.1298102158157,92.28891268006534
747.7740859523293,91.33197673748325
656.8300538141434,86.12955976764879
697.7979663932697,85.96089907498923
746.6903540641551,104.23333412860434
728.0151464332245,90.07466779940306
801.8219824643087,89.92505265437663
746.5361483887009,90.3095981736108
702.9244227232655,82.02007615965267
785.1917371881215,85.45376613343205
806.6651775452083,90.78723213941733
725.6837041512226,92.60667117763712
638.1218200144092,99.54641554956659
815.1146789530693,93.85947157029175
656.050230726237,91.74837384812471
783.9578306010715,91.07870504536112
632.8217036279345,97.19432230377798
725.2395649805633,93.0438871952271
771.3497213194461,83.01165585417054
776.1491665815395,90.53020976738885
669.1284699273417,83.09795445452059
731.5159076672129,92.24987789944345
691.3268938225729,97.83004941592151
777.432617832225,92.8175944997194
756.049763636451,90.96335431865074
656.472285447852,89.4476193133208
704.7867085715717,96.24156962735702
770.5339533565271,90.81403019609965
776.5169250493245,85.82216465162954
810.4346543298112,85.80086275286631
716.950464432866,90.70123705020542
776.9207424961537,91.84350204010846
707.8044615203107,94.03139848483102
699.6554164512421,99.56379917245388
668.0156135230104,105.34403131539044
819.2790829554889,96.33975630145125
753.984701542784,89.51625080346244
711.443299263566,83.89485911566777
794.292103323743,90.3919925297796
686.6646932038761,88.20866585633384
730.9298024334961,96.60201377300173
733.4374524635496,94.56797451927265
664.2366870536343,89.5344092587133
703.2044113650916,81.28223719138796
785.6287510277118,85.12220027168682
759.5168853766313,88.01934424934686
667.3091634243597,96.2064862532163
808.3179583503806,92.85493975608225
646.5623454730379,92.39571923421677
774.4638111530005,95.09510672794504
746.5006649067243,89.69892512622933
771.089724214136,90.27736923632233
751.1025453567622,97.20084052080368
753.6590624064186,89.4949379355015
723.5538576830597,83.96738284557026
653.6505818199175,93.0352760674964
743.6690972655472,95.0334518161061
731.7135560455838,90.72616597698071
805.6274677787285,78.91975705060085
719.4097431399238,97.39499182860702
757.0651599526609,97.51510466488622
775.1422354193126,90.78214841114243
734.5946412765678,94.93219874596747
703.8770545319967,87.87879401249954
711.8828471800322,83.66004849107284
661.8852544732457,80.89516233874221
729.4935906982312,81.41422049458838
641.0506402037198,95.25991773892635
705.2940323414281,96.71333006763464
752.7412010930103,90.5362494112
717.083284491096,84.44784420867506
775.0281539872886,93.13937021559019
617.6997652927942,102.27991762787705
689.9873673555294,89.95413172359967
762.3036756383676,93.77471792381385
700.7313682559104,94.41147263474309
697.450111027076,91.69269251969344
721.4727222437992,94.86357129987567
748.6320868232926,84.20176224282447
696.8853887239579,96.8185850000642
737.6880563008004,93.28104302139138
786.7222861036184,87.50023957169363
762.370559696314,104.91973553065377
850.8433010768758,92.52593944174221
624.0615530295805,105.68677244447446
794.037345489454,88.92934850084092
683.7230179632204,95.00812910760467
810.7306798664944,84.77063697563925
776.5852034927774,86.85667867933797
762.4903827888809,93.98319993782988
705.8780874237386,88.16074636970842
624.5623261899998,94.865439647154
794.6226464138923,96.3631270674746
748.8582131453238,96.46064528628882
773.3925074438334,91.92241703069647
771.6155688651752,85.09062481080657
740.5673859428422,96.03611346392324
764.1091596636629,81.49992133597219
676.7150561872884,106.37777093679303
660.3205570521966,102.35608247784712
833.7313962289383,88.96575657351686
617.3454147995595,93.25049650037485
828.3989560626242,89.11635713901036
777.8283816787526,79.11382458261771
727.8600438188924,96.20393741606695
695.6278218916752,93.33959766692688
741.3090175096488,93.73926688969138
729.6770053645519,93.92447339983369
699.2220734654828,84.25369187087527
715.9641598828346,90.17419971512952
774.4548726541366,94.12286979266571
681.3945982724362,97.52928942152076
725.0213729107509,86.2753378177104
736.0621331931548,95.51267040973454
763.4404137739155,90.65085397389056
754.1991017427088,94.75303964385444
845.8356903894766,90.38949376117753
728.0678369948765,89.50321782773798
688.4766375974298,85.3412992331934
823.274181962307,75.75373371019403
740.4260388463571,86.25091098542869
740.930269523282,87.50002829539464
706.0737586699242,88.72565948188786
800.6891821563577,82.71007947894743
807.3248101834151,96.19480569788291
776.8381705635339,95.0362641361283
797.231852409507,80.1684785718189
752.3343809477118,94.03062487657125
658.278989219059,87.14029116741192
742.4145688877701,100.31038330589583
642.9784057427984,96.60231845166541
703.8852221974244,93.4234166605059
686.6919182585357,79.19804952622775
677.8385260876271,96.71272214117454
772.2121252997352,90.30634739967881
765.5079987991083,82.14469555512558
727.6192975777382,86.81398117235776
764.8073370121248,92.71453324560528
865.2424391420802,84.50136497770687
751.1715773491746,91.85867132657805
721.2691277844942,93.61087967412271
724.3767760012379,104.67350290158505
682.2639556381401,88.91107254527685
625.4977647648456,106.95329314450167
796.9479453358636,93.86063269067665
772.9013274819195,76.32903176685596
741.2149468817216,105.49401236965755
878.9963503332805,87.49991532210196
667.0788093038075,95.02317532160649
668.6203427466306,107.30478612895101
731.2626769902602,85.7499069719362
788.5830617122983,96.10710677543219
703.454532499113,94.92872335458192
663.3599810692095,90.85600300860848
740.0415327187308,93.75640805598887
647.3181897449002,87.10930828800859
761.804644041092,91.21474913019235
700.2738808759234,94.31505739441046
708.9896673377137,88.7866970922847
688.2240383184084,90.08064573803023
738.6333374934638,88.8183510281085
736.9435831254141,86.95848162226257
700.3213745331666,106.17633184757251
808.3903438387039,86.33417440208422
666.8388868978975,104.61257767170284
750.7707690735001,92.6507801212188
763.6609149161872,94.62548266002203
777.1849229560232,86.10859249989508
726.2294709162737,99.45935295507094
765.3931920120538,90.35645227177231
722.3702055833671,81.91878701628202
821.7057643165002,89.52592965664597
827.6662160262185,92.89004102050855
743.422429084691,94.88585234476679
664.14373490278,78.24399769345197
653.863279171168,89.21230957450011
739.901411707796,87.17792337798332
660.0117440766622,90.51668731117108
754.0816335812632,90.17450716630933
792.0379660541595,81.52357581080629
692.3171129008396,93.06449534520333
741.9090270343112,93.80040124349179
854.6297655420831,90.23471613114137
741.5090263597609,107.13357944649216
704.275614390161,100.118646255865
809.9548265709213,87.75661136936765
840.3378115930607,97.06627815523696
746.3185103760694,95.70143293850494
819.6277608833649,87.19567755122453
737.2004567613578,96.26726848625341
761.1698378162453,86.93941403664962
706.7576453547306,89.09717370489933
746.8012633961958,95.31138827279051
690.3505785072313,91.89017090890505
694.0224255080032,104.25828027460858
772.7677206084018,98.83390440551197
822.9923745785513,80.74483044633931
715.687347145797,97.36136548794641
684.6246354131381,92.17413070528002
820.1003461309186,85.11629023803678
657.9529959697468,96.28018510334738
736.7604417551057,91.10511534627075
759.0077919304961,94.60932254035244
725.9437219022335,96.4639012264378
793.3254631524161,87.86033992006905
739.8516664352771,85.0607710384585
670.7620168066802,93.40576989584731
689.312396875382,101.02704056335314
744.7229588290447,85.92865251937206
740.9508304662696,92.17430480913772
727.9581057378057,85.63031127564672
765.7537131979201,86.80760083502496
622.819726495749,88.10560138164199
764.9404838648371,79.46638700288389
713.7252565923994,103.8500069082008
810.4005220319517,87.77926677005554
767.9038644653991,103.95398893936499
767.7142373705478,92.72023709786575
754.7635256237219,96.09216760091444
868.8989377271206,73.47982744238294
757.7820879808364,103.25800305068253
749.7545201636055,97.49179820072766
654.8816380760941,90.92506066571478
755.4467691051516,80.47378360056963
796.9177239365949,88.46571428053332
829.875889501811,85.95446483264706
711.8420138933644,90.72451990779608
723.8365212062947,79.52202133866685
740.6750205222706,88.9809596709873
657.1595104978508,100.5118085999054
694.2278283925142,95.89365076811693
702.5984294739535,99.5077000752075
821.4722833706527,87.73842464007494
804.2241696048328,95.15277957834938
706.7808093329564,105.67398007748848
775.901967624562,89.50776670439774
704.3190097416766,87.2218349210679
750.746342353759,95.94140576551919
800.8572298836177,89.43821193311442
759.2295897436237,97.4255304298778
723.5961317105988,96.4227063543019
717.7415827576423,95.91549930628982
697.9241716360384,86.53470861092973
772.1767325796482,87.65945596613517
808.6065815259375,83.05007016051401
719.503161948954,93.10944417168602
741.3929789675606,87.16472550030569
676.9394885800058,94.97590057236174
728.5695897482842,95.35303985904385
646.2896860423609,79.50430116936741
759.6887930674108,88.76175420508133
744.770253794567,94.63683100702977
799.515648603582,75.21329120436316
594.3612599385722,103.20693003139735
755.169008584133,82.11513143716623
754.2061571027575,95.32404249928746
708.5990654692796,108.02402522912296
622.5798040898392,94.42607746936764
786.990445317081,89.36612955519591
739.254483331668,87.69418171530195
635.9749301604895,99.6882297567628
694.7454731833619,90.76952280971068
663.5576296690632,89.71411276250033
711.2185388073749,89.1297502640072
805.6516290732777,79.00289195774538
737.137968013624,91.40534989791576
810.4843718186737,79.61052090007702
731.799444167653,86.13611193227118
727.8805473394781,93.26055572973364
713.9962799825255,96.55106258334465
612.1320343559643,87.96332154485174
692.4637566976389,96.55139339815061
724.8639294225901,99.6625037536556
782.0649617530685,94.98350706899578
735.2105177315312,95.75922214187041
729.6768921662297,88.17005036763838
850.8589337820139,87.4195597690753
740.4634963306737,78.61593974844243
736.7794589541478,80.21036376317296
693.3363326472676,88.08767652754955
705.6024609923619,97.88920112890571
756.4862087222665,97.37330762163195
636.9439210209318,96.52937629193967
654.3612599385723,90.82129821969724
766.6810462572654,97.60265007393384
703.7303926309598,93.99764952538689
606.7219397135701,94.70987158256045
786.7678777732997,86.25906283728764
711.4368722999752,89.21247823081951
733.4591059763648,86.07802763350728
688.3174912605947,91.4647625559421
731.9465971440417,87.78355086139598
777.0395004211576,87.9616093311981
632.0663072597692,92.81767824115494
812.8069281892053,93.96135951842709
749.9953812838544,97.9238474368479
851.128867369583,79.56681241258397
719.6861638007382,95.1260155314559
684.275656184956,95.1995875055227
647.1862684627242,94.85138581799687
742.0582288309911,100.00017081189273
759.6466094356844,84.37365172459057
744.0632652854688,91.44259094670898
741.5159076672129,84.0368963779626
732.1544444720066,98.19037400801669
704.3745920402584,96.5941373876311
751.0939937604404,97.44309206752042
792.9587590270819,92.77740007014708
638.5107439595412,94.98815316153781
674.0458785766592,105.36562895622801
700.0709027864784,96.55869594088355
717.9539097651765,92.84846455375593
731.912479527905,99.08262734654322
712.1967184995457,95.67504160411617
763.3855007281833,97.53838131613622
755.1143250616053,100.67051554473309
730.8997809784614,102.49849402720962
677.778329035479,92.15635972125763
668.5846387211637,88.6068812120914
781.443299263566,87.64136150911752
808.2132621228641,90.92492129610902
728.2245054081943,93.6990523072042
727.0014567308432,100.86785338928983
739.535716186282,90.70579629320844
834.351916520512,85.12646161256066
692.9250482033074,97.20788151460965
724.2434023326133,92.78616651935806
736.9501531274863,92.67528625109613
778.7517969390206,91.91350416561379
785.7549714298208,92.9769842530119
808.3303279070846,87.69700623575561
645.6954131432163,88.01930403446465
779.8740718890778,90.02800064973731
681.1476205064776,101.30846448447983
749.2220734654827,87.60488724161661
684.1574145383156,87.61035422098136
752.1542520346935,97.46277680124707
826.0990658640422,90.86028153902052
700.635938181539,104.32580709180395
754.78212997022,97.41405683168755
775.8962145183467,91.36815027655378
752.3987513033156,90.58608994255744
805.5636940745293,87.15382077517846
744.8092468682273,91.75628463680688
782.5022390102216,91.46522040264263
655.7899645731197,92.57791874247799
736.3286551736824,95.89024368236052
785.3099564907657,82.17518354648446
759.1842119993017,90.40736063855633
673.60541566671,95.75411638569882
701.4669837607593,99.74362826257918
801.6957061052741,88.99022803511475
755.57597437525,82.22268364741835
794.7203053201143,87.57269613193942
748.0667131986664,86.37490647973227
701.9888711715806,104.1340838327958
636.2157912807381,91.59879304522168
681.8419009165251,80.43179755043452
826.4280342881275,89.5724875920839
670.1261721639869,90.03614611831617
699.1563463692879,96.74379127580698
748.0118417584898,89.71421275699977
749.1120151503371,93.12198790504317
784.8640120850087,83.78989191832758
787.1627427081603,85.4489769636831
731.0932720585688,92.69317744785563
795.591885681531,87.03037238591098
759.3350263302763,86.49236455640994
758.9443095827473,93.17513713924109
723.2056428190037,97.9262579392366
800.8075131131733,85.81078616748943
807.1316570467337,73.82142587276635
858.8508995195306,77.13629547617401
748.317651033973,82.76346522546199
648.7433179682131,102.24176001939072
756.0989317173669,93.13932879271084
733.8039768197342,103.00895196415544
762.1320709325323,83.99865710626372
780.2731424190425,85.14397426902397
778.3899223817433,90.69661903612037
821.8629562677627,84.15672534851987
720.9298024334961,94.38846361141557
645.984036540256,89.67595512418318
792.7055283501293,79.21373063710794
721.8808700478469,89.63801704416228
738.5910656847547,86.39319084396921
756.8899170280904,97.96306749649477
728.5322198960117,89.09718703161663
684.3891455579418,88.56921969867695
802.6135033108928,93.09172142154291
723.1318029614448,85.32343292754341
704.1621012963193,99.02333220666571
717.9963495264674,96.83026714239737
727.9773049563989,99.49909691826781
812.2475900977852,90.7834378557175
675.6631530590028,89.55732804747225
761.5258911581543,90.38273663123312
714.4435826266146,96.65373286895958
636.4488323791962,102.06162489264692
688.4376684661083,89.67635628762233
765.335655999162,89.64463366434984
771.7753891941655,88.86329334374605
823.3662679000521,92.66340655031726
729.8088136698884,96.13872941208177
738.6593118779522,87.52255139220276
835.7057163621765,87.58865219334699
687.8564671861751,86.2508110056393
911.5964791767482,79.82116678250516
638.2789892190591,104.59777285495097
733.3385983052345,95.50311263040076
787.5408449096375,82.30959402854714
633.1659093235561,86.61136486839615
829.2656532120938,84.80980540206593
779.9552831336122,93.55775480599947
703.356209304689,95.81693745174016
687.383916841095,97.45667429512122
771.1364109195127,86.17416837561574
695.3390855177962,89.99811618384538
740.196750775367,97.65363228761959
676.1159578224319,93.10859944542904
777.3832884446372,85.74372341909863
752.6863528271243,97.49841405603189
864.3227051748497,97.27013177050402
658.9292222699218,98.3150227453945
738.2293906249253,96.58490238510592
781.1846546044476,97.42629559788769
791.7591835690334,86.4148578723025
651.6985819477353,90.38166591118569
821.5917009167678,98.5994778002896
722.7769853784241,96.46119793728796
774.4944672655,88.80415961007512
713.6714319631225,88.20825877188581
781.0349657507985,101.70945711490432
837.7629629365763,84.531102619471
774.044014421313,104.13412644890569
722.4454854750046,91.26996284484291
687.2909646902408,93.10807523825132
710.8391698821964,89.2362447617319
683.5572755561165,93.20169994398307
693.4950118943168,86.83863076154846
807.7322392970747,83.98378906640289
733.755278047434,89.07057022500139
764.3969655797328,90.33126270683593
722.890305107129,104.47330573137778
671.4603253686312,90.07088414277936
715.4083890252258,98.46572889345677
794.1091596636629,91.92853245103578
665.0062109610321,80.71550262285746
791.0068047293474,84.77892351744055
753.3364456241069,97.26274698776207
743.4682539294434,79.65629675276779
701.8671486175161,86.93353964127874
725.2038593394029,102.74342383182164
662.7112582822291,92.35372708871195
683.1590280161041,92.39197408722558
655.536733896167,99.95831235668291
805.798272533851,89.25957832151803
708.9896673377137,98.92063932749849
720.348601153563,91.59473129462535
714.2886493160958,99.60746706657228
702.7300375218321,89.73153175610965
805.2837041039279,83.54527466450705
786.7438827398266,81.86027198996415
678.9896673377139,90.64130799049626
664.0458785766592,96.80009681563959
805.0228065528793,92.57233551647906
694.3106947920962,100.9924204985259
726.3319440553101,101.9378438941059
722.4485670932294,94.29229080117236
684.9575099699023,99.29750807857185
753.4643234052621,83.63205719549616
739.6756060297369,92.43069159417527
751.4843477205684,91.33283330440834
585.5639589508265,103.72607613556424
714.4274541245533,88.55163002443255
802.1119347832191,88.23969022309169
726.5886729246934,93.10825964683337
744.6251025029239,98.30183547255311
797.8094786724164,86.97873882515276
658.4184431959736,103.81331103080021
668.4810220228289,101.51204939285104
643.9139572944833,97.08346670541934
672.4409992813817,105.46969000180437
590.2191243148415,98.63637957543666
797.5968091591694,92.478173513383
608.6115096628764,89.15393570866682
802.8821370501489,95.57442526623981
880.7999475201552,88.42685854359563
660.9472956283471,98.58088105252811
707.7237603262673,94.6571103193678
834.4489300610237,84.03647215241472
666.919588091941,100.81292053013942
781.7037826124632,86.5346820074179
643.9139572944832,102.49024694968104
667.3011636398351,96.92396842468483
805.6150583392212,86.61336738051439
669.3243944042466,93.2083129609279
720.5467168432026,93.46100743768599
626.1427157873053,97.70944408504144
638.755687524917,106.08241200418428
790.765525704917,83.46838069890242
734.3449596923854,100.52975182015963
789.4800689264375,86.05799980255415
772.4315825614764,93.01856371684481
752.4757921478887,87.77914497855646
739.6618690088541,91.38189139092025
721.2293630703672,90.35388254453163
721.81964035389,98.72263813493078
703.6590624064185,99.84659237623536
683.8834687496627,102.34417887451129
723.6925356502709,90.6944570664947
688.4080183755664,92.24292318981254
696.9435831254141,88.07931255785574
718.6099442995884,78.59499057212149
679.2802678669389,89.99787758533908
718.6511458282182,97.50297971263757
731.7378889745746,93.81675545876752
726.370629018773,84.28121443452399
682.2823200343323,98.30965878126217
776.6415979625301,84.33343665614835
782.0730366677634,85.20209386853189
773.1979971474257,98.21068839944775
671.683221669476,92.85580538317917
683.689083861453,88.42692771092973
806.4823956287983,83.00638854215433
703.4074293928215,83.88003002077988
695.1143250616053,94.50954294052401
660.8640753373012,95.81713241414369
695.4288076474643,93.16272924795011
690.2909053459613,104.34503575532403
795.1486376445657,96.80032105287476
633.8482301982883,96.3915027802578
806.9736061961423,89.74927970281641
590.1602785260983,88.36232677180851
751.0123943280842,92.65066377744452
689.2652937690905,100.06523741231271
719.7275705110278,97.2080630850953
808.6677300207809,85.83447568929532
693.4101937073443,88.95291717468001
745.8105904038443,98.73264747776821
739.4086383319014,91.35207095774152
732.2615096289489,108.73424061169163
782.816067486585,95.03166354196009
771.7509532163206,108.28794623223122
712.3938997881305,96.78247438104476
707.7387344241158,81.8400995984275
720.4342658880632,90.64555061610616
687.9529959697468,99.20274312216921
752.7332013084856,103.20706051162675
746.3990096776274,104.19642320668396
759.8116097570397,81.73648325018611
739.7934573806012,82.64929371700354
685.2733584216013,101.45595597069791
703.4292847981218,95.66753207608745
800.0078474682421,91.78017931667546
766.2229936881338,90.12384381184633
719.2233316973836,109.86678034668003
662.718606679467,94.41453539537598
778.5397617681738,91.58393981567193
701.5006759730002,91.6455164894552
710.3448660388489,99.89058592760888
617.9241716360383,93.46068440690634
742.0915549607604,89.92119473595626
684.243059865244,91.97656946510102
798.4666336146593,92.90439010372057
776.8813944044241,91.20444139606808
738.983111382694,88.42672772071143
732.0829028516165,95.54673770723255
757.7907400899802,85.00297419696318
748.1389353561241,92.13039604975944
769.0802221559095,87.69151967418826
852.346825394514,92.74399272662527
772.5605788197046,91.17989605516982
716.4740391097966,95.45452998128243
674.3165608751507,99.574435651423
693.2150232524907,92.62021198274314
740.7823664717772,92.15335943299405
649.3882689906728,95.67516465044493
699.68015556465,99.40433565790502
767.4127411748036,87.27602722902611
747.5564463240044,87.00102837353968
776.2965800957376,90.35751386312133
720.2487319963639,96.77808715458319
752.4025353124443,103.22159466665602
655.071938057227,97.24620237282949
650.5519988716055,98.63643933565606
799.9084748678508,81.94118461240637
691.2626769902603,85.0017640294638
723.9965491890716,102.23618392331048
741.8703711372868,87.33812051545864
666.9351041546067,94.56779170015754
740.5696739926343,93.83793346475241
764.3933889470153,89.82954402717526
841.9989494214371,88.105767072687
802.6940993809296,78.51562843643512
638.7010439406741,100.85031133500074
752.7883119825144,100.90679970293466
765.1744892716553,87.36857012014084
772.0760405027002,104.26911820057754
731.606882464399,91.84006226096888
730.0729295035904,97.02351256207288
646.4971792573792,93.84161500442306
813.3152173145415,75.95445470739492
720.6224208561077,93.49296688564286
807.3833711070557,87.4343671370486
753.8473325952846,101.58066448753856
777.2812451876187,88.08604969967428
706.8174049389033,99.12064153545492
686.570141773973,85.78726337905829
715.087567096732,85.89063833794918
746.5190070879668,86.80123495675893
744.631604341546,92.34592020794973
863.4744961743542,93.00410163146364
734.0471646214111,97.30121686874404
677.4877285062538,84.09239488860872
677.6932093377744,91.99337207479942
695.7795046356034,97.7528766301428
745.6868676246521,90.86009877589932
667.23543654364,91.24648696837167
723.4899252192001,89.85609145740656
758.1794811131849,94.5295833156753
774.4814722287543,83.60820350894079
804.4878991923453,94.45711892614561
680.866949498818,97.89876449831509
759.4235305005013,99.66172760489738
779.4881898484525,89.20157662152344
760.8511274485201,85.1223060487179
768.7858219374571,86.46177148162523
675.8724567864579,93.59718698941553
837.0531086531662,85.91160120408244
789.9122949429564,93.59743922602821
679.6788695198981,86.3241636647276
698.3193437703634,88.28485995475769
713.657784227313,99.88111195632928
808.449514979879,89.97848779936278
707.4773360817354,96.23216045912604
800.4145544249193,80.49049883302179
733.0692074016481,100.26315718714937
715.955926701756,100.31480639263359
626.4222328045784,95.63712537185692
737.2169453062014,83.36221520539034
855.4907315579356,76.88543621311283
782.988639777061,76.42903407489409
699.0443346428125,90.20900019101887
826.2388664962577,99.17750612270096
772.1728559970545,91.21532998651314
722.2639556381401,79.86111276449975
658.220143430316,101.61000682984836
772.6292309398472,87.81385167736033
756.9619521252298,85.48466779948969
670.0221602220365,100.00722220420081
740.503231332719,102.4974552925965
742.111260095539,81.9763841416753
720.9472956283472,94.5855165821723
689.6618434148329,92.3920175659376
705.9568114855969,91.42651864718079
730.4167726932121,90.51692369741272
704.250408262482,82.81315452926872
689.9963172506461,93.64110353059007
753.118494377178,91.79212562604924
688.1284784065375,95.39879597161676
722.9784057427983,91.53056512411173
679.4531113030272,100.82894124689982
752.0807578385281,90.62161423350196
823.7540263314835,74.07983862218784
696.514559475391,93.39221192243295
709.5721959387133,84.9248344295524
695.8001093707329,94.83435085108711
797.6424088446158,95.43670805810038
753.0784454219538,81.13077324786867
637.301163639835,98.03103489487398
642.1325014457502,99.06514303788936
786.1126529262147,95.35355552510703
768.8328406004331,90.00484653084885
694.8749165420205,90.2538570626031
690.4824997894071,89.33697582411645
797.2491577524877,85.43208182566084
710.4824997894071,92.53391340709253
756.926469399393,88.39697692926936
697.7865204217626,98.11743184129493
627.2792206135786,88.89053858179115
693.821005143629,101.90177869993224
702.927271056792,88.6557265623475
729.7649659573217,94.44377307302629
705.873117351168,96.28679682035202
744.9967504489849,97.78676326882317
773.223003933792,86.59367302905126
682.6812368271947,94.07787579239078
774.6709113683854,90.86279311223151
751.3266529079482,101.2309591172834
786.9797177066059,90.90737718898906
731.9080951025061,89.78710096773655
704.9813055059274,93.24973248451177
687.9898987322333,87.03622009058367
712.6610472486999,94.20903435282958
747.1234277726542,99.32534065417272
684.4548726541367,89.64065889029816
711.3392873216154,90.86702831329464
632.3752721851868,87.68540468123494
685.8273344253922,94.83403280790459
850.2696802789576,85.31244512456556
710.3725215334877,88.14392350986228
709.1268706482927,95.53369183413825
698.3267752167059,93.06689991379412
740.7914925276754,86.28679002790508
702.1336336350134,95.27730785377481
713.5315031021211,91.62714690410196
731.3652282046884,88.8909995483207
725.7719997537157,83.8570428787092
654.8016790563796,108.24575693878015
788.757086546508,92.6759932981214
738.4040703783563,98.41760266894562
695.6106825882881,93.21598857151744
779.3090922006473,88.25021220954393
705.592316194749,92.2118031268824
682.355397746595,98.49493603342454
703.2013018221603,97.8300494019557
783.9443933385996,94.9536669901306
850.4205116004339,82.93829325430272
715.6657420793657,91.68020648567168
748.2101394475455,90.13962023005786
632.1024924220745,104.53208206107197
751.0302964565125,91.09685733482196
708.8300730971814,101.80953626641696
691.725608673854,91.36786746080641
729.1386147249548,90.30211535994563
688.3465688250228,92.20516343583164
779.4949423503749,84.0369126894949
732.6201586411435,84.06815337661419
674.114480055854,91.87248742922192
810.5814865175712,81.53447821682602
733.6329558288319,90.14221134805264
765.734382274538,89.87368964722448
651.9348530673794,94.74756911573058
743.6212895566856,98.05491793182327
654.3911226901273,98.31458760234221
795.8737578435033,83.18207609061645
740.2647518382912,90.3115249439858
762.9838999099399,90.72472510148577
777.3177592316822,102.16883898738267
730.6773641987616,88.92094495863901
715.3793406938697,95.5510510611808
636.5685424949238,104.31330097764037
667.6827369688995,82.88615537297613
709.5741732923815,87.31977900749622
800.303932239359,79.10695562909916
630.722422195317,92.08770786672132
818.4332919142903,98.6622469625517
736.9597305860109,94.4830503793811
738.7591918581886,93.70931713743805
757.5348660721031,100.60862376097424
774.0694065203463,102.40656850426959
683.4915484599214,93.86588087030894
770.1841692441408,84.40367528104483
749.9743742243897,89.0445847494362
715.1789476524273,86.94464958365317
629.1483465847631,94.85209287658355
785.3710422658954,96.22727189297504
774.4659561660887,94.63647749247488
667.6087902741253,97.13443974433977
702.9538725370157,85.97291221695575
698.9409663465839,93.25013203450257
780.01089734652,90.90633079139792
788.1280642566669,80.21276970849786
714.3345019736989,92.91100390416578
709.0728876287599,89.00157234697845
669.895209865723,95.27631796657111
716.4703083156666,97.85112282479601
836.0248581813464,84.03313785369733
748.1730340800178,86.94961221864679
785.6697873676061,82.06796042944627
734.2459342482438,89.83870914971024
701.7681996298267,86.74068547745635
730.9180934415024,92.43021540048306
723.8039790385637,97.85138747988272
699.3683923332514,88.35825404970039
695.9944942589425,85.85659096191588
887.8886957331464,84.62475403988475
825.4375637501181,87.0749839989144
681.0110455923566,99.3181613634737
727.2423178510921,93.6528002621331
665.2281922683939,99.85446833220243
678.6129433050048,92.65784417351584
771.6899307165837,87.70289119786868
728.2982400832149,95.48528206684651
773.9889505438232,84.09583503005591
641.9782066241,100.937134102869
700.6004454339624,88.98771759173204
785.8808257945456,109.90242575665934
793.1021528709028,92.0006867083413
667.2423178510919,86.79112929711978
713.8662404815339,100.04637191310624
829.6782411234402,85.38381456278974
699.9286367624554,88.8907764894033
677.2082114889807,88.00160221939038
715.1733707945823,92.53330550272234
613.8482301982883,102.56359461711928
772.691408943272,88.97561852567661
735.8556916693146,95.13447983199286
646.5623454730378,102.37987255600048
754.6312938052664,82.83333713441701
750.8543434774928,93.20827434273443
706.6413571194197,84.10979554548423
711.9355373529454,101.52585929636517
707.6002571869201,101.23754057050407
718.6675868892476,90.78288078532414
692.6610472486999,88.92893196277335
777.0934803576303,99.5847607259287
820.0421676894196,83.00338694462107
700.8928996710096,92.14793811278196
847.4536874383106,76.22705964473732
824.795628263744,94.64760456990227
725.7168890796868,90.35755528460327
659.0339184974382,89.98020032234594
761.4863495802016,86.19426607571678
635.9840365402559,93.49864084610176
782.2064862131226,76.79540868723232
797.3027629188841,96.70586451292678
802.0032979196961,85.67400613948585
673.1492961562958,102.61892742219798
911.5003916549723,74.57821742852278
756.2474120148219,88.74864896139516
693.7175540822149,91.18988299824127
682.6913816248078,99.47708245988393
746.8169040812785,102.42139046733145
737.380222837716,95.81975795454233
679.0340314742775,103.34561119446975
750.5194917885433,105.98857426552131
735.0066780508181,89.01487173276163
722.3250221786137,97.47046288664566
705.2926092857572,87.47324465392455
719.2497793221183,89.77895509695288
771.9383048561972,89.34933422631278
636.1022363921014,100.9160021264363
692.0362858047347,98.71363425502118
752.7332013084856,92.57150335295908
717.0105628891271,87.54264491876643
739.5175857317042,88.36271675789651
672.5981162396562,97.5849130374954
745.6280218359093,85.65787205259053
643.2013018221602,97.92795328058982
753.224755112299,99.13812502176286
829.5247530810934,81.1341787574392
749.243936432513,80.3035412964648
670.4891581815355,100.01970199834096
701.1429668745327,86.78355648086968
680.3353468130185,94.03991933484318
784.7132130991483,88.05561247844606
638.5423646936248,93.01447887887325
790.3256730521265,82.48962315989064
642.5798040898393,90.64133726405245
736.5796581751281,100.2504146558898
682.0005801635745,87.03649077435807
697.637689482865,94.20749137517905
803.65104319016,93.09375317939791
732.0720232991766,97.86625186249417
791.5493809110652,84.00583817268713
746.1829709633787,87.30233693448204
713.9503143229306,97.99140386862051
731.377572167371,93.78237638339272
787.7538717870516,89.8930277020219
764.641249963521,99.36355824844553
732.2234762429364,83.29892156860804
606.9618621194801,100.850876963279
733.5204006316334,89.30192098656785
877.8425067996565,83.99453750584355
834.2752533423613,87.88862780795043
815.2620072569174,80.55591079147867
783.4616979744237,84.27668014567497
812.5156762726932,94.41449051823817
699.9372099649097,96.65654085145218
663.2422483071501,105.29620683186289
678.028867863555,97.31495887304202
714.0673545131298,92.3538185177125
825.6072154121192,82.37259811529827
658.0151464332245,99.10036856371323
756.9387668781338,85.98224667834246
772.1057434808769,79.52242721098467
664.8139336262309,97.45165853706266
702.081823322435,89.21262704305153
656.2746370694813,101.95754167867601
774.5974376769428,101.54125271878937
711.5625436726303,95.43657369371128
683.5080310749295,105.45216890224428
710.1082310654389,91.0742169142122
764.8917828737073,94.19119682631954
738.3356099354874,91.58605037080831
710.6861708201172,83.2880940964147
675.2857279783052,95.55062802393181
719.3782371698991,93.26167630007095
658.7747708213938,89.66337376221162
744.7541106861228,92.96692586831199
771.061723715672,93.7098514672378
700.1739581616339,93.20847152426506
795.4003230278065,77.1448593581974
822.3624852748959,73.36303131473339
652.6630243808852,91.87671293635347
753.494788978993,80.25214402328074
719.9564091835028,82.22055575565037
785.1704022879765,75.75455128839667
667.8584445398434,90.31994023248596
649.9272708966154,105.86180626679625
760.3356289835302,95.31445724619765
737.9407945463498,97.30257340196934
667.4768689919495,103.13404922638973
739.5064688425182,86.89406949326215
769.7442149284332,91.5254120376608
733.6358412010566,91.20418494544145
671.687719071714,98.71966220778461
701.218538807375,94.972907716749
768.8309880906645,79.92984345096212
776.0792722557253,73.98118788835717
755.5582098326375,89.99797757765403
852.8906595976238,86.58951793061134
735.7516560065084,94.16024964854238
739.0553944339086,95.35395913921283
761.7591835690336,80.49341390548892
656.181684918627,102.02730638301179
698.9717262391656,100.92019628905568
683.6009832257837,92.08790905162591
787.43774796117,96.60871708191183
761.5369356999865,98.25715553682873
749.4197218438536,90.28787960465667
726.8890995471205,79.02964938455858
748.1447074651417,96.60870781242163
725.1738378843683,103.20707143471245
751.0735321568444,89.28946342325274
675.1157587037337,97.97553636817148
742.5849342187843,98.65676132856782
817.29538312862,90.94643279760848
785.9956127360153,97.65158089292741
818.807293885901,89.55493042874949
684.8010554819436,92.02380996805807
693.7247895026135,89.28928058552992
649.463280042979,94.67870987319267
810.3508712274704,85.6452432613776
682.3458242770424,102.15561621243569
796.646752105328,98.1770519031075
715.4588846486907,85.40045095229063
699.2315941942734,94.08293998329981
664.1827040341016,98.9761549785391
748.1940368527295,92.6388754583302
772.6462154716003,96.57909682197526
724.4733759668537,105.70403166958546
762.4663468851057,92.37103039423397
812.8567761508359,86.78330463368412
759.9062632229811,98.16298810033122
639.155227892215,88.20867086083406
751.4790049047264,96.20374887500428
658.9019972152623,95.03167098068732
751.3919937312914,81.26368175611523
763.3312976177134,94.75998763623106
761.9178628160831,91.5717918121306
609.7718216707524,95.56805675202031
743.2725151702601,98.24066086819937
676.9760841859526,98.99956518758242
695.4710067999722,89.99782403390418
654.4425030974329,92.53381343081868
776.3870878031377,79.56938491425426
790.0957170881414,95.48738635563026
797.0717738276429,90.20480021727447
643.8177416534678,98.81619164782907
750.167118427494,93.26357566417755
782.3691189554428,82.53941131559378
663.1103270249743,95.15583571122275
812.1548771743479,101.12157319660211
660.506832718398,100.56015413291568
691.884532771374,87.91284998761566
686.4722854478521,85.35433298983466
807.2096105105718,83.0673725270221
692.5951659837922,96.4096764233142
769.6491984560474,85.89872526296904
763.9598791367839,85.97381273002712
735.4437817453128,80.46678048248175
680.2848514110362,100.38708795994971
655.7343822745379,81.87767322938535
755.3277343531123,79.55695225784628
656.1427157873054,97.52943083059108
641.4501805710181,103.96652553792508
679.9694700491232,91.56862154491047
736.4957207738391,83.0853994611389
768.7467697570308,89.70749613405621
768.2921187157039,84.6487095099975
760.2548299560017,88.36193251963363
694.2298057461824,102.27964461274999
709.6198008158315,98.54014718788864
785.3461730460972,82.53875783181071
784.5518959337207,89.84147569901035
762.3940127649698,90.08110785549876
690.6393148811101,92.12910446519024
713.4195113650014,76.12081793172482
709.4267373306627,105.30643258779253
767.8600438188926,85.64610572609756
716.529662378769,95.22395086939848
686.6534334685459,94.20434249314458
728.3111182275021,96.510676062766
734.9697211363505,98.94121226063905
815.2559626891705,86.07816875566947
730.534507059877,99.82678335563234
681.8877513552986,93.84745892292376
668.6348497546932,99.74424511226154
733.9022483024895,95.74400899254083
751.8420138933643,86.77296087689382
689.5031641677836,88.4266863169107
804.695510637579,88.53012143373586
706.504414677778,84.13955377115376
755.984036540256,86.07084279950546
784.1621373715706,90.1660721991179
664.4298611962842,89.01483032276529
820.7177202335394,96.55808875676986
731.4512990480907,95.99589603444055
771.4229555163586,93.80921032723573
676.3793332969979,99.36633779247751
749.1804755932061,83.14791189354685
706.8076802746691,101.03366354399672
651.216200758221,100.23622410089683
705.8677442975851,94.91037090381592
721.8808700478467,108.81113513046452
723.0052527228385,91.1553763282149
698.8765252951408,90.17747754455215
668.4835189048817,92.28506202635907
816.7329317588566,83.11292124489334
722.2778058740001,95.13870408475938
732.4348460516376,86.77015706576769
741.3888491542473,88.56929041628543
676.9703410902875,89.39193796489576
725.2953014478577,93.78257638674727
762.2165929381374,101.27102131713934
798.5764710557361,97.85115950806122
767.7250129937852,82.32406039349668
727.1327525329776,92.61956582336346
815.9093561563827,87.09450347354802
801.7595636545434,88.26604799729863
811.7899223476421,81.31144035158856
763.6094638122848,86.51683877972609
783.5678644724262,85.7303531419631
670.2479486485497,92.49499797595223
636.3169110970202,99.74338566298661
877.9007671670759,88.84556426628873
710.8933126088143,92.26040498861728
772.8138094966573,87.1498183162662
759.34646205292,86.33706811419903
653.0831019703148,101.90196152304497
603.9647102928299,99.7434868595753
746.3403914841405,91.01001464633416
675.2370269871753,99.55030466900675
800.5631145518098,86.75818076858637
651.6079211037284,98.37026893673053
767.3879187688034,83.92561373432993
756.6110464641678,86.18171469848025
698.1470677154003,93.86009670997448
658.4730589673655,101.45060293075913
796.0432076814312,98.73993981193983
694.7191868430414,92.56098214274832
761.4196050588025,89.63085192435699
609.2836857399956,96.36342632667088
702.088248067196,96.47713004112269
688.2013973464642,101.79298912308496
670.5008641855993,99.19853189057991
760.0611293533582,83.3619311841127
688.4376684661082,111.06067020237971
712.8449741967403,101.99678254447565
807.5706747435795,97.55334559248189
763.8318883787894,88.24353602183118
809.8756476137294,97.11315279012301
775.2788722648744,99.4047196584629
702.005951207144,103.08708714952056
631.384453474823,97.68301603811295
728.7706559997116,84.80789646719494
752.5269195580238,96.5192772272749
622.8197264957491,104.73952849314792
708.2013973464642,97.25426637648305
740.8068288276072,92.43033687373502
675.526589098554,92.09647554600583
755.5169286422729,97.8827333363848
715.7060334236685,104.67244903752265
865.6815978061255,90.7442895862868
745.0350352947405,93.39637681532557
847.9594467639808,81.04115397084131
814.9857572753401,88.31740421680664
799.4170931028985,91.40510850213832
689.9289908754022,95.06976712167274
722.7788533920564,92.77533771284183
798.5827192449292,87.4863125341321
754.7397184421193,89.27102313967625
696.2547186172649,90.07467875506822
805.0338097242042,85.10510612333798
794.1833554213883,90.1026021785837
811.5530126431883,82.99463143312387
699.100931638385,96.26308441552412
674.3174758686338,98.31491183322875
683.4771619540072,101.272137613597
805.3491637676527,90.77443864390251
657.5022298912627,98.31449853778749
665.918309444061,102.60081972416774
761.3824761211548,91.69779436395172
716.277511230998,102.59300431750692
730.6396689940568,93.42371784154857
794.4265565215493,89.26803029621404
640.1170657842204,101.76495560346555
687.6997652927942,89.21216611973834
698.3232403787836,91.17369824133212
625.3663105724555,100.99244236971079
799.9171528919795,86.39276660236222
750.0340124553509,89.7738359261302
762.8637678258567,86.73071760963185
616.7288210210221,94.49138547682425
647.8974136711649,94.0485455854806
646.8388868978976,80.24307302200314
761.0488855358886,85.04531611917325
732.6734168054037,86.74964270998827
760.3664523972068,91.44400122996913
750.6465503015089,89.41843464667075
736.8266359410868,77.47029860809884
819.3849914129197,84.15255560142721
786.7773065534991,89.64646664001398
690.1920122370211,94.40285929251903
622.0005801635743,90.96314221263206
755.928077157638,91.76737028731591
803.2162218036109,90.71836269274725
749.2306882313409,85.22700349982091
824.9934364851315,82.04723937356465
832.4637566976388,86.44416945853177
737.6260640060957,92.39170425671145
724.3340348839129,102.6016974880503
729.5837723559554,84.74332490577441
731.225420114827,95.68787406661474
739.9402678622783,95.63739103723401
701.7967347633177,89.43364032727307
722.9766545642914,89.15379430550267
735.2461333669419,88.42692856421179
742.5943841857131,99.89305292940176
696.8032958492701,94.66127619549486
744.4635101568975,95.14369107459477
703.5965988003848,96.22462802565371
822.786748557234,84.54522051672204
682.8048709977936,92.21189218640193
637.7654923889891,94.71015440365144
754.1538131526366,85.35406723550365
810.0746730521541,90.90938722131555
671.7489487656708,90.319445300434
709.6618434148329,92.85518116272686
647.6068131419397,90.78338666286254
697.1986380194281,91.31566770514156
782.9965767830514,85.17482679374608
736.181684918627,94.5326075888637
677.3921384370212,94.96583133745443
787.8697992878613,89.95611236434326
759.9302360415045,85.2480856884037
814.2648782690837,91.45782170551819
739.5474153275082,91.44412309195917
748.5755734527323,88.83322414861361
811.4815761709482,96.51706630325454
809.7729538600154,91.8906256283274
723.9955582806539,88.19591988526268
707.3194757896518,84.4866203641423
694.322482494955,97.92788339313095
685.723298762586,95.370572152387
670.2191243148413,87.49975557012729
764.5467258520817,104.3462471954611
713.6891968382923,92.68999642383976
767.2429784158022,82.80532197494429
737.3600072097483,91.722435724482
668.1218200144092,97.52930157102234
724.6893195567195,92.0700486806058
668.7747708213938,100.56528827326248
682.5866853972911,90.88625734175346
728.9684388066657,84.43130469590415
762.23396150157,93.23451097003665
644.4269870347672,97.88948042521042
731.3107521881245,86.58983793509793
704.4678024439866,88.42412316567417
723.0108064877414,82.14783944424387
700.4837858341589,86.73195923504115
844.5053276217458,83.81590161920516
679.322541894478,95.21148777879343
730.2937990873231,95.03537774127979
765.163379944199,92.98511821018349
788.4195040645752,81.85720197634816
765.329625005749,86.30846910635476
694.3420346684377,89.03397434977049
690.8153743461713,91.44373254453791
711.6478289493889,89.71025632045908
721.8874381210014,93.40532263246999
793.4682539294433,86.09289319081931
728.4810220228288,96.33632616487793
779.3137348789203,89.55787653123126
739.1941970235366,94.5414112642495
741.2086939707274,94.56823690053102
712.4941585414279,94.62540101035135
822.3105569458197,82.30557355987926
652.2823200343324,108.10466690883314
726.5907027169602,87.36280697289378
688.7990132436341,87.29924409458067
785.7206942214412,90.97177836857082
697.8584445398434,95.03118525346773
656.9921964955879,107.79453975896786
739.8185453082141,90.00979500007982
681.5991993617861,95.84826012414936
716.3935214283755,105.85333525629544
767.9603778359597,93.38183428055348
748.2902325043893,81.0614369553238
718.9308215489708,105.58891414841774
710.3943991537379,95.9413045822286
696.0276593035226,99.37859751456391
824.8884779774899,90.3020567889442
805.8995633602092,84.65702516183367
765.7881004177736,89.49528052896702
729.6516444652387,92.89008244531466
655.0571205128848,98.172914785138
834.8018301058172,95.33651886954445
722.7095071037221,104.69406089520574
698.4733741072687,97.78662187277278
757.9529959697469,101.95769522592137
635.079286454465,100.1899337894428
801.3076790831981,94.88275229949916
747.3368692809954,99.0742002420689
703.6233567652581,97.10383967079746
721.9734680857543,89.91456565251116
662.2339341831056,102.03437335138452
810.1657726932399,90.34069939258822
757.8888223697795,92.90229025868986
696.9403196352529,102.702550708621
648.4810220228288,91.17367066063113
634.2955328423774,98.81620879238483
702.4644783995105,90.30173254339505
744.6000301293924,89.0177667866505
855.3060776434022,86.5140885199159
707.9246387258244,97.31881992654833
778.7355879521717,89.66868948814836
727.7415827576423,82.54712459577595
765.335655999162,100.63964220221149
726.0314846423852,95.79149705335989
735.3549594077718,87.26895393652572
763.0550160741535,87.43743566756832
758.8582131453238,88.14323480716875
711.5747534559558,87.2157384047897
741.7189273106362,85.9291189969964
663.0072300765067,88.85180129908308
740.1986192609621,104.61473241269225
679.22095498841,95.18541944882828
822.4247012540245,83.18254175393133
711.2257742277737,91.99323536867533
728.0118417584898,89.99778733027968
783.4613726219915,97.26368587679814
760.2925209082177,85.56504007659886
750.648149580558,85.54186047535681
780.8142221310816,93.30324136027934
770.0332200131328,77.29034633739921
687.7703439041742,96.58517134410735
744.690829599119,98.90289345498493
660.9099257760747,98.61932030831487
736.5335874242232,99.46731937291774
667.6068131419398,103.52876342497821
823.3225951319982,83.614466846027
773.3894899099668,90.42263901197528
667.1205413665293,93.35730944371652
685.2461333669419,90.49922809776542
766.5180943133134,90.38866228513056
678.4376684661082,101.63613372591503
743.9589490781441,96.38526199422421
735.3798045241219,95.86302425855409
770.4837858341589,86.3064312968504
744.4071103773458,92.71476853463678
702.8754217711702,95.42348635282292
758.0646008231795,101.01249210043919
720.4260388463571,91.50988962411266
712.7774524682102,93.42313589954333
728.5313049025286,98.83218852497419
811.5515263409784,79.97821167257891
716.120342247831,90.0842225776918
760.7711231864469,88.14345785159173
676.8689099686259,91.4265818584484
741.163942019671,82.36934758817655
785.0890533989418,77.649387698898
768.9925414992306,81.85249738863196
776.5756300232248,86.77019851048392
783.9130596914795,89.94204185807706
797.881698523819,91.32027545928352
771.6146301508362,91.5831251815664
688.4152949266339,93.33675364741299
746.7861565458829,99.12633689040148
878.9531859060852,91.38172922474016
713.8542139027365,91.88629816638615
801.7213835697645,92.48953246553026
656.7876668097651,91.85227424378498
774.41834400369,85.97842543611605
729.3125379117075,91.30249254852639
726.4813194364318,99.65303161283191
729.6098789335418,91.99377673999889
830.7865102576836,82.2475834587245
729.5845654954171,87.41423556112207
772.0734833966632,83.27421348552997
778.0187230659418,86.39304525087036
804.9683965811882,93.54158496158679
733.4113199787178,100.45992854084434
708.6056457806286,103.05708746197638
695.1415501162647,91.02217762042878
700.7620168066803,94.44367929795183
710.4524783343727,83.7450454631984
772.1352192018721,94.95839872333086
739.8294827695282,92.14720217561236
743.2761084535443,96.81929206142104
838.3170223835888,80.40128646270381
681.6373690118726,103.24973366119852
744.8832373551433,98.3142942400332
771.3348548806894,95.59339784862313
788.2994986575344,99.05518377749684
702.0951315934776,90.64118839798438
692.5594603426318,83.93363195182792
721.533021393234,89.43003582535277
657.5022298912626,100.90945117438433
728.4958163836228,83.20003678864525
830.9464488982051,91.98988679373105
632.0005801635743,102.88497829713097
768.3666593415104,79.18215686017034
758.3336325818191,93.89550888995828
808.1915230986269,86.5048949816692
651.4570618784699,100.51743825538247
778.7874172284796,88.51039318309991
686.3453813177819,97.62642593992382
702.0727580540034,82.20933329248143
682.9751008465809,96.31824153621939
720.7053960902518,98.49454108680514
740.4047615214231,95.56145264387061
679.942244994464,91.09113195470044
750.9112660645487,94.52958331094025
791.5567293083033,91.4315078239105
707.9461146622948,91.60619312442954
733.9812836697274,86.38073705741368
791.8871229588408,83.2339905454514
743.5064949830572,95.64270265071445
723.9427816281917,85.7402082900144
816.5685905396999,84.55063204570334
715.5650911400894,93.84770152377224
797.5152923892317,86.00974948725408
818.2806107130579,90.36638488133839
735.1814857999284,89.34098919439069
707.7894874224622,92.19721663587107
756.3161264708556,101.33483896798039
860.5447394895344,83.08295006320671
768.3515976227059,95.85503649442612
741.0101608085162,97.88567439425708
678.2786351061122,93.17700121827049
676.4612019359,96.47778062788653
749.4121891491149,88.9460554839012
732.0395492948959,93.70977719547493
716.7115794573041,83.4564330812713
714.132337216166,87.96644199751987
749.4750241196411,96.3604923637475
732.6230499874682,90.8647487853262
795.4823357199998,100.82438561434289
653.689083861453,89.39256217572516
725.0302059945052,92.33903205511788
680.5103854087768,87.55131259479302
804.241652259953,99.5949819674711
790.7659953194567,87.62219623812389
749.5688912639787,91.85306291734919
723.7831873876594,94.39664728020131
679.0826194885681,95.53360899482018
717.141871030879,94.34952864645285
770.3366571888477,90.69648224600377
783.7739748350753,83.91928474940424
665.3514550745001,97.65364441831352
726.1310067953116,103.99222819627315
759.7785307178602,86.34287768858809
698.2522312541855,99.78182610810708
798.4688828698071,85.21700400997496
691.5127981242816,95.32367423719039
727.1256714954743,93.49287095931587
725.3119734399761,87.9490551326656
794.4360034479341,101.29427028762376
733.2023815728248,90.78269794643245
708.9511652961781,94.06645894218691
698.7921319361822,106.26461579619054
836.104678735711,77.56082388627368
661.1561163859146,95.27656056812934
658.3008668393092,88.08767651879667
724.1758227266496,89.28544807866942
832.0646227381962,78.14530315427307
617.3454147995595,91.82133277616435
740.548693975388,82.09576600392333
711.219218272754,94.20776204944823
682.8796707722092,86.01282588234838
775.610682588288,85.28546791971836
815.2082946376637,89.82546042972449
633.6890838614531,99.92344034727998
853.8803436161792,82.55319233014708
736.4548160836442,99.0830264934407
809.9081830767636,99.56418393430089
755.1175655806769,98.73376036673332
776.6878311326291,82.19315345452804
708.96441941524,95.94131670269458
656.4612019358999,100.6708820628591
755.0107011676963,89.44699668749223
727.2117423388767,89.91447422868889
758.8619717774573,92.15636438720013
793.8460797062837,80.31568934629136
785.9560415808506,93.41883880871167
770.0759648448208,89.31562259248358
738.2176574890644,79.17394272338262
766.4127496539994,82.74222064628931
788.9273920303365,87.38915812758006
679.0189443995897,95.77081821814907
664.613551901186,91.76621086755387
684.2503666891698,98.0628098714644
752.1973309389414,87.80406524581157
659.8375487669473,99.42173630728327
747.1413915097341,96.49939662491465
703.3735778771232,87.4304362287421
727.9331193123255,88.11347536232782
762.2624455957406,84.17851061864195
672.7843337756622,96.55795960798262
749.543670659969,102.29610436884325
737.9461146622947,85.92935956711092
726.4430495594613,90.81085491267262
717.9903658220194,100.92402116538344
808.0193836306519,92.07596114001542
730.712390374543,93.85361526597755
758.746671464124,97.36466622597814
793.7513814390139,98.92741450329612
776.5595296540027,89.60795036587112
780.4252532797132,80.24374582894386
744.2324434430781,90.71442670609851
647.373772043482,100.28437199528153
718.8650944527759,90.15132650775263
710.3256730521266,93.8933335736498
726.7446949109975,94.58543062711034
756.6398707978764,93.53030491739369
673.4258213637265,90.72456132478358
765.6799840983705,93.78543208202389
788.9403379501259,79.68965031337406
663.7130788949262,99.11497339530686
727.9541144468194,89.14558821674154
724.8010554819438,85.16980751489999
754.3040134288783,88.5688892623501
705.9183092225783,98.81266027311078
726.3044998210362,86.98032662615368
695.0171482008635,99.96213273028977
670.3510455970172,95.94139483833087
640.2912610939354,97.70900150937011
667.3181897449002,86.44858936357579
735.4993640438945,91.46460400115954
688.7575400346857,97.98955839339438
769.2473819894599,87.94001132763272
693.1001822273612,101.78977748844434
693.2795116733811,90.65569270556543
799.3761302545613,93.82814107170928
853.1421360577143,84.56210487460743
753.2400300388571,97.07570227006988
717.5495650165524,90.20052918350741
769.5369442549517,94.0488393522433
694.1882334679269,94.44333672614484
834.1836359659068,85.49667970765577
698.0411204360593,98.95796563326165
757.3781677229061,87.31982041681583
771.6598262567707,95.3120961774669
747.4784682709985,94.14702722734327
752.6017471160958,98.59866450982977
707.9461146622949,89.75257955814298
771.3429548910885,82.88717787965906
787.8941087749477,90.75272920765119
752.2794717008059,82.78789065324486
776.5343309720269,92.75177532041441
681.219218272754,106.74694509464284
747.6581518299652,92.40967800985041
741.7423803792923,85.66544605668231
712.5574305503649,95.47745699188985
735.9183094440612,80.07182954896817
771.1869459112947,95.5639617374941
760.0889152885538,90.51931107579958
735.4201996852279,80.85720587884614
846.8962756840145,90.52742184847943
680.060445067792,93.31931277557922
701.3285170632945,90.70001023606902
704.6011823444821,90.64086067558458
706.0051061463416,93.47247255270877
752.1020463699049,90.44387099274965
768.6768062458535,97.80279784994147
792.7885459407171,96.8921789826508
684.3316098480304,103.73999817004747
803.0437023257755,92.37150318560313
707.83168657497,88.55132412914496
696.4975333703259,81.03718694366431
678.5615434798177,99.19088704712469
738.2975619430918,89.12616871696233
695.6681880885569,86.53494648889644
691.7569485501956,99.02604550420742
792.2564485374226,77.30735201774009
707.4838379203574,103.19198527231227
756.3893472403231,88.27032584219049
822.1995145866971,99.15557126611151
821.7797502315648,91.04984559580559
710.9064623416795,94.44673544402431
783.2984819930188,82.89232167994724
778.1200688359023,89.66181179955652
748.2724332640393,86.71452271941264
771.9649615402338,93.36787409254427
651.5421940075333,94.99649659467491
806.0609025655484,92.21101259722352
791.4841146727853,86.08573064777688
736.8773889394331,82.63090613964002
779.2786036558268,88.85219623571787
687.6068131419399,90.96263430032728
719.9743742243896,93.84801597418723
657.9903658220194,92.21236403634232
744.465983484553,99.18514729572556
676.5541540867541,102.11318072692907
808.7946839747028,90.46009914317894
715.4437817453129,94.83448012386172
659.5994209933726,92.77847251149127
804.9602277260241,85.71196173272389
739.1062604090945,85.36760819632413
730.1316581944092,86.42396991898156
680.995529529691,92.53320634599278
794.8483071577875,94.66776743461212
679.082619488568,87.49981531930027
736.7308998212161,89.03165479944212
745.3791531368349,84.56020640391364
735.2461333669419,98.77909860623696
632.0005801635745,90.82154428908882
597.0548142703344,94.06661186953862
785.0374810928797,81.57737769883187
681.144944006718,104.38279381037992
718.8360014082471,88.70898792669874
742.7461050467941,93.4500154298469
724.4909629524552,87.05739133515017
768.2638682167498,90.33219894985282
806.1994494612392,93.3116066822318
796.300569277521,95.7860696119616
713.7989008107007,89.67066185991925
745.4676775726773,94.78695555980048
810.4627247999941,83.10941832644
816.9699105770698,92.1914438514706
648.0054147948989,98.63652098411903
709.6405609532866,85.94670249038343
745.931906030492,95.24916299167843
659.4154940453323,93.46073095050293
671.533400862064,94.09675290143748
848.5417662188235,85.51251673489799
601.3808768421057,104.67426193260663
754.8895646054143,89.91419533561549
696.1715401210137,87.10111007062824
774.1773211234716,87.03589123279083
656.7540687220132,99.00867513873855
781.3273199419682,91.84285851339537
706.6562126173752,92.21196289922457
713.726701119148,87.57661029333259
787.1232391332956,91.49180822197354
794.8897640222417,90.83847927719978
711.7489487656708,103.0651623525122
817.5091451144756,96.38843821662476
725.2969993421277,88.1804806886477
701.9514486592267,102.22395349006882
852.762015934624,84.99587524077084
714.8911544772494,87.73987571833207
742.9596086145585,84.56010231842198
713.1103270249743,92.21220428498691
684.9201401176298,89.07065308038254
794.8855648785127,89.28928141473874
698.1497056337787,93.97997193096859
786.4349155955796,92.33669740150867
824.176921214367,88.84821224071243
748.0270037082087,87.93883614110008
744.3091231969372,97.25714165308216
774.7676753582276,89.94572264992182
778.078625200318,92.00407375156644
672.1057434808769,97.97563636593469
674.3345019736989,90.03582188706218
771.6174943517982,81.97630249015675
707.3181897449002,85.14372084976198
634.202580691523,99.60197261501445
686.2084428835003,95.03203543418999
693.7836352913565,81.69240303839425
718.8281375383082,91.61198932760954
743.356676394475,90.58531989786333
756.5789346979594,86.82187698377254
720.3238205423579,90.60341010647745
723.0147703329753,94.44329648743695
797.5440340605215,82.21392729237294
723.561081457881,91.34961000068219
767.9688249534858,95.4184564256142
805.8317745492275,96.39055703968864
767.4567258425375,89.97904728241656
790.4990953812544,83.72811979520228
698.5003220946231,104.38655364580342
802.6073771502404,84.0288395663428
735.498538306395,89.82479673445592
766.9991670396895,84.80971810700609
645.1040670656702,99.74381110079247
717.6545991395866,85.21676422683349
707.9289620140617,92.62420543462217
707.4058598673516,93.42322289759464
816.6601632504369,91.69999072663752
735.2585029236458,96.47788062606557
707.4124279405063,94.44384378593305
805.306958771308,81.0164525700096
757.9070024440124,86.4704096864787
678.7444164559304,96.73756333940287
769.824173948148,97.87746183289757
779.3337851798082,94.00746973400842
723.6052343246986,99.10415093789051
772.1134979870169,80.72621495726085
819.75521499429,78.72227364690862
687.2082114889807,95.35274848062654
750.9485816730989,97.52957224811958
760.6817018854885,100.76755991000867
725.1270487312559,101.36964026696884
677.2524899671695,94.79505619416446
736.837052086461,100.09994190784805
809.970756093875,104.79535124620524
857.8737234544279,93.64456781421354
674.268307787718,93.6411863897934
790.3330866955029,82.76352377574183
672.2406155463234,90.84238508178682
724.4522347357583,94.00094533080168
755.2371068249188,82.43418205300415
850.0350227757715,90.35147665348484
762.9797438124427,96.9237447494731
704.5589083169431,89.2125208401559
801.6525099878488,84.62815423331114
877.2676522823143,78.31705798271578
731.5785252204765,82.46964110230527
712.5449998564993,93.69149223428234
738.8429791661753,82.62227772000581
827.5796780930301,88.62670734375334
681.592246650807,88.9460956988169
820.3406853407513,91.00240224460353
747.488053858686,88.65033181138237
712.4644783995105,99.08318749175425
773.5204006316334,79.59100086446026
740.1921412158146,92.91889115353416
724.044999932191,78.91793274674684
728.644582997624,81.45516868875563
772.5286570895181,110.24422125597435
732.0545982677756,90.28127673120142
695.6954131432163,82.66335054844699
765.775328538045,98.95828988037462
710.930269523282,85.9292741255523
685.9163320903929,94.34972980374367
675.5367338961671,102.60124395031112
730.4167726932121,86.64170083679362
791.4982816761274,85.27207585334435
670.2116172141237,98.62326374153474
683.9345182374707,86.7007194036041
700.192366349968,94.46172723832377
746.688625793677,86.42286742855116
794.8501694108784,81.41426700961948
767.605061963433,96.1178714595693
740.4973874556149,85.88566810848026
690.8277439028751,97.65422222694653
728.3330073232602,90.03622897409895
806.39975353493,85.74924158676946
713.5979842203675,90.28813560867681
725.6009509499627,92.5335524762374
682.0005801635743,97.10423460603987
688.8362701190673,89.7137885020821
739.3915321676102,91.83481382391633
756.3386999545639,87.56491012022126
739.8590247034178,93.67930138272327
677.6576791171256,88.5393785991573
736.7652932702908,93.97995356843838
690.3216755292694,99.07155646823823
790.5939160177038,99.28018157581063
724.8395575234794,92.57742379897081
747.672071361129,91.20792421877432
762.9093737503861,86.59048136667566
778.6242333325271,96.28020224947683
775.7593890609044,101.15848416959875
792.8809640057593,90.73535623408286
724.6970209014613,81.62973304762954
644.3340348839129,95.67585956471953
631.2915013239686,97.06564182125389
716.356978716059,90.00756374689524
634.3106947920961,99.8645431081807
723.2178715860174,89.02709626476309
732.7287787955445,90.94114739317672
774.3018877765385,84.20176224457492
745.0142107455569,89.31715626733774
732.0449203384657,99.84676843756792
726.1160707992713,78.81909564291837
727.4298386833956,95.43645413884104
829.5591594041704,95.29813982987332
717.5133921140798,93.02769622398775
725.9609412989099,94.01406553272938
727.4058598673516,96.60274389142832
721.5399027006861,93.31045266579497
682.7745603425416,99.21078437558563
691.6165586064891,100.82048321730521
719.5961163186379,104.31351309739344
734.4558113684756,89.77927933583979
757.0099373173441,79.86506835009722
814.7245581080938,87.10147330469923
757.4107113825366,98.50785765931985
757.1778748940432,82.89170838036418
746.719962359902,93.88669980396013
704.0085087243866,85.80423979215495
733.7553053658984,96.54496219092312
826.7577140916102,91.19528326497759
697.0583906815688,97.68285627060577
757.367575021596,97.89306496848103
794.4998396128766,87.90523314943648
847.049291105824,97.91006351669951
759.346418260778,93.84418358077201
691.3945982724363,83.77046151224867
679.3337851798083,98.35306824804407
706.6699338262229,96.26288442537265
649.0671272565457,108.94427665717006
679.155694982001,85.10562299528905
699.0322542863261,101.89375952342395
676.3169110970202,96.2806921687565
737.6087902741253,93.26362166590403
776.9552937331015,97.18185458224524
756.6781556436318,92.8556588466922
630.9721894378744,108.00187742315092
682.5140769936444,85.00189653581928
744.3611350946727,79.43552791980329
729.2315668758091,91.29799278922728
694.2298057461824,84.1786813027394
726.9560792997453,85.04722070016923
712.1728559970545,90.57192887182292
740.196750775367,93.19491188124401
714.359282584904,84.47391002578978
827.6979009159651,89.81664870333668
731.0320736251301,98.06259896686535
766.3318186471121,85.64522491840484
702.486851938985,84.32063192666067
724.5946139581034,90.24257341639564
651.2915013239688,98.1731147750147
746.7306000628051,89.89302993285986
619.256814798283,101.17266894193757
776.3760698068365,90.39231863104891
677.4399662294629,103.20733711360758
787.0687753117866,96.11175019412346
787.4415779398709,89.39213914720919
745.2396903887615,99.15491807288014
673.0730701495411,93.39560944453699
709.7344518184799,83.77990534887635
775.137665153422,93.31897758648816
698.8378693981166,86.4305645014101
743.8276199590903,91.96396437037234
767.5675264742397,94.41155131628894
643.107063534813,97.59341418953856
717.2150927964326,93.46088904722833
694.4664232558748,90.71421040586142
779.4215907266198,84.069048713329
734.7818046177879,87.03640912131927
638.3062142737183,111.06014599599648
753.3501828831274,88.28221517306132
741.6298641299848,88.8040767843393
729.3590328807993,97.51273777541695
744.9386712683502,84.56984026120608
735.693095869784,99.29356631548787
707.1991051092141,98.623137873311
690.8166603909231,96.65787552849388
761.8508610241711,92.4567879860332
705.9660954417079,86.92515699018962
720.7124371710821,95.81059116751364
814.7036603037056,96.36366771809969
799.725438977559,80.2647659871864
665.8253572932068,94.99382545212188
836.8445376185452,83.71532575657417
826.9166959662725,84.00555593675942
769.4259517640187,93.65787390959736
740.0989471093277,85.60738060250719
635.4977647648454,100.38705867733535
763.4005497010629,83.53560443159203
706.4036662259886,97.02422510615826
802.0062353750027,77.03351856263586
782.3372520056419,88.87215785031894
724.8077767834465,90.29611824435368
639.4151399323855,100.90907928629228
689.3967479614804,101.29127295269465
697.0434165837203,95.13426115395652
698.0177843516028,81.60776135010953
841.1034823235924,84.0423657087413
718.1878895779735,99.42855291987382
775.9660954417079,92.36065582133627
657.6340381965991,97.4913743897789
754.991937431957,95.38423842426967
752.2516182496886,88.61249990209238
657.5022298912626,102.50469383259889
693.8387696862413,100.44512572417324
734.0865332993227,90.4104172951652
703.2897843372655,96.04967722099933
714.1572229365566,97.5109305173736
712.9342675599131,93.40164575712491
733.3157299094851,91.56842035131602
722.2693269031928,96.53746396730611
717.0753752133218,84.85361599731037
671.5532775194854,98.76069314169827
693.255631453224,91.0366476601565
635.3663105724556,101.63585089506509
694.1773600875133,85.38035749808266
795.5466574436797,81.04518305795686
713.0607284308405,86.71451716842958
673.6233567652581,87.49963250498486
736.3869654733558,104.32628331055302
706.6745247671921,98.7607759925977
601.3556291411146,95.9588759159844
763.0583211376269,86.84299089112166
755.3714986940981,92.70561011273858
719.0229479623254,103.963961264113
690.541994888835,84.77103867585392
633.0618973816055,106.5069965547655
689.214073680958,94.56859993847982
741.9201124485184,92.77528470463001
845.7899918915841,91.49973768942137
814.5332825413328,80.54249789302345
725.0837233073746,89.1294674651735
778.74251073718,95.55524271349464
727.3320399807602,92.3509052969077
661.4213562373095,93.46096721837056
787.4539474965746,93.24294556778871
726.0863678210945,104.21691832357699
854.2481646383059,89.45479310601624
722.8498379565333,90.40306644071102
764.4619470228067,99.34780958596889
811.9971506449401,90.06700825997977
736.5522899314082,88.52056548054223
714.0205060317685,91.2157127974857
732.3725368284993,98.97283910415545
705.6278218916752,85.0852478475856
722.0951315934778,95.35365549019244
749.900829853951,86.6841452747276
644.3024141498292,100.7739929536016
698.0338850156606,87.13920793309808
807.4182294240553,77.92942194352561
688.6536812406714,98.35264402975551
708.0260714631796,106.7891099222942
794.9424960816909,84.76651321121784
728.3735406489624,81.89951105996445
806.7963915707284,82.0093536588022
740.5734745865932,102.73139429339898
803.7816054990896,86.51690950674114
629.1250064929463,100.14833722234229
777.8435890418879,80.5737945969473
759.0302244940592,106.6100211561758
705.2200008821102,92.87312438062708
749.1032220048677,100.29238739672378
712.1861063906638,88.85187940394486
662.7571087210027,93.13929952017662
808.9746004006824,94.15315023143948
734.8966997948986,89.25050656731733
751.0044896373369,83.46974643894805
728.6915834286269,78.8783018898268
772.0914223860088,85.74915057841564
728.4376684661083,99.60193643912748
776.3691884993846,77.62072131714983
810.3319878945616,85.34570673169239
695.4387467157585,93.57941268528995
804.6391689663991,83.11506632074928
805.519707791102,100.34896317090997
795.358494245694,90.09124130639287
672.9907752995023,87.69767532641337
782.1417675988952,91.66564826346787
713.4856845776736,87.14781244866974
707.6766700514481,92.90806278291396
725.7624262841631,94.4436040658264
686.8509688700775,90.02908347200935
751.2837050230336,89.50291822469183
641.8437534262937,102.91636074610933
720.4180587379641,78.73656341625279
645.7865011387244,91.48517912789777
770.3067922184631,80.97463620919781
694.6011823444821,90.31969883993682
716.1974723483875,96.36362750415417
706.4748057179049,100.93779972714259
689.6131697421673,91.37971935992378
802.9093737503858,96.97958586930778
703.3717253673547,89.21263176143158
735.8525823478661,100.52894478034247
794.9400181581738,86.12975007283909
820.5127477338744,78.2089569288925
672.1982285419452,88.30264355303761
725.0894312520782,91.16026613975295
721.2086939707276,98.51202456638633
733.8599742749506,85.78724623237177
773.4433685129693,98.27317335755163
625.460862002359,114.35509957205905
760.0994141991135,91.60677116062362
732.0072892106824,90.20081201294194
781.7851988373675,89.91520200947062
718.1893002451419,96.65735130823614
666.2746643879456,94.79477336695595
725.9586639953654,96.31856457024554
724.2052183884186,92.94177968823776
753.0147703329754,88.63321613759106
789.7899366045485,90.24911269645874
754.6777926758374,89.44541643599385
752.391146075162,93.83006818459617
744.0186097298579,90.46889744617502
667.4399662294629,92.46616232479758
706.1667108207785,103.50574461756085
745.0852701589131,94.3709446291947
697.0360681864825,88.5921885264559
685.0286083311496,94.4905869899413
742.3752721851866,100.61627702285647
706.8266359410868,87.6110951842187
713.464677518209,88.42681059113625
763.3059982711595,90.6032210647934
711.1178477575882,99.01590592326166
834.5722061113158,82.06113755582803
849.2328529205607,75.98550075783997
773.5050320695132,92.64402925102605
796.1107514381603,90.86028900644274
668.351597622706,93.77088942180767
710.2396852578288,82.81936114677612
789.4206697356158,92.72740194898225
694.5478248049911,98.04880121102855
749.9252188893987,92.10114870409467
721.1544931451932,100.47874588890511
709.799353177175,87.76610880693097
670.15830117243,92.72574841445328
739.0378574146725,86.3649012353087
755.3357806215788,90.92483881872946
738.6480327850069,92.92906940376962
781.3652282046884,92.10709165688164
714.3900842722807,91.34975140579314
671.1214909380622,87.50402869938752
829.1677104064245,89.86085829550792
824.2468541214312,86.5036222082906
703.3413917603468,102.46675637178632
739.2635238453909,99.08594655039319
743.8701732245449,94.42621889095204
629.309544928815,99.57842103054607
795.2700535253839,91.5204317878987
790.9216171926554,85.09274901527247
761.6462647550081,98.24211269634098
838.0301539083067,96.61966174026944
824.7294604461841,87.04767265275895
681.4856862679442,101.83629167507875
706.1094018674121,85.19069308565376
725.2550794275353,79.16796879747578
738.0855686392096,87.78360943495512
717.0096481171269,100.78170495738455
775.826020605464,88.99796519736586
697.83168657497,85.80483471915991
717.5844396024655,89.05337076187274
700.2964119733292,99.21707512890359
655.0237041558833,99.61524775655009
779.3412336404492,95.1081928377924
759.2314422533924,91.2049029622802
718.268842202616,106.59990554981262
755.3606744311058,97.76840520597027
773.1451350631307,90.0914032421574
758.2904437822798,87.07096902215828
761.9902199073083,92.78824415065155
683.8185591344378,103.034497806955
704.6011823444821,90.78302222513597
673.2178715860173,88.8653939837098
688.2067061678443,104.35279419563004
635.9840365402559,90.64150796098252
766.5360354118616,88.10501740967848
801.3937006694323,78.57010930773653
739.7051969715535,81.0195880445105
682.5798040898392,95.49541579986277
714.7632150874424,87.15073032497538
852.0888515224873,82.99641791598496
704.9063752838962,89.10806484466536
763.8902670777463,86.36127688786621
790.116186690333,92.72085973573814
665.180406270747,82.96804550999619
800.7053960902518,85.60776339097038
739.0826194885681,84.35826412460784
767.4753589495499,88.71046536841497
726.329280653724,102.94064631860533
784.0686383390517,90.2944932187181
707.2739385851756,88.42696912612071
734.6957337743856,89.54614737087742
747.0918576935502,91.8067510192788
808.3836854465754,91.28476766099718
629.8001789146748,98.81709781782325
652.6459982758201,88.03217802818779
647.6340381965991,79.93011066932027
713.4906496838676,96.9385909939657
694.4708076812738,94.95841829674444
700.764567231427,100.95371717686467
628.8362701190673,98.45705029202632
800.1427677558343,89.23000933163824
737.8651535869514,84.7606208232437
701.5399027006861,90.75281332272748
771.4973173677672,89.67643913259921
706.8051873230804,95.4479708565829
791.2675394462466,84.55575966679217
705.2200008821103,101.91968641591795
711.6165586064891,95.18062835598012
727.1269921607634,91.62391886027645
765.7912506178716,90.26387608923235
760.705396090252,90.92521063552897
779.6049222575713,87.69217457173662
875.8978557583692,83.99167105442017
747.358143054402,88.62776340935561
675.7665115044638,102.13854332050447
631.0651415887287,99.33865484701175
785.1851011590544,85.53948981505258
703.8940806370618,87.2215337449906
733.579105384051,86.06185505384435
892.7583947657545,84.5470852429833
760.8623241587941,86.9395968707932
858.6219420256799,91.91384675220003
729.8375760854116,97.01892072168872
756.0349967470884,94.4114433522652
778.028867863555,92.4269090682291
724.3264091833024,95.25885502429087
709.2394323614415,94.17838766150065
712.5687203564044,97.37980120827856
705.2105177315312,98.68270987482778
686.7015959663628,88.72262293818301
712.2996612793006,87.96715406250777
693.0798384801537,104.35315986164028
705.2857279783051,102.36585172990631
758.6080917898198,83.14443176897213
720.1918992601819,90.60353436610967
746.826663259551,97.93580037910431
696.4523672171184,83.28269663628359
870.3660528506167,95.03153427629692
682.6880311672517,96.53676070264949
696.974231676184,84.09245346158994
767.1719073730189,82.80373264924943
722.1608586896726,98.85526808279708
711.1473512999316,90.5859923036288
763.6452997915146,100.20711731068795
657.5056933256578,101.78991804171272
791.6619931384279,87.60750687461822
747.0853632912899,88.62750989878349
711.772561607705,93.92158176459542
861.3133901982442,84.83983659994495
717.9257931300372,94.20550101438697
674.1538797003932,94.63707240001771
684.9395688713541,95.50886751827495
811.8662553930014,81.19911071029222
633.9598077332569,99.86765900985466
736.1409646087984,82.06098402614394
649.0826194885682,84.8220117255395
690.7963708874379,90.07472017403983
665.0419166021925,100.92754886856216
732.9276859002028,88.50061675966457
724.840975758963,97.02743343478035
677.5087750850687,95.69450086699634
699.6788968383623,105.32617575730225
688.7822870995346,96.53342055089294
665.5620947954802,99.505218929565
756.6913167568217,92.31631559923753
726.4966183768429,86.67265665140441
753.7825031020934,101.81573368752903
719.9694700491233,87.2643926232158
786.4216073245368,93.2812953473739
794.2751890951699,95.6750431879137
673.4764103408459,91.1815032131317
705.2120266916068,96.10958205257955
701.8622424449028,95.84628691774833
685.0228255114149,92.73791091617073
778.1094826259575,96.96756131769901
705.4960135863384,104.05087936975139
798.2681618730069,96.18251669359789
820.3895749570171,92.16458006196049
811.0020190503335,84.0554380925269
727.6834234732951,91.35736845588691
705.4745416378945,88.6797464691877
698.0054147948989,105.56283701242883
772.6451006728163,90.4264703566583
720.9687715648178,95.49541115487594
740.3172645873381,94.19949311799732
785.778255581126,93.04370908030458
722.4239990043069,96.43892376658978
742.7117253720152,87.6040156921419
829.5948212531888,99.19787408100802
768.188656912644,90.88399466747717
669.3225418944779,95.85489304793283
756.5552862760173,81.72452439531179
693.3236498562663,96.0140191753556
711.5995534747327,90.86268099306092
693.2399170620179,104.98158243126136
755.6954014976388,95.92733611000799
718.8351179039779,96.47535122672889
762.711725372015,92.55138149308671
708.1930313524961,92.57875680640414
746.7849038783648,90.09617299346625
693.5612060802977,93.31495602883393
696.5401652251749,95.86808054920449
742.0225231898307,89.21208447531164
735.6954131432163,85.49598448794643
770.8144767431675,89.67549066333132
673.8548885904166,106.39360335669497
716.2441485246607,101.41764430988879
647.8863301592129,91.95916881055464
740.4825271078714,101.54150539839162
753.1579351330524,92.43137558371674
712.4903827888809,86.77304873237108
778.4560709348989,89.38479416479247
689.463280042979,99.85443436191304
663.9796843906782,79.96804876404097
722.2062283264701,93.31801550110744
668.1373360770749,94.22882332986539
761.7312968673401,88.85667444509095
629.7344518184799,86.88256418255891
739.521288760566,99.61179045426576
713.0202232076465,94.61171289908438
825.6686824968072,101.54144300758414
751.9636774010878,88.91690574460928
758.6990665870057,97.38014258412213
692.6610472486997,100.52912640989017
662.6183061313748,91.56846178125508
743.9582558960624,91.46055004096935
745.7100316028781,91.31921543253122
762.1739908471247,96.86218097434895
689.751903218536,95.08148507620487
783.9647246544482,93.49920647829832
765.6666780461576,88.92857318379585
717.2275772322309,95.4265304295379
798.3945335646271,91.38965673645822
713.6298075594923,97.64256333381762
691.061723715672,97.56762866755489
792.5464901699461,88.3882353131079
746.3837366809324,91.48535316045924
788.8542671067237,75.66426835061907
665.187287578199,100.28415989560376
775.8507697513794,100.51181557953132
702.0663072597692,93.4605844061179
694.6957337743855,93.74386091968073
731.4685469645572,84.93698144807647
722.8058097121326,93.2550282707521
739.2388087870056,93.30502682779111
792.3335027651148,92.75064090444765
641.8327945367585,89.73118917154714
689.6379230349082,80.43182684287791
866.9357049484247,86.79434532298458
750.5768283039869,86.47632916483134
829.3801905618948,85.0667075289748
714.4105026730366,89.5035663727602
721.2333144842422,96.44571657693706
732.885453591944,93.28093210333623
694.6792789973808,92.35464740686574
795.5757030274887,107.15102148832872
696.5632604665209,88.9286731862977
707.7190161569499,101.4864041000286
764.6673099827066,87.89833776915384
846.5230673803565,85.83417197738493
809.6873083116042,80.74147715524926
714.7317517530314,91.30225973550762
795.4894092687625,89.32697129785349
735.4504401374411,108.8911890106894
769.9252188893988,84.6977708924041
768.5427879912688,95.84854414023333
689.7699575154061,95.91355094081193
690.3900147283389,96.4404265790097
744.9998223373873,84.20231416350055
730.2308683915035,84.35860551466487
716.3814859781256,88.09193786606559
708.3515976227059,90.3308213468231
653.1103270249743,101.95780388939355
764.4918883741286,99.5640575823724
762.3272367251438,101.7481319612372
637.9529959697468,87.75691692887335
846.9391873413556,77.96574553291916
749.8176721095259,93.41325128119172
803.6443588583459,87.15983665327336
788.8091350701577,92.50224296688042
750.4234310853404,79.69172147428509
645.2986061225923,102.49816236528562
719.4929652181894,102.06247334664846
790.382466054309,85.89782060330288
768.3660459796035,85.41931673494265
646.5174078089177,91.7538511495443
694.1114810504374,91.78655453829208
689.1676383477952,88.86377712743965
826.9380888536384,84.12103176055317
700.209392455033,94.5856763519614
752.8796707722092,81.63533430149809
691.3537647642855,89.91439995403546
679.2568147982831,97.10345687475223
743.4657570473903,88.48218480822172
759.0671272565459,97.90655682798456
757.1061529583599,96.37420567282346
731.7777730993791,89.83012432606735
759.5455511721619,93.92455505369094
726.4425824696754,85.98824907834802
756.5632604665209,80.57361853408864
735.0874541198928,93.64110233825514
709.287149174391,91.33181061684616
806.0887327677725,86.7145585847982
798.2603996887134,94.93534261449784
694.3413832811509,85.92110362025939
721.3039857597671,96.99759864454782
725.4859267814229,86.1478368419458
772.3280478480362,81.37253653109106
700.2512099198811,98.2105265583414
751.7509258978563,98.17283194361961
715.7359359922484,98.4117240903475
806.7166576851673,88.42743011542844
650.0673263752441,101.31468432809048
729.3243944042466,98.38445229942889
777.9246387258243,95.74806951785342
740.7463423537589,99.63695675393937
691.4278070315437,94.3916523822355
728.5169859168631,96.78494502175722
715.6954404616806,96.82954153451223
665.7007844082689,103.06436734674493
796.7386482822567,83.94345867779042
645.526589098554,99.2159328197788
725.4871353020334,83.59050800643556
758.2694157495064,82.2175411660584
848.0829379009076,80.70997969685192
676.7471874145613,93.21582534389792
787.6340381965991,83.25137888156021
666.6289875627159,98.03079348672709
759.5451970592152,84.29973816852511
721.0891366222019,98.64611872381599
664.7359519601846,86.67076511086435
758.5423646936248,89.46533206422635
748.0588106743361,85.3215797877504
701.5617581059864,100.38343946703823
696.3899447956582,94.92437038854497
770.3067944372929,94.4260904393536
680.6465503015089,87.07506481348581
717.4873743933072,90.25760406589981
694.2462034547897,103.80694122722517
831.1865896377992,82.7445054289159
806.3808870147083,87.13316280297076
825.0536606788548,95.8609502311585
651.7761738203301,105.4211688712125
779.5353276357846,92.58774329085225
775.1669565769163,81.65406793879808
764.3058659386471,82.85690548073086
737.450111027076,98.0867219420821
686.9559451203883,98.573391129841
726.670805027564,88.70526999196338
784.1664422931626,93.20052219874373
756.379360615462,89.75360736237673
722.7677206084019,107.57926075327343
719.1651724130363,97.8811638661905
788.7500270153209,87.98692752288328
778.7228129143339,83.26859918073673
750.4167726932121,88.60683477090429
801.202081792207,89.15486792707638
805.0410577255972,80.61130966664642
681.3945982724362,87.62407654197872
749.5881421281346,91.06695771033567
677.71901615695,99.00222330592815
621.4875504232905,101.24086064661648
681.8896869141719,88.63856833735635
774.1584425086379,91.54356068634664
734.7695946129794,100.39349871534561
678.415294926634,100.15194807284757
711.2128237840409,95.58438051179527
773.1572768375971,100.16190825228435
741.5752205457418,95.46418685673586
642.7894435437208,91.72516364350761
720.5467168432025,103.16883335914561
756.7020630561486,91.31988916030329
695.0217270236977,93.5647664196681
695.0055851677663,87.95944878100113
694.8678732423604,92.44053747940794
642.5866853972911,107.21040989219522
759.3251617389171,91.2152897409274
760.2189498356678,90.5712617840745
795.188144192057,94.02088861440647
697.0767572965907,99.70587180801486
684.8295906154347,88.63812102366755
768.6840924891574,91.27000426490122
680.621302379035,90.51676894369758
741.4607924584172,92.74494978085991
677.456612865698,89.84732159994539
717.8611622959654,87.21546770481417
734.0747777853989,94.23440074303032
739.2802678669389,92.92840456910643
736.6825048755853,89.48913423872679
697.9241716360384,95.95888056923853
709.7718216707523,96.76442519810604
670.9152954254337,96.62550910636236
749.8746537429226,93.3878864452099
785.601832595904,85.88617848248946
802.9970438728374,95.4645110899509
760.5784521431568,85.87508530580291
764.7816797738883,96.84010431785879
700.7823664717771,90.20224575626321
804.4796850429759,89.05270948090707
762.0939936846711,96.80358083328312
799.4953048563746,83.91847228160745
746.380734220844,94.23503703001775
825.2880283053429,85.09054668062248
786.7602804484338,87.8165127947619
814.4213895532373,97.95610239430438
820.2339687281816,99.75376914546649
789.4407417463233,94.63312616962978
718.5979692071564,92.79998381615441
831.2691909716712,99.54759496428015
667.7257374584527,94.86222609036284
699.5624643003878,98.99608190359824
676.2089099732863,95.99715662030839
739.048977997413,96.03953862148173
693.9980487868704,104.31943178906754
761.908095102506,104.41745371806668
700.5728490148103,88.60678121833702
773.3445003126952,92.99703680540443
711.9415621144873,89.5192532529551
736.6878311326291,85.60761106393753
770.0194819979722,89.95223007114043
735.3107082480473,85.13098741589815
705.7721146328103,97.30750870243833
724.5681744700881,82.76352378359249
701.5545635642372,89.26768296304178
768.4109105012349,97.17735336071237
776.5564042587035,85.18507176242737
734.1753556368636,78.0758530514647
656.049763636451,95.53304333388311
704.3612599385723,91.38826218359772
771.5223584614471,80.8249594043739
739.2145407707441,85.9639617398314
794.2189784001301,89.67089233186634
807.5944018659557,82.2685379602926
727.5645391144008,84.50020259925844
734.781450504841,85.20250829414861
676.2746370694812,94.97574081623334
756.1618082612056,102.19389529432748
748.4616634995814,91.284640600706
719.4812211415273,97.3874521556123
658.2904437822799,101.08546495888446
701.3645768174015,100.88534349687713
856.7759578177714,88.74876857782894
693.8210324620933,103.11216115196493
850.8039154960592,96.54308093811167
774.3448941767346,79.76531180693284
752.8581948357387,90.88706181388123
719.559784884212,97.58547663214995
782.1337874905022,99.7993096015826
769.1229740398724,87.49976891255275
715.9616630007818,97.58581921396949
631.3945982724362,91.03581627168738
700.0356642351043,86.58628398220873
713.1983224998578,83.22863700966866
752.6551302496081,89.63902528294075
691.9782066241,87.17802336564415
648.9438146801104,92.53350133482049
669.2178454454786,99.59376236837939
672.9502959042985,97.6111390688787
655.3118604631368,92.53379626366856
638.3216210739077,97.43899052800703
672.1982285419452,98.61927889030848
654.9847350245617,100.24523231316786
689.1137632619631,95.15565288719513
686.5395662617575,97.76771592751213
699.9286367624554,100.50870983385632
753.3203449600489,94.44373165624661
669.0591661984294,94.88144522439156
784.7013369027319,84.42008846945352
689.6391145893617,99.54594988883052
617.7927174436485,111.70378850479997
754.2503666891698,90.14662049736125
761.4289108553965,93.1396408956496
763.1366544766297,92.44706133767502
746.395007749919,84.17816923036403
630.5519988716055,88.60712260046947
672.6695262195072,98.49425825666663
799.6711395038567,91.6746907195119
760.7191172990995,79.66362061634383
700.2074153228477,90.78324173399832
765.8253572932067,96.28024365997959
790.7920882087461,97.48734384145844
671.5090263597609,84.71851163082796
728.43569111244,83.81812625216557
705.3749041357959,102.58952653600748
655.4048126139912,98.49516650435866
825.0078102400811,82.99385059909103
745.1807191918203,88.68139163592393
796.0922636176684,88.87014159646954
655.3390855177963,101.35228104324726
734.178618813801,100.97571595236876
653.5828773700543,94.81252895810019
736.0497636364511,85.96712544500265
697.4550152023425,88.20795203784957
783.3092614480969,85.26841723460562
661.3556291411146,91.89059513266012
756.0941040328252,84.17841062758734
720.7711231864467,94.88968365281646
761.2732953684572,89.7970125629189
801.9732764646618,93.82147463909884
843.7566439299293,87.11110285681804
763.01737487412,87.89041890287704
660.4898481866452,101.26675862845728
788.5607290898171,85.18689363964631
764.5888511277244,89.94824559885188
772.419312246303,89.59631739440592
770.4265396376891,85.92925184092324
746.9783070394375,93.89331643491948
741.3158103106208,98.36041800832894
706.049763636451,87.31966187702326
725.0874541198928,103.34892826011848
869.7627115498892,75.68913113274292
794.2026879488186,79.63203311857426
755.984036540256,89.10851523303873
706.7759578177714,85.1438220545477
705.549103452871,85.28531673925654
719.1925860989099,98.69537679492123
764.6249778805073,98.60516435066575
613.4258213637265,96.19752666773316
780.5064964385739,91.63296933907962
797.7013645718431,83.56167396108341
671.3844534748231,87.74506136328196
603.6505818199174,94.2461825515926
786.5380125440471,98.10420997838463
710.1262851408263,101.29975582560483
677.2524626487051,89.58957494393535
700.8794372312541,101.1461470843904
719.4624750576753,93.93944904508224
739.1639756242679,83.26564155384537
659.8375487669473,87.62417032609176
689.0339458159025,102.18476474725705
697.6725402381347,84.21621352828197
807.0678632905822,100.0217873642313
762.9800050218473,88.35084451270315
782.9647405903149,81.33348718956474
780.0039629473767,89.39385541216268
675.4288076474643,99.12352019795318
729.9102447915502,96.34163454851678
786.1374315400727,103.86843885888905
663.3530977644107,99.23634693058622
817.4943224320214,86.5301147572758
762.9273840336315,90.30973957581443
713.7534138920879,91.72785727752871
761.0212423231212,89.99205887274489
823.3183678278635,86.30644970691183
795.5162802104753,98.55490501661704
746.570141773973,93.75622643462654
764.0085087243867,84.52171736895393
790.4532521624835,92.0135447020039
835.7154920141267,84.35826414311451
862.2570564420514,90.00209093199403
778.5454740150734,92.87310602065939
706.1229521067232,97.82355702057393
678.6899604287221,99.86850746427093
679.5201902728488,91.5682203817548
756.3598611827414,88.89842083092414
750.8271725748145,94.73598752589129
725.4088145416996,84.74939892123261
738.7702743120522,95.16802473033805
778.1222433120532,89.9305891241364
659.0168923923732,84.92613395065462
811.2732953684572,96.08029783195525
710.1679896288352,82.04576195195054
723.5523476406603,86.53512933286368
673.8177416534678,90.706350304073
624.3865076395634,98.10738255376873
776.7823847813622,91.89045372669271
724.643595417057,90.34290902972583
858.7311543191344,88.93459695580617
777.8706557062916,93.47867996864566
717.3445171965557,84.55564756037494
806.0862867585813,82.11354782217381
786.3286551736824,85.35440369981488
686.5702547508122,89.08475497817649
767.4102951656123,98.11679411162663
808.0424691717869,96.78583120940358
670.0351971453182,99.7439110860001
812.6341351151137,90.21681720338105
742.625681847077,99.05288684373147
662.7469639233896,100.62048092030442
732.339183812701,93.61492033433458
712.0752549360564,90.95439084507967
693.9809704354301,93.7652538876667
857.0139166065208,81.44169582504851
783.2044113650917,81.1403548867181
765.6988649320341,90.24637543816843
722.9264271739153,93.77067492228002
676.7288210210221,85.28539365874119
730.7759747016319,92.73081401457554
721.4050144178105,93.93151427415559
741.8577748065006,97.92432228899757
704.8475317139828,92.85552170615146
709.7876955607278,98.02705637239193
706.6058923213698,88.05402282854766
673.9578306010714,85.99446843119792
806.8262243864044,94.45834074147501
655.6954404616806,99.97048688013022
649.500472005683,96.06175755883402
687.2819383697004,100.45433268855595
742.6812368271945,87.07500389646101
779.9577581407133,90.84704987318935
785.2408176369931,98.20118265544762
663.9139572944832,98.10387075042556
893.3422879863053,81.89515756793793
756.3335066888676,102.6189395709574
726.0197421814164,95.57226467113558
859.3071421654433,78.14396224448973
709.7499678811454,102.9499698550223
691.6165586064891,98.32281590802128
738.7436308892865,90.26892335727571
639.3114821033818,92.92818190044437
769.7485355333274,83.32492788099204
756.9926909038383,81.51656947862381
765.0217270236977,94.70980148591437
822.4481543331113,86.82555480256282
683.1391513586826,93.78249473328765
811.4045218199489,91.64488952361165
