<?xml version="1.0" encoding="UTF-8"?>
<kml xmlns="http://www.opengis.net/kml/2.2">
<Document>


<LookAt>

<longitude>101.62698923040278</longitude>

<latitude>2.677828296019238</latitude>

<range>500</range>

<tilt>45</tilt>

</LookAt>



<Style id="cluster0">

<LineStyle>

<color>ff0000ff</color>

<width>4</width>

</LineStyle>

</Style>



<Style id="cluster1">

<LineStyle>

<color>ff00ff00</color>

<width>4</width>

</LineStyle>

</Style>



<Style id="cluster2">

<LineStyle>

<color>ffff0000</color>

<width>4</width>

</LineStyle>

</Style>



<Style id="cluster3">

<LineStyle>

<color>ff00ffff</color>

<width>4</width>

</LineStyle>

</Style>



<Style id="cluster4">

<LineStyle>

<color>ffffff00</color>

<width>4</width>

</LineStyle>

</Style>



<Style id="cluster5">

<LineStyle>

<color>ff9900ff</color>

<width>4</width>

</LineStyle>

</Style>



<Style id="cluster6">

<LineStyle>

<color>ffff00ff</color>

<width>4</width>

</LineStyle>

</Style>



<Style id="cluster7">

<LineStyle>

<color>ff0099ff</color>

<width>4</width>

</LineStyle>

</Style>



<Style id="cluster8">

<LineStyle>

<color>ff800000</color>

<width>4</width>

</LineStyle>

</Style>



<Style id="cluster9">

<LineStyle>

<color>ff008080</color>

<width>4</width>

</LineStyle>

</Style>



<Style id="cluster10">

<LineStyle>

<color>ff808000</color>

<width>4</width>

</LineStyle>

</Style>



<Style id="cluster11">

<LineStyle>

<color>ff800080</color>

<width>4</width>

</LineStyle>

</Style>



<Style id="cluster12">

<LineStyle>

<color>ff0080ff</color>

<width>4</width>

</LineStyle>

</Style>



<Style id="cluster13">

<LineStyle>

<color>ffff8000</color>

<width>4</width>

</LineStyle>

</Style>



<Style id="cluster14">

<LineStyle>

<color>ff808080</color>

<width>4</width>

</LineStyle>

</Style>



<Style id="cluster15">

<LineStyle>

<color>ff00ff99</color>

<width>4</width>

</LineStyle>

</Style>



<Style id="roadStyle">

<LineStyle>

<color>ff00aaff</color>

<width>5</width>

</LineStyle>

</Style>


<Style id="accessStyle">

<LineStyle>

<color>ffaaaaaa</color>

<width>2</width>

</LineStyle>

</Style>


<Style id="startStyle">

<IconStyle>

<color>ff00ffff</color>

<scale>1.2</scale>

</IconStyle>

</Style>


<Style id="endStyle">

<IconStyle>

<color>ff0000ff</color>

<scale>1.2</scale>

</IconStyle>

</Style>



<Folder>

<name>Plantation Boundary</name>

<Placemark>

<name>Tree Boundary</name>

<LineString>

<altitudeMode>clampToGround</altitudeMode>

<coordinates>

101.6222084315816,2.677871691421261,0 101.62220847546139,2.6764723339932335,0 101.62821633224492,2.675978385619142,0 101.62837658705428,2.675977670431065,0 101.62853808346883,2.6759772858317388,0 101.63161536574655,2.675981368575283,0 101.63177749066543,2.675982521862603,0 101.6317778931204,2.6782221524003416,0 101.63177749744867,2.679339215287059,0 101.62407101231359,2.679410167562448,0 101.62390997950664,2.6794111112225805,0 101.62245117519711,2.6794123998435233,0 101.622290332317,2.6794111817314152,0 101.62220953102648,2.6792708553203566,0 101.62220895389747,2.678990482151141,0 101.6222084315816,2.677871691421261,0 

</coordinates>

</LineString>

</Placemark>

</Folder>



<Folder>

<name>Generated Road</name>

<Placemark>

<styleUrl>#roadStyle</styleUrl>

<name>5m Offset Road</name>

<LineString>

<altitudeMode>clampToGround</altitudeMode>

<coordinates>

101.62216341639545,2.6778717012019526,0 101.62216346157427,2.676430916770352,0 101.62821438246506,2.675933427791594,0 101.62837643283852,2.6759327045902404,0 101.62853805970337,2.6759323196802507,0 101.63161555592256,2.675936402707639,0 101.63182249782902,2.675937874803837,0 101.63182290830764,2.6782221563195807,0 101.63182249685606,2.67938376897551,0 101.6240713517929,2.679455132427131,0 101.62391013144851,2.6794560771862415,0 101.62245102445989,2.679457366074553,0 101.62226418060561,2.6794559510491505,0 101.62216454055438,2.6792829076398244,0 101.62216393873324,2.6789905388653215,0 101.62216341639545,2.6778717012019526,0 

</coordinates>

</LineString>

</Placemark>

</Folder>



<Folder>

<name>Shared Road Bases</name>



<Placemark>

<name>B0</name>

<Point>

<coordinates>

101.62260098639686,2.676394944761943,0

</coordinates>

</Point>

</Placemark>



<Placemark>

<name>B1</name>

<Point>

<coordinates>

101.62381409123638,2.6762952068379744,0

</coordinates>

</Point>

</Placemark>



<Placemark>

<name>B2</name>

<Point>

<coordinates>

101.62442262156442,2.67624517525817,0

</coordinates>

</Point>

</Placemark>



<Placemark>

<name>B3</name>

<Point>

<coordinates>

101.6256253186327,2.6761462930306457,0

</coordinates>

</Point>

</Placemark>



<Placemark>

<name>B4</name>

<Point>

<coordinates>

101.62751607745213,2.6759908403828376,0

</coordinates>

</Point>

</Placemark>



<Placemark>

<name>B5</name>

<Point>

<coordinates>

101.62888083141958,2.6759327744480896,0

</coordinates>

</Point>

</Placemark>



<Placemark>

<name>B6</name>

<Point>

<coordinates>

101.62965577814377,2.675933802598402,0

</coordinates>

</Point>

</Placemark>



<Placemark>

<name>B7</name>

<Point>

<coordinates>

101.63133618396992,2.6759360320545973,0

</coordinates>

</Point>

</Placemark>



<Placemark>

<name>B8</name>

<Point>

<coordinates>

101.63182269637511,2.6770427682659674,0

</coordinates>

</Point>

</Placemark>



<Placemark>

<name>B9</name>

<Point>

<coordinates>

101.63182268990553,2.6788387505034184,0

</coordinates>

</Point>

</Placemark>



<Placemark>

<name>B10</name>

<Point>

<coordinates>

101.63071163126116,2.6793939965228586,0

</coordinates>

</Point>

</Placemark>



<Placemark>

<name>B11</name>

<Point>

<coordinates>

101.63000468596572,2.67940050524589,0

</coordinates>

</Point>

</Placemark>



<Placemark>

<name>B12</name>

<Point>

<coordinates>

101.62874012529363,2.679412147837224,0

</coordinates>

</Point>

</Placemark>



<Placemark>

<name>B13</name>

<Point>

<coordinates>

101.62773077066915,2.67942144079063,0

</coordinates>

</Point>

</Placemark>



<Placemark>

<name>B14</name>

<Point>

<coordinates>

101.62704703395053,2.679427735836309,0

</coordinates>

</Point>

</Placemark>



<Placemark>

<name>B15</name>

<Point>

<coordinates>

101.62628963542065,2.6794347090735413,0

</coordinates>

</Point>

</Placemark>



<Placemark>

<name>B16</name>

<Point>

<coordinates>

101.62566726219642,2.679440439156144,0

</coordinates>

</Point>

</Placemark>



<Placemark>

<name>B17</name>

<Point>

<coordinates>

101.62451547341416,2.6794510434761984,0

</coordinates>

</Point>

</Placemark>



<Placemark>

<name>B18</name>

<Point>

<coordinates>

101.6226971970681,2.679457148620316,0

</coordinates>

</Point>

</Placemark>



<Placemark>

<name>B19</name>

<Point>

<coordinates>

101.6221634487182,2.6779409359182624,0

</coordinates>

</Point>

</Placemark>

</Folder>


<Folder>

<name>2D Coverage Routes</name>



<Placemark>

<styleUrl>#cluster0</styleUrl>

<name>

Cluster 1 Coverage

</name>


<LineString>

<altitudeMode>clampToGround</altitudeMode>

<coordinates>

101.62253179710211,2.6764737306731115,0 101.62253236625689,2.67731076011557,0 101.62285777486659,2.6778721829694097,0 101.62277604874204,2.6777305395454776,0 101.62269605249764,2.6778718552273366,0 101.62318125759565,2.6775922816979554,0 101.62309963608797,2.6777309248046293,0 101.62310040567354,2.677451400002364,0 101.62301868952278,2.6775911047545793,0 101.62326083545464,2.6771718872818764,0 101.62317921302666,2.6773116470846223,0 101.623342525618,2.6773106881770268,0 101.62326128855432,2.677452646011642,0 101.62293886237454,2.677730868972283,0 101.62301739193579,2.6778732937453027,0 101.62269443118691,2.677591810865686,0 101.6226138032246,2.6777300090805882,0 101.62261331158363,2.6774500526734286,0 101.62253395490497,2.6775907378055686,0 101.62237235870786,2.677311191107152,0 101.6224526219573,2.6774506529328295,0 101.6226138314638,2.6768914278784544,0 101.62269377621413,2.6770319918264778,0 101.62277594484277,2.676892203674717,0 101.6229366618646,2.6771707301352,0 101.62285778596225,2.677031906371061,0 101.62301979248934,2.677032238058661,0 101.62277455519482,2.677449538693082,0 101.6228557626531,2.6773099805162586,0 101.62269380021442,2.67731121632581,0 101.62261495182668,2.6771699405190867,0 101.62277628659024,2.67716942901116,0 101.62245309536468,2.677169161071881,0 101.6225333692217,2.6770309160488797,0 101.62245320502053,2.6768922390273344,0 101.62310004580623,2.67689159709896,0 101.62293758483605,2.676891280898417,0 101.623260613839,2.6768925825102556,0 101.62309990419494,2.6766124705384997,0 101.62301837040025,2.6767508422819826,0 101.62301836790398,2.6764733891024437,0 101.62285736405285,2.676750916644249,0 101.62293644592935,2.6766133666075542,0 101.62228890289923,2.6766119915383793,0 101.62245147831449,2.676612078072343,0 101.62310093709877,2.677171118181001,0 101.62318170387705,2.6770321889379924,0 101.62301837881735,2.6773106227946535,0 101.62285582114436,2.6775912355573026,0 101.62293642696704,2.6774502166358296,0 101.62245135534825,2.677731254216997,0 101.62253427540658,2.6778728995262724,0 101.6222084315816,2.677871691421261,0 101.62237227976479,2.6778716990168774,0 101.62220946556859,2.6775921797483067,0 101.62228938972201,2.6777322525553853,0 101.62220869512768,2.6770323355948804,0 101.62237066122583,2.677031694004504,0 101.6222103349572,2.676751692499739,0 101.6222895993879,2.6768918775020327,0 101.62237062295208,2.676750466111704,0 101.62253397751417,2.6767513781810144,0 101.62261398626377,2.676613326891293,0 101.62269419863314,2.67675121553869,0 101.62285546123427,2.6764721759685863,0 101.62269396846997,2.67647352079462,0 101.62277512551765,2.676612329812598,0 101.62220847546139,2.6764723339932335,0 101.62236987205112,2.6764727391829344,0 101.62220971021554,2.677310200945046,0 101.62229076257442,2.67717021926003,0 101.62237204804826,2.677591322241227,0 101.62229082216587,2.677451199160576,0 101.62318186986099,2.6767519999903837,0 

</coordinates>

</LineString>

</Placemark>



<Placemark>

<styleUrl>#cluster1</styleUrl>

<name>

Cluster 2 Coverage

</name>


<LineString>

<altitudeMode>clampToGround</altitudeMode>

<coordinates>

101.6237459250214,2.6774528193796336,0 101.62374678704354,2.678292169660461,0 101.62382888720597,2.6781512483529424,0 101.62390786807349,2.6782928605535345,0 101.62398953089667,2.678150956787521,0 101.62407212334301,2.6782915888342926,0 101.62415099165041,2.6778728006194736,0 101.62447663391595,2.6778733024340116,0 101.62431468232553,2.677873380309292,0 101.62463787811473,2.677873964100975,0 101.62439364908613,2.677732171358832,0 101.62455754787315,2.677732831290607,0 101.62423347170689,2.677732024713066,0 101.62423348061726,2.677453006031776,0 101.62415050466261,2.677594412671894,0 101.62407117998215,2.6774516749459223,0 101.62407029729441,2.6777319111930926,0 101.62399120066686,2.677593273199611,0 101.62390975937761,2.677731764557257,0 101.62390778631632,2.6774515191545567,0 101.62374607125167,2.6777313519661465,0 101.62382687871572,2.677592873335376,0 101.62382692347776,2.67787330880752,0 101.62366683852747,2.677874164818512,0 101.6239076470982,2.6780102899473595,0 101.62374602696978,2.6780094954633755,0 101.6235864767893,2.6782918228664814,0 101.62366495803286,2.6781519929993207,0 101.62350439085687,2.6781515203474964,0 101.62342294373443,2.678291491633663,0 101.62358634079801,2.6780086808059416,0 101.6233423321781,2.6781512406320447,0 101.62342230267299,2.678009416783456,0 101.62326203464609,2.6780086531551603,0 101.62334188285385,2.677873732764763,0 101.62318061588316,2.6778739656233532,0 101.62326261109031,2.6777305030294043,0 101.62358559442585,2.6774528329959373,0 101.62342463285272,2.6774525522589454,0 101.62366538303469,2.6775928112053657,0 101.62334269230671,2.6775919898930467,0 101.62350412682208,2.6775929051003233,0 101.62342208874355,2.677730174459225,0 101.6235858605315,2.6777301694694473,0 101.62350499104413,2.6778734495959395,0 101.62399081660236,2.6778731260108946,0 101.62407130543863,2.678011185300237,0 101.62431265975293,2.6781511027632487,0 101.62423166867232,2.678012030012881,0 101.62439414794575,2.678291505220968,0 101.6242340543356,2.6782906130230035,0 101.62447651880393,2.67815027321149,0 101.62415151663478,2.678151736231881,0 101.62455672377237,2.6780109501935505,0 101.62439509844184,2.6780109566659083,0 101.62447536341253,2.677593178870884,0 101.62431448577125,2.677594437112552,0 101.62439409756355,2.6774521415785997,0 

</coordinates>

</LineString>

</Placemark>



<Placemark>

<styleUrl>#cluster2</styleUrl>

<name>

Cluster 3 Coverage

</name>


<LineString>

<altitudeMode>clampToGround</altitudeMode>

<coordinates>

101.62447550771348,2.6764752448818405,0 101.62398952471491,2.6767499721197385,0 101.62407187821468,2.67661418949743,0 101.62390887409379,2.676892627647553,0 101.62406985788489,2.6768918070401635,0 101.62398982871909,2.677030198598183,0 101.62415308306807,2.676751123268573,0 101.62439465254266,2.6766127358980443,0 101.62431334082736,2.676474054702156,0 101.62423207766435,2.6766132868244004,0 101.62415265450099,2.676473013241257,0 101.62374789484349,2.6768932820023825,0 101.62382871222137,2.6767494645372163,0 101.6235843963173,2.6766134774875634,0 101.62366625235705,2.676471994196891,0 101.62342324164301,2.676612566904386,0 101.62350328725896,2.676471389887849,0 101.62326193674964,2.676612995232262,0 101.62334117931249,2.676471320775344,0 101.62318165827851,2.6764724728128617,0 101.62399103295425,2.676473353863462,0 101.62390935818334,2.6766153508568347,0 101.62382890072216,2.6764727902097216,0 101.62366680450971,2.6767496606259207,0 101.62374611296396,2.6766144887179766,0 101.62334347458862,2.676751067527805,0 101.62350322932684,2.6767509951856048,0 101.6234228919607,2.676892303526874,0 101.62358465381715,2.676892857793554,0 101.62350414346506,2.6770313595976654,0 101.6236665348619,2.6770310637026045,0 101.62334149924378,2.677032313847729,0 101.62342335758593,2.6771725527932166,0 101.62358520265082,2.6771726410830823,0 101.62350435774805,2.677310901734928,0 101.6237459894713,2.677173527779989,0 101.62366534326351,2.6773103053701335,0 101.62382681731593,2.6770311150450263,0 101.62382746604297,2.677310802884631,0 101.62391014219932,2.6771729890859737,0 101.623989966952,2.677310645594524,0 101.62407202630698,2.677172372113306,0 101.62415258894002,2.6773115321238463,0 101.62439436544919,2.677172140144054,0 101.62431497931652,2.6773106125755994,0 101.6241524561241,2.677030999446051,0 101.62423254520479,2.6771731098267417,0 101.62431375565427,2.6770308049819715,0 101.6244743848293,2.677031879278166,0 101.62423401283806,2.6768909162602923,0 101.62439333356133,2.676890413550597,0 101.62431241752522,2.676751521909147,0 101.62447642468216,2.6767507887937527,0 101.62455742990927,2.6766131227298042,0 

</coordinates>

</LineString>

</Placemark>



<Placemark>

<styleUrl>#cluster3</styleUrl>

<name>

Cluster 4 Coverage

</name>


<LineString>

<altitudeMode>clampToGround</altitudeMode>

<coordinates>

101.62544746566063,2.676477530395606,0 101.62487947205022,2.67661393418517,0 101.6251241313021,2.676477004088498,0 101.62504224099642,2.6766135720611213,0 101.6251229565042,2.676751118711525,0 101.62471720309895,2.677172332168697,0 101.62479922525874,2.677307583866644,0 101.62455743383903,2.677452583429629,0 101.62479979629985,2.677592978866451,0 101.62471930680154,2.6777325090443247,0 101.624798781484,2.6778744625248634,0 101.6249608534527,2.6775918752916597,0 101.62488062208001,2.6774512298340594,0 101.62504184259967,2.6774513331836864,0 101.6248809008791,2.6771713237548465,0 101.62496017463188,2.6773087391551535,0 101.6246384774853,2.6767514083282564,0 101.62471750255598,2.676613844363528,0 101.62463782250569,2.676475463991619,0 101.6249604208715,2.6764766057174048,0 101.62479882351512,2.67647533573794,0 101.62463726899706,2.6770330692614954,0 101.62471925180381,2.676890572497517,0 101.62479843648826,2.6770329206988905,0 101.62488081230711,2.676889850135891,0 101.62512342031032,2.677032587694895,0 101.62520463728107,2.6768915248989793,0 101.62544570653814,2.6770327356338837,0 101.62520394981448,2.6766126549495857,0 101.62528439211084,2.676751937015993,0 101.62528507992043,2.6764780211472656,0 101.62536699027156,2.6766120930511272,0 101.62552828859758,2.676612691513029,0 101.62536571993415,2.6768909281445596,0 101.62544644416563,2.6767518030914026,0 101.62536640421267,2.677171895361344,0 101.62528560401293,2.677033760068302,0 101.62544687240528,2.6773108347742314,0 101.62528483558462,2.677310075294535,0 101.6253660801681,2.6774520393842742,0 101.62520359094265,2.677451734597074,0 101.62488148804171,2.677732554400041,0 101.62504100173844,2.677172175381541,0 101.6252052446684,2.677172583451941,0 101.6251218592752,2.677309199140186,0 101.62560746830343,2.6770318951512877,0 101.62552897138382,2.677171580564726,0 101.62569013475472,2.6771716362524565,0 101.62552714285539,2.6768921960281826,0 101.6249604624997,2.677033320481845,0 101.6250412063418,2.676890791167429,0 101.62480026694341,2.676751121879044,0 101.62496213208664,2.6767509708681763,0 101.62455619446956,2.6768914542111455,0 101.62463820221319,2.6773083245889135,0 101.62455645213221,2.6771722591676457,0 101.62447529833186,2.6773092802041045,0 101.62471813229996,2.677451883860197,0 101.62463822483889,2.6775940016890436,0 101.62496144756577,2.6778733457034973,0 101.62504154197389,2.677732786060462,0 101.62512256017571,2.677872493561729,0 101.62520291196086,2.6777330538076103,0 101.62528404059908,2.6778715235565844,0 101.62512280056436,2.67759253812628,0 101.62536709754178,2.677732776264085,0 101.6252836442588,2.6775936872158446,0 101.62544594457131,2.6775933144842594,0 101.62560811113138,2.6773096147117528,0 101.62552893842128,2.67745069527478,0 101.62560876360482,2.6767521072760148,0 

</coordinates>

</LineString>

</Placemark>



<Placemark>

<styleUrl>#cluster4</styleUrl>

<name>

Cluster 5 Coverage

</name>


<LineString>

<altitudeMode>clampToGround</altitudeMode>

<coordinates>

101.62690378875219,2.676475621004328,0 101.62682356348499,2.676611745394023,0 101.62674118403179,2.6764767940407825,0 101.62658027436237,2.6767481687158607,0 101.62665962039934,2.6766123863084283,0 101.6267427158838,2.6767490209630878,0 101.62657872955475,2.6764770266712867,0 101.62649838738072,2.676612259342211,0 101.62609298597631,2.676751102560711,0 101.6261764258746,2.6768917454803414,0 101.626012135183,2.6768913181348517,0 101.62633740229059,2.676891849370342,0 101.62625714228923,2.677030385148101,0 101.62641865118478,2.677029685133409,0 101.62633591672308,2.677170627103411,0 101.62649976353673,2.676892633350887,0 101.62649821420585,2.677169494683061,0 101.62658000090117,2.6770309111730217,0 101.62666064049189,2.6771684985047437,0 101.6267423633397,2.677031416997016,0 101.62682232177985,2.677168825979033,0 101.62690485406381,2.677032189384836,0 101.62674139504195,2.677310316526662,0 101.62690236021575,2.6773091399974978,0 101.62641900812251,2.6773093871422637,0 101.62657886427864,2.677309591165226,0 101.62625659999162,2.6773090122334016,0 101.62625532758838,2.6764782683607935,0 101.62560938845192,2.6764777349048083,0 101.62577091329676,2.6767510669499357,0 101.62569038912598,2.6766133938590158,0 101.62593354044252,2.676752130310297,0 101.62568833067253,2.676890918078524,0 101.62585044841404,2.6768903279917207,0 101.62576934939526,2.677031504723157,0 101.6260937700748,2.6770299513988696,0 101.62593244381752,2.6770304556427824,0 101.62585227333615,2.677171511008244,0 101.62609461762995,2.6773094397532815,0 101.62601462366979,2.6771723246358547,0 101.62617439017296,2.677171657059455,0 101.62641878226572,2.6767493873598736,0 101.6261754948994,2.6766136157879696,0 101.62625646438222,2.6767504498901054,0 101.62577157380538,2.676478877642264,0 101.62593139435776,2.6764780989235266,0 101.62585211395682,2.676613622116761,0 101.6260953570429,2.676478330938111,0 101.62601342247557,2.67661494859108,0 101.62641752536543,2.6764781760531746,0 101.62633740264182,2.6766124988374163,0 101.62666208936147,2.6768930788734604,0 101.62682277958675,2.6768939194015573,0 101.62690306184521,2.676749089039286,0 

</coordinates>

</LineString>

</Placemark>



<Placemark>

<styleUrl>#cluster5</styleUrl>

<name>

Cluster 6 Coverage

</name>


<LineString>

<altitudeMode>clampToGround</altitudeMode>

<coordinates>

101.62886306535756,2.675978612279105,0 101.6287811455841,2.6761203575371395,0 101.62894424658849,2.676121614658558,0 101.62829505180216,2.6761206322736286,0 101.62821413301363,2.6762602273071763,0 101.62813561475099,2.676120418886794,0 101.62813455476127,2.676400146090065,0 101.62829679963858,2.676398841414483,0 101.6281336673632,2.6766804744354404,0 101.62821650178357,2.676539808847668,0 101.62829709724984,2.6769588917005525,0 101.62821505963565,2.676821008132774,0 101.6281356261204,2.6769595565329927,0 101.62837807655401,2.6768202766723306,0 101.62829617941932,2.6766791962632186,0 101.62845760203332,2.6766789266372437,0 101.62837762903219,2.676538829424891,0 101.62853929659656,2.6765397860219635,0 101.6284575569207,2.676397544825266,0 101.62870190875475,2.6768190183619547,0 101.62861972761631,2.6766784305855187,0 101.62853786631219,2.6768202566326904,0 101.6287011308645,2.676539388754181,0 101.62837690928644,2.6762589930504985,0 101.62853808564954,2.676257838392271,0 101.62837658705428,2.675977670431065,0 101.62821633224492,2.675978385619142,0 101.62853808346883,2.6759772858317388,0 101.62845937819728,2.6761212557284066,0 101.62878170147806,2.67639853394603,0 101.62870162481182,2.6762581056415446,0 101.62861902803301,2.676398704892847,0 101.62886341134933,2.6762592465688093,0 101.62878183910541,2.6766790899036517,0 101.62886185254915,2.6765384374018737,0 101.62886417163476,2.67681998636653,0 101.62910619048003,2.6766785370701567,0 101.62894315829232,2.6766779551100757,0 101.62894265482052,2.676398196066341,0 101.62902382509544,2.6765383330613495,0 101.62926871250126,2.6763986810637705,0 101.62918647580821,2.6765394206995006,0 101.62942878399909,2.6766782240332976,0 101.62926704522754,2.6766787604196467,0 101.62950947512024,2.6765394341907136,0 101.62942975464746,2.6763999879682543,0 101.6293496782823,2.6765388078814087,0 101.62934978687818,2.6762603968110663,0 101.62951100704187,2.6762599772152798,0 101.62910575653585,2.6763982194145206,0 101.62918657173762,2.6762595933141173,0 101.62902384321117,2.676258350141702,0 101.62870023684566,2.67597790534774,0 101.62861878140842,2.6761208583139586,0 101.6290244223858,2.6759796137227303,0 101.62910578909141,2.676121148090812,0 101.62918530605549,2.675980832436109,0 101.62926640239552,2.6761221816935192,0 101.62934848027797,2.6759800160043885,0 101.62942851978332,2.676123124732005,0 101.6295105476134,2.67598086151245,0 

</coordinates>

</LineString>

</Placemark>



<Placemark>

<styleUrl>#cluster6</styleUrl>

<name>

Cluster 7 Coverage

</name>


<LineString>

<altitudeMode>clampToGround</altitudeMode>

<coordinates>

101.62950960274188,2.6768202208563006,0 101.62918686443128,2.677102236427336,0 101.62926683313688,2.676959728735275,0 101.62894431973187,2.6772454411400126,0 101.62886339540714,2.677102208966919,0 101.62861987044242,2.6772434315839373,0 101.6287826547236,2.677244336240872,0 101.62870148615758,2.6771013252202693,0 101.62894485064315,2.676959302719659,0 101.62878167963378,2.676960202043479,0 101.62910443411693,2.676959231731518,0 101.62902437673753,2.6768212271806706,0 101.62902582024084,2.677102256540819,0 101.62918731438324,2.677937259042295,0 101.62926817466798,2.6778028092227895,0 101.62918589427225,2.6776601869449754,0 101.62934813333413,2.6776600715642203,0 101.6287825138791,2.677520501609026,0 101.62894412590776,2.677520472982925,0 101.62821621533398,2.677381198153144,0 101.62829561167092,2.677520051795518,0 101.62813427487542,2.6772402674217926,0 101.62854031845495,2.6771008298760326,0 101.62837672975694,2.6771004377962404,0 101.6284579891405,2.676959879943877,0 101.62862016172843,2.6775207353903356,0 101.62853854708294,2.6773818367137197,0 101.62886397305962,2.677382100582854,0 101.62870041227208,2.6773813354479943,0 101.62926637040408,2.6772452520418653,0 101.62918725326423,2.6773823492410993,0 101.62934871669893,2.677102620806436,0 101.6294297246645,2.677245889922484,0 101.62959085702161,2.6772446212119965,0 101.6293492861511,2.677382567342691,0 101.62951017179377,2.6773832152452823,0 101.62926779099736,2.6775189348671664,0 101.62943050528833,2.677519905509225,0 101.629509987837,2.6776611201654728,0 101.62926723031244,2.6780807569608176,0 101.62942867831727,2.677802688382942,0 101.6293472248998,2.6779359301609476,0 101.62959116804123,2.6775209797805903,0 101.62942954828527,2.6769585963963953,0 101.62951131145756,2.6771024256161375,0 101.62918618137496,2.6768216685947,0 101.62934750466047,2.676820602052774,0 101.62902360110881,2.677381420996932,0 101.62910555765674,2.677245408963965,0 101.62910464299954,2.677519284419546,0 101.62845849460672,2.6775204987082843,0 101.62837637410226,2.677658964723882,0 101.6284584513427,2.67724230079894,0 101.6283763768254,2.6773812115665208,0 101.62821457326663,2.6770996265795715,0 101.62829743391282,2.677241391204651,0 101.62861996109218,2.6769599271065596,0 101.62959164374311,2.676958979116422,0 

</coordinates>

</LineString>

</Placemark>



<Placemark>

<styleUrl>#cluster7</styleUrl>

<name>

Cluster 8 Coverage

</name>


<LineString>

<altitudeMode>clampToGround</altitudeMode>

<coordinates>

101.63072322303127,2.67612420229532,0 101.63039965550881,2.6764011602333975,0 101.63048264203894,2.676536448310265,0 101.63032080489165,2.6768192847758137,0 101.6304012360735,2.6766794952808635,0 101.6304015112904,2.676959990770595,0 101.63048132712242,2.6768199670361317,0 101.63048092007905,2.677101879953661,0 101.63064333658757,2.6771018877509785,0 101.6301585811275,2.677102688944776,0 101.63032075075914,2.6771021012087446,0 101.6301583720222,2.6768190776365084,0 101.63023805497673,2.6769589006879153,0 101.6295921855955,2.676679046223753,0 101.62967097589033,2.6768201483718843,0 101.62959085686278,2.676400399984436,0 101.62967287842764,2.6765391067275726,0 101.62959008453157,2.6761234134192087,0 101.62967335220706,2.6762611292638856,0 101.62967219152354,2.67598219278632,0 101.63032040336728,2.6762627096008145,0 101.63015874193019,2.6762614151159085,0 101.6304810331064,2.676262558006791,0 101.6306438979009,2.676262182325137,0 101.63056211567375,2.676401265837415,0 101.63072459028285,2.6764021435520022,0 101.63064470552123,2.6765371253665924,0 101.63080483749933,2.676538229101557,0 101.63056275310021,2.676679974139397,0 101.63072429636,2.6766806557599407,0 101.63024003191092,2.676679872566555,0 101.63015879154563,2.6765387140183265,0 101.63032064151862,2.6765377435031317,0 101.6302386139303,2.6764015888284005,0 101.63040074075552,2.676123231973635,0 101.63023773168023,2.6761242124864535,0 101.6303207058621,2.675981419475822,0 101.63015789152378,2.6759815736228183,0 101.63064395869581,2.675981749414187,0 101.63048120092294,2.6759805934752965,0 101.63056335616244,2.676124319219363,0 101.630563123929,2.6769599508274164,0 101.63064280878396,2.6768206005994237,0 101.63072391066122,2.6769607952000585,0 101.63080635316287,2.6768215477112585,0 

</coordinates>

</LineString>

</Placemark>



<Placemark>

<styleUrl>#cluster8</styleUrl>

<name>

Cluster 9 Coverage

</name>


<LineString>

<altitudeMode>clampToGround</altitudeMode>

<coordinates>

101.63169581457964,2.6769618859943103,0 101.63161535030892,2.6768229944520665,0 101.6317752256899,2.67682262508634,0 101.63104832431604,2.676122901830335,0 101.6308058220715,2.6762628043338688,0 101.63104854800652,2.6764017711623542,0 101.63088562226393,2.676402917814217,0 101.63113020486081,2.6765383357886683,0 101.63096824274848,2.6765372834288335,0 101.63104863305047,2.676680972732586,0 101.63096607355013,2.6768204215096048,0 101.63088542050309,2.676680790437937,0 101.63104717467452,2.676962462951369,0 101.63088646468172,2.6769616875998237,0 101.63113015774076,2.676820945130076,0 101.6312095219172,2.6769617820830836,0 101.63128990296195,2.6768213720519367,0 101.63137058961377,2.6769625879724073,0 101.6312089795235,2.676679885190026,0 101.63145297422858,2.676822713613527,0 101.63137201787251,2.676681043741225,0 101.63153257257906,2.676681921773233,0 101.6312900118049,2.676537735682601,0 101.63145180842743,2.6765381045341488,0 101.63120985042553,2.676401515800064,0 101.63129152311164,2.676261403452296,0 101.63137237588961,2.676401148440308,0 101.63145189627808,2.676260798869488,0 101.63177752160126,2.6762623764393334,0 101.63161539886289,2.6762619786676978,0 101.63177749066543,2.675982521862603,0 101.63169553391243,2.676123571034943,0 101.63161536574655,2.675981368575283,0 101.63145360776078,2.6759815963326203,0 101.631534901959,2.6761229342603707,0 101.63129002170962,2.6759812039596063,0 101.63137211519974,2.676123996563652,0 101.63112868832388,2.6759811779679668,0 101.63121125907976,2.676123216033162,0 101.63096685642098,2.6759820329122364,0 101.63088536438784,2.6761232092587104,0 101.63080636843769,2.67598309338901,0 101.63112893349314,2.6762622105428693,0 101.63096717456774,2.6762631179288343,0 101.63169567163894,2.676402851601954,0 101.63153310047286,2.6764015576518583,0 101.6317765371741,2.6765393356109173,0 101.63161397005656,2.6765389989114747,0 101.63169451770766,2.6766824958804527,0 101.63153487771592,2.67696167098846,0 

</coordinates>

</LineString>

</Placemark>



<Placemark>

<styleUrl>#cluster9</styleUrl>

<name>

Cluster 10 Coverage

</name>


<LineString>

<altitudeMode>clampToGround</altitudeMode>

<coordinates>

101.6317778931204,2.6782221524003416,0 101.63145359218153,2.678221038379247,0 101.63161487159451,2.6782210185390665,0 101.63169523064435,2.6780872265437012,0 101.63161386338692,2.677936497019596,0 101.6317754500224,2.677937544817206,0 101.63129191388855,2.6779347085757115,0 101.63137175634638,2.6777995793350224,0 101.63112795138797,2.6776625684508573,0 101.63121131090762,2.677521389560117,0 101.63129207330006,2.6776616451820705,0 101.63137269299912,2.677520922750607,0 101.63169589866467,2.6778001019638737,0 101.63161464498052,2.677663375747213,0 101.63145260501541,2.6776626448877705,0 101.63153258577007,2.6777996607930583,0 101.63128972172446,2.677382208287646,0 101.6314527165268,2.6773830076041434,0 101.63112776350665,2.6773814815381134,0 101.63120908769432,2.6772451347431767,0 101.63104682123345,2.677246145231407,0 101.63112965048357,2.677102610144883,0 101.6308047791114,2.6771009882108845,0 101.63096648552498,2.677101481614823,0 101.63088574400861,2.677246204330435,0 101.63080580674547,2.6773810422088724,0 101.63096765388464,2.6773813995290334,0 101.63072548384778,2.6772462671767334,0 101.63088613823767,2.677522058285753,0 101.63080430409393,2.677662284682546,0 101.63072384822432,2.677521549614544,0 101.63096716660957,2.677661786357566,0 101.63104748356793,2.6775208569695237,0 101.63088695045137,2.6778022556041328,0 101.63096786198403,2.6779350737576495,0 101.6310488339074,2.6778011688895513,0 101.63088614815594,2.6780861774825344,0 101.6312107750653,2.6778006847197053,0 101.63112860151182,2.6779345877292524,0 101.63145159818697,2.6779354446788406,0 101.63137082548664,2.6780865082234304,0 101.63153457918082,2.678087185767724,0 101.63129022068023,2.6782200341137608,0 101.63121035194824,2.67808716758093,0 101.63104768076036,2.6780865540307297,0 101.63129215895388,2.6771015911921796,0 101.63137056414963,2.6772446583523624,0 101.6314525853582,2.677102261578332,0 101.63153304254935,2.6772433839719296,0 101.6316149758209,2.6771013895516607,0 101.6316956264995,2.677243839964691,0 101.63177766688635,2.6771007926667534,0 101.63177615033275,2.6773828174984424,0 101.63161396258694,2.677383749556654,0 101.63169449558464,2.6775208217823656,0 101.63153394718088,2.67752111938555,0 101.63177526992767,2.677663455966888,0 101.63112791488066,2.678220621837044,0 

</coordinates>

</LineString>

</Placemark>



<Placemark>

<styleUrl>#cluster10</styleUrl>

<name>

Cluster 11 Coverage

</name>


<LineString>

<altitudeMode>clampToGround</altitudeMode>

<coordinates>

101.63064268779429,2.6793405744481276,0 101.63080432282655,2.6793411760871937,0 101.63056316596241,2.678642527445516,0 101.63072313098182,2.678919605964049,0 101.63064217177255,2.678783190504812,0 101.63088578165849,2.6789197234257722,0 101.63128976647815,2.6790617991446264,0 101.63112893854874,2.6790606296758375,0 101.63121057523152,2.6792025145115743,0 101.63137188436279,2.67920155936081,0 101.63129194100414,2.679338731139827,0 101.6316958776183,2.6792024954552036,0 101.63153471347441,2.6792014025981703,0 101.63177749744867,2.679339215287059,0 101.63177627975169,2.6790622847288934,0 101.6316153130877,2.6790634161999813,0 101.63161497134548,2.67878337417198,0 101.6314518584521,2.6787842582173,0 101.63169590496817,2.6783581499255082,0 101.6314540812533,2.678506382602456,0 101.6309671233164,2.6785038930950824,0 101.63112883895371,2.6785052145380326,0 101.63088743456461,2.6783567189473385,0 101.6310475648829,2.6783563925832845,0 101.63096850787403,2.6782218037676455,0 101.63137217543361,2.6786424100737376,0 101.63121060614809,2.678643079109036,0 101.63129163800318,2.678785267046523,0 101.6312109730077,2.6789210190959967,0 101.63104692250315,2.678920309590151,0 101.63169681809251,2.67892035216552,0 101.63153440214701,2.6789199344287793,0 101.6317756404745,2.6787830368407213,0 101.63169694018643,2.678640237959131,0 101.6317754424661,2.678506149362083,0 101.6315326663601,2.6786411877887124,0 101.63161564713155,2.6785071815618635,0 101.63104790599048,2.6786433087582155,0 101.63112876819883,2.6787844107321,0 101.6306437504848,2.678503703679532,0 101.63072522172544,2.678641804086921,0 101.6308048057693,2.678504639719971,0 101.63080510252158,2.6787831140699687,0 101.63088726326498,2.678642065705791,0 101.63096697815367,2.678783319399442,0 101.63104840842101,2.6792015972217924,0 101.63096737506956,2.6793405106044696,0 101.63088568621161,2.6792018939226017,0 101.63080548277351,2.6790600021760396,0 101.63072507985467,2.6792010750355626,0 101.6305618512422,2.6789191070489355,0 101.63064274964822,2.6790606566819024,0 101.63048226771718,2.6790606106119634,0 101.63056259622117,2.679199855431482,0 101.63048272590022,2.6787834730962734,0 101.63129224928826,2.6785065429776593,0 101.63137155165731,2.678358027942631,0 101.63120868343732,2.678357074599496,0 101.63153447162144,2.6783580803236995,0 101.63145218899317,2.6790623427888334,0 101.63137297140194,2.678921180415203,0 101.63145358153261,2.6793398618155835,0 101.63161586773519,2.679340065966923,0 101.63112992806045,2.6793395255434005,0 101.63096811903748,2.679059403895569,0 101.6304805158797,2.679341504972457,0 

</coordinates>

</LineString>

</Placemark>



<Placemark>

<styleUrl>#cluster11</styleUrl>

<name>

Cluster 12 Coverage

</name>


<LineString>

<altitudeMode>clampToGround</altitudeMode>

<coordinates>

101.6303188697674,2.678503224253634,0 101.63023925602715,2.6783593955209177,0 101.63031939251512,2.6779358132894906,0 101.63007720304891,2.678085250577354,0 101.6301571127541,2.6779364102933267,0 101.63007677884661,2.6783591286165747,0 101.6299948827661,2.6782215331867105,0 101.62983416084631,2.6782222373554925,0 101.62999462601451,2.677936983562741,0 101.62991423043617,2.6780848654412495,0 101.62983434229525,2.6779365049472994,0 101.62975406484442,2.678083767285881,0 101.62975316139251,2.6778019783326976,0 101.62959256960372,2.6778019810079465,0 101.629995803018,2.677663368812919,0 101.62983338859252,2.67766277126138,0 101.63039962061195,2.677521622086855,0 101.63023948996418,2.677520746239853,0 101.63031959511032,2.6776623497567713,0 101.6301591111686,2.677663084163006,0 101.6302387602198,2.6778005029435445,0 101.63007786459205,2.677801689296397,0 101.6301565422198,2.6782221557721244,0 101.63023928001262,2.678086039470634,0 101.6304808402358,2.678504507050181,0 101.63039945285219,2.678358455631604,0 101.630562984946,2.6783577220753356,0 101.6303187157549,2.6782226771193614,0 101.63048208084004,2.678221656760328,0 101.63039975790284,2.6780859411324234,0 101.63072515297284,2.6783578500184015,0 101.63064449994533,2.678222396225384,0 101.63080567307456,2.67822267176646,0 101.63072354554544,2.6780856690649344,0 101.6305618986598,2.677521971884894,0 101.63064299390578,2.677661718982492,0 101.63064456897176,2.67738166189757,0 101.63048048463659,2.6773829025025417,0 101.63056252857278,2.677245592985372,0 101.63040084527924,2.6772449449691824,0 101.63031875734843,2.6773835276300537,0 101.63023765257722,2.677244920369862,0 101.63048195986342,2.6776628131287095,0 101.63056367676926,2.677801920692547,0 101.63040167567922,2.677801012581973,0 101.63072457333641,2.6778029004439943,0 101.63064332472744,2.677936593238283,0 101.63080494370715,2.6779362422271,0 101.63048118979333,2.6779355509416787,0 101.63056354682367,2.6780863806681197,0 101.6299153229995,2.677800722650965,0 101.62967112846928,2.677661430476013,0 101.62967199358681,2.6779367108566707,0 101.62950978929253,2.6779365560762924,0 101.62959184822103,2.678083162104675,0 

</coordinates>

</LineString>

</Placemark>



<Placemark>

<styleUrl>#cluster12</styleUrl>

<name>

Cluster 13 Coverage

</name>


<LineString>

<altitudeMode>clampToGround</altitudeMode>

<coordinates>

101.62918720312234,2.6793435088422193,0 101.62926756130622,2.6791982830240473,0 101.63007693999016,2.6789199914446766,0 101.62991409785563,2.678921005678664,0 101.63039939027796,2.678919379989593,0 101.63023894254978,2.678920359509325,0 101.63007623406033,2.6786434840840885,0 101.63015655897954,2.6787844537612973,0 101.62999597483689,2.678784742910341,0 101.62967200004061,2.679055974123732,0 101.62975206167218,2.679199037897598,0 101.62942862254945,2.6786413243886473,0 101.62943041438614,2.6783595115136998,0 101.62926659484518,2.6783589400915915,0 101.62942863385128,2.6780819239503795,0 101.62934912719041,2.6782202924555136,0 101.62918763382679,2.678220631152835,0 101.62934763693427,2.678502706027442,0 101.62918741206657,2.6785024076945123,0 101.62926719610401,2.6786400409966236,0 101.62918699190114,2.6787829397186775,0 101.62951167796722,2.6785028969479794,0 101.62967139708356,2.678220960675983,0 101.62959153916313,2.678360373773056,0 101.62983465613031,2.6785041172776864,0 101.62967282286075,2.678503815698761,0 101.63015663384134,2.6785038061420137,0 101.62999545461129,2.6785043213199966,0 101.63023872303195,2.6786429875894755,0 101.63032024720096,2.678783272949621,0 101.63039992154711,2.678643680343943,0 101.63039943914887,2.679201107672419,0 101.63032031135741,2.679060030900875,0 101.63023984215472,2.679200183686384,0 101.63015840161825,2.6790589606528172,0 101.63015695862526,2.6793400953593935,0 101.6303192368779,2.6793414044329036,0 101.62983436091493,2.6793416646629544,0 101.62999527034397,2.6793413986019,0 101.62983467783411,2.6790565479882598,0 101.62991558248737,2.6792002971789737,0 101.62959016837735,2.67919831162138,0 101.62967131878337,2.6793427526254914,0 101.62934838471274,2.679056604073523,0 101.62950915496808,2.6790560689042424,0 101.62926718318754,2.6789213707599324,0 101.62942991747485,2.6789206446477967,0 101.62934958305634,2.6787835824617336,0 101.62951158358858,2.6787843960435573,0 101.62959076018676,2.6786418446592495,0 101.629752441261,2.678921413597378,0 101.62975414308664,2.6786428698260925,0 101.62983369004044,2.678783473754178,0 101.62951054325288,2.6782215885591967,0 101.62991631429912,2.678359225192608,0 101.62975292407242,2.678359697766294,0 101.62991420339272,2.6786427886157806,0 101.6295906186341,2.678921325581428,0 101.62967134821966,2.678784028262051,0 101.62942997128219,2.6791980885453044,0 101.62951131539704,2.6793420866860065,0 101.62934868986261,2.6793422698152596,0 101.62999702773689,2.679057833078078,0 101.63007821812096,2.6792008006220103,0 101.6291857222613,2.6790556673549384,0 

</coordinates>

</LineString>

</Placemark>



<Placemark>

<styleUrl>#cluster13</styleUrl>

<name>

Cluster 14 Coverage

</name>


<LineString>

<altitudeMode>clampToGround</altitudeMode>

<coordinates>

101.62765009444266,2.6783600677187174,0 101.6273255632166,2.6783601316843435,0 101.62740555558935,2.678220610085031,0 101.62724309626282,2.6782199574680847,0 101.6273262146324,2.6780808226002746,0 101.62708185663183,2.6782199078664295,0 101.6270823362788,2.6779402572043476,0 101.62716384523355,2.67807969359929,0 101.6272433948788,2.6779392329509917,0 101.6274882210052,2.6780804928048956,0 101.62837714019503,2.678219927406034,0 101.6282144881611,2.6782198175461986,0 101.62829600390744,2.678358820666428,0 101.62829592624378,2.678080317626556,0 101.62813375508472,2.678081457540584,0 101.6283781552084,2.677936974450239,0 101.62821579660864,2.677936513236121,0 101.62829649943914,2.6778024761106916,0 101.6281355237426,2.677801409097752,0 101.62821483510021,2.6776597455265514,0 101.6280526560819,2.6776604741899335,0 101.6281355211163,2.677520824425616,0 101.6279713506135,2.677801945486046,0 101.62789039030132,2.6776596865159084,0 101.62781078210845,2.677801424779742,0 101.6277307162058,2.6776586830253652,0 101.6270816615529,2.6776603095875564,0 101.62724457110598,2.677659668910776,0 101.62716225663014,2.6778014164871906,0 101.62732604221496,2.677801929220555,0 101.62740469163174,2.6776589946739184,0 101.62740574480164,2.6779396055278615,0 101.62756744206656,2.6776593406371494,0 101.62748693929768,2.6778019913413704,0 101.62764996791293,2.6778023627162972,0 101.62756700327223,2.6779396763121452,0 101.62805331943045,2.677937282321392,0 101.62789229556061,2.677937697170971,0 101.62797124439703,2.6780813692468977,0 101.627650092705,2.6780810959383214,0 101.62781001880356,2.678081535645988,0 101.62773054162479,2.677938837522591,0 101.62789052876353,2.678219687891479,0 101.62805264545257,2.6782197363677187,0 101.62797195678789,2.6783594786503375,0 101.62813351582602,2.6783595417364,0 101.62772913683706,2.6782205337898954,0 101.62781175134164,2.6783600117065163,0 101.6275687654945,2.678219423184413,0 101.62748690751697,2.678360102337342,0 101.6271635873028,2.678360676168339,0 

</coordinates>

</LineString>

</Placemark>



<Placemark>

<styleUrl>#cluster14</styleUrl>

<name>

Cluster 15 Coverage

</name>


<LineString>

<altitudeMode>clampToGround</altitudeMode>

<coordinates>

101.62708196512166,2.6793416066610343,0 101.62716386744789,2.67919993838923,0 101.6275666368921,2.679342747008503,0 101.62821637443234,2.679342818309173,0 101.6283760096711,2.6790558685192476,0 101.62829538861318,2.6791992816069667,0 101.62829534211834,2.6789202650759076,0 101.62821480857829,2.679056750481287,0 101.628053146001,2.678781939909992,0 101.62772968991106,2.678780059534196,0 101.6278928158989,2.6787810177043103,0 101.62748590875192,2.678918085456886,0 101.62756753085493,2.6790588852486845,0 101.62740597333301,2.679059533175475,0 101.62773029473598,2.6790581038439263,0 101.62764915634274,2.679200839729642,0 101.62797300874061,2.6792006777732293,0 101.62789110430232,2.6790579549083553,0 101.6281356604377,2.678919739828092,0 101.62797184377594,2.678919080775196,0 101.62813519043702,2.6791994243459003,0 101.62805379354293,2.6790574882286013,0 101.6278917739234,2.6793425020854786,0 101.62805397447134,2.67934354327313,0 101.62772979692714,2.6793425404994404,0 101.6278096877133,2.679200477104413,0 101.62748645620049,2.679201035385833,0 101.62764817819227,2.6789187348298196,0 101.6275677008929,2.6787809248164853,0 101.62781186664382,2.6789200224497494,0 101.62797370252311,2.6786392835756607,0 101.62781048258267,2.678638590012108,0 101.62813388744613,2.678640615036817,0 101.62821658544502,2.6785023315022856,0 101.62829640952752,2.6786393309765004,0 101.62837626622161,2.6785025894017394,0 101.62821665974924,2.678781328231961,0 101.6283763192697,2.678782561701771,0 101.62789294660584,2.6784999006683834,0 101.62805272092139,2.6785011804527437,0 101.62756874514892,2.6785008260170153,0 101.62772981823402,2.6784997627149543,0 101.62724425388548,2.6785005887610653,0 101.62740669111018,2.6785002988680198,0 101.62732523127285,2.6789182984621873,0 101.6274063845092,2.678780190946323,0 101.62724363762548,2.6787795831905683,0 101.62765000106108,2.6786391993747354,0 101.62732551865443,2.6786384302535002,0 101.6274870746355,2.6786379334531762,0 101.62716375123595,2.6786393744115413,0 101.62708121892571,2.678499639816529,0 101.62740618962731,2.679342493913654,0 101.62732496750249,2.6792009162118045,0 101.62724423342245,2.679342048978191,0 101.62716340415211,2.678919463202753,0 101.62724353625183,2.6790590550948745,0 101.62708264338644,2.6787792218781052,0 101.62708191749766,2.6790592526837713,0 

</coordinates>

</LineString>

</Placemark>



<Placemark>

<styleUrl>#cluster15</styleUrl>

<name>

Cluster 16 Coverage

</name>


<LineString>

<altitudeMode>clampToGround</altitudeMode>

<coordinates>

101.62625637669629,2.6792766040922076,0 101.62609509227732,2.6792760462495178,0 101.62593254717724,2.679276007108572,0 101.62593242545871,2.678990352076237,0 101.62577106015955,2.6789913003671844,0 101.62601266076784,2.678849458934949,0 101.62585120846721,2.6788506708217885,0 101.62593127833057,2.6787078683543117,0 101.62585113275952,2.6785707726613333,0 101.62577052894947,2.678708455985802,0 101.6259326883383,2.6784316778507455,0 101.6260121992188,2.678570400017809,0 101.62665992469333,2.6785713876124726,0 101.62649896084544,2.6785710809380774,0 101.62682275784697,2.678571829221981,0 101.62690440552481,2.678431233356216,0 101.62657907820089,2.6787059542274183,0 101.62674153442812,2.6787048884971276,0 101.62633779928657,2.678570540227767,0 101.62641823853345,2.678431042380072,0 101.62625639517452,2.678432263416138,0 101.62641763518852,2.6787060784186574,0 101.62625645576071,2.6787069833155632,0 101.62633837715427,2.678848350255163,0 101.62633698884277,2.679136403248281,0 101.62617383847821,2.679137528570146,0 101.62649948180776,2.679137448064937,0 101.6262568031037,2.6789895208310863,0 101.626580250531,2.6789901221537193,0 101.6264184687181,2.6789891094209963,0 101.62666054551286,2.6788481820700594,0 101.62649800750518,2.6788494666822906,0 101.62658044130956,2.6792760492317793,0 101.62641668457394,2.6792768581344504,0 101.62690427903496,2.679275715350501,0 101.6267418638503,2.6792752575225873,0 101.62682187326654,2.67913845602184,0 101.62665996820729,2.6791384875982107,0 101.62674093013408,2.6789912862459224,0 101.62690363436836,2.6789904086378975,0 101.62690439907507,2.6787062110969084,0 101.62682304969377,2.6788485929575216,0 101.62682188035282,2.6782920703152038,0 101.62674175696124,2.678431596985032,0 101.62666102179398,2.6782928170087974,0 101.6264993643484,2.6782934277478128,0 101.62658099527033,2.678430454871305,0 101.62609363653631,2.678432686564116,0 101.62617416207294,2.678569762420557,0 101.62609423043176,2.6787083176939457,0 101.62609407623707,2.6789891042206477,0 101.62617511687297,2.678849228876714,0 101.62585143875596,2.679137345528739,0 101.62601403909117,2.6791368362238317,0 101.62576970771306,2.679275735462932,0 

</coordinates>

</LineString>

</Placemark>



<Placemark>

<styleUrl>#cluster0</styleUrl>

<name>

Cluster 17 Coverage

</name>


<LineString>

<altitudeMode>clampToGround</altitudeMode>

<coordinates>

101.62585187608829,2.6782927915407253,0 101.62617562148482,2.678015305504932,0 101.62641790001808,2.677871169466077,0 101.62633816563694,2.6780155197503683,0 101.62682272722657,2.6774483111434537,0 101.62682267069822,2.6777315163170448,0 101.6269044864638,2.677590881536679,0 101.62665957179473,2.677732318127046,0 101.6265798357178,2.6778719400158173,0 101.62649791032639,2.6777327585628945,0 101.62674121289405,2.6781493403612324,0 101.62682208535747,2.678014054332501,0 101.62690351336694,2.678148466517698,0 101.62674079806185,2.67787169597809,0 101.62690226602967,2.677872452133349,0 101.62625520384547,2.677872086827274,0 101.62633591055479,2.6777339295708953,0 101.62544786375697,2.677871400534815,0 101.62569050706199,2.678013355771835,0 101.62552727288127,2.6780131181407696,0 101.62585040511286,2.6780137034087583,0 101.6257715435986,2.6781506588229083,0 101.62601436274167,2.678293393542958,0 101.62609401166166,2.678150495977734,0 101.6261746081394,2.6782924085689306,0 101.6262570227746,2.6781509910756016,0 101.62633652391662,2.6782931693989873,0 101.62641744615934,2.678150338459884,0 101.62658000531293,2.6781499503968864,0 101.62649811881865,2.67801460002631,0 101.62666093160918,2.678015156766368,0 101.62593272442669,2.6775943193684637,0 101.6260125376737,2.6774490055573,0 101.62577020847907,2.6775941937222907,0 101.6256888495828,2.6774502752448943,0 101.62585081160557,2.677732930599985,0 101.62560762827324,2.6775937336692324,0 101.6256083706257,2.6778713471969375,0 101.62568983821863,2.6777334537257715,0 101.62552654572755,2.6777337286369405,0 101.62601419021355,2.6777335751726405,0 101.62593114547786,2.6778735831972598,0 101.62617641918274,2.6774490160467446,0 101.62609324061471,2.677593770393647,0 101.62666082240504,2.6774479857232802,0 101.62657863543436,2.677591094127259,0 101.62674082263075,2.6775912018914445,0 101.62649791460234,2.6774484479633065,0 101.62641749472412,2.677591761766137,0 101.62633707370523,2.6774479032914478,0 101.6261761636944,2.6777342427501836,0 101.62625626864224,2.6775925452041176,0 101.62601201501239,2.6780141267746416,0 101.62593213971205,2.6781509961541694,0 101.62609558930406,2.6778731984764335,0 101.6259314936549,2.6773098778445,0 101.62585105065756,2.677448931672695,0 101.62577145077692,2.677308539198259,0 101.62576915395739,2.6778723785503478,0 101.62560823118328,2.678149772166988,0 

</coordinates>

</LineString>

</Placemark>



<Placemark>

<styleUrl>#cluster1</styleUrl>

<name>

Cluster 18 Coverage

</name>


<LineString>

<altitudeMode>clampToGround</altitudeMode>

<coordinates>

101.62463845829028,2.6792732553349397,0 101.62463642896823,2.6789911825898236,0 101.62471855679438,2.6791383639705795,0 101.62512318375549,2.6789914332328224,0 101.62536546422093,2.678569800216815,0 101.62528520065449,2.678708755387997,0 101.62512363197513,2.678151643200261,0 101.62552709863584,2.678292530924405,0 101.62536666444483,2.678292731434774,0 101.62560757086322,2.6784315190427255,0 101.62568910360653,2.678292199499928,0 101.6254456388012,2.678709069683153,0 101.6255283596787,2.678571006129689,0 101.62560886112382,2.6787096870265352,0 101.62528475976389,2.678429725826168,0 101.62544603921964,2.678430327269217,0 101.62569065732363,2.6785703554914266,0 101.62576950056084,2.6784316519623554,0 101.62569018335091,2.678851597481189,0 101.62552846105334,2.678851125133026,0 101.62560738429264,2.6789910283061995,0 101.62544598474456,2.678989808272915,0 101.62552760601433,2.679138835003952,0 101.62568840429473,2.6791386715943086,0 101.62560873665781,2.679275749351112,0 101.62471868067696,2.678852220862514,0 101.6249620396796,2.6789921605892424,0 101.62488092458308,2.6788516182451287,0 101.62496185147349,2.6792752912058697,0 101.62487995433987,2.6791383351663063,0 101.62480036527073,2.679274580346915,0 101.62512381621208,2.67927613718277,0 101.62504105246838,2.6791376395811524,0 101.62544801908702,2.6792759085881324,0 101.62536703810271,2.6791399676283723,0 101.62528388303222,2.6792754473267544,0 101.62528373743426,2.678991052444072,0 101.62520522656311,2.679138973977846,0 101.62512176785586,2.6787079641344014,0 101.62496194938944,2.6787087456001952,0 101.62504104825679,2.6785696865829887,0 101.62479952875599,2.6787095761135062,0 101.62487987193478,2.6785693442006955,0 101.62463685068435,2.678150784259366,0 101.62471823509377,2.6782927297056927,0 101.62455778098673,2.678291977156145,0 101.62463844997723,2.6784301718270447,0 101.62447544561898,2.6784300781059645,0 101.62479912465189,2.678429778219352,0 101.62471936987004,2.6785692566834673,0 101.62504180404353,2.678291683762295,0 101.62496100047144,2.6784296949204256,0 101.62487991124658,2.6780126993521134,0 101.62544624224975,2.6781496243205627,0 101.62536483177752,2.6780121164909625,0 101.62520394720117,2.678012180153147,0 101.62528357175546,2.678150725995549,0 101.62504238238179,2.6780124693551204,0 101.62480041468785,2.6781509507748473,0 101.62471802221063,2.678011805784458,0 101.62496161413321,2.6781510402777493,0 101.62487962924025,2.6782914543980185,0 101.62520298621816,2.678292391576352,0 101.62512408405081,2.6784308478757546,0 101.62520449822127,2.67856959482763,0 101.62520338209538,2.678850263634582,0 101.62536612604092,2.6788500063506326,0 101.62504333235972,2.678850345762344,0 101.62480039123133,2.6789913859304395,0 101.62455553637433,2.678569155221151,0 101.62463673180562,2.678709417509714,0 101.6245567455982,2.678851278409379,0 

</coordinates>

</LineString>

</Placemark>



<Placemark>

<styleUrl>#cluster2</styleUrl>

<name>

Cluster 19 Coverage

</name>


<LineString>

<altitudeMode>clampToGround</altitudeMode>

<coordinates>

101.6232604201689,2.679408805789626,0 101.62423164670595,2.6788508339773904,0 101.6241528124191,2.6789886445034163,0 101.62431401757696,2.6789888388663297,0 101.62366597383084,2.678987653510237,0 101.62382840961281,2.678987665037404,0 101.6237472510875,2.678850237248203,0 101.62398957877895,2.6784321286400337,0 101.62390869032775,2.6785714329414048,0 101.62431379159726,2.678431319258062,0 101.62415142526831,2.6784308053850436,0 101.62439552645435,2.6785701809434523,0 101.62431306926568,2.678710600929036,0 101.62423181506581,2.6785713807706832,0 101.62415139469381,2.6787117643421916,0 101.62407083094132,2.6785713773045208,0 101.62407176134079,2.6788505064679726,0 101.62398983097346,2.6787119422960415,0 101.62366643350727,2.678712034429691,0 101.6237462124425,2.6785700930467238,0 101.62358500909832,2.6785711994065107,0 101.6236673043171,2.6784336444580674,0 101.62350329997221,2.678433413925423,0 101.62390894945209,2.6788513171971977,0 101.62382730234101,2.67871263045391,0 101.62390997950664,2.6794111112225805,0 101.62407101231359,2.679410167562448,0 101.62374701796931,2.679410191765095,0 101.62350534837533,2.679273792115477,0 101.62358434676817,2.679409967224707,0 101.62334295238992,2.6792742317836193,0 101.62342319331968,2.679409614824952,0 101.62358514176321,2.6791371884179505,0 101.62342403502615,2.679135902244247,0 101.62350513088616,2.6789882204410516,0 101.62334126261963,2.67898936541914,0 101.6235030264326,2.6787133702821064,0 101.62342235637321,2.678851535729227,0 101.62358414193919,2.6788505013949395,0 101.62374720464754,2.6791373116597064,0 101.62366523819706,2.6792725438966594,0 101.62391015440718,2.679138277369073,0 101.62382771636565,2.6792726160733555,0 101.62399123045724,2.6789878704623615,0 101.62407210139446,2.679138986394563,0 101.62398896395702,2.679273011996811,0 101.62423260830134,2.6791380054729754,0 101.62415142266839,2.679272565642989,0 101.62447663682906,2.6792727308610975,0 101.62431357446938,2.6792715809579866,0 101.62455514999027,2.6791388572747037,0 101.62439443979197,2.6791375159997983,0 101.62447520453901,2.67898994591041,0 101.6243948831448,2.678850827886801,0 101.62447636796705,2.67870937564735,0 101.62382772036997,2.678432696873138,0 101.6234236484562,2.67857112760862,0 

</coordinates>

</LineString>

</Placemark>



<Placemark>

<styleUrl>#cluster3</styleUrl>

<name>

Cluster 20 Coverage

</name>


<LineString>

<altitudeMode>clampToGround</altitudeMode>

<coordinates>

101.62228925841966,2.678010670004728,0 101.62309857588787,2.678852335049513,0 101.62293839503545,2.678852855116471,0 101.62326240917972,2.6791350983585267,0 101.62317934655997,2.6789896726793216,0 101.62326176780972,2.67885099292705,0 101.62301755636767,2.6787133613185605,0 101.62317956574607,2.67871229709188,0 101.62277612503497,2.6785724424183917,0 101.62293786432484,2.678572638397871,0 101.62221032159442,2.678712072488411,0 101.62229128290213,2.678852861220763,0 101.62237194901759,2.6781516814512956,0 101.62228965862909,2.6782924387456575,0 101.62220874821767,2.678152079550688,0 101.62245220019732,2.6782916458053463,0 101.62245312734628,2.6780114776296364,0 101.62261519270494,2.6782922889881013,0 101.62253233941652,2.6781522126365873,0 101.62269405425992,2.6784319866442083,0 101.62285802979817,2.678714618891195,0 101.62261358953879,2.678852051996338,0 101.62277487910433,2.679133536244585,0 101.62269469032344,2.6789881705451553,0 101.62269514305237,2.679272426189421,0 101.62245227472357,2.6791319892135124,0 101.62253283865704,2.6792715186317846,0 101.62245117519711,2.6794123998435233,0 101.62277541488827,2.6794101025331076,0 101.62261483518668,2.6794114218443688,0 101.62237142880335,2.6792706596734157,0 101.622290332317,2.6794111817314152,0 101.62229141214277,2.6791328889764134,0 101.62220953102648,2.6792708553203566,0 101.62220895389747,2.678990482151141,0 101.62261356365887,2.6791325649304047,0 101.622532601382,2.6789893950112846,0 101.62310057476564,2.67940896235002,0 101.62318015271893,2.679273462453061,0 101.62293829640303,2.6794101330354265,0 101.62301810509018,2.6792724843391187,0 101.62285629183302,2.678988372051462,0 101.6229375399881,2.6791340473708014,0 101.62269521687907,2.6787138720508556,0 101.62277635807715,2.678851949835099,0 101.62229021320589,2.6785720757532028,0 101.62237206184425,2.6784321672755205,0 101.62221054998173,2.678431354718691,0 101.62237031534202,2.6787112848535535,0 101.62253195077732,2.678712627534435,0 101.62237063812715,2.678990329172912,0 101.62245089492131,2.67885183124011,0 101.62253352537778,2.6784325760697287,0 101.6224512058244,2.678572820004711,0 101.62261373704422,2.6785720225946803,0 101.62285641093,2.678432746956862,0 101.6227746813388,2.6782909439948477,0 101.62293797102649,2.6782922545928,0 101.62285637828691,2.67815232147591,0 101.6229378945489,2.6780094862335564,0 101.62301969570412,2.678151092079942,0 101.62310049125082,2.678009501310504,0 101.62326150784524,2.6782927392663454,0 101.62318041497338,2.6781519181061553,0 101.62309833923106,2.678291398036384,0 101.62318166709467,2.6784325376319535,0 101.6230180720322,2.678431505619156,0 101.62334325233857,2.678713341564599,0 101.62309903383573,2.679134440314884,0 101.62301881159287,2.6789888677076075,0 101.6228562258386,2.6792725674245093,0 101.62309871156064,2.6785731619562023,0 101.62326119585728,2.678572056403786,0 101.62334170192247,2.6784328446696812,0 101.62269460698974,2.67815268323126,0 101.62277671696225,2.6780108034855017,0 101.62261357276182,2.678010439554714,0 

</coordinates>

</LineString>

</Placemark>

</Folder>


<Folder>

<name>Access Legs - Not Counted</name>



<Placemark>

<styleUrl>#accessStyle</styleUrl>

<name>

Base To Start Palm

</name>


<LineString>

<altitudeMode>clampToGround</altitudeMode>

<coordinates>

101.62260098639686,2.676394944761943,0 101.62253179710211,2.6764737306731115,0 

</coordinates>

</LineString>

</Placemark>



<Placemark>

<styleUrl>#accessStyle</styleUrl>

<name>

End Palm To Base

</name>


<LineString>

<altitudeMode>clampToGround</altitudeMode>

<coordinates>

101.62318186986099,2.6767519999903837,0 101.62381409123638,2.6762952068379744,0 

</coordinates>

</LineString>

</Placemark>



<Placemark>

<styleUrl>#accessStyle</styleUrl>

<name>

Base To Start Palm

</name>


<LineString>

<altitudeMode>clampToGround</altitudeMode>

<coordinates>

101.62381409123638,2.6762952068379744,0 101.6237459250214,2.6774528193796336,0 

</coordinates>

</LineString>

</Placemark>



<Placemark>

<styleUrl>#accessStyle</styleUrl>

<name>

End Palm To Base

</name>


<LineString>

<altitudeMode>clampToGround</altitudeMode>

<coordinates>

101.62439409756355,2.6774521415785997,0 101.62442262156442,2.67624517525817,0 

</coordinates>

</LineString>

</Placemark>



<Placemark>

<styleUrl>#accessStyle</styleUrl>

<name>

Base To Start Palm

</name>


<LineString>

<altitudeMode>clampToGround</altitudeMode>

<coordinates>

101.62442262156442,2.67624517525817,0 101.62447550771348,2.6764752448818405,0 

</coordinates>

</LineString>

</Placemark>



<Placemark>

<styleUrl>#accessStyle</styleUrl>

<name>

End Palm To Base

</name>


<LineString>

<altitudeMode>clampToGround</altitudeMode>

<coordinates>

101.62455742990927,2.6766131227298042,0 101.6256253186327,2.6761462930306457,0 

</coordinates>

</LineString>

</Placemark>



<Placemark>

<styleUrl>#accessStyle</styleUrl>

<name>

Base To Start Palm

</name>


<LineString>

<altitudeMode>clampToGround</altitudeMode>

<coordinates>

101.6256253186327,2.6761462930306457,0 101.62544746566063,2.676477530395606,0 

</coordinates>

</LineString>

</Placemark>



<Placemark>

<styleUrl>#accessStyle</styleUrl>

<name>

End Palm To Base

</name>


<LineString>

<altitudeMode>clampToGround</altitudeMode>

<coordinates>

101.62560876360482,2.6767521072760148,0 101.62751607745213,2.6759908403828376,0 

</coordinates>

</LineString>

</Placemark>



<Placemark>

<styleUrl>#accessStyle</styleUrl>

<name>

Base To Start Palm

</name>


<LineString>

<altitudeMode>clampToGround</altitudeMode>

<coordinates>

101.62751607745213,2.6759908403828376,0 101.62690378875219,2.676475621004328,0 

</coordinates>

</LineString>

</Placemark>



<Placemark>

<styleUrl>#accessStyle</styleUrl>

<name>

End Palm To Base

</name>


<LineString>

<altitudeMode>clampToGround</altitudeMode>

<coordinates>

101.62690306184521,2.676749089039286,0 101.62888083141958,2.6759327744480896,0 

</coordinates>

</LineString>

</Placemark>



<Placemark>

<styleUrl>#accessStyle</styleUrl>

<name>

Base To Start Palm

</name>


<LineString>

<altitudeMode>clampToGround</altitudeMode>

<coordinates>

101.62888083141958,2.6759327744480896,0 101.62886306535756,2.675978612279105,0 

</coordinates>

</LineString>

</Placemark>



<Placemark>

<styleUrl>#accessStyle</styleUrl>

<name>

End Palm To Base

</name>


<LineString>

<altitudeMode>clampToGround</altitudeMode>

<coordinates>

101.6295105476134,2.67598086151245,0 101.62965577814377,2.675933802598402,0 

</coordinates>

</LineString>

</Placemark>



<Placemark>

<styleUrl>#accessStyle</styleUrl>

<name>

Base To Start Palm

</name>


<LineString>

<altitudeMode>clampToGround</altitudeMode>

<coordinates>

101.62965577814377,2.675933802598402,0 101.62950960274188,2.6768202208563006,0 

</coordinates>

</LineString>

</Placemark>



<Placemark>

<styleUrl>#accessStyle</styleUrl>

<name>

End Palm To Base

</name>


<LineString>

<altitudeMode>clampToGround</altitudeMode>

<coordinates>

101.62959164374311,2.676958979116422,0 101.63133618396992,2.6759360320545973,0 

</coordinates>

</LineString>

</Placemark>



<Placemark>

<styleUrl>#accessStyle</styleUrl>

<name>

Base To Start Palm

</name>


<LineString>

<altitudeMode>clampToGround</altitudeMode>

<coordinates>

101.63133618396992,2.6759360320545973,0 101.63072322303127,2.67612420229532,0 

</coordinates>

</LineString>

</Placemark>



<Placemark>

<styleUrl>#accessStyle</styleUrl>

<name>

End Palm To Base

</name>


<LineString>

<altitudeMode>clampToGround</altitudeMode>

<coordinates>

101.63080635316287,2.6768215477112585,0 101.63182269637511,2.6770427682659674,0 

</coordinates>

</LineString>

</Placemark>



<Placemark>

<styleUrl>#accessStyle</styleUrl>

<name>

Base To Start Palm

</name>


<LineString>

<altitudeMode>clampToGround</altitudeMode>

<coordinates>

101.63182269637511,2.6770427682659674,0 101.63169581457964,2.6769618859943103,0 

</coordinates>

</LineString>

</Placemark>



<Placemark>

<styleUrl>#accessStyle</styleUrl>

<name>

End Palm To Base

</name>


<LineString>

<altitudeMode>clampToGround</altitudeMode>

<coordinates>

101.63153487771592,2.67696167098846,0 101.63182268990553,2.6788387505034184,0 

</coordinates>

</LineString>

</Placemark>



<Placemark>

<styleUrl>#accessStyle</styleUrl>

<name>

Base To Start Palm

</name>


<LineString>

<altitudeMode>clampToGround</altitudeMode>

<coordinates>

101.63182268990553,2.6788387505034184,0 101.6317778931204,2.6782221524003416,0 

</coordinates>

</LineString>

</Placemark>



<Placemark>

<styleUrl>#accessStyle</styleUrl>

<name>

End Palm To Base

</name>


<LineString>

<altitudeMode>clampToGround</altitudeMode>

<coordinates>

101.63112791488066,2.678220621837044,0 101.63071163126116,2.6793939965228586,0 

</coordinates>

</LineString>

</Placemark>



<Placemark>

<styleUrl>#accessStyle</styleUrl>

<name>

Base To Start Palm

</name>


<LineString>

<altitudeMode>clampToGround</altitudeMode>

<coordinates>

101.63071163126116,2.6793939965228586,0 101.63064268779429,2.6793405744481276,0 

</coordinates>

</LineString>

</Placemark>



<Placemark>

<styleUrl>#accessStyle</styleUrl>

<name>

End Palm To Base

</name>


<LineString>

<altitudeMode>clampToGround</altitudeMode>

<coordinates>

101.6304805158797,2.679341504972457,0 101.63000468596572,2.67940050524589,0 

</coordinates>

</LineString>

</Placemark>



<Placemark>

<styleUrl>#accessStyle</styleUrl>

<name>

Base To Start Palm

</name>


<LineString>

<altitudeMode>clampToGround</altitudeMode>

<coordinates>

101.63000468596572,2.67940050524589,0 101.6303188697674,2.678503224253634,0 

</coordinates>

</LineString>

</Placemark>



<Placemark>

<styleUrl>#accessStyle</styleUrl>

<name>

End Palm To Base

</name>


<LineString>

<altitudeMode>clampToGround</altitudeMode>

<coordinates>

101.62959184822103,2.678083162104675,0 101.62874012529363,2.679412147837224,0 

</coordinates>

</LineString>

</Placemark>



<Placemark>

<styleUrl>#accessStyle</styleUrl>

<name>

Base To Start Palm

</name>


<LineString>

<altitudeMode>clampToGround</altitudeMode>

<coordinates>

101.62874012529363,2.679412147837224,0 101.62918720312234,2.6793435088422193,0 

</coordinates>

</LineString>

</Placemark>



<Placemark>

<styleUrl>#accessStyle</styleUrl>

<name>

End Palm To Base

</name>


<LineString>

<altitudeMode>clampToGround</altitudeMode>

<coordinates>

101.6291857222613,2.6790556673549384,0 101.62773077066915,2.67942144079063,0 

</coordinates>

</LineString>

</Placemark>



<Placemark>

<styleUrl>#accessStyle</styleUrl>

<name>

Base To Start Palm

</name>


<LineString>

<altitudeMode>clampToGround</altitudeMode>

<coordinates>

101.62773077066915,2.67942144079063,0 101.62765009444266,2.6783600677187174,0 

</coordinates>

</LineString>

</Placemark>



<Placemark>

<styleUrl>#accessStyle</styleUrl>

<name>

End Palm To Base

</name>


<LineString>

<altitudeMode>clampToGround</altitudeMode>

<coordinates>

101.6271635873028,2.678360676168339,0 101.62704703395053,2.679427735836309,0 

</coordinates>

</LineString>

</Placemark>



<Placemark>

<styleUrl>#accessStyle</styleUrl>

<name>

Base To Start Palm

</name>


<LineString>

<altitudeMode>clampToGround</altitudeMode>

<coordinates>

101.62704703395053,2.679427735836309,0 101.62708196512166,2.6793416066610343,0 

</coordinates>

</LineString>

</Placemark>



<Placemark>

<styleUrl>#accessStyle</styleUrl>

<name>

End Palm To Base

</name>


<LineString>

<altitudeMode>clampToGround</altitudeMode>

<coordinates>

101.62708191749766,2.6790592526837713,0 101.62628963542065,2.6794347090735413,0 

</coordinates>

</LineString>

</Placemark>



<Placemark>

<styleUrl>#accessStyle</styleUrl>

<name>

Base To Start Palm

</name>


<LineString>

<altitudeMode>clampToGround</altitudeMode>

<coordinates>

101.62628963542065,2.6794347090735413,0 101.62625637669629,2.6792766040922076,0 

</coordinates>

</LineString>

</Placemark>



<Placemark>

<styleUrl>#accessStyle</styleUrl>

<name>

End Palm To Base

</name>


<LineString>

<altitudeMode>clampToGround</altitudeMode>

<coordinates>

101.62576970771306,2.679275735462932,0 101.62566726219642,2.679440439156144,0 

</coordinates>

</LineString>

</Placemark>



<Placemark>

<styleUrl>#accessStyle</styleUrl>

<name>

Base To Start Palm

</name>


<LineString>

<altitudeMode>clampToGround</altitudeMode>

<coordinates>

101.62566726219642,2.679440439156144,0 101.62585187608829,2.6782927915407253,0 

</coordinates>

</LineString>

</Placemark>



<Placemark>

<styleUrl>#accessStyle</styleUrl>

<name>

End Palm To Base

</name>


<LineString>

<altitudeMode>clampToGround</altitudeMode>

<coordinates>

101.62560823118328,2.678149772166988,0 101.62451547341416,2.6794510434761984,0 

</coordinates>

</LineString>

</Placemark>



<Placemark>

<styleUrl>#accessStyle</styleUrl>

<name>

Base To Start Palm

</name>


<LineString>

<altitudeMode>clampToGround</altitudeMode>

<coordinates>

101.62451547341416,2.6794510434761984,0 101.62463845829028,2.6792732553349397,0 

</coordinates>

</LineString>

</Placemark>



<Placemark>

<styleUrl>#accessStyle</styleUrl>

<name>

End Palm To Base

</name>


<LineString>

<altitudeMode>clampToGround</altitudeMode>

<coordinates>

101.6245567455982,2.678851278409379,0 101.6226971970681,2.679457148620316,0 

</coordinates>

</LineString>

</Placemark>



<Placemark>

<styleUrl>#accessStyle</styleUrl>

<name>

Base To Start Palm

</name>


<LineString>

<altitudeMode>clampToGround</altitudeMode>

<coordinates>

101.6226971970681,2.679457148620316,0 101.6232604201689,2.679408805789626,0 

</coordinates>

</LineString>

</Placemark>



<Placemark>

<styleUrl>#accessStyle</styleUrl>

<name>

End Palm To Base

</name>


<LineString>

<altitudeMode>clampToGround</altitudeMode>

<coordinates>

101.6234236484562,2.67857112760862,0 101.6221634487182,2.6779409359182624,0 

</coordinates>

</LineString>

</Placemark>



<Placemark>

<styleUrl>#accessStyle</styleUrl>

<name>

Base To Start Palm

</name>


<LineString>

<altitudeMode>clampToGround</altitudeMode>

<coordinates>

101.6221634487182,2.6779409359182624,0 101.62228925841966,2.678010670004728,0 

</coordinates>

</LineString>

</Placemark>



<Placemark>

<styleUrl>#accessStyle</styleUrl>

<name>

End Palm To Base

</name>


<LineString>

<altitudeMode>clampToGround</altitudeMode>

<coordinates>

101.62261357276182,2.678010439554714,0 101.62260098639686,2.676394944761943,0 

</coordinates>

</LineString>

</Placemark>



</Folder>



<Folder>

<name>Cluster Start End Palms</name>



<Placemark>

<styleUrl>#startStyle</styleUrl>

<name>

Cluster 1 Start Palm

</name>


<Point>

<coordinates>

101.62253179710211,2.6764737306731115,13.305770572471296

</coordinates>

</Point>

</Placemark>



<Placemark>

<styleUrl>#endStyle</styleUrl>

<name>

Cluster 1 End Palm

</name>


<Point>

<coordinates>

101.62318186986099,2.6767519999903837,13.24748206238777

</coordinates>

</Point>

</Placemark>



<Placemark>

<styleUrl>#startStyle</styleUrl>

<name>

Cluster 2 Start Palm

</name>


<Point>

<coordinates>

101.6237459250214,2.6774528193796336,13.201802588413246

</coordinates>

</Point>

</Placemark>



<Placemark>

<styleUrl>#endStyle</styleUrl>

<name>

Cluster 2 End Palm

</name>


<Point>

<coordinates>

101.62439409756355,2.6774521415785997,13.157899157025922

</coordinates>

</Point>

</Placemark>



<Placemark>

<styleUrl>#startStyle</styleUrl>

<name>

Cluster 3 Start Palm

</name>


<Point>

<coordinates>

101.62447550771348,2.6764752448818405,13.1481071787247

</coordinates>

</Point>

</Placemark>



<Placemark>

<styleUrl>#endStyle</styleUrl>

<name>

Cluster 3 End Palm

</name>


<Point>

<coordinates>

101.62455742990927,2.6766131227298042,13.138702281826099

</coordinates>

</Point>

</Placemark>



<Placemark>

<styleUrl>#startStyle</styleUrl>

<name>

Cluster 4 Start Palm

</name>


<Point>

<coordinates>

101.62544746566063,2.676477530395606,13.053472176523556

</coordinates>

</Point>

</Placemark>



<Placemark>

<styleUrl>#endStyle</styleUrl>

<name>

Cluster 4 End Palm

</name>


<Point>

<coordinates>

101.62560876360482,2.6767521072760148,13.038095980312528

</coordinates>

</Point>

</Placemark>



<Placemark>

<styleUrl>#startStyle</styleUrl>

<name>

Cluster 5 Start Palm

</name>


<Point>

<coordinates>

101.62690378875219,2.676475621004328,12.893274649434819

</coordinates>

</Point>

</Placemark>



<Placemark>

<styleUrl>#endStyle</styleUrl>

<name>

Cluster 5 End Palm

</name>


<Point>

<coordinates>

101.62690306184521,2.676749089039286,12.88907312298965

</coordinates>

</Point>

</Placemark>



<Placemark>

<styleUrl>#startStyle</styleUrl>

<name>

Cluster 6 Start Palm

</name>


<Point>

<coordinates>

101.62886306535756,2.675978612279105,13.190197579297685

</coordinates>

</Point>

</Placemark>



<Placemark>

<styleUrl>#endStyle</styleUrl>

<name>

Cluster 6 End Palm

</name>


<Point>

<coordinates>

101.6295105476134,2.67598086151245,13.128480360719252

</coordinates>

</Point>

</Placemark>



<Placemark>

<styleUrl>#startStyle</styleUrl>

<name>

Cluster 7 Start Palm

</name>


<Point>

<coordinates>

101.62950960274188,2.6768202208563006,13.129264867847919

</coordinates>

</Point>

</Placemark>



<Placemark>

<styleUrl>#endStyle</styleUrl>

<name>

Cluster 7 End Palm

</name>


<Point>

<coordinates>

101.62959164374311,2.676958979116422,13.123515098994414

</coordinates>

</Point>

</Placemark>



<Placemark>

<styleUrl>#startStyle</styleUrl>

<name>

Cluster 8 Start Palm

</name>


<Point>

<coordinates>

101.63072322303127,2.67612420229532,12.98674595939015

</coordinates>

</Point>

</Placemark>



<Placemark>

<styleUrl>#endStyle</styleUrl>

<name>

Cluster 8 End Palm

</name>


<Point>

<coordinates>

101.63080635316287,2.6768215477112585,12.997845646957364

</coordinates>

</Point>

</Placemark>



<Placemark>

<styleUrl>#startStyle</styleUrl>

<name>

Cluster 9 Start Palm

</name>


<Point>

<coordinates>

101.63169581457964,2.6769618859943103,12.897791013165604

</coordinates>

</Point>

</Placemark>



<Placemark>

<styleUrl>#endStyle</styleUrl>

<name>

Cluster 9 End Palm

</name>


<Point>

<coordinates>

101.63153487771592,2.67696167098846,12.914664842522962

</coordinates>

</Point>

</Placemark>



<Placemark>

<styleUrl>#startStyle</styleUrl>

<name>

Cluster 10 Start Palm

</name>


<Point>

<coordinates>

101.6317778931204,2.6782221524003416,12.939290420036706

</coordinates>

</Point>

</Placemark>



<Placemark>

<styleUrl>#endStyle</styleUrl>

<name>

Cluster 10 End Palm

</name>


<Point>

<coordinates>

101.63112791488066,2.678220621837044,12.999351950567712

</coordinates>

</Point>

</Placemark>



<Placemark>

<styleUrl>#startStyle</styleUrl>

<name>

Cluster 11 Start Palm

</name>


<Point>

<coordinates>

101.63064268779429,2.6793405744481276,13.042892221084283

</coordinates>

</Point>

</Placemark>



<Placemark>

<styleUrl>#endStyle</styleUrl>

<name>

Cluster 11 End Palm

</name>


<Point>

<coordinates>

101.6304805158797,2.679341504972457,13.062000164409529

</coordinates>

</Point>

</Placemark>



<Placemark>

<styleUrl>#startStyle</styleUrl>

<name>

Cluster 12 Start Palm

</name>


<Point>

<coordinates>

101.6303188697674,2.678503224253634,13.089467775935908

</coordinates>

</Point>

</Placemark>



<Placemark>

<styleUrl>#endStyle</styleUrl>

<name>

Cluster 12 End Palm

</name>


<Point>

<coordinates>

101.62959184822103,2.678083162104675,13.130702683804722

</coordinates>

</Point>

</Placemark>



<Placemark>

<styleUrl>#startStyle</styleUrl>

<name>

Cluster 13 Start Palm

</name>


<Point>

<coordinates>

101.62918720312234,2.6793435088422193,13.185698572276516

</coordinates>

</Point>

</Placemark>



<Placemark>

<styleUrl>#endStyle</styleUrl>

<name>

Cluster 13 End Palm

</name>


<Point>

<coordinates>

101.6291857222613,2.6790556673549384,13.192306557576995

</coordinates>

</Point>

</Placemark>



<Placemark>

<styleUrl>#startStyle</styleUrl>

<name>

Cluster 14 Start Palm

</name>


<Point>

<coordinates>

101.62765009444266,2.6783600677187174,13.29581730164819

</coordinates>

</Point>

</Placemark>



<Placemark>

<styleUrl>#endStyle</styleUrl>

<name>

Cluster 14 End Palm

</name>


<Point>

<coordinates>

101.6271635873028,2.678360676168339,13.327685857915172

</coordinates>

</Point>

</Placemark>



<Placemark>

<styleUrl>#startStyle</styleUrl>

<name>

Cluster 15 Start Palm

</name>


<Point>

<coordinates>

101.62708196512166,2.6793416066610343,13.33400828878927

</coordinates>

</Point>

</Placemark>



<Placemark>

<styleUrl>#endStyle</styleUrl>

<name>

Cluster 15 End Palm

</name>


<Point>

<coordinates>

101.62708191749766,2.6790592526837713,13.334424211856692

</coordinates>

</Point>

</Placemark>



<Placemark>

<styleUrl>#startStyle</styleUrl>

<name>

Cluster 16 Start Palm

</name>


<Point>

<coordinates>

101.62625637669629,2.6792766040922076,12.983211789229287

</coordinates>

</Point>

</Placemark>



<Placemark>

<styleUrl>#endStyle</styleUrl>

<name>

Cluster 16 End Palm

</name>


<Point>

<coordinates>

101.62576970771306,2.679275735462932,13.05067261309196

</coordinates>

</Point>

</Placemark>



<Placemark>

<styleUrl>#startStyle</styleUrl>

<name>

Cluster 17 Start Palm

</name>


<Point>

<coordinates>

101.62585187608829,2.6782927915407253,13.042847033611295

</coordinates>

</Point>

</Placemark>



<Placemark>

<styleUrl>#endStyle</styleUrl>

<name>

Cluster 17 End Palm

</name>


<Point>

<coordinates>

101.62560823118328,2.678149772166988,13.05774184467323

</coordinates>

</Point>

</Placemark>



<Placemark>

<styleUrl>#startStyle</styleUrl>

<name>

Cluster 18 Start Palm

</name>


<Point>

<coordinates>

101.62463845829028,2.6792732553349397,13.156145087901443

</coordinates>

</Point>

</Placemark>



<Placemark>

<styleUrl>#endStyle</styleUrl>

<name>

Cluster 18 End Palm

</name>


<Point>

<coordinates>

101.6245567455982,2.678851278409379,13.167309920272906

</coordinates>

</Point>

</Placemark>



<Placemark>

<styleUrl>#startStyle</styleUrl>

<name>

Cluster 19 Start Palm

</name>


<Point>

<coordinates>

101.6232604201689,2.679408805789626,13.27050975392413

</coordinates>

</Point>

</Placemark>



<Placemark>

<styleUrl>#endStyle</styleUrl>

<name>

Cluster 19 End Palm

</name>


<Point>

<coordinates>

101.6234236484562,2.67857112760862,13.251028675498091

</coordinates>

</Point>

</Placemark>



<Placemark>

<styleUrl>#startStyle</styleUrl>

<name>

Cluster 20 Start Palm

</name>


<Point>

<coordinates>

101.62228925841966,2.678010670004728,13.325618047731059

</coordinates>

</Point>

</Placemark>



<Placemark>

<styleUrl>#endStyle</styleUrl>

<name>

Cluster 20 End Palm

</name>


<Point>

<coordinates>

101.62261357276182,2.678010439554714,13.30334791324181

</coordinates>

</Point>

</Placemark>



</Folder>



<Folder>

<name>3D Coverage Routes</name>



<Placemark>

<styleUrl>#cluster0</styleUrl>


<name>

Cluster 1 3D Drone Path

</name>


<LineString>


<tessellate>0</tessellate>


<altitudeMode>absolute</altitudeMode>


<coordinates>

101.62253179710211,2.6764737306731115,16.305770572471296 101.62253236625689,2.67731076011557,16.30698896449058 101.62285777486659,2.6778721829694097,16.287189982882445 101.62277604874204,2.6777305395454776,16.292330539424555 101.62269605249764,2.6778718552273366,16.297745049503774 101.62318125759565,2.6775922816979554,16.257852460411236 101.62309963608797,2.6777309248046293,16.267801709677045 101.62310040567354,2.677451400002364,16.26254914505125 101.62301868952278,2.6775911047545793,16.272332789723286 101.62326083545464,2.6771718872818764,16.24387414066749 101.62317921302666,2.6773116470846223,16.252928074120355 101.623342525618,2.6773106881770268,16.23731455890817 101.62326128855432,2.677452646011642,16.247362442676526 101.62293886237454,2.677730868972283,16.280568878452094 101.62301739193579,2.6778732937453027,16.276159322896813 101.62269443118691,2.677591810865686,16.29768540775956 101.6226138032246,2.6777300090805882,16.30308495820004 101.62261331158363,2.6774500526734286,16.302668234325587 101.62253395490497,2.6775907378055686,16.308080214764882 101.62237235870786,2.677311191107152,16.316460904154752 101.6224526219573,2.6774506529328295,16.31257007691383 101.6226138314638,2.6768914278784544,16.299668735455857 101.62269377621413,2.6770319918264778,16.29444316703669 101.62277594484277,2.676892203674717,16.287193729437732 101.6229366618646,2.6771707301352,16.275171568716562 101.62285778596225,2.677031906371061,16.28124818081138 101.62301979248934,2.677032238058661,16.266198832283976 101.62277455519482,2.677449538693082,16.29124520577772 101.6228557626531,2.6773099805162586,16.28350192156679 101.62269380021442,2.67731121632581,16.296334452776822 101.62261495182668,2.6771699405190867,16.30074296365871 101.62277628659024,2.67716942901116,16.289035938379147 101.62245309536468,2.677169161071881,16.31075078856701 101.6225333692217,2.6770309160488797,16.305232284587454 101.62245320502053,2.6768922390273344,16.310223185040563 101.62310004580623,2.67689159709896,16.25682109057501 101.62293758483605,2.676891280898417,16.272636226767357 101.623260613839,2.6768925825102556,16.24147242680737 101.62309990419494,2.6766124705384997,16.254519329975132 101.62301837040025,2.6767508422819826,16.26327831232971 101.62301836790398,2.6764733891024437,16.262688622018544 101.62285736405285,2.676750916644249,16.278906409197216 101.62293644592935,2.6766133666075542,16.2704383734272 101.62228890289923,2.6766119915383793,16.321774658966547 101.62245147831449,2.676612078072343,16.311380249221468 101.62310093709877,2.677171118181001,16.25937538712784 101.62318170387705,2.6770321889379924,16.25040309682279 101.62301837881735,2.6773106227946535,16.268559218394792 101.62285582114436,2.6775912355573026,16.28585787463136 101.62293642696704,2.6774502166358296,16.277743726664617 101.62245135534825,2.677731254216997,16.313451520228625 101.62253427540658,2.6778728995262724,16.308254853365735 101.6222084315816,2.677871691421261,16.330280268914283 101.62237227976479,2.6778716990168774,16.319089944907834 101.62220946556859,2.6775921797483067,16.32815234261895 101.62228938972201,2.6777322525553853,16.323942852388857 101.62220869512768,2.6770323355948804,16.324892202923472 101.62237066122583,2.677031694004504,16.315054057305403 101.6222103349572,2.676751692499739,16.325963059758443 101.6222895993879,2.6768918775020327,16.320255120025315 101.62237062295208,2.676750466111704,16.316047111018527 101.62253397751417,2.6767513781810144,16.30535295551872 101.62261398626377,2.676613326891293,16.29956942385014 101.62269419863314,2.67675121553869,16.293289389690898 101.62285546123427,2.6764721759685863,16.278267158499332 101.62269396846997,2.67647352079462,16.29290420806216 101.62277512551765,2.676612329812598,16.285836575318474 101.62220847546139,2.6764723339932335,16.32662079027734 101.62236987205112,2.6764727391829344,16.31675237648102 101.62220971021554,2.677310200945046,16.326135123671566 101.62229076257442,2.67717021926003,16.320358187937643 101.62237204804826,2.677591322241227,16.318009706751628 101.62229082216587,2.677451199160576,16.322186902511092 101.62318186986099,2.6767519999903837,16.247482062387768 

</coordinates>

</LineString>

</Placemark>



<Placemark>

<styleUrl>#cluster1</styleUrl>


<name>

Cluster 2 3D Drone Path

</name>


<LineString>


<tessellate>0</tessellate>


<altitudeMode>absolute</altitudeMode>


<coordinates>

101.6237459250214,2.6774528193796336,16.201802588413244 101.62374678704354,2.678292169660461,16.22557839810252 101.62382888720597,2.6781512483529424,16.218053597351343 101.62390786807349,2.6782928605535345,16.21408242132182 101.62398953089667,2.678150956787521,16.205664776785788 101.62407212334301,2.6782915888342926,16.200982723069558 101.62415099165041,2.6778728006194736,16.186502609204524 101.62447663391595,2.6778733024340116,16.156914396223712 101.62431468232553,2.677873380309292,16.172295557098124 101.62463787811473,2.677873964100975,16.140419613332398 101.62439364908613,2.677732171358832,16.163504023648578 101.62455754787315,2.677732831290607,16.14873542658682 101.62423347170689,2.677732024713066,16.176669510908464 101.62423348061726,2.677453006031776,16.168881387964085 101.62415050466261,2.677594412671894,16.178634853656177 101.62407117998215,2.6774516749459223,16.178636012394204 101.62407029729441,2.6777319111930926,16.188725998888287 101.62399120066686,2.677593273199611,16.188928536557018 101.62390975937761,2.677731764557257,16.200200364182635 101.62390778631632,2.6774515191545567,16.189146312743226 101.62374607125167,2.6777313519661465,16.21254609183341 101.62382687871572,2.677592873335376,16.20053728318272 101.62382692347776,2.67787330880752,16.211622211408766 101.62366683852747,2.677874164818512,16.223857087255297 101.6239076470982,2.6780102899473595,16.209401242377698 101.62374602696978,2.6780094954633755,16.22150228795479 101.6235864767893,2.6782918228664814,16.23684768075751 101.62366495803286,2.6781519929993207,16.229868266435464 101.62350439085687,2.6781515203474964,16.241710037428817 101.62342294373443,2.678291491633663,16.24923600895178 101.62358634079801,2.6780086808059416,16.233398661940676 101.6233423321781,2.6781512406320447,16.254517284118883 101.62342230267299,2.678009416783456,16.246304270368853 101.62326203464609,2.6780086531551603,16.259324579583502 101.62334188285385,2.677873732764763,16.250445902824275 101.62318061588316,2.6778739656233532,16.2637581684857 101.62326261109031,2.6777305030294043,16.25394529892371 101.62358559442585,2.6774528329959373,16.216432640405177 101.62342463285272,2.6774525522589454,16.231958200443835 101.62366538303469,2.6775928112053657,16.213755664104937 101.62334269230671,2.6775919898930467,16.243211978225403 101.62350412682208,2.6775929051003233,16.2283470630694 101.62342208874355,2.677730174459225,16.239968981199194 101.6235858605315,2.6777301694694473,16.225686897237296 101.62350499104413,2.6778734495959395,16.2367961225907 101.62399081660236,2.6778731260108946,16.199227407203637 101.62407130543863,2.678011185300237,16.19621405659084 101.62431265975293,2.6781511027632487,16.17597930066829 101.62423166867232,2.678012030012881,16.18189191321519 101.62439414794575,2.678291505220968,16.17009054050016 101.6242340543356,2.6782906130230035,16.186220743662158 101.62447651880393,2.67815027321149,16.158806112729046 101.62415151663478,2.678151736231881,16.19161127271093 101.62455672377237,2.6780109501935505,16.148958162212285 101.62439509844184,2.6780109566659083,16.165887765189176 101.62447536341253,2.677593178870884,16.154630005847537 101.62431448577125,2.677594437112552,16.167313025729015 101.62439409756355,2.6774521415785997,16.157899157025923 

</coordinates>

</LineString>

</Placemark>



<Placemark>

<styleUrl>#cluster2</styleUrl>


<name>

Cluster 3 3D Drone Path

</name>


<LineString>


<tessellate>0</tessellate>


<altitudeMode>absolute</altitudeMode>


<coordinates>

101.62447550771348,2.6764752448818405,16.1481071787247 101.62398952471491,2.6767499721197385,16.178004329927326 101.62407187821468,2.67661418949743,16.17641662366826 101.62390887409379,2.676892627647553,16.181400201544207 101.62406985788489,2.6768918070401635,16.169832120150232 101.62398982871909,2.677030198598183,16.175008604397057 101.62415308306807,2.676751123268573,16.166930184788434 101.62439465254266,2.6766127358980443,16.152423876991524 101.62431334082736,2.676474054702156,16.16231507829917 101.62423207766435,2.6766132868244004,16.165235091218356 101.62415265450099,2.676473013241257,16.174931157708528 101.62374789484349,2.6768932820023825,16.195036170519494 101.62382871222137,2.6767494645372163,16.18988684903837 101.6235843963173,2.6766134774875634,16.212350086240164 101.62366625235705,2.676471994196891,16.208943993690188 101.62342324164301,2.676612566904386,16.226070778921837 101.62350328725896,2.676471389887849,16.22153683357634 101.62326193674964,2.676612995232262,16.239877451599273 101.62334117931249,2.676471320775344,16.23466260137706 101.62318165827851,2.6764724728128617,16.247845929452502 101.62399103295425,2.676473353863462,16.186252918904266 101.62390935818334,2.6766153508568347,16.187401395490355 101.62382890072216,2.6764727902097216,16.19729085477975 101.62366680450971,2.6767496606259207,16.203483468828082 101.62374611296396,2.6766144887179766,16.199328164881706 101.62334347458862,2.676751067527805,16.232838235599477 101.62350322932684,2.6767509951856048,16.218324065790785 101.6234228919607,2.676892303526874,16.226322228033816 101.62358465381715,2.676892857793554,16.21060552215031 101.62350414346506,2.6770313595976654,16.219304507400476 101.6236665348619,2.6770310637026045,16.20294700806275 101.62334149924378,2.677032313847729,16.235198208102915 101.62342335758593,2.6771725527932166,16.228276355499446 101.62358520265082,2.6771726410830823,16.2120421318664 101.62350435774805,2.677310901734928,16.221500203382206 101.6237459894713,2.677173527779989,16.196354339785742 101.62366534326351,2.6773103053701335,16.205642600093267 101.62382681731593,2.6770311150450263,16.187914947892843 101.62382746604297,2.677310802884631,16.191258224933975 101.62391014219932,2.6771729890859737,16.182470044919587 101.623989966952,2.677310645594524,16.17945557957019 101.62407202630698,2.677172372113306,16.171307375869908 101.62415258894002,2.6773115321238463,16.169599330641578 101.62439436544919,2.677172140144054,16.150511583784382 101.62431497931652,2.6773106125755994,16.159556199316405 101.6241524561241,2.677030999446051,16.16417009275051 101.62423254520479,2.6771731098267417,16.161401017245375 101.62431375565427,2.6770308049819715,16.15361897265545 101.6244743848293,2.677031879278166,16.141990260017625 101.62423401283806,2.6768909162602923,16.158970371367676 101.62439333356133,2.676890413550597,16.147618766275627 101.62431241752522,2.676751521909147,16.155696003704033 101.62447642468216,2.6767507887937527,16.142820069229032 101.62455742990927,2.6766131227298042,16.1387022818261 

</coordinates>

</LineString>

</Placemark>



<Placemark>

<styleUrl>#cluster3</styleUrl>


<name>

Cluster 4 3D Drone Path

</name>


<LineString>


<tessellate>0</tessellate>


<altitudeMode>absolute</altitudeMode>


<coordinates>

101.62544746566063,2.676477530395606,16.053472176523556 101.62487947205022,2.67661393418517,16.113293291835276 101.6251241313021,2.676477004088498,16.09112758684833 101.62504224099642,2.6766135720611213,16.099516266178096 101.6251229565042,2.676751118711525,16.0914960384101 101.62471720309895,2.677172332168697,16.126432137297783 101.62479922525874,2.677307583866644,16.12231945180634 101.62455743383903,2.677452583429629,16.14545511069723 101.62479979629985,2.677592978866451,16.124589038785523 101.62471930680154,2.6777325090443247,16.132565153777946 101.624798781484,2.6778744625248634,16.122803189820274 101.6249608534527,2.6775918752916597,16.106390582717566 101.62488062208001,2.6774512298340594,16.115898326234454 101.62504184259967,2.6774513331836864,16.09770931216776 101.6248809008791,2.6771713237548465,16.112751628233063 101.62496017463188,2.6773087391551535,16.10671975027488 101.6246384774853,2.6767514083282564,16.130135366700706 101.62471750255598,2.676613844363528,16.125912877859477 101.62463782250569,2.676475463991619,16.13395319170192 101.6249604208715,2.6764766057174048,16.106850988930926 101.62479882351512,2.67647533573794,16.12062148720807 101.62463726899706,2.6770330692614954,16.12996759871204 101.62471925180381,2.676890572497517,16.123195531716448 101.62479843648826,2.6770329206988905,16.11788560513339 101.62488081230711,2.676889850135891,16.111164631491185 101.62512342031032,2.677032587694895,16.089305019947687 101.62520463728107,2.6768915248989793,16.082414911730375 101.62544570653814,2.6770327356338837,16.055368906090866 101.62520394981448,2.6766126549495857,16.083691906893616 101.62528439211084,2.676751937015993,16.0751904078992 101.62528507992043,2.6764780211472656,16.07334898479565 101.62536699027156,2.6766120930511272,16.06553123124918 101.62552828859758,2.676612691513029,16.046108768547136 101.62536571993415,2.6768909281445596,16.06553539201668 101.62544644416563,2.6767518030914026,16.05718539549407 101.62536640421267,2.677171895361344,16.06234862725033 101.62528560401293,2.677033760068302,16.072506897924477 101.62544687240528,2.6773108347742314,16.05236170210106 101.62528483558462,2.677310075294535,16.070191099935464 101.6253660801681,2.6774520393842742,16.059366959854245 101.62520359094265,2.677451734597074,16.078237706025213 101.62488148804171,2.677732554400041,16.114533113943835 101.62504100173844,2.677172175381541,16.097467834955875 101.6252052446684,2.677172583451941,16.080017627596572 101.6251218592752,2.677309199140186,16.088958808498003 101.62560746830343,2.6770318951512877,16.03785536704554 101.62552897138382,2.677171580564726,16.045058481736444 101.62569013475472,2.6771716362524565,16.027828148910917 101.62552714285539,2.6768921960281826,16.047789969153897 101.6249604624997,2.677033320481845,16.104571406251985 101.6250412063418,2.676890791167429,16.097907847116595 101.62480026694341,2.676751121879044,16.11811646284503 101.62496213208664,2.6767509708681763,16.10561542972745 101.62455619446956,2.6768914542111455,16.135201067593393 101.62463820221319,2.6773083245889135,16.135820220367307 101.62455645213221,2.6771722591676457,16.13862316054852 101.62447529833186,2.6773092802041045,16.148153866352636 101.62471813229996,2.677451883860197,16.131881744310366 101.62463822483889,2.6775940016890436,16.14059223496344 101.62496144756577,2.6778733457034973,16.104618944321906 101.62504154197389,2.677732786060462,16.095669636588653 101.62512256017571,2.677872493561729,16.087234978114992 101.62520291196086,2.6777330538076103,16.07689142117821 101.62528404059908,2.6778715235565844,16.071115733105994 101.62512280056436,2.67759253812628,16.08669688506668 101.62536709754178,2.677732776264085,16.059318693459584 101.6252836442588,2.6775936872158446,16.067467006506124 101.62544594457131,2.6775933144842594,16.04997985863168 101.62560811113138,2.6773096147117528,16.03560866375458 101.62552893842128,2.67745069527478,16.0423661117819 101.62560876360482,2.6767521072760148,16.038095980312526 

</coordinates>

</LineString>

</Placemark>



<Placemark>

<styleUrl>#cluster4</styleUrl>


<name>

Cluster 5 3D Drone Path

</name>


<LineString>


<tessellate>0</tessellate>


<altitudeMode>absolute</altitudeMode>


<coordinates>

101.62690378875219,2.676475621004328,15.893274649434819 101.62682356348499,2.676611745394023,15.896780711891324 101.62674118403179,2.6764767940407825,15.904436571370676 101.62658027436237,2.6767481687158607,15.91944086348219 101.62665962039934,2.6766123863084283,15.910592663848435 101.6267427158838,2.6767490209630878,15.903560750911048 101.62657872955475,2.6764770266712867,15.917222068228657 101.62649838738072,2.676612259342211,15.92540529596476 101.62609298597631,2.676751102560711,15.975622485772385 101.6261764258746,2.6768917454803414,15.970264251926816 101.626012135183,2.6768913181348517,15.990336705886245 101.62633740229059,2.676891849370342,15.950625245271889 101.62625714228923,2.677030385148101,15.964501721414699 101.62641865118478,2.677029685133409,15.945030342643301 101.62633591672308,2.677170627103411,15.9588753595357 101.62649976353673,2.676892633350887,15.931435652946453 101.62649821420585,2.677169494683061,15.939885505889782 101.62658000090117,2.6770309111730217,15.92615093500382 101.62666064049189,2.6771684985047437,15.92155198754639 101.6267423633397,2.677031416997016,15.908536403224451 101.62682232177985,2.677168825979033,15.9044719698886 101.62690485406381,2.677032189384836,15.89170832664815 101.62674139504195,2.677310316526662,15.91807728794173 101.62690236021575,2.6773091399974978,15.901350063083573 101.62641900812251,2.6773093871422637,15.95360357949891 101.62657886427864,2.677309591165226,15.935572779720502 101.62625659999162,2.6773090122334016,15.971442447974152 101.62625532758838,2.6764782683607935,15.94588544086535 101.62560938845192,2.6764777349048083,16.032459387831775 101.62577091329676,2.6767510669499357,16.017780803647312 101.62569038912598,2.6766133938590158,16.025317052019666 101.62593354044252,2.676752130310297,15.996382256918745 101.62568833067253,2.676890918078524,16.02926477920351 101.62585044841404,2.6768903279917207,16.01004954120262 101.62576934939526,2.677031504723157,16.019937564490135 101.6260937700748,2.6770299513988696,15.983649565982715 101.62593244381752,2.6770304556427824,16.00193080211923 101.62585227333615,2.677171511008244,16.010934216359303 101.62609461762995,2.6773094397532815,15.987893401433908 101.62601462366979,2.6771723246358547,15.994191088328272 101.62617439017296,2.677171657059455,15.977178274347786 101.62641878226572,2.6767493873598736,15.93668507576913 101.6261754948994,2.6766136157879696,15.959684447807037 101.62625646438222,2.6767504498901054,15.95544821389315 101.62577157380538,2.676478877642264,16.00964661123175 101.62593139435776,2.6764780989235266,15.98589600374967 101.62585211395682,2.676613622116761,16.00285543799819 101.6260953570429,2.676478330938111,15.96389047403421 101.62601342247557,2.67661494859108,15.98033049574235 101.62641752536543,2.6764781760531746,15.930684638633823 101.62633740264182,2.6766124988374163,15.9414909896507 101.62666208936147,2.6768930788734604,15.91359805576575 101.62682277958675,2.6768939194015573,15.897260287868553 101.62690306184521,2.676749089039286,15.88907312298965 

</coordinates>

</LineString>

</Placemark>



<Placemark>

<styleUrl>#cluster5</styleUrl>


<name>

Cluster 6 3D Drone Path

</name>


<LineString>


<tessellate>0</tessellate>


<altitudeMode>absolute</altitudeMode>


<coordinates>

101.62886306535756,2.675978612279105,16.190197579297685 101.6287811455841,2.6761203575371395,16.197601516071522 101.62894424658849,2.676121614658558,16.184078489614215 101.62829505180216,2.6761206322736286,16.235829640672943 101.62821413301363,2.6762602273071763,16.238063436819452 101.62813561475099,2.676120418886794,16.24819780607917 101.62813455476127,2.676400146090065,16.241109393912396 101.62829679963858,2.676398841414483,16.228111636090834 101.6281336673632,2.6766804744354404,16.239288177494423 101.62821650178357,2.676539808847668,16.232492299691156 101.62829709724984,2.6769588917005525,16.225942355384014 101.62821505963565,2.676821008132774,16.232752586704937 101.6281356261204,2.6769595565329927,16.241366227778922 101.62837807655401,2.6768202766723306,16.21727991095309 101.62829617941932,2.6766791962632186,16.224841923763503 101.62845760203332,2.6766789266372437,16.210382791507158 101.62837762903219,2.676538829424891,16.218974056105125 101.62853929659656,2.6765397860219635,16.20598591342631 101.6284575569207,2.676397544825266,16.215680807227756 101.62870190875475,2.6768190183619547,16.18776966446623 101.62861972761631,2.6766784305855187,16.19666356120708 101.62853786631219,2.6768202566326904,16.20205019516696 101.6287011308645,2.676539388754181,16.194107258595746 101.62837690928644,2.6762589930504985,16.22550928828824 101.62853808564954,2.676257838392271,16.213563620352623 101.62837658705428,2.675977670431065,16.233247557930724 101.62821633224492,2.675978385619142,16.246168023102733 101.62853808346883,2.6759772858317388,16.21954080898187 101.62845937819728,2.6761212557284066,16.222967583089137 101.62878170147806,2.67639853394603,16.19283489587759 101.62870162481182,2.6762581056415446,16.20181296441616 101.62861902803301,2.676398704892847,16.203967276963247 101.62886341134933,2.6762592465688093,16.190041883460346 101.62878183910541,2.6766790899036517,16.18442868851161 101.62886185254915,2.6765384374018737,16.18319493631275 101.62886417163476,2.67681998636653,16.17566197746713 101.62910619048003,2.6766785370701567,16.162189980855324 101.62894315829232,2.6766779551100757,16.17346653940516 101.62894265482052,2.676398196066341,16.181672938036037 101.62902382509544,2.6765383330613495,16.172049475984686 101.62926871250126,2.6763986810637705,16.155131105582413 101.62918647580821,2.6765394206995006,16.15952754331262 101.62942878399909,2.6766782240332976,16.136767205043665 101.62926704522754,2.6766787604196467,16.14974748918307 101.62950947512024,2.6765394341907136,16.13249451037128 101.62942975464746,2.6763999879682543,16.14072976943658 101.6293496782823,2.6765388078814087,16.145687412159127 101.62934978687818,2.6762603968110663,16.148318727917573 101.62951100704187,2.6762599772152798,16.133639930357756 101.62910575653585,2.6763982194145206,16.16920420697938 101.62918657173762,2.6762595933141173,16.16349551057992 101.62902384321117,2.676258350141702,16.17754852068544 101.62870023684566,2.67597790534774,16.205144960540366 101.62861878140842,2.6761208583139586,16.21050845857198 101.6290244223858,2.6759796137227303,16.175039138849822 101.62910578909141,2.676121148090812,16.169830648897594 101.62918530605549,2.675980832436109,16.159665917333342 101.62926640239552,2.6761221816935192,16.154790841570872 101.62934848027797,2.6759800160043885,16.143732830347382 101.62942851978332,2.676123124732005,16.139326424245258 101.6295105476134,2.67598086151245,16.12848036071925 

</coordinates>

</LineString>

</Placemark>



<Placemark>

<styleUrl>#cluster6</styleUrl>


<name>

Cluster 7 3D Drone Path

</name>


<LineString>


<tessellate>0</tessellate>


<altitudeMode>absolute</altitudeMode>


<coordinates>

101.62950960274188,2.6768202208563006,16.12926486784792 101.62918686443128,2.677102236427336,16.155477645567792 101.62926683313688,2.676959728735275,16.147534866019274 101.62894431973187,2.6772454411400126,16.17403112340981 101.62886339540714,2.677102208966919,16.176207093551326 101.62861987044242,2.6772434315839373,16.196973316288833 101.6287826547236,2.677244336240872,16.184288994684923 101.62870148615758,2.6771013252202693,16.188163506240848 101.62894485064315,2.676959302719659,16.16936478000342 101.62878167963378,2.676960202043479,16.180740078534505 101.62910443411693,2.676959231731518,16.15901765547612 101.62902437673753,2.6768212271806706,16.164946459470507 101.62902582024084,2.677102256540819,16.165939242448765 101.62918731438324,2.677937259042295,16.172578554763348 101.62926817466798,2.6778028092227895,16.163691852277964 101.62918589427225,2.6776601869449754,16.169294640134137 101.62934813333413,2.6776600715642203,16.15537397669905 101.6287825138791,2.677520501609026,16.1930697310609 101.62894412590776,2.677520472982925,16.182640869853557 101.62821621533398,2.677381198153144,16.238023436132558 101.62829561167092,2.677520051795518,16.233978442347976 101.62813427487542,2.6772402674217926,16.24366915511402 101.62854031845495,2.6771008298760326,16.202612202682175 101.62837672975694,2.6771004377962404,16.21891805287511 101.6284579891405,2.676959879943877,16.209870471214742 101.62862016172843,2.6775207353903356,16.205054878248106 101.62853854708294,2.6773818367137197,16.207234862932232 101.62886397305962,2.677382100582854,16.18274285527923 101.62870041227208,2.6773813354479943,16.193803297076542 101.62926637040408,2.6772452520418653,16.153373470407544 101.62918725326423,2.6773823492410993,16.162720134118878 101.62934871669893,2.677102620806436,16.143766588493847 101.6294297246645,2.677245889922484,16.14131277024536 101.62959085702161,2.6772446212119965,16.128441899161118 101.6293492861511,2.677382567342691,16.150800348210673 101.62951017179377,2.6773832152452823,16.137964433411224 101.62926779099736,2.6775189348671664,16.160083498160382 101.62943050528833,2.677519905509225,16.146808311897733 101.629509987837,2.6776611201654728,16.140105645481107 101.62926723031244,2.6780807569608176,16.165942760178673 101.62942867831727,2.677802688382942,16.147974039090006 101.6293472248998,2.6779359301609476,16.15640043810717 101.62959116804123,2.6775209797805903,16.13194150853763 101.62942954828527,2.6769585963963953,16.135436300301723 101.62951131145756,2.6771024256161375,16.131672034458553 101.62918618137496,2.6768216685947,16.153708053596652 101.62934750466047,2.676820602052774,16.141399180753588 101.62902360110881,2.677381420996932,16.17320105087682 101.62910555765674,2.677245408963965,16.164337210367492 101.62910464299954,2.677519284419546,16.172185678183055 101.62845849460672,2.6775204987082843,16.218901422667432 101.62837637410226,2.677658964723882,16.23102182142019 101.6284584513427,2.67724230079894,16.211984229696213 101.6283763768254,2.6773812115665208,16.222546959575084 101.62821457326663,2.6770996265795715,16.23495577502631 101.62829743391282,2.677241391204651,16.227961788636684 101.62861996109218,2.6769599271065596,16.19425669482901 101.62959164374311,2.676958979116422,16.123515098994414 

</coordinates>

</LineString>

</Placemark>



<Placemark>

<styleUrl>#cluster7</styleUrl>


<name>

Cluster 8 3D Drone Path

</name>


<LineString>


<tessellate>0</tessellate>


<altitudeMode>absolute</altitudeMode>


<coordinates>

101.63072322303127,2.67612420229532,15.98674595939015 101.63039965550881,2.6764011602333975,16.040578458542175 101.63048264203894,2.676536448310265,16.033306979804614 101.63032080489165,2.6768192847758137,16.055648121115475 101.6304012360735,2.6766794952808635,16.046073559319865 101.6304015112904,2.676959990770595,16.0457409527533 101.63048132712242,2.6768199670361317,16.03729991869896 101.63048092007905,2.677101879953661,16.035871000725827 101.63064333658757,2.6771018877509785,16.018606797604154 101.6301585811275,2.677102688944776,16.07032704966717 101.63032075075914,2.6771021012087446,16.052955465081705 101.6301583720222,2.6768190776365084,16.07338978493584 101.63023805497673,2.6769589006879153,16.063388605125645 101.6295921855955,2.676679046223753,16.124382863947805 101.62967097589033,2.6768201483718843,16.11744748498913 101.62959085686278,2.676400399984436,16.127065046042496 101.62967287842764,2.6765391067275726,16.1196320659193 101.62959008453157,2.6761234134192087,16.12465932377316 101.62967335220706,2.6762611292638856,16.119384749889313 101.62967219152354,2.67598219278632,16.114129638620692 101.63032040336728,2.6762627096008145,16.04732345345103 101.63015874193019,2.6762614151159085,16.06823426518447 101.6304810331064,2.676262558006791,16.02548477356567 101.6306438979009,2.676262182325137,16.001347106829876 101.63056211567375,2.676401265837415,16.018182460468047 101.63072459028285,2.6764021435520022,15.993888313124454 101.63064470552123,2.6765371253665924,16.010976596753906 101.63080483749933,2.676538229101557,15.98793355503537 101.63056275310021,2.676679974139397,16.025985987719203 101.63072429636,2.6766806557599407,16.004640401860673 101.63024003191092,2.676679872566555,16.06490939050267 101.63015879154563,2.6765387140183265,16.073253852430692 101.63032064151862,2.6765377435031317,16.05390239703969 101.6302386139303,2.6764015888284005,16.061326269032328 101.63040074075552,2.676123231973635,16.033576162955022 101.63023773168023,2.6761242124864535,16.055381760165602 101.6303207058621,2.675981419475822,16.042359055001988 101.63015789152378,2.6759815736228183,16.063419436049067 101.63064395869581,2.675981749414187,15.997504245964524 101.63048120092294,2.6759805934752965,16.02079754093945 101.63056335616244,2.676124319219363,16.010655977668243 101.630563123929,2.6769599508274164,16.027724526983626 101.63064280878396,2.6768206005994237,16.01803982564207 101.63072391066122,2.6769607952000585,16.0097665705621 101.63080635316287,2.6768215477112585,15.997845646957364 

</coordinates>

</LineString>

</Placemark>



<Placemark>

<styleUrl>#cluster8</styleUrl>


<name>

Cluster 9 3D Drone Path

</name>


<LineString>


<tessellate>0</tessellate>


<altitudeMode>absolute</altitudeMode>


<coordinates>

101.63169581457964,2.6769618859943103,15.897791013165604 101.63161535030892,2.6768229944520665,15.903406946679695 101.6317752256899,2.67682262508634,15.887854088460067 101.63104832431604,2.676122901830335,15.947901043273282 101.6308058220715,2.6762628043338688,15.977373234192779 101.63104854800652,2.6764017711623542,15.951886780237656 101.63088562226393,2.676402917814217,15.971222824002218 101.63113020486081,2.6765383357886683,15.947617340222845 101.63096824274848,2.6765372834288335,15.966255501213396 101.63104863305047,2.676680972732586,15.962373642363119 101.63096607355013,2.6768204215096048,15.977858097888788 101.63088542050309,2.676680790437937,15.98300167583892 101.63104717467452,2.676962462951369,15.97210864779225 101.63088646468172,2.6769616875998237,15.991100961855958 101.63113015774076,2.676820945130076,15.957601014666185 101.6312095219172,2.6769617820830836,15.952343558314663 101.63128990296195,2.6768213720519367,15.938445392441624 101.63137058961377,2.6769625879724073,15.933052583179236 101.6312089795235,2.676679885190026,15.943534003379114 101.63145297422858,2.676822713613527,15.920151177287392 101.63137201787251,2.676681043741225,15.925954846462355 101.63153257257906,2.676681921773233,15.910021867774361 101.6312900118049,2.676537735682601,15.931502871512503 101.63145180842743,2.6765381045341488,15.916677767998074 101.63120985042553,2.676401515800064,15.936353198901786 101.63129152311164,2.676261403452296,15.928697293631345 101.63137237588961,2.676401148440308,15.92286572004711 101.63145189627808,2.676260798869488,15.917316044600353 101.63177752160126,2.6762623764393334,15.89681226699362 101.63161539886289,2.6762619786676978,15.90611546392987 101.63177749066543,2.675982521862603,15.901383020043511 101.63169553391243,2.676123571034943,15.903592087591667 101.63161536574655,2.675981368575283,15.910500767081261 101.63145360776078,2.6759815963326203,15.920962611320022 101.631534901959,2.6761229342603707,15.913300598802483 101.63129002170962,2.6759812039596063,15.93158095002464 101.63137211519974,2.676123996563652,15.924160454502507 101.63112868832388,2.6759811779679668,15.942593657411376 101.63121125907976,2.676123216033162,15.934971924976079 101.63096685642098,2.6759820329122364,15.956616699340985 101.63088536438784,2.6761232092587104,15.965057274971517 101.63080636843769,2.67598309338901,15.974999519188355 101.63112893349314,2.6762622105428693,15.941313739522695 101.63096717456774,2.6762631179288343,15.957136042049225 101.63169567163894,2.676402851601954,15.898782112123701 101.63153310047286,2.6764015576518583,15.910270013957197 101.6317765371741,2.6765393356109173,15.890649026867166 101.63161397005656,2.6765389989114747,15.90288151957064 101.63169451770766,2.6766824958804527,15.89522529453403 101.63153487771592,2.67696167098846,15.914664842522962 

</coordinates>

</LineString>

</Placemark>



<Placemark>

<styleUrl>#cluster9</styleUrl>


<name>

Cluster 10 3D Drone Path

</name>


<LineString>


<tessellate>0</tessellate>


<altitudeMode>absolute</altitudeMode>


<coordinates>

101.6317778931204,2.6782221524003416,15.939290420036706 101.63145359218153,2.678221038379247,15.966334416351442 101.63161487159451,2.6782210185390665,15.95165603737184 101.63169523064435,2.6780872265437012,15.945159711982557 101.63161386338692,2.677936497019596,15.949532988264426 101.6317754500224,2.677937544817206,15.9362241125316 101.63129191388855,2.6779347085757115,15.979788987564373 101.63137175634638,2.6777995793350224,15.968352032080338 101.63112795138797,2.6776625684508573,15.98486437011764 101.63121131090762,2.677521389560117,15.971423421835347 101.63129207330006,2.6776616451820705,15.970189315852087 101.63137269299912,2.677520922750607,15.954863576068565 101.63169589866467,2.6778001019638737,15.937381362546098 101.63161464498052,2.677663375747213,15.937848204022995 101.63145260501541,2.6776626448877705,15.954107150746621 101.63153258577007,2.6777996607930583,15.952546931067394 101.63128972172446,2.677382208287646,15.956914290888559 101.6314527165268,2.6773830076041434,15.93894782663939 101.63112776350665,2.6773814815381134,15.974033295269878 101.63120908769432,2.6772451347431767,15.960655102676057 101.63104682123345,2.677246145231407,15.978496154623192 101.63112965048357,2.677102610144883,15.965824864731548 101.6308047791114,2.6771009882108845,16.001767282735933 101.63096648552498,2.677101481614823,15.984344599917291 101.63088574400861,2.677246204330435,15.994853327593132 101.63080580674547,2.6773810422088724,16.00363252250279 101.63096765388464,2.6773813995290334,15.989343874125062 101.63072548384778,2.6772462671767334,16.010404949971516 101.63088613823767,2.677522058285753,15.99905331019831 101.63080430409393,2.677662284682546,16.008406458368718 101.63072384822432,2.677521549614544,16.011570756981595 101.63096716660957,2.677661786357566,15.997021459911817 101.63104748356793,2.6775208569695237,15.986218854666303 101.63088695045137,2.6778022556041328,16.00775624357991 101.63096786198403,2.6779350737576495,16.007252616931382 101.6310488339074,2.6778011688895513,15.996161350103083 101.63088614815594,2.6780861774825344,16.020024692496285 101.6312107750653,2.6778006847197053,15.983194306613743 101.63112860151182,2.6779345877292524,15.994203200595315 101.63145159818697,2.6779354446788406,15.964673736195232 101.63137082548664,2.6780865082234304,15.974356121201012 101.63153457918082,2.678087185767724,15.95889801133263 101.63129022068023,2.6782200341137608,15.982402714474574 101.63121035194824,2.67808716758093,15.989780623033543 101.63104768076036,2.6780865540307297,16.00527606936731 101.63129215895388,2.6771015911921796,15.946560796709075 101.63137056414963,2.6772446583523624,15.942154164000115 101.6314525853582,2.677102261578332,15.927985349862379 101.63153304254935,2.6772433839719296,15.924076481462373 101.6316149758209,2.6771013895516607,15.910394544039656 101.6316956264995,2.677243839964691,15.906971307547918 101.63177766688635,2.6771007926667534,15.893409088013867 101.63177615033275,2.6773828174984424,15.90515901170023 101.63161396258694,2.677383749556654,15.921835097109948 101.63169449558464,2.6775208217823656,15.921406083977846 101.63153394718088,2.67752111938555,15.937759425867297 101.63177526992767,2.677663455966888,15.922662991172146 101.63112791488066,2.678220621837044,15.999351950567712 

</coordinates>

</LineString>

</Placemark>



<Placemark>

<styleUrl>#cluster10</styleUrl>


<name>

Cluster 11 3D Drone Path

</name>


<LineString>


<tessellate>0</tessellate>


<altitudeMode>absolute</altitudeMode>


<coordinates>

101.63064268779429,2.6793405744481276,16.042892221084283 101.63080432282655,2.6793411760871937,16.021925539755735 101.63056316596241,2.678642527445516,16.072830876118886 101.63072313098182,2.678919605964049,16.053467742271657 101.63064217177255,2.678783190504812,16.066009982635922 101.63088578165849,2.6789197234257722,16.028648869419627 101.63128976647815,2.6790617991446264,15.963892480992392 101.63112893854874,2.6790606296758375,15.985419020742839 101.63121057523152,2.6792025145115743,15.971557741973335 101.63137188436279,2.67920155936081,15.953299553610336 101.63129194100414,2.679338731139827,15.959646401056276 101.6316958776183,2.6792024954552036,15.923440991449347 101.63153471347441,2.6792014025981703,15.937839717103596 101.63177749744867,2.679339215287059,15.913741097663177 101.63177627975169,2.6790622847288934,15.918282277830588 101.6316153130877,2.6790634161999813,15.931964202586677 101.63161497134548,2.67878337417198,15.936876940577914 101.6314518584521,2.6787842582173,15.95147148856561 101.63169590496817,2.6783581499255082,15.943609901262395 101.6314540812533,2.678506382602456,15.960825022375934 101.6309671233164,2.6785038930950824,16.01989191369985 101.63112883895371,2.6785052145380326,15.998004117722118 101.63088743456461,2.6783567189473385,16.027965751214715 101.6310475648829,2.6783563925832845,16.00926793675945 101.63096850787403,2.6782218037676455,16.016253165838013 101.63137217543361,2.6786424100737376,15.964197647081798 101.63121060614809,2.678643079109036,15.983564368992026 101.63129163800318,2.678785267046523,15.96884247786829 101.6312109730077,2.6789210190959967,15.976334067175996 101.63104692250315,2.678920309590151,16.001792915576758 101.63169681809251,2.67892035216552,15.927025734754661 101.63153440214701,2.6789199344287793,15.940852862344673 101.6317756404745,2.6787830368407213,15.924636763254407 101.63169694018643,2.678640237959131,15.93503796955172 101.6317754424661,2.678506149362083,15.934367235162242 101.6315326663601,2.6786411877887124,15.948682068085471 101.63161564713155,2.6785071815618635,15.94614636890463 101.63104790599048,2.6786433087582155,16.007273225797668 101.63112876819883,2.6787844107321,15.991635008810027 101.6306437504848,2.678503703679532,16.05970323896551 101.63072522172544,2.678641804086921,16.054004197776976 101.6308048057693,2.678504639719971,16.04102516044282 101.63080510252158,2.6787831140699687,16.043719626149638 101.63088726326498,2.678642065705791,16.03157995669367 101.63096697815367,2.678783319399442,16.018087134632687 101.63104840842101,2.6792015972217924,15.993486489162605 101.63096737506956,2.6793405106044696,15.999685128373622 101.63088568621161,2.6792018939226017,16.017596127729888 101.63080548277351,2.6790600021760396,16.036226393931415 101.63072507985467,2.6792010750355626,16.040357253931223 101.6305618512422,2.6789191070489355,16.073961910267354 101.63064274964822,2.6790606566819024,16.058850400357187 101.63048226771718,2.6790606106119634,16.077492839066494 101.63056259622117,2.679199855431482,16.06093851409903 101.63048272590022,2.6787834730962734,16.08349505300626 101.63129224928826,2.6785065429776593,15.977721573663423 101.63137155165731,2.678358027942631,15.972859731562401 101.63120868343732,2.678357074599496,15.990346902463777 101.63153447162144,2.6783580803236995,15.957212389826108 101.63145218899317,2.6790623427888334,15.946639069109857 101.63137297140194,2.678921180415203,15.956377714071097 101.63145358153261,2.6793398618155835,15.943425829638807 101.63161586773519,2.679340065966923,15.928675710031797 101.63112992806045,2.6793395255434005,15.978380716293533 101.63096811903748,2.679059403895569,16.01078471666456 101.6304805158797,2.679341504972457,16.06200016440953 

</coordinates>

</LineString>

</Placemark>



<Placemark>

<styleUrl>#cluster11</styleUrl>


<name>

Cluster 12 3D Drone Path

</name>


<LineString>


<tessellate>0</tessellate>


<altitudeMode>absolute</altitudeMode>


<coordinates>

101.6303188697674,2.678503224253634,16.08946777593591 101.63023925602715,2.6783593955209177,16.088927638486926 101.63031939251512,2.6779358132894906,16.061017274569956 101.63007720304891,2.678085250577354,16.08788554776391 101.6301571127541,2.6779364102933267,16.074726185481584 101.63007677884661,2.6783591286165747,16.09968039746694 101.6299948827661,2.6782215331867105,16.099428312775142 101.62983416084631,2.6782222373554925,16.111174375116224 101.62999462601451,2.677936983562741,16.08889581811757 101.62991423043617,2.6780848654412495,16.100337470573173 101.62983434229525,2.6779365049472994,16.104197951530498 101.62975406484442,2.678083767285881,16.114342185437046 101.62975316139251,2.6778019783326976,16.11251394922506 101.62959256960372,2.6778019810079465,16.130538104614544 101.629995803018,2.677663368812919,16.084687068075567 101.62983338859252,2.67766277126138,16.104022249073477 101.63039962061195,2.677521622086855,16.041273362382967 101.63023948996418,2.677520746239853,16.0573533612095 101.63031959511032,2.6776623497567713,16.0502410582529 101.6301591111686,2.677663084163006,16.06635777609095 101.6302387602198,2.6778005029435445,16.061742227791605 101.63007786459205,2.677801689296397,16.077263387092763 101.6301565422198,2.6782221557721244,16.088613156359784 101.63023928001262,2.678086039470634,16.075901543523383 101.6304808402358,2.678504507050181,16.075787325165404 101.63039945285219,2.678358455631604,16.076370823804613 101.630562984946,2.6783577220753356,16.061909221521077 101.6303187157549,2.6782226771193614,16.0767920124839 101.63048208084004,2.678221656760328,16.063111953158202 101.63039975790284,2.6780859411324234,16.062915569112754 101.63072515297284,2.6783578500184015,16.04581703787818 101.63064449994533,2.678222396225384,16.048452960198112 101.63080567307456,2.67822267176646,16.032881735858425 101.63072354554544,2.6780856690649344,16.03446636112058 101.6305618986598,2.677521971884894,16.025486167561787 101.63064299390578,2.677661718982492,16.020512739961525 101.63064456897176,2.67738166189757,16.01790423446706 101.63048048463659,2.6773829025025417,16.033837957206135 101.63056252857278,2.677245592985372,16.026468759065494 101.63040084527924,2.6772449449691824,16.043322354550313 101.63031875734843,2.6773835276300537,16.0502791471597 101.63023765257722,2.677244920369862,16.060419683691084 101.63048195986342,2.6776628131287095,16.034819068214702 101.63056367676926,2.677801920692547,16.03232550540353 101.63040167567922,2.677801012581973,16.046960700367315 101.63072457333641,2.6778029004439943,16.019356210090542 101.63064332472744,2.677936593238283,16.03282603661971 101.63080494370715,2.6779362422271,16.019846956604145 101.63048118979333,2.6779355509416787,16.046824125799425 101.63056354682367,2.6780863806681197,16.04867424234085 101.6299153229995,2.677800722650965,16.09437189499817 101.62967112846928,2.677661430476013,16.122937035456996 101.62967199358681,2.6779367108566707,16.121202034804707 101.62950978929253,2.6779365560762924,16.13895476236678 101.62959184822103,2.678083162104675,16.13070268380472 

</coordinates>

</LineString>

</Placemark>



<Placemark>

<styleUrl>#cluster12</styleUrl>


<name>

Cluster 13 3D Drone Path

</name>


<LineString>


<tessellate>0</tessellate>


<altitudeMode>absolute</altitudeMode>


<coordinates>

101.62918720312234,2.6793435088422193,16.185698572276515 101.62926756130622,2.6791982830240473,16.18163398731361 101.63007693999016,2.6789199914446766,16.11591364655905 101.62991409785563,2.678921005678664,16.12638091048425 101.63039939027796,2.678919379989593,16.090530908083316 101.63023894254978,2.678920359509325,16.104427043942753 101.63007623406033,2.6786434840840885,16.11173224575073 101.63015655897954,2.6787844537612973,16.11040383936514 101.62999597483689,2.678784742910341,16.120352658197305 101.62967200004061,2.679055974123732,16.143561709772428 101.62975206167218,2.679199037897598,16.13266215797938 101.62942862254945,2.6786413243886473,16.161708703049584 101.62943041438614,2.6783595115136998,16.153535467656475 101.62926659484518,2.6783589400915915,16.17111178702477 101.62942863385128,2.6780819239503795,16.14848491542776 101.62934912719041,2.6782202924555136,16.159390685768486 101.62918763382679,2.678220631152835,16.176523239321043 101.62934763693427,2.678502706027442,16.166107696915486 101.62918741206657,2.6785024076945123,16.1826849614732 101.62926719610401,2.6786400409966236,16.178475242781115 101.62918699190114,2.6787829397186775,16.19016850697067 101.62951167796722,2.6785028969479794,16.148880227672237 101.62967139708356,2.678220960675983,16.125366841994918 101.62959153916313,2.678360373773056,16.136781759455122 101.62983465613031,2.6785041172776864,16.12109453047055 101.62967282286075,2.678503815698761,16.13365492500643 101.63015663384134,2.6785038061420137,16.101045294015286 101.62999545461129,2.6785043213199966,16.1108755464111 101.63023872303195,2.6786429875894755,16.101175073321457 101.63032024720096,2.678783272949621,16.098165800656886 101.63039992154711,2.678643680343943,16.088256186914244 101.63039943914887,2.679201107672419,16.07868090434619 101.63032031135741,2.679060030900875,16.093438416065343 101.63023984215472,2.679200183686384,16.09395063291288 101.63015840161825,2.6790589606528172,16.106928462305184 101.63015695862526,2.6793400953593935,16.093918325581058 101.6303192368779,2.6793414044329036,16.079079088682853 101.62983436091493,2.6793416646629544,16.11984091960158 101.62999527034397,2.6793413986019,16.106806151796206 101.62983467783411,2.6790565479882598,16.13011799154913 101.62991558248737,2.6792002971789737,16.119247836626936 101.62959016837735,2.67919831162138,16.147925699803416 101.62967131878337,2.6793427526254914,16.134684508310304 101.62934838471274,2.679056604073523,16.17583659040237 101.62950915496808,2.6790560689042424,16.159203639065716 101.62926718318754,2.6789213707599324,16.184320313206296 101.62942991747485,2.6789206446477967,16.16761906884001 101.62934958305634,2.6787835824617336,16.173786287825685 101.62951158358858,2.6787843960435573,16.157288651563093 101.62959076018676,2.6786418446592495,16.145674238513926 101.629752441261,2.678921413597378,16.13787972821872 101.62975414308664,2.6786428698260925,16.13202677494894 101.62983369004044,2.678783473754178,16.13046569151006 101.62951054325288,2.6782215885591967,16.14180752588303 101.62991631429912,2.678359225192608,16.109957892346706 101.62975292407242,2.678359697766294,16.12210966458465 101.62991420339272,2.6786427886157806,16.121274253129144 101.6295906186341,2.678921325581428,16.151750578549702 101.62967134821966,2.678784028262051,16.142669324110653 101.62942997128219,2.6791980885453044,16.16457176581943 101.62951131539704,2.6793420866860065,16.151170070536 101.62934868986261,2.6793422698152596,16.16875634043283 101.62999702773689,2.679057833078078,16.118454124110976 101.63007821812096,2.6792008006220103,16.106975303676386 101.6291857222613,2.6790556673549384,16.192306557576995 

</coordinates>

</LineString>

</Placemark>



<Placemark>

<styleUrl>#cluster13</styleUrl>


<name>

Cluster 14 3D Drone Path

</name>


<LineString>


<tessellate>0</tessellate>


<altitudeMode>absolute</altitudeMode>


<coordinates>

101.62765009444266,2.6783600677187174,16.295817301648192 101.6273255632166,2.6783601316843435,16.317027377687083 101.62740555558935,2.678220610085031,16.31032968843649 101.62724309626282,2.6782199574680847,16.32138118294751 101.6273262146324,2.6780808226002746,16.31447100159574 101.62708185663183,2.6782199078664295,16.332240542339605 101.6270823362788,2.6779402572043476,16.330522489415905 101.62716384523355,2.67807969359929,16.325771042515807 101.6272433948788,2.6779392329509917,16.319326349719468 101.6274882210052,2.6780804928048956,16.303577189725907 101.62837714019503,2.678219927406034,16.242272712082176 101.6282144881611,2.6782198175461986,16.254891112799754 101.62829600390744,2.678358820666428,16.249380692567417 101.62829592624378,2.678080317626556,16.247166901355143 101.62813375508472,2.678081457540584,16.260133970497762 101.6283781552084,2.677936974450239,16.238557832055754 101.62821579660864,2.677936513236121,16.251598744567517 101.62829649943914,2.6778024761106916,16.242116361973245 101.6281355237426,2.677801409097752,16.255699344198277 101.62821483510021,2.6776597455265514,16.245364013627217 101.6280526560819,2.6776604741899335,16.259597545258757 101.6281355211163,2.677520824425616,16.248769810891496 101.6279713506135,2.677801945486046,16.269129482366026 101.62789039030132,2.6776596865159084,16.2733329906411 101.62781078210845,2.677801424779742,16.281168156173138 101.6277307162058,2.6776586830253652,16.285902808471953 101.6270816615529,2.6776603095875564,16.32870439640504 101.62724457110598,2.677659668910776,16.318227882899322 101.62716225663014,2.6778014164871906,16.324194978647913 101.62732604221496,2.677801929220555,16.313267149804908 101.62740469163174,2.6776589946739184,16.308126517898064 101.62740574480164,2.6779396055278615,16.30829884941805 101.62756744206656,2.6776593406371494,16.29752759174978 101.62748693929768,2.6778019913413704,16.30282159781173 101.62764996791293,2.6778023627162972,16.292210769156824 101.62756700327223,2.6779396763121452,16.297844935657434 101.62805331943045,2.677937282321392,16.26476104039803 101.62789229556061,2.677937697170971,16.27669302727896 101.62797124439703,2.6780813692468977,16.272488453816948 101.627650092705,2.6780810959383214,16.293308891312165 101.62781001880356,2.678081535645988,16.283321361009826 101.62773054162479,2.677938837522591,16.287466038568866 101.62789052876353,2.678219687891479,16.279208500669082 101.62805264545257,2.6782197363677187,16.267671399810965 101.62797195678789,2.6783594786503375,16.274613852803125 101.62813351582602,2.6783595417364,16.26234731524628 101.62772913683706,2.6782205337898954,16.28956590975887 101.62781175134164,2.6783600117065163,16.28549246571744 101.6275687654945,2.678219423184413,16.299627020946158 101.62748690751697,2.678360102337342,16.306334283194406 101.6271635873028,2.678360676168339,16.32768585791517 

</coordinates>

</LineString>

</Placemark>



<Placemark>

<styleUrl>#cluster14</styleUrl>


<name>

Cluster 15 3D Drone Path

</name>


<LineString>


<tessellate>0</tessellate>


<altitudeMode>absolute</altitudeMode>


<coordinates>

101.62708196512166,2.6793416066610343,16.33400828878927 101.62716386744789,2.67919993838923,16.331629264962256 101.6275666368921,2.679342747008503,16.31005479942923 101.62821637443234,2.679342818309173,16.26507440402542 101.6283760096711,2.6790558685192476,16.253809023966767 101.62829538861318,2.6791992816069667,16.260217868268818 101.62829534211834,2.6789202650759076,16.256589714321944 101.62821480857829,2.679056750481287,16.26428447098662 101.628053146001,2.678781939909992,16.271729153344282 101.62772968991106,2.678780059534196,16.294625150855254 101.6278928158989,2.6787810177043103,16.28314288117624 101.62748590875192,2.678918085456886,16.313360992194525 101.62756753085493,2.6790588852486845,16.309485655395562 101.62740597333301,2.679059533175475,16.319839515345855 101.62773029473598,2.6790581038439263,16.297884783042235 101.62764915634274,2.679200839729642,16.3045094421887 101.62797300874061,2.6792006777732293,16.281390339209324 101.62789110430232,2.6790579549083553,16.286311617549117 101.6281356604377,2.678919739828092,16.26777172780594 101.62797184377594,2.678919080775196,16.279182045614228 101.62813519043702,2.6791994243459003,16.2707059954942 101.62805379354293,2.6790574882286013,16.275132918039784 101.6278917739234,2.6793425020854786,16.286648122487044 101.62805397447134,2.67934354327313,16.275650134137503 101.62772979692714,2.6793425404994404,16.298366291583854 101.6278096877133,2.679200477104413,16.292860178034722 101.62748645620049,2.679201035385833,16.315605282117666 101.62764817819227,2.6789187348298196,16.302237784721072 101.6275677008929,2.6787809248164853,16.30589885970709 101.62781186664382,2.6789200224497494,16.29052286803855 101.62797370252311,2.6786392835756607,16.276095744384513 101.62781048258267,2.678638590012108,16.28751540847722 101.62813388744613,2.678640615036817,16.264167358780377 101.62821658544502,2.6785023315022856,16.25655151388633 101.62829640952752,2.6786393309765004,16.25163807073329 101.62837626622161,2.6785025894017394,16.24435346929814 101.62821665974924,2.678781328231961,16.25965943628203 101.6283763192697,2.678782561701771,16.24842666797198 101.62789294660584,2.6784999006683834,16.280942376870595 101.62805272092139,2.6785011804527437,16.269431049675482 101.62756874514892,2.6785008260170153,16.30235477016805 101.62772981823402,2.6784997627149543,16.291824924890037 101.62724425388548,2.6785005887610653,16.323488388242303 101.62740669111018,2.6785002988680198,16.312998328617404 101.62732523127285,2.6789182984621873,16.32307500486987 101.6274063845092,2.678780190946323,16.316522530047116 101.62724363762548,2.6787795831905683,16.32604467648389 101.62765000106108,2.6786391993747354,16.29842101547319 101.62732551865443,2.6786384302535002,16.319733444979647 101.6274870746355,2.6786379334531762,16.309317697531803 101.62716375123595,2.6786393744115413,16.329267469808332 101.62708121892571,2.678499639816529,16.333343641976555 101.62740618962731,2.679342493913654,16.3202289658689 101.62732496750249,2.6792009162118045,16.324801131076306 101.62724423342245,2.679342048978191,16.328262771346374 101.62716340415211,2.678919463202753,16.330992857166997 101.62724353625183,2.6790590550948745,16.32821665985379 101.62708264338644,2.6787792218781052,16.333982570731656 101.62708191749766,2.6790592526837713,16.334424211856692 

</coordinates>

</LineString>

</Placemark>



<Placemark>

<styleUrl>#cluster15</styleUrl>


<name>

Cluster 16 3D Drone Path

</name>


<LineString>


<tessellate>0</tessellate>


<altitudeMode>absolute</altitudeMode>


<coordinates>

101.62625637669629,2.6792766040922076,15.983211789229287 101.62609509227732,2.6792760462495178,16.00621805904109 101.62593254717724,2.679276007108572,16.029400492356764 101.62593242545871,2.678990352076237,16.042969754204076 101.62577106015955,2.6789913003671844,16.064889903871382 101.62601266076784,2.678849458934949,16.03370475472908 101.62585120846721,2.6788506708217885,16.05728352819562 101.62593127833057,2.6787078683543117,16.045884111984442 101.62585113275952,2.6785707726613333,16.05298663798019 101.62577052894947,2.678708455985802,16.066019791416302 101.6259326883383,2.6784316778507455,16.039390072588912 101.6260121992188,2.678570400017809,16.0330229062602 101.62665992469333,2.6785713876124726,15.953494143083953 101.62649896084544,2.6785710809380774,15.969442125486419 101.62682275784697,2.678571829221981,15.939472239909456 101.62690440552481,2.678431233356216,15.937530563174573 101.62657907820089,2.6787059542274183,15.956306335758057 101.62674153442812,2.6787048884971276,15.94143127492489 101.62633779928657,2.678570540227767,15.988570142868143 101.62641823853345,2.678431042380072,15.981950190294539 101.62625639517452,2.678432263416138,16.000894398083382 101.62641763518852,2.6787060784186574,15.974361477315629 101.62625645576071,2.6787069833155632,15.996835836518773 101.62633837715427,2.678848350255163,15.981121125656955 101.62633698884277,2.679136403248281,15.975471232866662 101.62617383847821,2.679137528570146,15.99959433236314 101.62649948180776,2.679137448064937,15.955590716730601 101.6262568031037,2.6789895208310863,15.990372048824002 101.626580250531,2.6789901221537193,15.948877048854579 101.6264184687181,2.6789891094209963,15.967109847205672 101.62666054551286,2.6788481820700594,15.944175212418203 101.62649800750518,2.6788494666822906,15.960429920855065 101.62658044130956,2.6792760492317793,15.945927148814961 101.62641668457394,2.6792768581344504,15.963133828728877 101.62690427903496,2.679275715350501,15.916715830457797 101.6267418638503,2.6792752575225873,15.931241139683584 101.62682187326654,2.67913845602184,15.925611832146888 101.62665996820729,2.6791384875982107,15.939820721223258 101.62674093013408,2.6789912862459224,15.934235788816164 101.62690363436836,2.6789904086378975,15.920848491831899 101.62690439907507,2.6787062110969084,15.928781482747933 101.62682304969377,2.6788485929575216,15.930262875097004 101.62682188035282,2.6782920703152038,15.94552126147654 101.62674175696124,2.678431596985032,15.95018629844809 101.62666102179398,2.6782928170087974,15.959481054629519 101.6264993643484,2.6782934277478128,15.974990509695841 101.62658099527033,2.678430454871305,15.965073723024815 101.62609363653631,2.678432686564116,16.020745588272746 101.62617416207294,2.678569762420557,16.010931053454314 101.62609423043176,2.6787083176939457,16.022013630770978 101.62609407623707,2.6789891042206477,16.01737647519021 101.62617511687297,2.678849228876714,16.00709859599931 101.62585143875596,2.679137345528739,16.048151999802286 101.62601403909117,2.6791368362238317,16.024706600411704 101.62576970771306,2.679275735462932,16.05067261309196 

</coordinates>

</LineString>

</Placemark>



<Placemark>

<styleUrl>#cluster0</styleUrl>


<name>

Cluster 17 3D Drone Path

</name>


<LineString>


<tessellate>0</tessellate>


<altitudeMode>absolute</altitudeMode>


<coordinates>

101.62585187608829,2.6782927915407253,16.042847033611295 101.62617562148482,2.678015305504932,16.002396830101972 101.62641790001808,2.677871169466077,15.977774218923338 101.62633816563694,2.6780155197503683,15.988530488863914 101.62682272722657,2.6774483111434537,15.916189759047537 101.62682267069822,2.6777315163170448,15.932855743221982 101.6269044864638,2.677590881536679,15.91650610750702 101.62665957179473,2.677732318127046,15.948758155222613 101.6265798357178,2.6778719400158173,15.962645766145585 101.62649791032639,2.6777327585628945,15.964963776449023 101.62674121289405,2.6781493403612324,15.952684989538241 101.62682208535747,2.678014054332501,15.944224754034387 101.62690351336694,2.678148466517698,15.93970665058926 101.62674079806185,2.67787169597809,15.947165884214527 101.62690226602967,2.677872452133349,15.932939246709163 101.62625520384547,2.677872086827274,15.991300148753815 101.62633591055479,2.6777339295708953,15.979787933074046 101.62544786375697,2.677871400534815,16.056068177919936 101.62569050706199,2.678013355771835,16.042301768816678 101.62552727288127,2.6780131181407696,16.056625904331987 101.62585040511286,2.6780137034087583,16.02861622755599 101.6257715435986,2.6781506588229083,16.04339494258722 101.62601436274167,2.678293393542958,16.026517873870343 101.62609401166166,2.678150495977734,16.014096634566638 101.6261746081394,2.6782924085689306,16.009467224386185 101.6262570227746,2.6781509910756016,15.998609106761382 101.62633652391662,2.6782931693989873,15.9918461044563 101.62641744615934,2.678150338459884,15.983086884416283 101.62658000531293,2.6781499503968864,15.967522061088525 101.62649811881865,2.67801460002631,15.973976614668402 101.62666093160918,2.678015156766368,15.958620354662145 101.62593272442669,2.6775943193684637,16.005670754707104 101.6260125376737,2.6774490055573,15.997332700605222 101.62577020847907,2.6775941937222907,16.01879868413402 101.6256888495828,2.6774502752448943,16.02622882299737 101.62585081160557,2.677732930599985,16.015102343716148 101.62560762827324,2.6775937336692324,16.034069005351654 101.6256083706257,2.6778713471969375,16.041609237341774 101.62568983821863,2.6777334537257715,16.02864559324225 101.62552654572755,2.6777337286369405,16.04398251999855 101.62601419021355,2.6777335751726405,16.00341218702036 101.62593114547786,2.6778735831972598,16.014843387972263 101.62617641918274,2.6774490160467446,15.98315380472596 101.62609324061471,2.677593770393647,15.99373515281648 101.62666082240504,2.6774479857232802,15.932982761947786 101.62657863543436,2.677591094127259,15.949511743924857 101.62674082263075,2.6775912018914445,15.932716958110685 101.62649791460234,2.6774484479633065,15.950690923242579 101.62641749472412,2.677591761766137,15.966068164003566 101.62633707370523,2.6774479032914478,15.967706711908903 101.6261761636944,2.6777342427501836,15.992192645886075 101.62625626864224,2.6775925452041176,15.980850104832601 101.62601201501239,2.6780141267746416,16.015542289980466 101.62593213971205,2.6781509961541694,16.028958706147044 101.62609558930406,2.6778731984764335,16.003117389404373 101.6259314936549,2.6773098778445,16.00350700427883 101.62585105065756,2.677448931672695,16.011131800831453 101.62577145077692,2.677308539198259,16.018880164712613 101.62576915395739,2.6778723785503478,16.027441442920413 101.62560823118328,2.678149772166988,16.05774184467323 

</coordinates>

</LineString>

</Placemark>



<Placemark>

<styleUrl>#cluster1</styleUrl>


<name>

Cluster 18 3D Drone Path

</name>


<LineString>


<tessellate>0</tessellate>


<altitudeMode>absolute</altitudeMode>


<coordinates>

101.62463845829028,2.6792732553349397,16.156145087901443 101.62463642896823,2.6789911825898236,16.160812479525188 101.62471855679438,2.6791383639705795,16.15132567587219 101.62512318375549,2.6789914332328224,16.120678338117923 101.62536546422093,2.678569800216815,16.09670391968814 101.62528520065449,2.678708755387997,16.10737733252109 101.62512363197513,2.678151643200261,16.09503021046082 101.62552709863584,2.678292530924405,16.07195105023227 101.62536666444483,2.678292731434774,16.08418706990612 101.62560757086322,2.6784315190427255,16.07142676481451 101.62568910360653,2.678292199499928,16.058029725740234 101.6254456388012,2.678709069683153,16.096255792292432 101.6255283596787,2.678571006129689,16.084367374689442 101.62560886112382,2.6787096870265352,16.08239249832199 101.62528475976389,2.678429725826168,16.095670604135726 101.62544603921964,2.678430327269217,16.08457235635178 101.62569065732363,2.6785703554914266,16.06989543850391 101.62576950056084,2.6784316519623554,16.0565058142438 101.62569018335091,2.678851597481189,16.076447605385713 101.62552846105334,2.678851125133026,16.09192798043874 101.62560738429264,2.6789910283061995,16.082848708912206 101.62544598474456,2.678989808272915,16.09775288446145 101.62552760601433,2.679138835003952,16.0848729003417 101.62568840429473,2.6791386715943086,16.06818260963789 101.62560873665781,2.679275749351112,16.069132923167682 101.62471868067696,2.678852220862514,16.151115171348998 101.6249620396796,2.6789921605892424,16.13179221692909 101.62488092458308,2.6788516182451287,16.136980244888058 101.62496185147349,2.6792752912058697,16.12469666490223 101.62487995433987,2.6791383351663063,16.136195702533797 101.62480036527073,2.679274580346915,16.139483368633798 101.62512381621208,2.67927613718277,16.1116962603513 101.62504105246838,2.6791376395811524,16.12325589353172 101.62544801908702,2.6792759085881324,16.08534060132078 101.62536703810271,2.6791399676283723,16.099173519030717 101.62528388303222,2.6792754473267544,16.09943587481665 101.62528373743426,2.678991052444072,16.110088080576567 101.62520522656311,2.679138973977846,16.11139587129803 101.62512176785586,2.6787079641344014,16.11705294778048 101.62496194938944,2.6787087456001952,16.12720543031321 101.62504104825679,2.6785696865829887,16.116726722069046 101.62479952875599,2.6787095761135062,16.139940172848146 101.62487987193478,2.6785693442006955,16.128348630920307 101.62463685068435,2.678150784259366,16.14119751325549 101.62471823509377,2.6782927297056927,16.135165933824556 101.62455778098673,2.678291977156145,16.15245195532934 101.62463844997723,2.6784301718270447,16.146879545664547 101.62447544561898,2.6784300781059645,16.16440478108376 101.62479912465189,2.678429778219352,16.130731626310308 101.62471936987004,2.6785692566834673,16.14270004888067 101.62504180404353,2.678291683762295,16.106194644098025 101.62496100047144,2.6784296949204256,16.11699096856026 101.62487991124658,2.6780126993521134,16.113861376248266 101.62544624224975,2.6781496243205627,16.071173364905835 101.62536483177752,2.6780121164909625,16.070103650148027 101.62520394720117,2.678012180153147,16.08335415925486 101.62528357175546,2.678150725995549,16.083339953123875 101.62504238238179,2.6780124693551204,16.0977173157354 101.62480041468785,2.6781509507748473,16.123679791477564 101.62471802221063,2.678011805784458,16.131302502091252 101.62496161413321,2.6781510402777493,16.108241830990007 101.62487962924025,2.6782914543980185,16.11940488810656 101.62520298621816,2.678292391576352,16.095130803887592 101.62512408405081,2.6784308478757546,16.105762486458318 101.62520449822127,2.67856959482763,16.106778281556487 101.62520338209538,2.678850263634582,16.115637481111072 101.62536612604092,2.6788500063506326,16.105013351414 101.62504333235972,2.678850345762344,16.125458214646063 101.62480039123133,2.6789913859304395,16.145035810070286 101.62455553637433,2.678569155221151,16.159553491359187 101.62463673180562,2.678709417509714,16.155403140881248 101.6245567455982,2.678851278409379,16.167309920272906 

</coordinates>

</LineString>

</Placemark>



<Placemark>

<styleUrl>#cluster2</styleUrl>


<name>

Cluster 19 3D Drone Path

</name>


<LineString>


<tessellate>0</tessellate>


<altitudeMode>absolute</altitudeMode>


<coordinates>

101.6232604201689,2.679408805789626,16.27050975392413 101.62423164670595,2.6788508339773904,16.199498634905467 101.6241528124191,2.6789886445034163,16.208457074947837 101.62431401757696,2.6789888388663297,16.193496794328524 101.62366597383084,2.678987653510237,16.242136782952972 101.62382840961281,2.678987665037404,16.232553980496238 101.6237472510875,2.678850237248203,16.234303471306283 101.62398957877895,2.6784321286400337,16.209792072369204 101.62390869032775,2.6785714329414048,16.21805736302917 101.62431379159726,2.678431319258062,16.18116501606368 101.62415142526831,2.6784308053850436,16.196449944371352 101.62439552645435,2.6785701809434523,16.176401991187127 101.62431306926568,2.678710600929036,16.188512744843194 101.62423181506581,2.6785713807706832,16.192400147012386 101.62415139469381,2.6787117643421916,16.20319018308884 101.62407083094132,2.6785713773045208,16.206207721829113 101.62407176134079,2.6788505064679726,16.213022757465396 101.62398983097346,2.6787119422960415,16.215670703508692 101.62366643350727,2.678712034429691,16.235977998827714 101.6237462124425,2.6785700930467238,16.22858441311028 101.62358500909832,2.6785711994065107,16.239163351760475 101.6236673043171,2.6784336444580674,16.23223684329237 101.62350329997221,2.678433413925423,16.24393889352693 101.62390894945209,2.6788513171971977,16.22457028064678 101.62382730234101,2.67871263045391,16.22627119379286 101.62390997950664,2.6794111112225805,16.226061101674354 101.62407101231359,2.679410167562448,16.211231991653072 101.62374701796931,2.679410191765095,16.238682212407667 101.62350534837533,2.679273792115477,16.255150396665655 101.62358434676817,2.679409967224707,16.249486715031033 101.62334295238992,2.6792742317836193,16.265669682688817 101.62342319331968,2.679409614824952,16.259841508552427 101.62358514176321,2.6791371884179505,16.24940165498028 101.62342403502615,2.679135902244247,16.259502733830914 101.62350513088616,2.6789882204410516,16.25187634765223 101.62334126261963,2.67898936541914,16.263059130660334 101.6235030264326,2.6787133702821064,16.246716056168708 101.62342235637321,2.678851535729227,16.254840814078673 101.62358414193919,2.6788505013949395,16.243963944686055 101.62374720464754,2.6791373116597064,16.239652811184314 101.62366523819706,2.6792725438966594,16.24523565837998 101.62391015440718,2.679138277369073,16.22874196422321 101.62382771636565,2.6792726160733555,16.23441459083419 101.62399123045724,2.6789878704623615,16.221568675389065 101.62407210139446,2.679138986394563,16.21570518197514 101.62398896395702,2.679273011996811,16.22162982182015 101.62423260830134,2.6791380054729754,16.20081531745791 101.62415142266839,2.679272565642989,16.206515235954477 101.62447663682906,2.6792727308610975,16.17341233496606 101.62431357446938,2.6792715809579866,16.190219638712858 101.62455514999027,2.6791388572747037,16.16819021170516 101.62439443979197,2.6791375159997983,16.18481045540229 101.62447520453901,2.67898994591041,16.177432161303308 101.6243948831448,2.678850827886801,16.183883393422132 101.62447636796705,2.67870937564735,16.172059996333015 101.62382772036997,2.678432696873138,16.22140848077627 101.6234236484562,2.67857112760862,16.25102867549809 

</coordinates>

</LineString>

</Placemark>



<Placemark>

<styleUrl>#cluster3</styleUrl>


<name>

Cluster 20 3D Drone Path

</name>


<LineString>


<tessellate>0</tessellate>


<altitudeMode>absolute</altitudeMode>


<coordinates>

101.62228925841966,2.678010670004728,16.32561804773106 101.62309857588787,2.678852335049513,16.27831616960992 101.62293839503545,2.678852855116471,16.28968795252757 101.62326240917972,2.6791350983585267,16.270302301563287 101.62317934655997,2.6789896726793216,16.27431257608887 101.62326176780972,2.67885099292705,16.26662376475276 101.62301755636767,2.6787133613185605,16.28262606849856 101.62317956574607,2.67871229709188,16.27106540500491 101.62277612503497,2.6785724424183917,16.29766325880719 101.62293786432484,2.678572638397871,16.286979356009958 101.62221032159442,2.678712072488411,16.33352457821095 101.62229128290213,2.678852861220763,16.330085463769628 101.62237194901759,2.6781516814512956,16.320798870090744 101.62228965862909,2.6782924387456575,16.327437194641128 101.62220874821767,2.678152079550688,16.33205585936731 101.62245220019732,2.6782916458053463,16.316453805590875 101.62245312734628,2.6780114776296364,16.314183782639617 101.62261519270494,2.6782922889881013,16.305463355715514 101.62253233941652,2.6781522126365873,16.309676205505113 101.62269405425992,2.6784319866442083,16.30167256236296 101.62285802979817,2.678714618891195,16.293651803811947 101.62261358953879,2.678852051996338,16.31212318829413 101.62277487910433,2.679133536244585,16.30459929345874 101.62269469032344,2.6789881705451553,16.308658449871253 101.62269514305237,2.679272426189421,16.310606949103814 101.62245227472357,2.6791319892135124,16.32430168581805 101.62253283865704,2.6792715186317846,16.320505312282638 101.62245117519711,2.6794123998435233,16.32426779716076 101.62277541488827,2.6794101025331076,16.304632515019847 101.62261483518668,2.6794114218443688,16.315381253515 101.62237142880335,2.6792706596734157,16.328034788210267 101.622290332317,2.6794111817314152,16.330607293749168 101.62229141214277,2.6791328889764134,16.330957839839705 101.62220953102648,2.6792708553203566,16.333437049032852 101.62220895389747,2.678990482151141,16.333767170858458 101.62261356365887,2.6791325649304047,16.315382126153168 101.622532601382,2.6789893950112846,16.318918614758473 101.62310057476564,2.67940896235002,16.281146558216374 101.62318015271893,2.679273462453061,16.27631783655063 101.62293829640303,2.6794101330354265,16.292748850978086 101.62301810509018,2.6792724843391187,16.287483726016536 101.62285629183302,2.678988372051462,16.297290676486128 101.6229375399881,2.6791340473708014,16.29283656284995 101.62269521687907,2.6787138720508556,16.30471132334918 101.62277635807715,2.678851949835099,16.301113949146384 101.62229021320589,2.6785720757532028,16.32879452661124 101.62237206184425,2.6784321672755205,16.322915597774017 101.62221054998173,2.678431354718691,16.333071425068947 101.62237031534202,2.6787112848535535,16.325076534490016 101.62253195077732,2.678712627534435,16.315392025639294 101.62237063812715,2.678990329172912,16.327286126577473 101.62245089492131,2.67885183124011,16.321975504132965 101.62253352537778,2.6784325760697287,16.312265792635642 101.6224512058244,2.678572820004711,16.318957390275457 101.62261373704422,2.6785720225946803,16.308379812734092 101.62285641093,2.678432746956862,16.29122883591249 101.6227746813388,2.6782909439948477,16.295124970250317 101.62293797102649,2.6782922545928,16.284851576259697 101.62285637828691,2.67815232147591,16.288739069782732 101.6229378945489,2.6780094862335564,16.282651754170733 101.62301969570412,2.678151092079942,16.278395842091925 101.62310049125082,2.678009501310504,16.271633821651594 101.62326150784524,2.6782927392663454,16.262156477653754 101.62318041497338,2.6781519181061553,16.267200776336686 101.62309833923106,2.678291398036384,16.27425195595257 101.62318166709467,2.6784325376319535,16.269206413689112 101.6230180720322,2.678431505619156,16.2807206470171 101.62334325233857,2.678713341564599,16.258693304973917 101.62309903383573,2.679134440314884,16.281319897951718 101.62301881159287,2.6789888677076075,16.285585517188174 101.6228562258386,2.6792725674245093,16.2992489773672 101.62309871156064,2.6785731619562023,16.27598163987271 101.62326119585728,2.678572056403786,16.26389847467769 101.62334170192247,2.6784328446696812,16.25666982609373 101.62269460698974,2.67815268323126,16.298914095708806 101.62277671696225,2.6780108034855017,16.292878711188326 101.62261357276182,2.678010439554714,16.303347913241808 

</coordinates>

</LineString>

</Placemark>



</Folder>



</Document>

</kml>

