Cluster,Solution,Distance,Turning,Elevation
1,1,1528.4935760880958,111.80050727236159,0.1549833793712896
1,2,3260.4513372121223,17.79990478035341,0.2595472137629731
1,3,1258.4276093144874,95.57427724081674,0.2802057433120435
1,4,2182.980444812253,66.3480093661301,0.12568478451549758
1,5,1320.5431608117851,86.42990806984807,0.2871670559762851
1,6,3139.673123088438,19.714584305061514,0.1666240571659383
1,7,1393.0919529427335,105.49768864429957,0.16758043126869104
1,8,3039.683644116853,20.615871268831704,0.16210146883858378
1,9,1534.8400556603438,109.3951743336026,0.1549833793712896
1,10,3247.196028373858,18.300638847941073,0.25525710879578334
1,11,1418.6458683800208,102.34619341217082,0.16562662363397074
1,12,2958.9316940426897,25.47889929690848,0.1403627362081945
1,13,2176.4607298230558,49.00736900735946,0.13200996117757136
1,14,1272.4297474903215,89.98421877013051,0.2856095578920428
1,15,3001.9592814989373,25.21750424040423,0.14747441773011438
1,16,2049.4789064515367,38.68055322664295,0.23894821113647957
1,17,2169.2129759491722,46.70047826894464,0.14074182901336307
1,18,1304.8019162625483,92.6165813481906,0.2667100815351855
1,19,1374.205243488069,80.19160354025873,0.18985220635985023
1,20,2797.0598638215065,36.19338373829356,0.13857940209530462
1,21,2403.242092497734,30.82852330860107,0.18029062453284617
1,22,2044.8003658317352,39.13358097881148,0.22482867930349038
1,23,1339.4583114520867,82.90733288675061,0.19399784592761726
1,24,1752.351012656192,50.89968818464624,0.24377945535441903
1,25,2017.4241631388502,39.56474363740571,0.21554009331971535
1,26,2103.671826974042,35.92557685304777,0.24590207813651865
1,27,2074.3600721469957,36.59687447947527,0.23520534734669774
1,28,1290.1201699264343,93.4486254429126,0.26288339040452335
1,29,2907.3849146343605,21.24770265908137,0.15288739786923422
1,30,1732.7525164842486,51.98140762366171,0.18550203729137316
1,31,1825.1046406196806,73.27581369932038,0.13496318975548682
1,32,1963.6154439152863,42.68662636559694,0.19742455654826152
1,33,2886.6613969316577,28.459157398285555,0.1492532726884459
1,34,2707.67806186991,23.853372946460887,0.15793402653272715
1,35,2216.6345788756366,33.43231549791956,0.2602070150829068
1,36,2015.7140578197334,38.697487240887774,0.22835156230426001
1,37,1917.6066271392206,62.010209885919494,0.1399478017287965
1,38,2131.4236726093263,34.0431524972615,0.25385035430345404
1,39,1401.95464695353,66.82299374429915,0.21809983046289894
1,40,2086.953018108008,37.439698578248226,0.23246453441525183
1,41,2153.8904462726564,35.48146006941538,0.24926938779755936
1,42,2478.175844464196,35.0306313338662,0.14621401935618472
1,43,2738.031726016504,23.06096168590521,0.1590923055471034
1,44,1309.8947131864527,90.20695468805718,0.26352357484420175
1,45,1799.2135857440112,57.18403943573129,0.14918318153158516
1,46,1549.6773630629023,58.82306432870262,0.2114741173830783
1,47,1984.1296851053908,70.43795366502587,0.1291108146690032
1,48,1541.5467921094769,100.67161262938365,0.1504384039211093
1,49,2440.9230966114033,44.1729010923678,0.12716504313861599
1,50,1264.0484356602622,91.05245835580806,0.28066043747693037
1,51,2295.922693889878,41.406731735876676,0.13770475016524308
1,52,2242.1486718321867,55.2770785876949,0.1294449595916074
1,53,1308.5864277492794,86.92971085294484,0.269627783303255
1,54,1359.857742031789,71.0643358275435,0.22073857980769596
1,55,1924.7027397519396,56.853218895705865,0.13620326013108475
1,56,1295.6477212538764,87.87598818840843,0.27046144247297654
1,57,2124.1510774744484,38.20107650342815,0.18352382334086847
1,58,1264.1417106785946,92.10327672517339,0.27353707957336404
1,59,1651.0009138933226,78.62892672037692,0.15851190189987996
1,60,1285.1215464802976,88.9504828398316,0.2774997797937484
1,61,1759.504598623695,60.851000502221595,0.14421405932339404
1,62,1660.3024000824564,64.71955231205614,0.17863038767183603
1,63,2850.5172475790273,20.298914509547487,0.17426917922143836
1,64,1323.5740570629443,75.63745987901832,0.21858721585942398
1,65,2820.412103217271,21.242789245932144,0.15987509265681688
1,66,2423.33316573107,26.465197208185653,0.273312197430462
1,67,2651.7667238571307,24.29420056542891,0.15532585977778446
1,68,2751.643618797062,22.19819663830448,0.16341297975841407
1,69,2291.42513136224,30.603381459092333,0.24484479646008772
1,70,1481.5861050152816,63.02696185041266,0.22967866910673074
1,71,1846.6302085569098,49.694532336402055,0.21192562206653953
1,72,1432.8259905287764,67.42999767181126,0.2146508699402201
1,73,1768.5543183537523,49.75761329772495,0.19765751458329994
1,74,2509.237254820108,30.95659206475792,0.14833845266290346
1,75,2361.367320520605,27.502357998025282,0.27537391857513605
1,76,1786.7751719032376,50.774083262602915,0.17124155097907767
1,77,1365.012226889374,79.75583765462189,0.19204403829289696
1,78,2470.2641980895596,27.86019165832998,0.15692268075529192
1,79,2078.4958827914406,56.088756137971544,0.13607900215116508
1,80,1468.1526514799618,76.66296977692464,0.17758486824124553
1,81,2329.7385636480703,31.764834313369605,0.18382851163444336
1,82,2256.605856560885,31.432884128517188,0.2383081335309658
1,83,2009.7497565851295,67.32077361871492,0.1318659035260037
1,84,2559.537482885359,32.642213441622026,0.14419504916836523
1,85,2893.7393704860065,20.077212108959948,0.17327100445952404
1,86,2764.9992847995154,21.64584662899812,0.1683821019666052
1,87,2716.5019149925756,22.41531737114223,0.16301955305250182
1,88,2585.739400394962,24.919767113215777,0.16586154469424663
1,89,1553.51831112288,65.2556906320515,0.18628866844097836
1,90,1898.4394888849697,43.78205012214295,0.19676072616213425
1,91,1426.413510693482,72.48237056014202,0.19446466725484335
1,92,1667.4427826416377,74.70365045939742,0.15940048286984343
1,93,2148.8101678971493,36.99821002433336,0.2077249817048088
1,94,2362.0951172513983,36.83515715237569,0.13697908338576248
1,95,2312.0482777374395,54.19671318634195,0.1279341344475089
1,96,2205.37788077198,36.00075673212017,0.19877162333140497
1,97,2347.962365981926,34.79695940685813,0.1570738697647318
1,98,2523.1331192051375,29.447308503957004,0.1512278917676202
1,99,1339.7285491217826,90.84967785460098,0.18184969001321427
1,100,2135.4545018946956,37.55056003363972,0.20275585949661767
1,101,1285.4710928217346,97.62117245233716,0.2712172932319259
1,102,2557.2269744574346,25.741573821500495,0.17898584048340815
1,103,2665.122389859584,23.741850556122557,0.16029498198597558
1,104,2112.1150850433683,40.490441477635265,0.18892263230992334
1,105,2538.034241093927,29.81505967350102,0.1510051855664738
1,106,1718.511890806465,86.42098471385404,0.1418306236459923
1,107,1445.1663688897006,99.17731942301891,0.161336518666781
1,108,1978.6605782393865,53.19879412464135,0.15621692411897747
1,109,1523.5943049313962,59.91698641738239,0.20335863517676422
1,110,1893.6991576018897,49.66623798737562,0.2361201788935947
1,111,1491.593168006482,70.14569184985262,0.17569876321408806
1,112,1598.0974985778173,52.572288800850295,0.20082680478307857
1,113,2215.102080068872,45.46470313659992,0.15066243675696533
1,114,2338.866021540612,29.98897879275761,0.24466479431041854
1,115,1480.6976038336122,62.6308696280267,0.2311460120556692
1,116,1450.8330028523671,65.8048702280734,0.20055784025937662
1,117,2638.909577449701,24.808780338833223,0.16147191363432434
1,118,1348.8842422338705,79.19999640307813,0.2069601464508768
1,119,1480.187090629679,85.5793098073408,0.16429056878190984
1,120,1447.320076633416,69.75356289199999,0.18788948851899612
1,121,1258.5208843328198,96.62509561031223,0.2730823854084772
1,122,2605.2572696278,27.939551102278315,0.15265912687421412
1,123,1375.7287661180637,71.00258785095944,0.21018077535476287
1,124,2260.302307623874,31.626030356686403,0.23623872601723228
1,125,1391.3080968500315,68.89071816659616,0.22020838477032179
1,126,1381.3779828960871,83.9659036779957,0.17364299031810937
1,127,1278.8234570147088,91.27123263045138,0.2773637707040262
1,128,1433.2852194512368,77.69979738893285,0.17168918268338906
1,129,2303.9672986685837,32.25680017706886,0.20395060523846986
1,130,2358.643790745666,28.931889340160502,0.25709245048325435
1,131,1422.7440995667098,100.91634132694834,0.1626742307977107
1,132,1693.7961037595003,71.58903940221349,0.15940048286984343
1,133,2133.749913801358,37.34882403776909,0.20893168752469826
1,134,2840.4792850623976,27.1709763401754,0.15389901315639243
1,135,1845.7230399733417,53.53868889888189,0.1518499144351555
1,136,1565.982671222689,96.21293580788537,0.1533980700398896
1,137,1559.0924334203498,59.28975605653156,0.19357153599603727
1,138,2320.2319988796658,32.49430848605185,0.16450377070460753
1,139,1346.5176200551984,69.34690504652716,0.22430076887891737
1,140,1509.305635961993,67.64187370426012,0.17569876321408806
1,141,1615.7844927187136,68.17645025973988,0.16969769562601833
1,142,1978.6662031510677,40.15752881608013,0.19315458747399994
1,143,1817.773684807813,50.35035516982325,0.17932850273344947
1,144,1259.0489137546901,94.51290338530681,0.2767235862643478
1,145,1659.906499491436,77.27359530583611,0.14297398894779612
1,146,1622.155318356345,88.46271450138224,0.14420176460171952
1,147,2270.19002631806,40.40863938943727,0.15844058897859092
1,148,1448.298015003997,97.76484609481959,0.1607204231629904
1,149,1969.9282539911846,40.86922413260325,0.1740897321281718
1,150,1381.0134060701168,74.18859892129512,0.2017159506895272
1,151,1704.3815768180352,68.16412054592817,0.15252350552131055
1,152,2186.1776903317746,35.153056742885795,0.2233986546326232
1,153,2126.5079930616394,42.43830699212054,0.15243461312353368
1,154,1453.9712699624188,95.68341124348925,0.1626742307977107
1,155,1449.8730387757298,97.11326332871172,0.16562662363397074
1,156,2499.4793078541684,27.0088704986103,0.19916751872401228
1,157,1603.3089105564643,62.45498405400738,0.179819989814332
1,158,1536.7720734478148,74.0451880165139,0.16704253469967334
1,159,1369.2564458576862,69.61827532635998,0.2191506559559766
1,160,1326.8628478459188,90.80277467967723,0.18612164874958204
1,161,2593.0331108142577,29.581548700271597,0.1412448971479936
1,162,1594.9551651057607,56.84331390219887,0.1959032602577313
1,163,1828.733050984164,67.10824708570621,0.1426159989329019
1,164,1506.8450915899612,89.3999261971534,0.15838412583052097
1,165,2017.2047262714796,45.587615082304985,0.14118787210439443
1,166,1789.7913714063434,79.20985185642421,0.14255782816491624
1,167,1877.145769709768,54.628305926035324,0.14918318153158516
1,168,2259.5378869522065,39.225441627788264,0.1767586064012452
1,169,2837.161581576574,20.851264518853846,0.16930005701324724
1,170,1367.4493574539822,73.15724960587477,0.20598790942589496
1,171,1383.8514290129547,92.89235233477204,0.16938856401230318
1,172,1816.926053699522,54.68022129013879,0.14918318153158516
1,173,1313.9994581618564,87.06484010212883,0.19526577254842614
1,174,1467.809867421662,63.249439808457524,0.21819556853096067
1,175,1562.4317880361848,56.792400788241906,0.19711305168266868
1,176,1502.5666678044006,60.99010133439767,0.18947719657090722
1,177,1747.1679008608712,63.55614698719701,0.1584736383041072
1,178,1420.7995761237364,72.92243688115188,0.19217959348618585
1,179,1901.4588589508735,42.458417597036174,0.20526304669643203
1,180,1475.6179211942522,94.6328562806125,0.15838412583052097
1,181,2621.523093160956,26.500451532881044,0.16289936462420052
1,182,1514.7490068232457,85.08093658431444,0.15911936237635338
1,183,1657.657299313319,78.30323030320683,0.1469933301785229
1,184,1609.7372821042652,51.1193153879772,0.20437150337381915
1,185,1420.5043733535815,68.92252520872222,0.2109371168398102
1,186,1686.2598206092985,74.15898424865216,0.14297398894779612
1,187,1719.6741832092107,60.85436906152295,0.1773335507377798
2,1,1418.0829221445758,111.50475603563888,0.33263063991140385
2,2,1966.2795454370148,85.29045486800119,0.27076374679202075
2,3,4163.315429608717,30.561301380141916,0.775720896837413
2,4,3987.0874747708185,34.305127828081105,0.8034084463103213
2,5,4100.848350655597,34.94782926598788,0.644031968663775
2,6,2922.3896577426162,36.7332815337186,0.4752544719023888
2,7,3864.009040816464,34.5091183671628,0.6606393831485775
2,8,3519.406845826818,35.81648414742926,0.3862261779655789
2,9,4079.6881486832613,31.53803696046181,0.6860944872651444
2,10,3332.3003637299025,38.75651407567656,0.3551609704852723
2,11,4059.7532307138817,34.42952373551549,0.7270625823181796
2,12,4034.7430247179436,32.20671316052013,0.7585150077567206
2,13,3183.9181691202184,38.62242387421613,0.39741609641832554
2,14,2213.656734094343,52.51054456964571,0.45411666019632335
2,15,2979.849778403014,37.06338946736444,0.47066888127751483
2,16,3115.0123527478095,38.36395698619422,0.42778708045022995
2,17,4047.53584621672,31.10356582461781,0.7562866047697163
2,18,4005.869313876111,32.30192356866691,0.7390687696582035
2,19,2846.041789816004,38.9247445013608,0.4285028857083155
2,20,2634.4286220675726,43.58327917527822,0.42444699915643014
2,21,2800.717394112666,37.62081330865981,0.45005128140249795
2,22,4007.41976594092,32.37334247709117,0.7388235069215447
2,23,1780.4318377119434,76.37907430562466,0.3259149084055224
2,24,3029.5608589075327,40.596420252063844,0.35277694391679404
2,25,3247.3588493420116,39.444162536377426,0.37948718605015586
2,26,4074.764220551723,31.496062611909153,0.7388235069215447
2,27,3266.3558129303356,37.119749146198586,0.3993696460079619
2,28,2372.5493185175815,49.9992849370695,0.4186053375088683
2,29,2890.673508233705,40.058977120002865,0.4068433728990648
2,30,2952.8144565966745,41.07713604007665,0.36925611338473274
2,31,1961.234177175552,73.68688868436396,0.29563503690065573
2,32,1669.9684520705991,91.64699301160702,0.304296198692505
2,33,1502.0324189401451,90.56622483884927,0.33827315924153467
2,34,2173.578115402437,54.065608128306366,0.3301844923020134
2,35,2760.148815179389,37.84612628880669,0.44801057525392807
2,36,2603.4466544216048,39.68682910286836,0.4390682917905444
2,37,2122.3168394039067,54.63971077629104,0.3901489245884946
2,38,1429.7112543528617,107.32242054488687,0.33175899485043203
2,39,1831.3542190091775,72.31153082902405,0.3094286331078635
2,40,1944.6378559981204,68.53697831046887,0.30577801499767077
2,41,1679.7508823240971,101.8454016838998,0.2835098760283472
2,42,1593.3846426681935,83.15678725138518,0.3562047902562071
2,43,1697.7071977459884,93.48564923689753,0.28716049413853995
2,44,1462.5198281212872,100.53696503276662,0.34818723807786967
2,45,1561.465530121333,88.42378011224632,0.34407089516577116
2,46,1635.4401062547608,81.72756206372863,0.3874337177929874
2,47,2724.555241132316,42.953055332376785,0.38154827535497304
2,48,2144.443943497,56.234769823694094,0.3349022881694168
2,49,1985.7218085273514,66.60378359063225,0.315620872999002
2,50,2668.208659910281,42.30827376895653,0.4000125496532938
2,51,1985.1398651745299,67.43636719476704,0.30378788061338824
2,52,1952.831146723198,70.59982919624764,0.30328523549727393
2,53,1698.1098402718424,97.63800359400219,0.2834222620233753
2,54,1714.0430199995706,92.46487029171156,0.2834342032668786
2,55,2998.109807801666,41.8902183161812,0.3648393707326463
2,56,2785.4840927892214,40.20214957661189,0.43127084459858267
2,57,2021.6681858533864,64.71460623879202,0.32220915102035974
2,58,1577.2515934807595,86.9054349272665,0.36538310176114663
2,59,2346.6760840108486,50.86663896568882,0.40217570146489834
2,60,1423.6369179606424,106.2379004824763,0.3636207514662395
2,61,2040.3937088363268,69.2164643155314,0.3009717749244025
2,62,1935.8488822814525,63.700500186436386,0.35744768880974576
2,63,2572.1211640925208,42.24946074724713,0.4342787310906182
2,64,2405.876257085953,47.61866617970614,0.3930359913383086
2,65,2441.267986148624,50.565980346875776,0.33797995440110284
2,66,3065.6357152076225,39.952723622777775,0.3864274459928687
2,67,1922.3757130026331,77.93006348531794,0.29023604366551226
2,68,2753.240665153433,42.598651317110566,0.3482077388227225
2,69,2185.1209698714847,63.17448908696393,0.3058238488655789
2,70,1652.591820350529,96.26992134156059,0.29451071173165744
2,71,3078.169344933339,36.246301250523025,0.44391587119649145
2,72,1802.9851360405808,89.46611488976048,0.2801020092835955
2,73,2697.047737436448,44.36964898768794,0.3467175835727758
2,74,1514.7718724408517,94.77390390215463,0.32571248984379153
2,75,1754.57538924975,82.53898048199596,0.29597041758379916
2,76,1649.11054871422,94.18471508848172,0.3018876207135115
2,77,2130.362859187102,58.398198645274526,0.3279263635182126
2,78,1465.6301805637802,98.97064117046803,0.3368383785220175
2,79,1929.5626234749975,64.89439852677611,0.37648900706438937
2,80,1722.3630728398994,86.45873715662484,0.3044742248847001
2,81,1916.9821020563788,84.68137829475822,0.2753404853474919
2,82,2514.736719641794,45.95785203376137,0.3514994103296374
2,83,2093.4206741256867,57.537922604817446,0.3434887913508007
2,84,1537.984639516644,87.44015591232508,0.35437257262721644
2,85,1685.6805078454295,85.7618566430021,0.3119716148734888
2,86,2717.4404713064314,41.33225886436558,0.3950879871429791
2,87,1546.0658819394027,87.9765868842249,0.3535470611516409
2,88,3252.950624660236,37.30381023183254,0.37302628560670925
2,89,2532.9796932750305,44.95494451364072,0.412538181046056
2,90,1484.2086921197647,95.79699291098409,0.34075909670910676
2,91,2103.5580739280845,79.2174183876046,0.28053961032387775
2,92,2208.432328770222,53.689309050555295,0.3353053489525486
2,93,2076.4002828560206,56.87032808012978,0.3532268869503312
2,94,2298.4297130722443,55.390153138857485,0.3205841321784355
2,95,2099.9962325897764,55.50056545831703,0.3605669826794937
2,96,2402.55808558009,49.818672952095326,0.41280223228261903
2,97,1983.3552861998542,65.77212810442164,0.34512862102433317
2,98,2471.444503282059,48.49143730021556,0.33557938325497005
2,99,1756.7294152998197,79.65588851155447,0.3296411992771837
2,100,2901.642338393986,39.57323023388902,0.4114513747934083
2,101,1618.1335318210656,98.35650753001373,0.30131203938244866
2,102,2319.160672858098,53.17984008964437,0.3578540255172804
2,103,2487.50401032125,46.3526122248411,0.3859224651381119
2,104,1859.7900493657262,71.59939661236538,0.326331689344741
2,105,1970.3743728154896,61.364865900634626,0.3588676940780253
2,106,1423.1086882976535,108.38743346887358,0.35082037270084854
2,107,1502.0492734308402,89.51669353312143,0.3348487356122192
2,108,1973.471685615113,74.77707249631634,0.2883264477168943
2,109,2493.221343391059,45.52975645009519,0.37150060919380934
2,110,1965.3772176577772,60.72080959855582,0.3927565981055068
2,111,2584.2692093068204,45.15617492601796,0.3791634495938787
2,112,1636.0283079641194,95.41472538051498,0.30697334102076823
2,113,1557.2555727939507,87.3655541188929,0.3620487826274257
2,114,1423.240785057306,108.35844531343952,0.34218056549643805
2,115,1452.6309524356086,102.12542659756481,0.34500680394918604
2,116,1774.9564968161442,86.72709578267302,0.28881565742779003
2,117,1454.6403348635297,99.96112203966872,0.3512556714958315
2,118,2563.7981756964577,43.85861703842565,0.4116333720860226
2,119,2649.8775053081335,39.660447212913866,0.44850313156801747
2,120,2732.3529366879534,44.18081895643991,0.3380776372532921
2,121,1436.1317717556174,105.26167385216912,0.34476281444855417
2,122,1936.456797312531,75.76663466373752,0.2972119683167165
2,123,1913.3838232702549,85.15189547759736,0.2775064613973086
2,124,2236.5547633441065,51.98228282917853,0.3941369552109819
2,125,2392.5067559739527,51.08737625346035,0.3540949588867228
2,126,2006.25562485736,62.21321819160998,0.337509961686429
2,127,2323.1728084167135,54.96873631173311,0.3145427386492976
2,128,2085.458362513761,81.31076123932579,0.28053961032387775
2,129,1925.3471071864003,65.96315266229028,0.3801510871113898
2,130,1732.632216191614,84.7291665618723,0.3169004843900929
2,131,1931.437749678956,85.67000571954271,0.27076374679202075
2,132,2272.1300787666196,58.99902230374398,0.3028549878515676
2,133,3103.341793846648,38.74130506707992,0.3867376649631531
2,134,1450.2565004053438,103.0974298689874,0.33336855431752
2,135,2700.2118534071747,38.490391805513624,0.4323092762463112
2,136,2281.545422437753,52.031547652395545,0.36760393131978475
2,137,1422.9429603896178,110.46294674550697,0.33263063991140385
2,138,2914.671841439955,41.84521171573466,0.3757275751570113
2,139,2446.0563292616034,49.44047206218112,0.3465493593172404
2,140,1418.2787009268625,109.4137632807654,0.3396834307769687
2,141,1609.3103962177981,106.72332824833055,0.30616777516552673
2,142,1867.451742853811,69.65184252935124,0.3234154950697885
2,143,1494.5625737324797,94.70334693149012,0.33478386150917316
2,144,1843.628081739364,83.62105003438145,0.2933270427808914
2,145,2549.545254369551,48.33860591190749,0.3105011711552912
2,146,2342.817345377803,52.20948460750868,0.3431249828244525
2,147,1641.3720514779384,98.31366356021283,0.2973557639866087
2,148,1965.21539195069,78.63827069939059,0.28517244924008267
2,149,1808.6991524624752,81.12607671692709,0.32454202650352926
2,150,1743.9958943960407,84.25930667571247,0.31432820237565906
2,151,2021.7269472020466,62.417453775640496,0.32005236996658937
2,152,2249.311891675785,78.6131818783965,0.2869362033027336
2,153,2595.6651600751907,48.002977226933744,0.33283797996079656
2,154,2252.217566353954,56.349181874366664,0.32867502382812575
2,155,1865.1552604727485,83.85898448091547,0.2924132022921455
2,156,2720.9983702905674,40.445646183927934,0.4075196189062744
2,157,1824.3657371790973,72.13865742431705,0.32557288255576466
2,158,1418.4790550479117,109.38421120467568,0.3540708258812053
2,159,2964.665664165359,40.32284152467458,0.3985333517877869
2,160,1607.2544494575257,103.77296133554948,0.3129712314514492
2,161,2191.4629707232757,58.234826341308235,0.31003716587764885
2,162,2503.029559348974,47.44661002213462,0.3397775283098454
2,163,1798.9896997702888,74.26841452947032,0.3259149084055224
2,164,1466.4309735312986,100.00644461014312,0.3291420019047031
2,165,1809.4252913551713,77.95439496890008,0.3160296519040884
2,166,2365.0177109731385,51.31976826841633,0.3370373263733839
2,167,1479.4302016594702,96.85165918304634,0.32097357647753455
2,168,1447.5643251816166,103.1703311162906,0.3368383785220175
2,169,2023.2309547655857,59.74295950220174,0.3372941053884091
2,170,2544.8605332340803,45.604007200217275,0.3365622542604889
2,171,2315.463712823554,54.84186930992974,0.3245976061860638
2,172,1899.8107979765525,79.56694133855405,0.29606382040233825
2,173,2022.5247792560883,61.59699955777605,0.3517915183047293
2,174,2402.3092834845597,50.16783391603649,0.34732312787932784
2,175,1652.4822803902564,92.10985884038085,0.2981613298418502
2,176,2974.055503638598,38.930403864574515,0.3871485754565178
2,177,1940.9335750609787,75.8194037091636,0.29023604366551226
2,178,2244.473744913702,60.28215487477357,0.303135317030506
2,179,1975.6898247981292,74.67551611147962,0.2910582983451846
2,180,1609.9254065590944,104.63046902048426,0.3078918477798638
2,181,1817.1370005648248,80.39897470323172,0.29597041758379916
2,182,2066.4851134711867,62.25963252278201,0.31358076928829703
2,183,1844.0988513359416,84.24015730547146,0.2905947522364549
2,184,1975.0183753376866,59.525371639790805,0.3641105860901419
2,185,2617.793877768259,46.916902104287615,0.3236638222093404
2,186,2050.717578425283,60.35763361612839,0.330134128619342
2,187,1914.364050304931,85.0596531963573,0.2822288860347122
3,1,1352.6130208133277,113.98458452418215,0.365047643870966
3,2,2427.143331059858,35.00285784932004,0.3955849285571631
3,3,3079.899784817782,52.916433006093264,0.13402465579379097
3,4,3621.7209034618018,22.051488076114623,0.35233463442258284
3,5,3453.7053540185316,23.027510891710683,0.38710967388376005
3,6,1380.3319692496639,101.45858710608775,0.30613078323053244
3,7,3400.7477051249443,23.642373667009515,0.3202080730993586
3,8,3596.65641921418,23.23912038151691,0.3144696073057709
3,9,3325.1608113389684,24.89389424725469,0.32852694387527137
3,10,1754.9583136552087,63.853400045721436,0.35372742135268354
3,11,3175.7501524973704,24.390010621104185,0.339508893708679
3,12,1379.0503250048773,107.90051632765824,0.3240172088243831
3,13,1699.609918215044,66.6864876058094,0.3340254774287281
3,14,1353.4948828594381,105.6015980550684,0.33026211708271447
3,15,1794.9681375571784,109.94500675288987,0.18669319716353527
3,16,2499.635003487431,33.87624271648791,0.39312531874334766
3,17,1672.9562440652744,90.84784895320334,0.1994239202214274
3,18,3241.541743451956,45.6372475439888,0.14773172638705034
3,19,2654.9392930992226,49.75366268756172,0.1606270641542622
3,20,2247.941013484611,40.06945042565097,0.21673835428633126
3,21,2347.7040968366487,59.84325885929491,0.17140383067192388
3,22,1575.5022368062885,77.2617027639094,0.2911365009001834
3,23,1511.6376057586726,79.96189355059799,0.28864562563267526
3,24,3154.958252456447,25.007210415619078,0.3228652194517565
3,25,2142.384245623394,45.4324958050364,0.20974106215219734
3,26,2730.3018909136485,38.16669714801707,0.1971815631254188
3,27,2789.4217670062053,58.18707602306627,0.14529274270300974
3,28,1411.84530632985,96.20529142119851,0.29690742664830694
3,29,1710.773004056929,88.68830335764208,0.2005835248456087
3,30,2910.029265833857,25.905659874178127,0.3245364844455878
3,31,1451.4587055985266,92.37894071892705,0.2676038181496949
3,32,1757.3188225645513,62.89115899452253,0.26821954688610816
3,33,2460.619830502853,39.41183541463816,0.19369190000509562
3,34,2167.109420245489,55.01705190292977,0.19189048825565536
3,35,1475.168362163196,86.25743933887267,0.2745390219416812
3,36,1820.002933141191,109.02291805540317,0.18717814487913387
3,37,2375.056571190471,68.80528959965122,0.15721355474623522
3,38,2145.927942735451,48.32289148346905,0.20512787394504528
3,39,2988.1621860435293,61.176560687569264,0.13823353254648652
3,40,1610.3003088225028,94.01830284637536,0.24111984138064457
3,41,1594.9022727537492,75.53093058494349,0.3108384448241388
3,42,1408.4886380629755,97.2709391770741,0.2810003004927353
3,43,2294.5259236195957,66.13401856056682,0.16319723654876128
3,44,1875.0170361024739,64.28252835577061,0.22921234683940384
3,45,2098.4084314582256,41.882561343758766,0.23111066505943967
3,46,1780.0448172648662,75.7295561310019,0.2555532493193553
3,47,2670.064489735829,30.917961241733266,0.25100479308974855
3,48,1683.531171065775,66.89743425647607,0.2616386301845992
3,49,2361.318142657793,44.41069860898685,0.17384435839174373
3,50,1631.983814346875,82.14488762264648,0.25217030037028465
3,51,2530.574729633086,70.64268864397097,0.14069586357692643
3,52,2618.6289529499436,35.07720853177569,0.20043812037999942
3,53,3122.7044451283373,43.4333266104217,0.15511118740920082
3,54,2552.1967750534986,51.05821449145448,0.155724222936918
3,55,1744.7956754390816,76.65011081473281,0.25394136245661514
3,56,1644.5892061950685,95.64635968062916,0.20239462200104086
3,57,1436.5257919709684,93.42607242880152,0.286067045999161
3,58,2486.7009526046254,51.96753472687544,0.162888239227307
3,59,2226.3618870337095,40.5314006269341,0.22115228639280815
3,60,3023.4607803591934,29.095343608112696,0.2479639389857624
3,61,2063.3790160738904,74.28804180289009,0.1660118409952318
3,62,2448.59285279495,47.89217669670714,0.16798940976578436
3,63,2329.5311380056546,36.40297881497216,0.23374326744835727
3,64,2691.6139681016757,30.548507348784504,0.2219606375687313
3,65,1950.042780571527,74.30472127775744,0.20705881993119846
3,66,3095.612055777863,51.59975422275352,0.14016170662274874
3,67,2006.47026698708,78.11643042623201,0.18179916401181373
3,68,2974.3618095181573,31.524375524719783,0.18853028954322681
3,69,2775.490530315291,37.62925187864642,0.18470545021981266
3,70,1407.142032708847,99.37995606525996,0.29571690679196294
3,71,3022.6220153971885,55.791509159204516,0.13774858483088792
3,72,2827.2816732084593,32.06677155282464,0.1951835645835942
3,73,2858.6092747202747,37.52519063657017,0.18801954829320522
3,74,1966.9784024961614,67.62653999285403,0.21236420025233116
3,75,2053.1595073865396,80.91630939853874,0.17822696043196018
3,76,2576.698235577532,31.58872549697806,0.23663025390752068
3,77,1582.8395822895986,78.98486514600421,0.28354446541374045
3,78,1842.7710428160929,69.24959680048246,0.22615003521940125
3,79,1608.4339546621732,73.36719854241639,0.31839349912065984
3,80,2605.788168140712,35.61174485850102,0.21194782404148427
3,81,1424.686102762222,93.1320155439004,0.3004218152240483
3,82,2878.1023149098983,53.19240383841074,0.1494500049847609
3,83,2956.108185743265,27.214159467061208,0.254404620514066
3,84,1553.5040912895274,79.16898215765654,0.28701818786917954
3,85,1732.1170267235884,79.74701517832224,0.25784653931377477
3,86,2834.8500860019562,41.36832056785037,0.17781891229615
3,87,2082.45906929777,66.45649380286156,0.20269631348867634
3,88,3614.2366220814642,23.927598482917155,0.30523373876005166
3,89,2133.269658423214,45.855024623437885,0.21442615977166923
3,90,1464.13735431402,89.28203635533762,0.2636986412925353
3,91,2248.6020610819796,36.80956512426016,0.23866501337021973
3,92,1587.6053065104472,84.18095884654943,0.25897182167508603
3,93,2566.299144775621,33.63799179751518,0.302600957958127
3,94,2035.1400598521034,49.07225207226347,0.22786865368554032
3,95,1657.751425013437,70.23383152224683,0.3091765558718258
3,96,2435.655637025537,34.03237416728305,0.26475996338644947
3,97,2795.3060405065485,43.24891664091204,0.17099594605399915
3,98,2716.052705724654,34.685823934666736,0.1993829852880431
3,99,3073.1341710144325,46.55365877289912,0.14287529776593288
3,100,1912.9503138635453,60.47260961684587,0.2195828717851711
3,101,2720.4351155480954,54.303530243517045,0.15346304786387321
3,102,1933.5679495820204,55.60096943942714,0.24353340046151217
3,103,3193.053130877158,25.634204310799916,0.32005692137737896
3,104,2189.650836609714,71.70859643754292,0.15839007809639583
3,105,2402.9674061290098,42.56606588327613,0.1773586357656889
3,106,1487.0749160010728,85.15022260959005,0.2702501906870083
3,107,3177.9485833830677,25.64383021708652,0.312695322311761
3,108,1426.7782199574083,95.15815971132405,0.27844419879884086
3,109,1551.1605798623305,86.52530347560216,0.24532818891213282
3,110,2090.054369369476,52.67348648937872,0.2140878968023756
3,111,2756.211575231716,63.91846851972957,0.14412490766104824
3,112,2319.8153512048075,40.87733242603773,0.19369190000509562
3,113,2659.429619298783,34.286516025034054,0.2334792462550901
3,114,2816.197006741385,57.79947202055678,0.14365935493843907
3,115,1837.1042560400326,72.11205044620209,0.23951597460800045
3,116,3611.3858443357967,22.3563317796397,0.35233463442258284
3,117,1670.6224817624322,71.05026603879476,0.2962816133985484
3,118,2274.3199139962762,74.82106889890024,0.15101061707424535
3,119,2610.513042009644,32.61914302411796,0.2352560109080315
3,120,3010.942978391301,48.487281761396204,0.14754116764489922
3,121,1818.8055064610044,83.49766134185055,0.2241450560263054
3,122,2893.2289472177904,35.92226484160981,0.17781891229615
3,123,2936.700507126498,30.044378617505046,0.27091408716771426
3,124,3240.7124006998993,46.01639262027202,0.14876331568475365
3,125,2115.7256796643173,43.75430432193947,0.22024861538986684
3,126,3059.5655097136514,51.912484139852594,0.1395585188214028
3,127,2684.817555983528,60.25455892522949,0.15189486470036684
3,128,1485.0351879917682,87.05454071033863,0.2666860747738973
3,129,2211.5386538370967,53.5224882387377,0.17950598055683642
3,130,2790.143023277835,26.70786903956194,0.3073176180881916
3,131,1536.3933916554997,81.6791721990881,0.27477167525253066
3,132,2067.9529939387116,47.41613720111164,0.2227647947931679
3,133,1925.552180420305,98.05221922387796,0.17315077577658755
3,134,3030.1162333289894,47.0498866667982,0.14732572291313772
3,135,1393.5557244354172,98.31807088694856,0.29946352834220136
3,136,2049.261964820734,95.13674740511156,0.16158386858777263
3,137,1519.2488837517753,81.74744816750976,0.2834005852164907
3,138,1743.4300903898786,79.5158003940762,0.2569906689855941
3,139,2263.600060757367,50.38094423394455,0.195942526650434
3,140,1618.7600591611217,83.18812038548924,0.25883755525861574
3,141,1990.4757165393066,87.47870257075631,0.17163423876328565
3,142,2905.065052681993,57.586234029025995,0.1451280458530384
3,143,2741.818758364542,32.56951917705094,0.22141276398419762
3,144,2936.6347612153395,47.75180053681804,0.14774249113375504
3,145,1902.5438365280975,56.93349085877925,0.2612476765671303
3,146,1875.2359551428717,61.04564382430445,0.24965715126533183
3,147,1656.4287809841196,72.52268516122582,0.3193904364309965
3,148,1895.4282655221846,64.19486679237741,0.22658990746573338
3,149,1970.9498698955515,53.443977544098644,0.24031083033545997
3,150,2108.8021476347303,72.90397405894514,0.17480648066682036
3,151,1460.2354485356377,87.30457104874712,0.2930022497911473
3,152,2966.79989850491,37.13587056876158,0.17228871593062323
3,153,1530.5397194785835,84.60266805319492,0.27742600840084464
3,154,1773.6149052989676,86.7795225377825,0.19108152470125717
3,155,1880.6633470232086,63.65720028331687,0.2287671395454467
3,156,1608.0565907511354,85.52781272003898,0.24821517537129623
3,157,2988.4650936278704,43.441186311541806,0.15025475878808336
3,158,2198.9755569747595,54.47230372828999,0.18511762944413235
3,159,3211.2243080770813,42.3906272732425,0.16904234031606435
3,160,2308.469335039648,46.41168211716124,0.17634570114280734
3,161,1656.4547906200169,77.49885658223758,0.28157096328734
3,162,2263.440095734816,51.38543964894773,0.18585010252146716
3,163,2609.5602792394575,65.61822504949124,0.15247077792732
3,164,2948.0390992710236,27.810799862498865,0.2610456226934339
3,165,2943.2860311447257,26.12223040356104,0.30726994518778383
3,166,3060.4667369127383,46.383471142361074,0.14732572291313772
3,167,1805.630036831286,74.68007065140401,0.2255221132911771
3,168,2382.4505715652986,43.97607188507314,0.18341798888767613
3,169,2189.118252546354,56.15413066709915,0.18775848126666972
3,170,2279.60525091178,43.98233437594713,0.18142349883983755
3,171,2110.0253823081193,50.52453783776279,0.1981827820050306
3,172,3156.8726660653947,42.52477508263149,0.15511118740920082
3,173,1839.8075594925488,73.56107871947607,0.22479526455726884
3,174,1960.012009773964,92.66716769551321,0.17266582806098896
3,175,2402.0318752180638,48.855062265518114,0.17026770024945748
3,176,1462.3944303599544,87.92944160198705,0.2810905713361542
3,177,2514.0886752438237,46.982856461286175,0.16082539347539537
3,178,2022.0522972635583,50.50827362665945,0.22600797559388042
3,179,2005.387753751545,53.67838005101713,0.22551382016375854
3,180,2205.6968056377605,55.34224282530616,0.17576672748082345
3,181,2588.1739231182137,31.56203527328427,0.24644353016070042
3,182,1916.2947779917604,82.87515739108777,0.17410589907207452
3,183,2208.6998585467377,81.33399083066601,0.156471810599232
3,184,1496.8247131320898,82.48995744291872,0.2930022497911473
3,185,1994.5120629962162,53.515614719458235,0.22927431975945112
3,186,2062.403780494944,48.96259323428343,0.2684887302268919
4,1,1444.5947479526353,113.11688294710773,0.40751985235581323
4,2,1463.7559525637876,113.21369217692562,0.3854641433018866
4,3,2556.9669119271525,41.23411992227997,0.6671487626989521
4,4,1931.6063102480116,71.17146326666965,0.27333443610383945
4,5,3893.798624155493,28.964326778401848,0.595318212675318
4,6,3671.0284088856806,29.48866276762774,0.48555487644616413
4,7,3067.164109675369,34.58261036204878,0.38659686367178914
4,8,2502.42966743693,44.130244306674285,0.5582120293246451
4,9,2473.510801798465,44.56961399525243,0.628386324400525
4,10,2989.8627507238966,36.443086228827696,0.5990082072282039
4,11,2314.464447520685,47.10013380047927,0.518803098639113
4,12,2271.657998870237,47.75152585169761,0.5155553749624691
4,13,3058.377691743999,30.444591704245344,0.4101848290352361
4,14,2882.083059084523,47.2115085018147,0.33703149791149833
4,15,2761.3246157700255,37.5615835776806,0.4815815096830729
4,16,2496.969631965743,45.77688719140165,0.4703512394861189
4,17,1602.4970510318585,91.93874763868477,0.4465134139559215
4,18,2331.3359440993213,47.01291192130042,0.46205416920867215
4,19,2727.016542040069,38.872842696923136,0.4238063176957123
4,20,1582.9015240966617,93.73347690965221,0.35861088137797914
4,21,3032.462499375751,34.78839868961271,0.4484136886756733
4,22,1711.9534615156867,79.5952618576257,0.34915346051994156
4,23,2162.246007228373,51.00757027271377,0.33273222846908546
4,24,1870.8256201139452,83.53996240903962,0.2905272145536504
4,25,1676.0871081664548,78.0535936914007,0.38630451080658723
4,26,2954.368765436109,36.69911090559043,0.37396441580321316
4,27,1445.3891458636601,113.09327529414848,0.4007488046652323
4,28,2507.96569211405,45.10537101865084,0.4366040437361729
4,29,1691.340493259887,77.01737661569386,0.36457215824103706
4,30,2447.9111269963532,45.88543779977768,0.42192840178810265
4,31,2702.1102071289615,40.01399817882328,0.4453578671255247
4,32,1668.342063379206,89.3609147319035,0.344009002914758
4,33,2662.2605311596685,44.99837577580243,0.3607996497903958
4,34,2406.251478143022,47.228274867002085,0.45505587980177786
4,35,1555.5276104660786,95.60330621406119,0.40520060246167766
4,36,2125.418453319304,48.83346820476615,0.44997865557584227
4,37,1681.0091939157294,81.14510684540122,0.34894464120011115
4,38,1763.2949332985845,74.01962326266569,0.3706532842253427
4,39,2214.810110532765,50.96653964922847,0.36662846843916164
4,40,2005.8244443713043,66.8962150571343,0.29612347397437766
4,41,2155.6495933397646,47.81519637173754,0.4555845028587715
4,42,1677.143272734027,85.67409913021953,0.34894464120011115
4,43,2714.9677296732557,39.44489257094547,0.4119814420032153
4,44,1577.70898812584,102.94904359952791,0.3541230343123569
4,45,2631.0652025609943,42.40107040678936,0.36292155473094034
4,46,2471.185726981323,46.31003107306926,0.3771023098548323
4,47,2538.5052174048865,43.71159147587089,0.4087393431880617
4,48,2268.219643531049,59.391831604061444,0.27982116580228045
4,49,2619.1337991363775,41.02583377173629,0.3725550165398577
4,50,3012.742535309536,45.70614924832939,0.35153737122854345
4,51,1956.9384110604828,69.81601991602332,0.275581401605562
4,52,1631.9486184636098,87.42757104328956,0.34792105484889113
4,53,1620.7566748491597,86.86559821631087,0.4117463113621138
4,54,1772.9881771670662,69.54960072036997,0.30109925982603336
4,55,1552.5475251212997,96.21611244452869,0.4051554320283888
4,56,1742.6998569456077,75.49066560453589,0.31641115036390666
4,57,1494.8046523438081,103.7875802026005,0.38551994921429333
4,58,1463.932586308941,111.13300106209157,0.37445175299685296
4,59,1958.2212518751983,67.24133230544271,0.2744369138649514
4,60,2307.2238816335453,49.771992716800206,0.3593384546831917
4,61,1513.0892919260064,101.0497674001624,0.37445175299685296
4,62,1832.099710638039,60.407677762528,0.3891290068576492
4,63,2233.001388725767,54.01922211492966,0.3230639934578985
4,64,1765.9775959030053,66.15352380794218,0.41528668161857674
4,65,2432.2891363675367,48.70170772819141,0.32262475768845356
4,66,1462.9813569643609,109.56888095805772,0.3982341244766179
4,67,1616.716949377106,92.48929095590636,0.38143410130505906
4,68,1938.2886542942365,55.754662855382136,0.3457403249180526
4,69,1651.89725988679,83.89614807834892,0.352967201178112
4,70,2566.6000124418356,40.16135905220141,0.4144507194675757
4,71,1883.1346363575817,72.05283876731995,0.29539085177861146
4,72,1560.629694113326,98.80186528049543,0.39293555939613434
4,73,1458.1053945329531,110.96904540572368,0.40724586968762644
4,74,2284.821224198749,53.200169333314356,0.3211413362812525
4,75,1766.6622272389272,70.64024599771696,0.35284921316519835
4,76,2587.952767996255,43.01449423983657,0.3937237343848121
4,77,2916.717190406891,46.58236026764013,0.3550635241627855
4,78,2257.752687055731,61.8696158967133,0.28523216095828197
4,79,2644.4941273366035,41.928540323788084,0.36952988160209976
4,80,2132.38314834502,54.743787500691674,0.29876728583459844
4,81,1949.3657580527206,58.91851332771314,0.30917029782109573
4,82,2073.4445544504374,63.61335543197484,0.28791761634898627
4,83,2647.461512099966,40.844071782678974,0.36952988160209976
4,84,1847.6492924292208,61.29043993861893,0.3143996583739064
4,85,1782.261849837536,68.83882122618542,0.35835506227524583
4,86,1621.2998693612699,93.00690088139557,0.3671320418563493
4,87,1470.8753064970717,106.91748372503595,0.38327947061043766
4,88,2329.5397004454567,45.3350186292991,0.518803098639113
4,89,2229.531879735716,52.657643585501866,0.32902111064504247
4,90,2739.8708831907657,40.36160997838319,0.395720056769159
4,91,1830.0666806183106,62.79728732671845,0.31294531570878625
4,92,2000.0950427121566,53.069960576114646,0.32726926978372184
4,93,1892.5281878041321,59.50636640900716,0.34204323562722116
4,94,1949.5095716746066,65.3907666468677,0.2970877516260746
4,95,1501.5581672474689,101.70114855093881,0.3834634982078615
4,96,2099.722560681797,50.28805173981466,0.442048368964878
4,97,1870.9984040293907,59.640419204540585,0.3206981303205563
4,98,2519.596550053024,44.16503669024152,0.3820619586188361
4,99,1565.3918259086513,96.77410548368368,0.39704111525914776
4,100,1967.5897968984882,64.6170773210919,0.2988971694662492
4,101,2041.3260208379024,51.00343144937943,0.40752687453532666
4,102,2450.6994722302697,52.01992058504293,0.3217272149260939
4,103,2043.2892114154638,66.40955156613965,0.2902158913298454
4,104,2126.2306295206226,48.18524008503827,0.442048368964878
4,105,2087.2044523314457,61.70932454411732,0.2896165841336664
4,106,2348.8806867051426,47.67341810659943,0.4426013052008759
4,107,1731.5193521304964,71.4843947253531,0.3956392085170801
4,108,1611.7737364955838,98.49238164571231,0.35696925174990746
4,109,2142.966307646324,65.17913618766109,0.28304966031373446
4,110,1536.757553281373,97.41745521808299,0.4061666898547873
4,111,1932.6348309557773,59.18260716911736,0.3125556495214692
4,112,1833.483205184838,63.83120927288854,0.30420342239250964
4,113,1499.5521827641946,102.1378936129094,0.38551994921429333
4,114,2362.48828649587,53.664652419867956,0.30818450790626706
4,115,1558.252776634687,108.81049812936405,0.35069630489961234
4,116,1642.7699614152166,84.50987454001546,0.3550569115596094
4,117,1739.6169481925126,74.54198488514584,0.3887311325399754
4,118,1493.6190888499113,105.8808682494845,0.3854818365993733
4,119,1740.496923287824,76.47589480961376,0.2913279839935736
4,120,1469.804653291647,108.43887543247094,0.36046396937457637
4,121,2229.06205494093,50.89737358958981,0.3399070797947079
4,122,1483.5735795252053,105.89455785327921,0.37445175299685296
4,123,3030.730382635405,37.93059661084604,0.36547424526224326
4,124,1997.6735505122774,53.81372430803972,0.32402030845135066
4,125,1910.0511736104743,68.109531283558,0.2949940406446867
4,126,1482.062688861709,104.81614395857015,0.38551994921429333
4,127,1799.7629011877514,68.64787418441738,0.3053059001536216
4,128,2376.387746338281,48.73406695432279,0.35614122968158135
4,129,2330.8206933530746,52.349304693208076,0.31692345024779733
4,130,1863.3864578669286,59.849232513727564,0.3480927524383315
4,131,2888.9784484120223,38.08599253483041,0.4472339027042782
4,132,1747.118974729105,69.68296993741181,0.4011450576271276
4,133,2251.856543895479,48.47555936070995,0.40311919344219227
4,134,1882.0300277011622,66.13899638588119,0.3032209518109763
4,135,1668.5882161020393,80.33531743846521,0.3550569115596094
4,136,1541.8058642761496,97.7556466487233,0.3948546469247862
4,137,2933.3370714789526,40.23727642428147,0.37682207626268927
4,138,1901.8293409810913,58.52660501250822,0.3145998464388402
4,139,1465.4202962835113,110.12233091852556,0.3769987887359232
4,140,1916.908476811328,57.026948997575076,0.38251919747510676
4,141,1973.0947017127926,60.89048707300299,0.3040065092568067
4,142,1992.623161670114,53.52311108039102,0.3467924564072167
4,143,1745.9304936701587,72.78952025180607,0.38860207278627534
4,144,2107.803372118006,64.85937691664525,0.2830706678696213
4,145,1625.1657905429722,88.47790859657725,0.3671320418563493
4,146,1953.1187377169836,55.133380980229,0.30586750577596966
4,147,1986.3163266709103,54.96693190434818,0.34043192319263404
4,148,1907.5784118879415,51.47587785156808,0.38408013608028035
4,149,1723.4137794429967,76.64277566424715,0.3279957847927566
4,150,2943.4084570096975,38.26153352534506,0.3589417823508878
4,151,1570.9947401167863,107.78193437339439,0.35069630489961234
4,152,1915.3104499793876,57.319451160949804,0.3594582140197371
4,153,2944.220012450329,43.56069633392645,0.35872759149502365
4,154,1808.4616374383784,68.25019251476215,0.3053059001536216
4,155,2755.164572087905,40.100931363341665,0.3971304315909219
4,156,2226.033516389113,49.96977285074563,0.38200780524445754
4,157,1788.2208235452454,62.94543783241287,0.307026217218878
4,158,2705.294003911797,46.609059975911485,0.35319254072551054
4,159,1531.184082625888,99.62628225341888,0.38370693493004104
4,160,1466.4734906498998,106.96794674514422,0.3837695079777017
4,161,1725.6381445534264,80.26589938229596,0.2922463814050982
4,162,1851.8805390879884,58.700788425716176,0.3492901687282082
4,163,1560.9550689852415,98.23788515661093,0.3747262023016429
4,164,1909.5361668191445,57.90289555399754,0.34926319314155485
4,165,2115.9868388060486,56.30078613189988,0.292158958963439
4,166,1919.2873897519694,56.17259004497837,0.32838813073325746
4,167,1771.829468299482,75.07621271424175,0.33421507129220096
4,168,1561.1300986058404,99.32305402846352,0.37133227097931787
4,169,1997.6817083667693,60.84160326787008,0.29901040880272056
4,170,2068.621312227935,65.05410821549334,0.2924628568315679
4,171,2059.5122054942717,51.89344718862223,0.3656495373194186
4,172,1525.8312554081058,100.02120364419271,0.37445175299685296
4,173,2104.543181425197,57.21131564780442,0.29326143672455096
4,174,2084.5668722284686,51.19435485776085,0.3590412104482592
4,175,1526.9978705262743,109.79029037301697,0.35522192357225
4,176,2141.31893961852,54.945342781253565,0.29440592446516156
4,177,2333.787686255659,52.44108094700259,0.31449735071244156
4,178,1929.4254067863067,55.889952329982385,0.3401272421237369
4,179,2354.940891073486,49.77633132748292,0.3478185753835543
4,180,1568.0262967286362,97.49495771100928,0.3759851379198462
4,181,2628.369724010808,45.267136427943,0.37145253877874573
4,182,1617.7483752782593,92.62602430790668,0.3700483867214448
4,183,1858.8153059973092,62.475765922242225,0.3064503878942322
4,184,2388.5282455456927,58.29512487778978,0.29150776297050207
4,185,1562.5593860516215,97.68355787985617,0.3880277933217986
5,1,1274.7237730391837,120.05460816237635,0.3506042516193837
5,2,4755.3562994646445,29.056546633941522,1.0712782814784383
5,3,1278.8359601925292,121.14944984170646,0.34218499652969925
5,4,4752.641289997628,29.4592386245057,1.0712782814784383
5,5,1908.658386519053,73.67671423937377,0.2861426904797568
5,6,4574.232566451734,29.489420252963466,1.0596706493302932
5,7,3451.7115004627763,33.14028761858899,0.7339872782181622
5,8,3896.127956286423,29.96869731859042,0.9573155800128568
5,9,3764.8185118061074,32.82539684628682,0.8809860236695357
5,10,3348.0848163309242,34.523289964438,0.9579644325945722
5,11,3636.799504167539,39.894399203340974,0.5360406645312707
5,12,3414.2664904624007,33.300599442688714,0.7074665434590912
5,13,1358.9102775349613,109.55895759265552,0.32985245605546254
5,14,1342.5932773257796,101.37512909595023,0.34090672129032384
5,15,3746.210123936362,37.30803238709514,0.5600777445620722
5,16,1424.7649893609384,94.12171965469123,0.30890176162339245
5,17,3783.0673833481665,32.43035793528823,0.911334391892705
5,18,1385.765557116995,90.99689461509521,0.3396797473596713
5,19,2383.4520991421928,44.66680776307074,0.421187269520626
5,20,1357.668564423732,96.45546937779417,0.3532742547817591
5,21,3360.844885908965,37.42202446441332,0.5411749999846123
5,22,3831.587142707913,32.602946236335775,0.9104441644202943
5,23,2711.058632169416,42.93669719979843,0.469851230601563
5,24,3278.4786947038847,37.514860503221996,0.6363187967637423
5,25,2937.454002308264,39.91750074438823,0.6604299771251547
5,26,3281.503759553091,36.365446383080176,0.9391737562355189
5,27,2446.436862430893,42.91202045536028,0.49070091075017075
5,28,1425.5387129759945,98.10225899057488,0.30602595933056165
5,29,2215.153495745273,46.10002532439982,0.5310002275344914
5,30,2559.548639568949,41.86580364305077,0.5198217412247246
5,31,2634.2987795144873,41.933468476130564,0.5125068042932064
5,32,2959.7767546077553,40.18877464518605,0.5984491599510449
5,33,1623.4207397124426,74.5110426469382,0.2882813438615415
5,34,2800.8872461256565,40.09018194339711,0.6204454226816303
5,35,1318.5743351538495,116.21043830345434,0.36131876578883393
5,36,1543.9681409156394,79.0599566950518,0.2997250439300281
5,37,1460.69575364273,81.22575781840645,0.3039056806865261
5,38,1592.149330217316,80.49628316178304,0.29628679350866705
5,39,3241.963460803718,36.767828251217296,0.950356231097409
5,40,3014.1150874603445,44.965041466270684,0.4138476365035295
5,41,2279.1687113296366,45.70350549191627,0.46753998872756597
5,42,3773.216364279313,35.716478268417866,0.5718047135156539
5,43,2661.7863068321544,41.436726993533796,0.508221489930726
5,44,1431.0481799439287,84.23923218553153,0.3716217129987527
5,45,3112.512667688387,39.287586954224004,0.6104431584968708
5,46,1346.843448661439,112.05612569899397,0.33205752856031623
5,47,2325.5241264692377,47.37027662127791,0.40093448509456664
5,48,2846.575364099974,39.32070727202166,0.6687890438634732
5,49,1868.2656995118973,56.514365044302004,0.43600301317824375
5,50,1433.6210456547756,86.34769173374222,0.3527373169691792
5,51,1397.8323859905174,88.49972650875674,0.33747467485481764
5,52,1531.9776683149519,71.79586756995872,0.32356126013902653
5,53,3042.6265230870977,43.93587169838451,0.4138476365035295
5,54,3305.0035484513755,35.15810285185838,0.5865593143362453
5,55,2938.2710583557855,38.13543373301554,0.6720795066558054
5,56,2904.5252126122105,52.868252708358945,0.36317332186252216
5,57,1559.24821355351,71.25347830234354,0.3327960624392361
5,58,3019.458305027976,37.447651583976565,0.6933316933505829
5,59,1422.803424997693,87.4374136051557,0.38521711359712896
5,60,2183.335671322018,48.25978653894138,0.4598608301779272
5,61,1318.7327981393491,114.11332780690765,0.3489575502179463
5,62,1984.9556883169905,68.01162944927518,0.2995007062065227
5,63,2010.7787905121952,59.58017143335587,0.3800731531382411
5,64,1491.9035028640408,82.33121515928342,0.29607450140042246
5,65,3140.997411690898,48.1245489606629,0.35997014695717056
5,66,3810.9296944885223,31.693300519459722,0.911334391892705
5,67,1609.6005598293498,73.46733729499451,0.29679206985550977
5,68,1577.5356246958956,75.27651915397749,0.3034653512002805
5,69,1332.5625584986356,112.99818249210185,0.34374367828040064
5,70,1661.0727727743908,68.93570197448703,0.3129721819409177
5,71,3191.0782085401706,50.25449056731766,0.35315569709296213
5,72,3187.9345428197585,50.6563254629608,0.35315569709296213
5,73,3054.428865732102,37.183538891606446,0.6821779288658867
5,74,1807.7976601731123,63.831537292473755,0.37104144343553713
5,75,2134.8650241262176,49.04681785571717,0.3724516577407364
5,76,2252.183827215487,46.46936905919094,0.44992690383335443
5,77,1898.4738437526341,61.19624966792369,0.35786036472310556
5,78,2170.1489580157486,62.26636461296108,0.31365910240529615
5,79,2151.284463223598,53.35688970396286,0.3535338064076079
5,80,1470.942574469387,77.92493036589687,0.35845580180871295
5,81,1311.8585520662643,116.61573744462177,0.34414426096085293
5,82,3300.9374037144826,35.304137590755296,0.9564709947860734
5,83,2912.8831942818742,52.672145315861485,0.3681572262972672
5,84,1679.8030775222746,62.776657221419875,0.4261025190395422
5,85,1296.7914190905447,119.0148882558527,0.34610833039436173
5,86,2052.9223710526544,50.0293437560016,0.48650585478550923
5,87,1730.1439082414086,60.85134152048408,0.4424128606602409
5,88,1290.2547022964973,118.70111212225086,0.35288088408260876
5,89,2753.7416446366196,42.63613115244737,0.47830297340676253
5,90,1696.4615795042303,58.94550887398015,0.45336232649819763
5,91,1969.6176183779687,51.98664190351298,0.47353176778952033
5,92,1835.0075323518683,61.543862272749834,0.3968027076371996
5,93,1765.790873051784,60.50801123874919,0.42079978494064463
5,94,3135.5259374637485,40.48341068598292,0.591232111255124
5,95,2788.139948780955,41.135093767751776,0.42952110318804415
5,96,2919.936321537626,39.77098990620598,0.6648646524405741
5,97,2253.1994954338893,46.835225681502735,0.44471224165498313
5,98,1425.4913826284067,98.06595168743002,0.3078070021696604
5,99,2082.150219079028,57.58104839972772,0.35518337549286016
5,100,3281.5058541509443,37.3115197544491,0.5816041179287943
5,101,1581.7500973461317,69.23085582826899,0.31329385998086323
5,102,1581.1008307856684,70.63214764372022,0.31774563918290966
5,103,1519.2854230009968,72.4233583559042,0.3951718901006025
5,104,1952.13550271051,52.86438310455833,0.5036890200981254
5,105,1978.2137685925436,54.157556329676396,0.467964671513851
5,106,1994.0428757149557,51.5975126381987,0.4773022594681535
5,107,1438.482490876994,83.84888412777144,0.34541092809428164
5,108,2018.1323420031108,52.09951587331593,0.3943323122226978
5,109,1944.1512452423553,54.46599542707042,0.49470534914277664
5,110,3798.9248899129484,36.58417065949611,0.564326928731429
5,111,2193.5088499542985,47.69521117271715,0.4276415205905941
5,112,1583.5629622366573,67.50003309928749,0.4042457060881155
5,113,1673.7192642338734,72.75612921587816,0.3071823359980712
5,114,2872.2818033069448,38.24851024832154,0.6704829342617131
5,115,1485.7179392207406,76.20679589697849,0.39143158283035007
5,116,1503.5801201639147,76.30447318771355,0.36981387901328944
5,117,1872.1321970131528,75.84084766260588,0.2861426904797568
5,118,1397.3286178856922,90.69960562842309,0.31575431992836656
5,119,2446.1657487669104,41.912377907322956,0.5222960661077778
5,120,1775.6866955812827,59.948893973144514,0.4318944499773636
5,121,1402.4685910774158,89.61336626211965,0.31912631558235915
5,122,2436.6842570821977,41.96039756463083,0.5376371548786878
5,123,1832.5032144059558,62.44888927883273,0.40136451604739776
5,124,2788.7555056856613,40.608494155772696,0.5759779374747147
5,125,2290.926815417501,44.219613183434895,0.4485538323090559
5,126,1837.9235888471528,55.95031494958817,0.5086758355402203
5,127,2122.669079066097,51.00259755633074,0.3885410880876172
5,128,2146.570205705736,55.39298261275517,0.3490820272055615
5,129,2002.331221328029,48.50974376120358,0.4913627867646788
5,130,1503.2154609278998,77.3250115878079,0.3255760162278385
5,131,1650.9329537409244,63.10028746874429,0.4345404007457674
5,132,2647.5229599200647,41.618104542245646,0.5004028132647349
5,133,3348.241094303993,34.48722334177836,0.9579644325945722
5,134,3051.121428826874,39.132568716517696,0.6351392449409339
5,135,2947.6073583917087,39.91716834028312,0.602261418367469
5,136,1555.5852672756344,73.71961701885446,0.3109730854946626
5,137,1745.828789657515,57.7374505155475,0.45607487203873376
5,138,1629.9244192747524,64.99095440352438,0.4153943775151383
5,139,3264.5461934969894,38.81792305749533,0.6216088704956455
5,140,1918.7713100622695,56.998856536451925,0.4291885633140353
5,141,1849.402800474332,63.46967243392397,0.3543303666448949
5,142,1303.3374177392634,117.61282040710913,0.3476670121450631
5,143,2115.4376615289575,51.769107231755555,0.37643776024491515
5,144,1322.0252094402026,112.67635346004667,0.3489396950563588
5,145,2862.1445000193444,40.79981364165945,0.5004028132647349
5,146,3078.906528409366,39.648078322417156,0.6062368267200107
5,147,3262.1644585532144,40.369724016047655,0.5897199392547918
5,148,1639.5186882080989,64.65589638975096,0.4072318743567571
5,149,2098.372232751754,57.92542295622812,0.3508527827470438
5,150,3267.1138128064736,38.5432625622539,0.5864846003806825
5,151,3102.9703237338917,38.34162559028609,0.6268707885501108
5,152,2134.319659445807,47.37728852600458,0.4823383354683628
5,153,1740.9150850836097,65.52162958871293,0.3314875300318434
5,154,1550.9139358665045,78.43114422816453,0.3034653512002805
5,155,1510.4127649750062,75.6178108766423,0.4113755276264648
5,156,1642.6718107843865,67.01598792070305,0.3183794485966729
5,157,1706.4448874080392,58.1553559423859,0.4430296860673053
5,158,3356.7708578581655,40.56010439434854,0.565494190785131
5,159,2323.580545053352,46.357304830056734,0.41020137885502095
5,160,1745.015979636835,66.2678544908265,0.32035508020963377
5,161,1693.814203344245,63.64343504466498,0.4171591320178045
5,162,1798.0624214167208,57.48533033266586,0.4329120082893212
5,163,1725.199134585476,65.46044842624794,0.3541569482531415
5,164,1430.896101665949,86.91616808734878,0.319494627198619
5,165,1785.713044984856,59.683539568813906,0.4195375586368293
5,166,1421.346572962185,88.11244636009735,0.32608159250260016
5,167,1634.4042078834723,67.16452552557412,0.3734766315616582
5,168,1930.0314735336488,57.75354997378431,0.4068164860014285
5,169,3137.7588304277724,40.68137733346951,0.5171544935783672
5,170,1800.3771254724495,58.241300666822646,0.4073291852519709
5,171,1433.9616775805664,86.47972974336354,0.32763531803065504
5,172,1781.4365082008362,66.22379444880866,0.32035508020963377
5,173,2124.8381677610946,48.21270845148389,0.4976794242392728
5,174,2264.4966945850383,46.32202824192826,0.4485538323090559
5,175,2111.4549481945196,55.80667410920258,0.34563891080949816
5,176,1552.5886127056226,70.64652091518349,0.3886129393025435
5,177,2035.3843467530417,58.73357050379746,0.34311810146023447
6,1,3190.012231887241,26.99021790459264,0.35471839772317715
6,2,1254.8470417860221,110.30156830711074,0.2784893719635182
6,3,2237.22232328758,59.95904144292428,0.208405531714293
6,4,3157.9759071492213,27.487219994582755,0.50878396674789
6,5,2829.1009953159455,30.13168362749657,0.3834665397156396
6,6,2989.8521004238964,27.80728172714696,0.3727323610701152
6,7,2742.309732938701,47.46099423633252,0.24471048598913292
6,8,2881.148129285212,27.82364422796975,0.3727323610701152
6,9,3076.649647199645,30.520023198095306,0.31735684749172854
6,10,3050.1938103292555,27.981692882661658,0.34484460236329717
6,11,2588.693757607244,31.386393586968293,0.36478972315968683
6,12,2661.763466836859,52.2659327066329,0.22465528152613778
6,13,2827.240442312753,46.914254100473514,0.23879364435087247
6,14,2829.101020780178,30.12839072385844,0.3781364502860409
6,15,3144.268537678289,27.874506425934452,0.328167111496219
6,16,2647.184234581127,31.71587166786792,0.31819150088337445
6,17,1606.6688641073579,72.65291742144977,0.24651751402098832
6,18,1870.4916683428519,46.97972945118645,0.3516352650829031
6,19,2836.3090553221496,28.04212191601219,0.3834665397156396
6,20,1824.822433490864,63.0423054399391,0.21643857757715246
6,21,2845.4461647301705,44.858918876171444,0.2405224693148238
6,22,2873.6183740903116,31.379364595471554,0.3142603113029434
6,23,2178.029516562166,39.682148806921454,0.3460537763771665
6,24,2005.8773710778357,45.3334604640585,0.32076988306747545
6,25,1701.3040373091353,58.08471949719737,0.35773484595371663
6,26,2491.222688748231,36.33402287853376,0.2652918404600815
6,27,1750.2418647901795,52.38434872065296,0.33980770025921636
6,28,1974.1219743100376,60.85691831556021,0.2129090917349732
6,29,2247.709327086912,37.17084027601075,0.3026276379235977
6,30,2551.731923498945,52.86955884552457,0.2235918787247524
6,31,2122.387639626009,46.33934989887857,0.2595294876780354
6,32,2878.9300246487933,29.39602938731981,0.3200494311995339
6,33,1307.7217749116674,106.53805717544951,0.2615087793663893
6,34,2075.6187490997854,40.89520873854802,0.3616269266858705
6,35,2204.46704828672,65.19179428311469,0.21094726523617702
6,36,2438.9451201332467,42.7690942261578,0.2545978490960952
6,37,1423.1925892190832,88.5557827295508,0.2636697238082153
6,38,2303.5696614213275,54.17466019761817,0.23376534588831
6,39,1447.9038531677388,92.50316605703551,0.2397371934372483
6,40,1328.1937556105486,102.16561802164576,0.27228623463191504
6,41,2150.8708957728263,41.956415665171924,0.3096398226488173
6,42,2537.0903234082325,51.75760516763126,0.22721134812201704
6,43,1424.6123779074053,93.22261807851908,0.2513060922870327
6,44,1645.7494295301806,66.38829779639688,0.25771627573685585
6,45,2196.2058674165405,39.97937974011956,0.26073905233291406
6,46,2392.347592243427,39.9162315523474,0.2556085395748493
6,47,1572.1190594041477,68.97389301081682,0.3054517889079644
6,48,2512.7908256465957,31.903515657691333,0.2810552091190086
6,49,1270.5043310318083,110.29212489107984,0.28156539579141615
6,50,2256.575039108294,39.072594148547,0.30112080733740676
6,51,1675.2043658239693,64.2829383618384,0.26277914853776174
6,52,1477.6828030121078,75.37294697973189,0.2958675463381919
6,53,1730.3622607668522,71.46328127287373,0.21822097178651312
6,54,1359.350571581615,99.06936964167964,0.26992977140590746
6,55,1651.3905494606197,59.67081229111507,0.31544260964446913
6,56,1662.3823073025428,67.25287303838753,0.25002525785489915
6,57,2063.2485074009105,43.95095322575899,0.29082379555542026
6,58,1473.137319320933,76.493105874302,0.296623540660649
6,59,1285.226341317216,109.27507394597102,0.2790482969603385
6,60,1279.8380946347029,108.37325500469477,0.28674342225703064
6,61,1558.6784032167725,80.12372531817479,0.23514192424052816
6,62,2021.4342459494978,56.0984064116608,0.24573046941979193
6,63,1395.7159636936033,91.78588554467284,0.25728137938890505
6,64,1770.8177401768253,54.89675225112901,0.28881171505351055
6,65,2346.8947165509685,38.731253572527784,0.2861808209382861
6,66,2376.579962769016,36.04398523875984,0.2811254669532506
6,67,1729.1259284171829,55.270448036729775,0.30746128823941454
6,68,1321.454064215037,104.39956275900121,0.2629419418589354
6,69,1359.5699994069619,98.02335352967216,0.2783277027922981
6,70,1342.2823235566793,103.04225250959206,0.26434675645139727
6,71,2279.1942887435484,38.191902974895655,0.29729754849399903
6,72,1549.9754271425854,79.00749141761719,0.23812768662349448
6,73,1982.2367208143996,43.916119743605776,0.32866755229051314
6,74,1297.0521763090521,108.27284663602306,0.27454507722433696
6,75,2044.5425154869142,56.959448497375504,0.21547077848832252
6,76,2032.6285463180538,48.52309026467967,0.2812659731432543
6,77,1302.868508902201,107.30071431268765,0.272980174211634
6,78,2427.882270185819,35.16618776606066,0.2829621036083356
6,79,2221.4828027208137,39.27785291538281,0.2915830632473071
6,80,2549.0507205214662,49.431170509848826,0.24736168259765456
6,81,1804.6566265948138,59.25810102117382,0.25242660574294185
6,82,1632.5884221192132,62.75148526149534,0.33330923419254965
6,83,1790.392811071126,58.44508654082755,0.2678509832809137
6,84,1739.3934180538404,69.93237813068652,0.21922281324904525
6,85,2454.97432772291,35.106543625650495,0.27256914137783106
6,86,2467.484373608341,39.1120313589848,0.2719296264402349
6,87,1627.486466998968,63.76812854472749,0.32514250540740797
6,88,1936.5723741586853,46.820657266738344,0.28608277480313227
6,89,1853.8363102950202,55.69478559486988,0.26747782005706533
6,90,1844.9306541730834,48.38751949828387,0.3195812986032305
6,91,1889.3997410223249,62.1401431887104,0.22229110831585253
6,92,2183.266878746921,41.48043406883594,0.2829852669275379
6,93,1726.1295451942274,71.05778088940392,0.2215989309127817
6,94,1370.9600089694945,96.88031308107182,0.2690358794724528
6,95,1437.2533133110194,95.04367784790432,0.23898247806900308
6,96,1619.3668898531378,64.81837438763085,0.3183604309159147
6,97,1588.7667610667363,74.91816512524096,0.2305202896828984
6,98,1594.4922622311387,67.69074899805564,0.2535266668117604
6,99,2317.3407071801644,39.40968208131166,0.2619051441909246
6,100,1379.10033517697,101.40382340303611,0.24228189646620102
6,101,2237.0700039023336,59.9863436223706,0.21147580806911215
6,102,2507.564011267067,32.81478001648158,0.2763364151363721
6,103,2341.910121249633,34.61161813819564,0.29463670562607014
6,104,1883.5641550900725,50.57308244954244,0.282193029936872
6,105,1436.139035761982,90.22425458590818,0.2532545951010814
6,106,1668.0818968125682,61.86684934370381,0.2954967407045732
6,107,1914.5039099644225,47.43694248256891,0.298992575546281
6,108,1349.0771430933682,101.2348966985975,0.2838633506181676
6,109,1750.8469600030833,65.83459854608711,0.2302305864963703
6,110,1947.5893387851822,57.4586071437396,0.2173410232945674
6,111,1690.5864492163594,74.34677900503459,0.2276395319764557
6,112,1582.8265865555893,68.6417160261166,0.2508862281308115
6,113,1388.726534663973,94.83027691311267,0.2681125787389913
6,114,2052.614955810065,53.631324398024326,0.28047460672090274
6,115,2298.8244063893194,36.70919161398713,0.35327170795373597
6,116,1704.9642789587947,56.97586482827859,0.32215634074815647
6,117,2135.995539072369,41.973953828305184,0.3187219939111916
6,118,1690.8327736158412,73.66210386508844,0.22562571520060537
6,119,1462.8419232513556,87.05293737300318,0.25056990052278216
6,120,2367.2458601202143,36.17497490826231,0.2823193729858122
6,121,1409.448252996973,89.64739112822454,0.25871454188145115
6,122,2512.373478882777,33.87728855919939,0.2710063257067734
6,123,2416.2043033157756,49.75404410451018,0.23652278386960823
6,124,1424.1303957397697,96.10380282380734,0.24617061149466757
6,125,1723.4587627811093,53.82549537813224,0.3252142841767114
6,126,2078.709392868972,40.87485285350808,0.33434146759744543
6,127,1803.4415958478467,52.46829745404112,0.3126457633323074
6,128,1498.5917531990156,82.82963014821237,0.2373603239021147
6,129,1521.3608625333388,77.92158976739084,0.25054868019301857
6,130,1336.150120315705,105.12839551504445,0.24487109950190167
6,131,1509.6162721474295,82.02296927908337,0.24810390422308082
6,132,1876.2044853089164,50.98366707803772,0.3106871866531069
6,133,1392.2118886513374,100.30572282376504,0.2429760551572837
6,134,1418.882533465363,82.48592457224805,0.3002574807777787
6,135,1536.1620820175096,80.56695819994349,0.22971540377106514
6,136,2170.106014117894,41.10431889688762,0.3197023757318558
6,137,1490.1483420293698,85.50533162416643,0.2357227976351961
6,138,2653.904133324498,30.157094393059335,0.3247572823021674
6,139,1518.296769431242,83.62810834126458,0.22495874885586353
6,140,1366.8019995453553,97.86417639476947,0.25806264979954996
6,141,1349.1958992904997,104.0652683464566,0.2536909081757752
6,142,1532.0293750592357,81.00373998169009,0.23575156895975802
6,143,1517.7182934401994,81.67066167626712,0.22959843727283946
6,144,1633.454126119118,65.09407180638543,0.3037701618990578
6,145,2084.0655528069547,42.33834372495043,0.2746777841965251
6,146,1712.1146782971787,68.20528512806844,0.2365799673172706
6,147,1568.6104085416919,74.04424747298492,0.24754290437750548
6,148,1495.775629577939,84.87706758711614,0.2320915214348016
6,149,1307.5537076643147,103.54313108639835,0.2695648526787888
6,150,1504.278688158059,81.14519387472865,0.26652005567595616
6,151,2104.293094493004,51.541936213336776,0.24586565798333915
6,152,2316.8335342809405,53.04925743772715,0.23138922822457353
6,153,1712.5541369511977,61.239339642490435,0.30231576504479385
6,154,1802.7346659232485,51.12464980151089,0.3341962938412468
6,155,1898.9271180830333,43.47035004311778,0.33720219081270564
6,156,1398.3522486022534,96.36446889782259,0.24855589898884212
6,157,2539.843739114674,53.70242963316986,0.2206144024269019
6,158,1419.9049952581288,89.60834116016187,0.28236928388341376
6,159,2840.4961576348273,45.89537218173405,0.23699809151676554
6,160,1757.5872543296534,58.01580927497038,0.27373754055368416
6,161,1570.7328626669198,76.95428853267504,0.22568861948324148
6,162,1491.7677096716477,77.42972548303878,0.2848229716619013
6,163,2160.4941229803103,39.93514422055712,0.3360276797502113
6,164,1463.6936559021435,90.83488807568591,0.23995027715783301
6,165,2086.22791155522,51.49830958933492,0.25299130024704475
6,166,1482.711764832313,84.78530459343229,0.25526184006508323
6,167,1401.6525953616651,97.3465963660197,0.24310825733366137
6,168,1903.480898207736,61.17650301983248,0.21249633619682662
6,169,2098.869217654907,60.69050145854324,0.21098950561063567
6,170,1903.1637355509056,48.0868412204726,0.29457588832190673
6,171,1736.376353432891,59.04379736491777,0.2716335328320252
6,172,1894.3902202736401,57.79085747993668,0.25682026018748694
6,173,1691.434941194334,69.65183780915828,0.22783559510459916
6,174,1764.9264157233906,53.79868144461219,0.2941711712069317
6,175,1782.9574580773744,71.09932642945256,0.21897317827026264
6,176,1356.8517316437622,93.96704760140008,0.28423600917812486
6,177,1304.7338201914608,106.80992431559841,0.290967133254485
6,178,1914.7109728206024,48.478987508739394,0.29221050105478774
6,179,1381.039225590141,99.89365271863002,0.2439477987684402
6,180,1507.7197648307404,78.22532087111196,0.24926620680529332
6,181,1415.5483335054223,85.84708821385482,0.2825147153735319
6,182,1876.5242818167424,46.59401100853318,0.3298854076006297
6,183,1690.7462447602857,78.51738892293601,0.22378309072582958
6,184,1303.4957129393879,109.32017497763351,0.2673002185629709
6,185,1463.5614609771842,86.0614327421413,0.2544274290768289
6,186,1401.4037857780502,87.66451795245004,0.2882678903714275
6,187,1503.7608825623133,82.73627499092521,0.2327856801258843
6,188,1463.2782486288884,79.51485574173252,0.30439191549425537
6,189,1517.5137267115276,79.55534980632005,0.24475355553563638
6,190,1773.2797296294598,53.230009236069364,0.32913342104034093
6,191,1881.0418421040356,45.61848083540069,0.3311462562718841
7,1,1219.3791752169618,92.75560021111076,0.34016887184568034
7,2,3197.270711159288,24.961906920219608,0.6351417321357502
7,3,1984.46038776315,70.10026273890283,0.2444219726445951
7,4,3185.978276504848,25.836524161586286,0.6239762529825725
7,5,1899.9117330787578,42.723282900922,0.47790978188576716
7,6,2977.1048629515267,37.71704797299618,0.29956448695363136
7,7,2835.289906911348,29.966691300525433,0.3383413121148777
7,8,2953.559921274528,37.9962155559435,0.2883990078004537
7,9,2778.2643989204207,28.405664500142358,0.4324958148313165
7,10,1775.2460274564594,44.89883009598172,0.465093997739352
7,11,1915.6501572335246,40.72098501183956,0.4220943302455247
7,12,2812.940375330121,26.542123329383443,0.4465653969712342
7,13,1258.7448192200168,89.07172258324144,0.29677409798276955
7,14,2444.5789971549534,30.73909202442085,0.35831771582424565
7,15,1776.564110195232,43.580672049692666,0.44276107228686357
7,16,1238.7575491822681,91.75038927374911,0.30219929146474556
7,17,2244.2860582586477,35.74569840258908,0.3745744437127776
7,18,1758.7657467548875,45.26606472673032,0.43049118526691643
7,19,2432.142020249356,52.12080790120785,0.26535139181494927
7,20,2150.16204581564,33.57243120669687,0.4340189177152247
7,21,2571.9263025212717,44.585664172153905,0.2552381917065105
7,22,2544.425823436156,43.9579994241389,0.2676664353585103
7,23,1442.272129941603,62.5133137344047,0.35777274421579364
7,24,1283.6972034441321,88.0364538693276,0.29336404459292
7,25,1712.6750703678733,69.01230721032273,0.25870948782826275
7,26,2467.578172835893,57.21400615524552,0.24930534222471223
7,27,2340.1274839099883,40.213667002041696,0.3135189457864058
7,28,1656.5066418621698,74.04461152197759,0.25307959626547927
7,29,1332.74691516738,91.13012263374686,0.2866824882357335
7,30,2396.820497607125,31.774921846591653,0.4542446777010092
7,31,2410.7164253390015,56.74195484167989,0.26312562337412615
7,32,2135.596020168813,39.47068438061089,0.39078291905595464
7,33,2604.319497499568,41.43483223050173,0.2972157428553359
7,34,2166.281373183448,45.45654686288636,0.29337141346698914
7,35,2402.5952473681045,31.460043009265895,0.38270324599699634
7,36,2103.6138153623524,35.29225242152947,0.39997258299054295
7,37,2745.2248256150956,39.88042352740711,0.2672028841625398
7,38,1779.636126889406,77.53757744386724,0.24513186351549265
7,39,2303.4874429711117,37.0875740957084,0.32952572507940303
7,40,1573.9991741129381,55.937282915803,0.3789329360260858
7,41,2255.949689609663,34.80600662839938,0.39080532670428525
7,42,1361.7855227081955,87.23126898731545,0.2839133868610837
7,43,2592.5794426890634,29.257373635032916,0.4181513903481786
7,44,2497.7076592737444,49.31426388962962,0.25370473701172713
7,45,1300.1756703916988,82.1260724063141,0.31857459159131096
7,46,1451.7318176145732,74.45408877468017,0.2785768459050786
7,47,2507.5561081382616,51.07846208744742,0.250674220217487
7,48,2691.55485723343,36.93573854938389,0.32802621155614986
7,49,2519.4385661794367,30.300031171935103,0.3947754310110234
7,50,1580.5198821116944,53.69903640424743,0.38054827905684263
7,51,1635.9925891852615,74.98642921842959,0.2575635504881042
7,52,2184.331220678152,50.52215814338477,0.28732585917215303
7,53,1323.0726999550754,85.62502040572083,0.29096159383731646
7,54,1342.3732698193908,82.95479426868951,0.2846028387360455
7,55,1871.3594645778792,67.07570752440513,0.24652354992571546
7,56,2218.5387266129455,32.44504350760681,0.4630914383914124
7,57,1337.8471521271133,89.98550664049804,0.2861697012431321
7,58,2479.957555146976,43.42588975823458,0.286829977144599
7,59,1423.6566817478542,65.67280945131304,0.34646621944597555
7,60,1556.3569421909467,78.2631092528357,0.26297043861182345
7,61,1252.3726131840774,89.88676210196813,0.29677409798276955
7,62,1631.4238231588179,53.10697565136987,0.3752677510269784
7,63,1671.480982073497,74.38204325442885,0.2518349942136986
7,64,1751.1783955087158,46.661756227571395,0.3652337920532531
7,65,1486.688304613772,72.60829220330302,0.2781824061714602
7,66,1977.321619199877,38.327740185123076,0.4069445027015881
7,67,2699.0715344899277,32.68951693917194,0.325753088278141
7,68,2153.8855515573578,34.171749284191364,0.41124520786427254
7,69,2197.7378278053607,37.46551961699491,0.3405281089880958
7,70,2726.8023489807824,33.102716672152184,0.3213226824182662
7,71,1551.0086463375947,68.50844647650652,0.27294366968116535
7,72,2359.839646441378,41.30106071811226,0.309343978221289
7,73,1962.676386151021,55.75293262323341,0.26935337680404103
7,74,2363.880881752977,40.89881871116186,0.309343978221289
7,75,1944.4095352103143,51.09558681684945,0.31123830459561574
7,76,1692.5114478492292,48.1225093375152,0.40766855144947556
7,77,1768.4037099790403,63.132469780683714,0.25422281809071734
7,78,2659.792700034038,42.02915767044863,0.27078937043390283
7,79,1437.7169201423749,66.66676550597796,0.3360210769737968
7,80,2075.3063521766153,51.710762581739736,0.2813699489356445
7,81,1378.3872877864023,76.48580946890117,0.3064319234464854
7,82,1500.385482591352,80.00041757412139,0.26810337380210214
7,83,1287.4447015259236,83.21673907630107,0.298572536949095
7,84,2830.834495131682,31.74566965787981,0.3466653740615797
7,85,1680.2072809244833,57.60832091096632,0.2928176767460329
7,86,1569.2629104476348,53.759672443952454,0.3973979432350738
7,87,2289.140872064969,38.78486590613269,0.32849359928438915
7,88,1567.389295532656,58.26975356423281,0.3699755322721465
7,89,1700.569919077909,65.14090977313836,0.2683337415097462
7,90,1418.9546274418249,80.77675380801013,0.280615402868289
7,91,2599.1645616984283,43.04069122357524,0.26025967956246276
7,92,1399.742429519501,78.98366882310272,0.30283653881843975
7,93,1316.600085273984,77.17015079231496,0.3435595312940194
7,94,1939.8514717254602,42.791921991086376,0.3675143754796899
7,95,1611.0436145850967,55.01398533889412,0.3596504377887193
7,96,2087.4470925082996,40.83968178112935,0.3620638645512173
7,97,2318.7619556947343,33.00791895191086,0.3719269501737372
7,98,2218.9433094324972,39.96436127320814,0.3151424187078291
7,99,1586.8921850197792,82.28342178067575,0.2579020795811431
7,100,1889.394381061627,56.679258975698254,0.29004996906922287
7,101,1919.2965842828787,48.75077838039264,0.3305582506835023
7,102,1544.7342038852125,54.465562376926265,0.3883015334894644
7,103,1738.298406024203,45.29446049137921,0.4210424488351059
7,104,2072.291154285574,47.68647201419234,0.3175089147125085
7,105,2632.706389395268,51.35181868678254,0.24888786442782873
7,106,2149.3100737384148,38.675758790035495,0.3620638645512173
7,107,2256.898974464619,35.1718419434315,0.3719269501737372
7,108,1519.3099731572247,61.451890500828874,0.40578568460358255
7,109,1593.2345152843927,60.228589575429474,0.3146975463495245
7,110,2100.3654859338494,50.13844254426598,0.29428065836247086
7,111,2008.9320800698692,42.35759256586124,0.36881088762018166
7,112,2050.6708623691397,43.68139721033774,0.33018628752712686
7,113,1622.2438701340186,76.86119701684268,0.26109908020707806
7,114,1714.8926482288796,45.97391687640915,0.45791089983080013
7,115,1920.8846758876277,55.55458493721569,0.30873392062799354
7,116,1540.0013895642423,68.06947676263945,0.28320688556895135
7,117,2268.1253097519366,34.315630680531385,0.41079193547368575
7,118,1744.582300794551,47.05345532980705,0.40252393808510334
7,119,1473.461795338272,70.59093872205638,0.2835675808424156
7,120,1446.6404961046985,73.21771239094248,0.2835675808424156
7,121,1335.2789806241012,75.44888845599688,0.31720415145770886
7,122,1385.2688278332218,67.56274075465777,0.33390487003725866
7,123,1338.8926238598692,79.19329841055074,0.29840796057726493
7,124,2696.074415116258,36.207298963956006,0.3047924267368316
7,125,1987.2696915483064,54.14396197193056,0.27961659269182704
7,126,1857.2264131783145,58.0769009262254,0.277804216589832
7,127,2069.219939957168,41.0135967607811,0.38417364941291154
7,128,1797.8776307115431,49.43748323296315,0.34495628857265714
7,129,1616.61930398484,58.694367600736165,0.35687962041026466
7,130,2722.677653822615,45.00263499971191,0.25421087392096453
7,131,2095.7690098430953,41.82610112544685,0.31586491244431514
7,132,2026.7379956373939,49.620044919634076,0.30356857830356887
7,133,1871.6710621504287,49.70124275564192,0.322375804802256
7,134,1271.565494236,84.73084740704105,0.3358568863602862
7,135,1729.7295046846955,56.41348135530986,0.2985452103417998
7,136,1431.4027906465058,63.475095326924055,0.3570818093931756
7,137,1928.4981217990658,43.86234463238728,0.3591587638442597
7,138,2185.694612137358,39.25089387663433,0.3413376582044876
7,139,1288.6637853544316,86.8880674735694,0.29096159383731646
7,140,2765.709411255098,39.27036259327635,0.29487892825538964
7,141,1391.867580965689,81.69441445005397,0.2771146111980123
7,142,2209.318151058004,36.52956810703193,0.34485020235381114
7,143,1413.6906590963622,64.45119653462987,0.35306031600064713
7,144,1328.5380953900403,80.07615878746101,0.29840796057726493
7,145,1796.5037527395546,59.027497479095864,0.2922661674336062
7,146,1599.1460561217514,59.94693355205843,0.3557054405714588
7,147,1790.3692589695247,44.225406483671065,0.41589783547073367
7,148,1894.733055263549,60.60029633310261,0.26958722990392303
7,149,1363.5862447358456,75.42009513182568,0.30771113878341083
7,150,1501.401065697878,72.89869934638668,0.2762194904147428
7,151,2026.6276026191726,38.129599024933995,0.4491687452591613
7,152,1270.1529466137495,84.35506430100557,0.3499956254286616
7,153,1628.5128901396292,49.69772538637951,0.3866990345574415
7,154,1623.2923489139694,57.43785877380311,0.33185218155101737
7,155,2332.7652528600292,31.930583584231726,0.3890118648676122
7,156,1646.757764654725,61.0509814656559,0.28727041458205704
7,157,1427.495579394841,84.10269577947372,0.2695036680862337
7,158,2112.224515788155,44.734796158937804,0.30708112245289243
7,159,1860.7160963968709,52.863489352995366,0.3232284325875412
7,160,2973.904669584815,37.73569150750742,0.29714999784027185
7,161,1323.0320030050864,81.49469989564702,0.3039630018173938
7,162,2432.2307715380757,33.15060477553462,0.35414274825912884
7,163,1723.3011325507607,70.86962249234656,0.2492944780832893
7,164,1559.1989994104752,64.10257339610382,0.3121882849921711
7,165,1840.047123493195,72.29523684400269,0.24483960522379533
7,166,2210.5119549163023,36.89032099316387,0.33978821970141126
7,167,1653.1123410458374,60.9644404105596,0.27430510146558973
7,168,2003.5620873388789,45.124249468504274,0.33121381334241207
7,169,1831.8996554476635,63.95975436542725,0.25396991666566393
7,170,2005.9273408754561,47.98991935581439,0.3263665714780508
7,171,1747.603037870893,76.53555914111182,0.2480084843237229
7,172,1650.6894543601443,71.83988955651648,0.25607899207939866
7,173,2052.414654743621,42.61090090512026,0.34044950341491287
7,174,2015.8995188887084,52.96484190658409,0.29085922764856775
7,175,1510.8989594582517,71.18627237929812,0.2720311049632862
7,176,1376.2670382413348,72.10578890220425,0.32818359068848224
7,177,1379.24584523733,68.84994399812297,0.34175379123082905
7,178,1522.0343838397323,64.92375178431313,0.35157195015698406
7,179,2284.1941144327607,33.6926259745982,0.3507913248758818
7,180,1418.024407420035,81.03198283714994,0.2778961160835145
7,181,1697.5533081753422,54.75143271360559,0.3506370329596571
7,182,1836.2755096013723,51.524663248951846,0.33506010966106103
7,183,1571.1538955278886,67.48143387001984,0.27595663773063706
7,184,2763.771047686731,41.86205471087187,0.25404629754913444
7,185,1526.1803171868883,64.38964119975527,0.35410041954740734
7,186,1380.7136180339937,71.71619252623101,0.3121532027952618
7,187,2067.5971564339357,49.49875338445923,0.3078116668643318
8,1,2005.3271972249893,99.27478566190624,0.20359830967952952
8,2,1390.142363822208,144.49144031774765,0.2517597835529539
8,3,1347.6219087463867,138.69495209802656,0.26651036473736234
8,4,4380.8229266700555,29.058479480924746,0.7866061436309462
8,5,4173.449300473856,30.06651387182977,0.5870846481627172
8,6,3405.635630958906,33.7787239420002,0.40236332318649026
8,7,1885.3029653617868,73.81721040034144,0.45427973086124673
8,8,3937.0688906935134,33.574595486886636,0.5480439695760086
8,9,3703.791221161137,33.60516347129568,0.5521183889848036
8,10,3151.024008644914,35.92740271402352,0.3984139084271572
8,11,3905.970472922012,30.628419266711095,0.5607250656660323
8,12,1679.425981568473,87.94760921800997,0.44599065094502954
8,13,3808.1074247835513,32.08198190410655,0.5684035941849803
8,14,3813.7867082539806,33.046763860809534,0.5667560971495842
8,15,1909.1956696996099,70.35016766030714,0.42758463476487485
8,16,2968.736520370643,40.236783628450446,0.4188296234406419
8,17,2994.241789002655,38.225185520345626,0.33224722397654993
8,18,2885.710636943778,47.964868492427684,0.27214226450167267
8,19,3016.330294580714,42.36877118130036,0.30126404006213825
8,20,1826.5382024143626,108.01364696742833,0.2141440849996581
8,21,3790.4108909458478,33.530145541503245,0.5526342047068677
8,22,1457.006133546472,114.89679710009594,0.34545006320336746
8,23,2109.554308818394,85.98770173634567,0.22675354336669606
8,24,3074.9561217654195,37.067186111872964,0.35300809257860344
8,25,2459.5788592041627,80.91315785351404,0.22368307149439737
8,26,2658.399972964303,49.502080795508874,0.29694985841005384
8,27,1652.017416726064,88.7768402839299,0.4169580880560435
8,28,1813.3703216569575,101.43698956634815,0.23241503054489776
8,29,2126.983739326135,63.419845723293555,0.3102255285609967
8,30,1485.0803387800695,109.4935183575048,0.3608734135414604
8,31,2246.7171295449825,91.21509706081163,0.2132456190220413
8,32,2593.5726815404983,70.75935383359315,0.24250332167654243
8,33,2290.844767644469,52.26594888448188,0.3044040179275189
8,34,2830.4936606694273,49.22855248826796,0.298287137422788
8,35,1355.52629384161,139.88814110009727,0.25944183667824383
8,36,1985.2644829044161,64.56165750336227,0.41302083329366646
8,37,1476.957717296319,141.00207352229373,0.24472854703149416
8,38,2731.601331753369,44.856143203277085,0.3408058848298001
8,39,1692.9907817167211,97.96906062602405,0.2783159706016338
8,40,2638.934249551029,50.93825055679411,0.2873455624297616
8,41,2856.0420411529567,43.50442965331702,0.30009552259883243
8,42,1971.351382705437,66.14485843445311,0.42195769508083636
8,43,1837.3474677402537,98.31961903875235,0.2286379967248191
8,44,1608.279356348194,94.15436075622064,0.3874009272198453
8,45,1466.8608349486371,142.94230573070936,0.24472854703149416
8,46,1414.5823477987847,127.43437807992348,0.2639766181715455
8,47,2332.5575164677425,75.4187709569254,0.25224688535241846
8,48,2446.9566815636913,46.7923082312248,0.38269424904801674
8,49,1860.9180414818366,90.03309807031947,0.28101619905835484
8,50,1941.5742640378492,71.89502901678514,0.4077127974278749
8,51,1400.8852322620244,128.9370328231971,0.2510487804677357
8,52,2185.4560820939987,93.1312370297892,0.21679847686438158
8,53,1357.7187910940686,136.75471988961095,0.26651036473736234
8,54,2803.5005259085187,40.38070569588345,0.30814872982353414
8,55,2619.7490689660995,47.61992239805209,0.33019021152632355
8,56,2395.55324599708,58.10548652918586,0.3027109863465416
8,57,3110.4903869423515,36.06195355865122,0.3919566386610871
8,58,1428.330187854287,125.05582719950726,0.2641789664198857
8,59,2704.807851581104,47.046493292707225,0.33274939616470256
8,60,2179.330526970982,53.45019601808141,0.3224110901240298
8,61,2365.7398613729065,72.30192515872021,0.25931823336427406
8,62,1898.3884814729488,72.88242477634762,0.3950944025301215
8,63,1910.2540052551997,82.1178423050883,0.2735086560853208
8,64,1810.7462701801237,76.10660361014753,0.3781360184023992
8,65,1710.2996080672233,96.63114128100722,0.2892088589111754
8,66,1381.1933517141097,133.68583045162762,0.28319641847291344
8,67,1497.0289543681888,115.58948795988445,0.2847144713164571
8,68,1470.7037157115572,117.9941217203042,0.32870113281942004
8,69,2228.036226280479,50.3591733940183,0.33676030904686094
8,70,2505.426988099826,66.6206564772923,0.27551387240377956
8,71,2074.2943394029194,91.63517555433135,0.2354750813242159
8,72,1533.082400984595,137.78193526010642,0.2363961999349673
8,73,2645.1561990275504,56.67131907611105,0.2562526078197269
8,74,1970.4900526826098,104.8492614963113,0.20359830967952952
8,75,2075.4943774038966,95.84387535443012,0.22089457364120157
8,76,1583.8563814933295,100.23731513845492,0.36469813317089184
8,77,2542.2102124311727,43.97466291629087,0.37676858529044743
8,78,2082.843743994732,62.337757402215686,0.3604543279716079
8,79,2560.8813825481748,60.25540370853483,0.2934146192258975
8,80,1760.4029007054035,78.09017351164574,0.3682144063265067
8,81,2099.2440533338786,79.83322296063514,0.24968100095028412
8,82,2752.092023475031,42.892760844402936,0.31796748105168327
8,83,2016.8654733191715,68.65382060745829,0.3257193326885446
8,84,2207.843791308033,67.14162205747994,0.2855252048049781
8,85,2128.1266988107595,56.82125236245211,0.33450993734684964
8,86,1505.8145901663968,113.04916470224684,0.3152303939749235
8,87,1598.7003860597,105.58106546776384,0.30267707302543734
8,88,1383.3493863141287,132.54567576150228,0.2704477780522563
8,89,1732.1678389902634,83.0187154741071,0.373963681185403
8,90,2579.978716287942,58.131347411019846,0.25492652472337873
8,91,1543.179283332277,135.84170305169079,0.2363961999349673
8,92,1769.3731972258402,89.94380385053195,0.3518255655729998
8,93,1564.9362553262413,102.86010953125182,0.31187434724179575
8,94,2149.528075700022,55.66981240305235,0.3405373428669396
8,95,1427.4690388818692,126.13278967761366,0.2588439092090109
8,96,2136.1319069609167,55.26138156221888,0.3499961564309739
8,97,1774.1214551415158,80.43491905038776,0.3385045512472633
8,98,2524.2662268713902,60.853030712609915,0.3007934410752551
8,99,1475.0923759376972,119.11472042185191,0.304131450118339
8,100,1570.803264344832,111.74220172852165,0.2483899084609167
8,101,1391.1830903534355,130.35115974476975,0.2704477780522563
8,102,1399.1239381010985,129.55108222647945,0.28319641847291344
8,103,2780.034500244331,40.94691460904014,0.31859752623913273
8,104,1619.020896257859,103.24689554158283,0.25429484102371624
8,105,1864.2196756577023,110.09860556972313,0.20951278077615676
8,106,2276.608894712776,49.678532784072324,0.32396038967721275
8,107,1879.964933477211,74.24842721989572,0.41780138712754855
8,108,1747.111314094589,101.07100639735445,0.27308294648961784
8,109,2140.205783455947,59.39338386463289,0.31649360690673056
8,110,1400.2392461698898,142.551208109332,0.2517597835529539
8,111,2249.5975603504276,87.95641968734255,0.20949176001131242
8,112,2567.578520507349,54.72858524855188,0.28510512453522274
8,113,2058.6575021693707,65.42200660629797,0.32052966990414156
8,114,1459.0423689330312,113.54574724509334,0.33667417101169583
8,115,2770.2479042724926,45.444712457097204,0.3130606617785059
8,116,1630.6754293777417,99.85978073884088,0.3576696868676503
8,117,2088.9000322278994,59.078833705649,0.3553312136418487
8,118,2060.676295816608,83.57243963184611,0.2621066020673677
8,119,1758.6101744780285,85.43107993653598,0.36511566676732166
8,120,1441.9817417787394,120.21905173574224,0.33092039215444125
8,121,1980.2163200727846,65.6217870398599,0.41302083329366646
8,122,1712.7143398564563,84.9025661016719,0.3832732743510885
8,123,1844.2072249313226,79.1254305498835,0.3375644487951899
8,124,1716.3382010066093,92.47529350895897,0.37256207847953426
8,125,1481.31135747365,120.32000133951362,0.2945661333279954
8,126,2421.843008408523,77.75330946194379,0.22590508805618192
8,127,2022.0297848729745,79.06524164622061,0.3088145983890893
8,128,1373.2525039664467,134.48590796991792,0.2704477780522563
8,129,1425.0539794773272,123.86959571214393,0.30869779862735847
8,130,2044.5701533387876,77.74537486583748,0.292379585774329
8,131,2776.43723633985,41.146016350526146,0.30136521230462954
8,132,1932.2937536493312,94.83695483363631,0.25338634206298316
8,133,1386.1525637792447,131.4045356438304,0.2763622491488835
8,134,2295.602579964664,48.520198095516015,0.31854921993112306
8,135,1426.5522901345241,122.73472217472741,0.2748033622624053
8,136,1894.362933742684,97.13055514092063,0.23743563182921967
8,137,1785.2111536218886,88.0916871136758,0.31829728148593084
8,138,1664.8871772154525,127.1107069381944,0.24043464310095253
8,139,2467.5724235284356,45.57553016393062,0.3672021872047697
8,140,1948.3918786223153,68.21138849753936,0.393695857414853
8,141,1460.1612767233787,122.23626602892796,0.3266226200377371
8,142,2537.7803703721306,61.85522232210694,0.269055847553199
8,143,2305.4403785470386,47.82700967928333,0.305723985004148
8,144,1517.7588649940562,106.73550429537643,0.32644795603418153
8,145,1761.4519432070465,94.99877413352131,0.2582328076194518
8,146,1515.1668418609506,106.49784805747598,0.353218413944548
8,147,2138.6566047533715,53.84187580023663,0.35383957215451467
8,148,1528.237324725379,110.80024629966132,0.32461498483227125
8,149,1569.724580905459,112.50680814810065,0.2626437696722892
8,150,1545.0091899196764,121.59129841186346,0.2511467811193757
8,151,2320.6520550864743,74.80548786916802,0.26873392227650506
8,152,1668.899756136542,93.6456307492742,0.366975690984221
8,153,1477.3945745942829,121.20236887685375,0.30191219078331777
8,154,2417.045840652722,76.64717394988507,0.23850877995961461
8,155,1722.9868088212409,95.79208211000635,0.29274659145156967
8,156,1798.68778340658,83.85003479513307,0.30743693183325327
8,157,1953.5198274946151,71.67080277966488,0.3932666349888603
8,158,1562.8009017971406,119.64541494356729,0.2536608895189527
8,159,2475.6983272138527,69.83253406463875,0.2732613998882325
8,160,1937.8726787442342,73.4806563341654,0.37273988061931895
8,161,1497.6910397556783,111.02888655448368,0.3213550753640977
8,162,2164.439066583354,55.05769423007399,0.34395095018772004
8,163,2375.1748315046566,70.59205881557425,0.2649914778735418
8,164,2113.167456120398,73.82474655104537,0.290836159227867
8,165,2384.3009136875644,67.31240003287353,0.2735330181372273
8,166,1493.2522953092964,110.08859143920687,0.34312327364495054
8,167,2318.174738543581,61.52602584883427,0.2758560035431028
8,168,1427.699747977349,124.091759341396,0.2704477780522563
8,169,1569.5990586085084,131.5225348567327,0.2363961999349673
8,170,2164.4024497589885,92.4300318796685,0.22609794896924562
8,171,2033.2428957053164,83.83822895316342,0.2719044529252965
8,172,1990.0573350589075,84.27444504489847,0.2528696318421755
8,173,1647.920823776296,99.57578419788386,0.33301840373118274
8,174,2488.1445598131754,70.71631500288984,0.2528709706573711
8,175,1682.5761469590352,97.0283755299084,0.3556301655834897
8,176,1457.0664306194099,116.96430227367439,0.34312327364495054
8,177,1556.8653133143214,101.38248782378464,0.35878537221299744
8,178,2737.150280095013,43.38330945051525,0.33617361815721303
8,179,2705.3886286755564,45.50827083602346,0.322169669470993
8,180,1521.2867738481868,103.9421932919705,0.3858468427292667
8,181,2550.0564613619345,61.024318550639876,0.28662819492024916
8,182,2190.5515314432464,74.88005111667135,0.27474362523432383
8,183,1961.5652416216642,76.51965649157316,0.3547744199847198
8,184,2152.165286535336,82.93700848738206,0.24911455332977006
8,185,1993.0065050555645,69.64320089130656,0.3290727981725343
8,186,1565.5831605951346,100.4642720550112,0.32644795603418153
9,1,1205.1305011685574,98.57042158279354,0.32703372715000434
9,2,1249.850403193881,98.9801886971555,0.29815688317055766
9,3,3653.972807462984,25.11256430984386,0.974676905478395
9,4,4068.1544448702366,21.488156396089977,0.9084544334439375
9,5,1787.6235996962632,64.1363496816013,0.2434532129793201
9,6,4288.71063121781,25.011362491376584,0.8036555908764615
9,7,4191.26530888708,25.805300298498725,0.7582728598905728
9,8,2934.3375154866826,29.91207606356217,0.6183402497048487
9,9,2426.270867413811,36.097368142300994,0.5323614845516129
9,10,3282.076690198265,26.412356833380404,0.514377014321246
9,11,2951.159616571232,29.47693884561612,0.5860109571357963
9,12,3472.694039861688,26.236534002472325,0.8534789079536242
9,13,3878.919222735869,21.739369173259075,0.9626544751438519
9,14,3739.918686812328,26.14688326426976,0.845513927154057
9,15,4105.484200182683,22.217439937277,0.9035821681639522
9,16,2626.609007589927,34.5984663866935,0.5897589061472193
9,17,3747.1893886639136,24.85778788890098,0.9323222610498316
9,18,4250.650099524325,25.081778081086174,0.7809880850526465
9,19,3818.6096508347373,24.347797120734537,0.9561987251522392
9,20,3969.879087486849,26.247868700626135,0.7934041965980771
9,21,2529.6984484139166,35.42654372690124,0.4328954113508683
9,22,3779.9755041513968,25.075351439071042,0.8163628683831572
9,23,2334.670126530706,36.91870326864958,0.4622497112713493
9,24,3258.328407064303,26.44273102988966,0.5024602714337139
9,25,3990.612687431805,22.560321579556238,0.9444057423683407
9,26,2446.2580791608475,35.69787607614238,0.488275848128529
9,27,2759.3785258006055,31.01195940238114,0.513168702231658
9,28,2193.405637511478,50.27280333223566,0.25276838739196883
9,29,1283.8624708998213,90.86341183095736,0.3683589826407161
9,30,3164.3750949362343,30.041666112460025,0.4747736212675502
9,31,2359.2187511156712,40.902522908341986,0.35582026873400174
9,32,3208.011522015169,28.142325302566956,0.5083223559420116
9,33,4066.26614070286,22.701249959187216,0.9035821681639522
9,34,3102.8014293172378,28.593250834431164,0.49806732089248307
9,35,1822.545046579736,58.35753237362377,0.26742682105333593
9,36,3830.7366285216813,22.86356789279123,0.807156973278671
9,37,1459.2564555231681,72.8574172187695,0.25623860871353266
9,38,1878.680852896635,47.40879415978156,0.34212442520220954
9,39,3553.347051400351,25.891289008590256,0.9170321483445409
9,40,1489.8476051912914,71.27878086507654,0.2505021444148863
9,41,1312.8714220210206,89.07508771958024,0.2879194421565696
9,42,3108.7388550954543,31.431331109092824,0.41500539129366665
9,43,1777.8226001239525,51.63540084183081,0.2892848695743613
9,44,1218.4800923961693,97.44993687755779,0.3212859076971828
9,45,1254.3708063602326,96.90523601007644,0.30434713960862503
9,46,3232.297353353979,30.10875098055859,0.4722870037617053
9,47,1383.768296454205,76.10802294695719,0.328585159392107
9,48,3060.532224170443,29.620884030808508,0.4817111893273438
9,49,1236.5224469345867,93.2923089232545,0.3212859076971828
9,50,2092.3418153598345,47.77620818633752,0.2811403809959945
9,51,3091.101823953506,33.53105563888514,0.40776975178623864
9,52,1369.4843647651032,82.31765170379813,0.2629205773194183
9,53,2343.266300213101,41.68273737738827,0.3448397262314149
9,54,2061.5487716431703,42.82314972033441,0.47139590095786765
9,55,2927.1668957639163,32.87690080769733,0.476696914414239
9,56,2163.5622531473414,42.805912770630485,0.38847256967745203
9,57,1332.1832927349835,87.04740151706616,0.2772004919368225
9,58,2268.30080174658,52.57106227658948,0.24371336838842161
9,59,2599.713804129787,37.2971062514506,0.36666936867550426
9,60,1642.9960584206997,52.17164735935828,0.29438727780647334
9,61,2541.142514782107,37.62604651339118,0.385657786866771
9,62,2002.3344744588874,57.05082491208589,0.2495801886219926
9,63,1512.4352907969865,61.253436064951465,0.29177976695153696
9,64,4100.955541464351,25.2948507829524,0.7897801453775859
9,65,2684.4846052794946,33.91606773329868,0.47729036031011596
9,66,1724.706491474756,69.66118467183632,0.25125047335346373
9,67,1901.1589656787069,60.649672204402556,0.24836006764058816
9,68,1706.3270899429892,73.85441966426727,0.24623026340464627
9,69,1382.833955992715,81.1971669985624,0.25717275786659677
9,70,2726.6479967458968,39.203457436522875,0.3399695079222109
9,71,1306.0037343458787,91.43640997801796,0.29654584273685636
9,72,3011.6618030277114,32.37514000648201,0.47886916235262866
9,73,1373.535368301151,77.04062797554732,0.31428769639028253
9,74,1249.0114678880004,92.32863162874092,0.3332239835880717
9,75,1267.9463857308676,95.75913157717643,0.29153729939479156
9,76,2972.8182970299367,29.445353688941278,0.5073890079355419
9,77,3034.7195535855135,31.854241976196956,0.42599282410731654
9,78,1303.1689104544719,88.40239210389223,0.310610191902045
9,79,2869.636323792452,39.7160862074677,0.33769631089617214
9,80,1266.9024992912114,94.83555811597904,0.30700675683140055
9,81,2304.1586510336324,38.33258850390043,0.4433607637293928
9,82,1674.047643634252,53.96330846308317,0.2795463159064209
9,83,2874.6922788126603,35.75365187750317,0.3648460273862266
9,84,1619.1595994160446,60.04974799215935,0.25875608111410564
9,85,1408.3708243205808,77.58896024486313,0.27051852333093684
9,86,1946.3210551014936,44.64129253501469,0.40337423627532765
9,87,2824.512732852778,34.46954823709258,0.4548515450719304
9,88,1361.1766468158664,80.10685218808385,0.28339074837488987
9,89,1683.2698814782177,63.052210386613645,0.2518130518834436
9,90,2840.0855072701124,34.886850658062606,0.43738570003210775
9,91,1562.5111072343502,56.00018342944839,0.2846553613604055
9,92,1925.5939242005345,46.78301328886837,0.4216789379357042
9,93,1912.169476374917,48.227089281500376,0.3249926235790799
9,94,2651.098916956615,32.082465486501974,0.501318770562845
9,95,2706.3355961245234,44.807583223629784,0.3165765989617437
9,96,1285.316374782378,94.05748589251228,0.2888249021873701
9,97,1400.217253613547,79.18887621773476,0.2521525479177793
9,98,2851.399417764101,35.84727631442136,0.3684281491008914
9,99,1937.1823681908809,45.30414865789117,0.3982703417480291
9,100,2957.7323580864904,34.99080390961438,0.41947851904413547
9,101,3818.615150405588,23.502337724205702,0.807156973278671
9,102,1499.0856995693748,62.373920770187205,0.2975275864043585
9,103,1338.2538243277438,84.23002981796454,0.300860049765868
9,104,3984.611733596829,25.590127368371526,0.7989138720737561
9,105,3030.7926067278545,32.64172166481632,0.4135709707368118
9,106,1344.714985665962,84.97772362296877,0.279860109159598
9,107,3552.7047846624364,26.060130348977847,0.9170321483445409
9,108,1979.050740641152,45.01272847271004,0.3806763766656349
9,109,2578.599054280223,38.63321118835826,0.3770545195070998
9,110,1435.982465348872,78.25518857591975,0.2539006059967175
9,111,3096.176745345204,29.201452340326295,0.5051164284431469
9,112,2400.8842083715085,39.083167092042004,0.3573570393397514
9,113,1530.897444651426,65.0015699173859,0.25997586335138756
9,114,1725.9581167385543,68.77203287058182,0.24586704897003564
9,115,2214.136868867419,43.16381158596532,0.38652529011243253
9,116,2226.411913426816,48.957786030889615,0.25160404445931484
9,117,1338.0049830944545,80.40651200915252,0.31300466530581694
9,118,1576.6701976535624,54.92450311412494,0.27935568760782026
9,119,1501.484595130429,64.03943328313633,0.2855895105134696
9,120,1757.768599685994,67.7219122082216,0.2434532129793201
9,121,1724.8198532331905,66.73750287620992,0.25086620916663627
9,122,3796.9409568061537,26.0080003631936,0.807156973278671
9,123,2182.9766726747785,46.35947797323725,0.3612428648297854
9,124,1434.4893285066953,75.67940216444347,0.2543957074412706
9,125,1343.4457733663241,82.8508577146854,0.29057905937934514
9,126,1978.454050658536,55.01979992794727,0.25099201765863377
9,127,1476.412410721372,73.55587503778465,0.25298387840462944
9,128,2811.166411380628,31.399723428708313,0.5020456594878393
9,129,3513.9308586268835,26.156188838217226,0.850197273247046
9,130,1719.31188893921,70.72113587045766,0.2477099502422977
9,131,2028.5959304218882,48.54499242807319,0.2620057880943154
9,132,2394.6924947752295,45.10790185147197,0.3180546501033792
9,133,2120.347781718125,43.63909743019836,0.4291827314291208
9,134,1325.566942936305,86.21612858446272,0.284636017112204
9,135,1466.1121116889835,74.7021751887452,0.25198187145055506
9,136,1289.090092781131,88.7990918241722,0.3084137826946982
9,137,2779.411269596422,38.052758238482305,0.35018815809078596
9,138,2666.9734579369883,40.018154935594005,0.3421167216108305
9,139,3012.759120684966,31.143007591336477,0.448302465704403
9,140,1545.6769341379295,56.47553564637331,0.2843548478044209
9,141,2054.181523617946,43.123341661465105,0.4491637603702703
9,142,1755.8131167488234,65.18647034396153,0.24586704897003564
9,143,1656.4861403991185,59.1057366430393,0.26611866928200634
9,144,1483.2361477906884,65.89631127973824,0.2668681551604042
9,145,4074.9736753114416,25.594650810940415,0.7897801453775859
9,146,2580.769703625898,44.162408683800074,0.3194347196881271
9,147,1744.337518270321,64.57879787815087,0.2508872589188531
9,148,1312.7704509597374,92.59030442747897,0.29326276746450297
9,149,2147.896088453035,42.23707128393486,0.39433760798431017
9,150,2276.7653730194725,45.53001289082094,0.33474954918501076
9,151,2238.6278563069372,45.01756644705431,0.3409318016480807
9,152,1906.8179757571966,47.38558563705467,0.406259809826123
9,153,1769.9035589579898,66.18332334406246,0.2434532129793201
9,154,1512.8987142050457,62.57633661137668,0.2780627960054165
9,155,2419.867163776952,38.07304801140036,0.43177793829366173
9,156,1332.395702341989,86.69069296744519,0.26791973751601894
9,157,2276.1737721702825,41.353814017663005,0.3757323829316288
9,158,2828.321835937942,33.19234487019899,0.4548515450719304
9,159,1217.892625089179,95.4857176513293,0.3332239835880717
9,160,2320.615627745009,41.20975747606868,0.360990978147667
9,161,2272.860446556712,45.95801331018148,0.3398534437123093
9,162,1579.494368652418,56.32757804960982,0.2743515964270262
9,163,2139.168440748628,44.37090314235784,0.41425720789742293
9,164,1608.503439925974,53.32970445530193,0.30462633552734353
9,165,2275.739031682799,40.2356751269727,0.47398337793931056
9,166,1381.5079927221996,79.36868248895084,0.2621719180631974
9,167,2031.0376494247412,45.195124098658255,0.36321727239640644
9,168,3797.8829796620093,26.3928613477381,0.8022010476570269
9,169,1590.8017649341637,59.347220695525,0.26141569833688116
9,170,1961.7137376585008,57.82011371228199,0.2669715775006214
9,171,1448.9672643450926,75.12190478211012,0.2553802928343689
9,172,1418.5966551453134,74.9956412253038,0.25717275786659677
9,173,2837.0769166734754,36.31100071174516,0.36104170104000666
9,174,1374.3532665977839,77.98982116307246,0.30588025971468547
9,175,1325.242859173833,83.49121594061675,0.3068144088677496
9,176,1800.8135247765015,49.51256500239692,0.2985136739276246
9,177,1672.33627544759,58.81283462541016,0.2726329743451874
9,178,2292.0845957966703,41.33678723748943,0.45190647496919745
9,179,1558.9501569152885,56.97147677658608,0.27935568760782026
9,180,1344.2636716629572,83.80005090354706,0.28217162270374807
9,181,2144.3213962452164,59.646295780937386,0.24626849060549993
9,182,2298.616029957948,46.56420484421286,0.2868633144141004
9,183,2317.1898124042655,38.327792520064214,0.4517124661797869
10,1,3235.038265232067,24.91366596529783,1.2167504880198372
10,2,3458.708448085515,24.8336757159741,1.1839820909660546
10,3,1889.9132064178962,60.51322382525023,0.389297929429933
10,4,1105.1652702456893,103.95944317763298,0.4245097393967967
10,5,2891.4432420683997,26.226266064460074,1.036459295541313
10,6,3366.3011488278275,25.473462891849657,0.9754087631213402
10,7,3230.7260307713104,28.300594319732692,0.836462031953829
10,8,2982.5908646237353,30.205744690501167,0.6909067246679044
10,9,2833.56170577729,26.29857048822822,0.9975236977832935
10,10,2518.9713985211542,29.747885197094647,0.8660564329792848
10,11,2703.0511182555565,26.60011712627527,0.9415641790817446
10,12,2780.6113191549066,27.43526060863475,0.8943329510108882
10,13,2566.0954404894005,36.84642195819633,0.6666045796354574
10,14,2936.4673214175305,35.793502528189364,0.679119980616818
10,15,2016.6005689925476,35.45508997620032,0.7011365169646844
10,16,1837.5200456074112,41.53738938224539,0.6484379799293087
10,17,3330.484473627125,25.70725048621046,0.8985460593234045
10,18,3324.2700334624524,28.171659555269954,0.8578968519552497
10,19,2600.50180306712,31.371140677969624,0.8051967633508852
10,20,1717.0109530179336,43.5008136201497,0.6514635280629513
10,21,2847.5176284433996,32.78720951381731,0.7327934090952795
10,22,2652.775757365768,28.470295230380888,0.9373045215673095
10,23,2049.917381583761,35.305484038401495,0.7236626907639554
10,24,2429.3657398100736,31.665366456179104,0.8385542765486704
10,25,2346.63159566957,35.1239238499344,0.7378210757936223
10,26,2312.61415149955,34.016425636533334,0.7715971802908719
10,27,2717.643593848553,26.56243977689775,0.9152661547794096
10,28,1334.7144513502872,78.55310623048358,0.4161643268505024
10,29,2502.6758195892303,31.423205083978292,0.8649816193142428
10,30,2141.1380381555045,38.10531534554146,0.6036725441223254
10,31,1167.535194402801,88.75914259205034,0.4275386000100312
10,32,1261.6793973324643,70.34949720281229,0.5333506143553173
10,33,2419.7977155848866,33.43402388228366,0.7524490098627616
10,34,1976.3420350600613,37.25709099917829,0.6489083040725241
10,35,2787.5468248936436,37.818306696610584,0.634677981647517
10,36,2785.083894152652,28.646368523205833,0.8174330904556619
10,37,1162.065991463544,91.32687810939093,0.4305617569160276
10,38,2011.7402270658115,36.39959713874147,0.6946030555033715
10,39,2369.796292022839,31.569973233127026,0.8400528686670761
10,40,1177.9756868941374,84.85052179528071,0.466614205203463
10,41,2679.64157669327,30.154303708379288,0.8343151594104761
10,42,2217.441368328369,33.03951561616374,0.8494088869870531
10,43,2739.2024293741815,27.842544963701805,0.9141734141817217
10,44,1550.8602852433853,52.86690031442628,0.5086580536652683
10,45,1795.885726532628,42.30523245710671,0.668055517408245
10,46,2819.6441050706135,32.10574687355697,0.8006216184980666
10,47,2334.989947256169,32.990578784245294,0.7857666696370096
10,48,1730.6372111269618,44.80322489579858,0.61532712826018
10,49,1126.3678878699718,100.67604299488211,0.42944958508365616
10,50,1524.4180148267533,64.37719749823371,0.3988202811890069
10,51,2638.232686912545,30.56158806344634,0.8541556225813096
10,52,1438.8903026622525,72.62123828446171,0.40378669328006467
10,53,2503.473697188925,31.08147514150815,0.8132257679946591
10,54,1116.3814094952431,102.01291826907146,0.43656947491891884
10,55,1921.1536298366862,49.262859161084485,0.4718526256203539
10,56,2184.0662334824915,45.862578750401944,0.4909542889702472
10,57,1229.5275692991224,77.26889310853873,0.4364410959424596
10,58,1915.1451918292505,38.82686031842197,0.669328456131197
10,59,2747.4033194539957,32.36208284931055,0.7891889899614206
10,60,2304.4235776087044,34.430779629283194,0.7772537918189037
10,61,1181.0657185371313,86.60308214774166,0.4275386000100312
10,62,1425.4873798541407,50.877796158875306,0.550679391215489
10,63,1109.982553462539,102.93702675908709,0.4305617569160276
10,64,1127.808369519339,98.82133025164671,0.4318158195886177
10,65,2890.127249022822,34.656150636142776,0.6909067246679044
10,66,1408.6219993264874,54.25082109746724,0.5625492650979318
10,67,1156.227502250342,88.129242123207,0.4786739407255851
10,68,1358.395380025759,59.21851942880938,0.5484764727947606
10,69,1902.3381217577175,39.87495717096477,0.6307392746755234
10,70,1808.7295922954756,38.83514336254828,0.6887787406485444
10,71,2426.3301595710873,39.48057642334107,0.5908055658572948
10,72,1189.1918261436913,82.9039968867192,0.4786739407255851
10,73,2218.147509364957,34.168631977393545,0.8430434857340856
10,74,2161.300357422995,47.93261017382431,0.4852976774422153
10,75,2411.1378048821407,32.651079519678895,0.755990105190623
10,76,2237.130731394804,32.60829105214973,0.8582691889679701
10,77,1512.0396908226298,65.06453649808698,0.41124688217287897
10,78,1810.5373488895582,40.68608984831511,0.6775928225792427
10,79,2253.8982221581696,32.41426830248133,0.8582691889679701
10,80,1225.7429073695882,80.9234248292844,0.439464252848456
10,81,1374.8109522532693,62.558328281718154,0.4823722393280683
10,82,1676.965512796274,46.92118635747835,0.5987874307983816
10,83,1613.7942379872122,50.357489859049885,0.4352875045422344
10,84,1610.0017328569593,45.87216821920979,0.6228169117832465
10,85,2738.1391359844592,34.9378762878029,0.6967655170708653
10,86,1201.767571316264,86.29043799642609,0.4495379990853863
10,87,2086.9676453484076,46.402133569089585,0.5019857049029604
10,88,2248.9442620336463,33.83570334292473,0.8275826650986247
10,89,1234.687765247595,85.71346290375241,0.4313776841974004
10,90,2064.8495809068395,47.15338908712442,0.5214397751234898
10,91,2711.4835722907314,36.94879590060095,0.6430250421101782
10,92,1392.4126411150316,60.01903539717738,0.5272804634874504
10,93,2831.382170815876,31.540824614003977,0.7983782814867801
10,94,1362.0284833793305,69.31227641658334,0.446229224511395
10,95,1566.108348458938,66.33616213935109,0.389297929429933
10,96,1741.2023959566302,44.29139080062394,0.5272069135061415
10,97,1642.5789245209273,48.20123005682485,0.5459732662508614
10,98,1700.9038883291025,48.4870409178807,0.4894584868090206
10,99,1562.2875890927837,58.62630914542491,0.40785128820363425
10,100,1895.4834358928201,40.45027984993457,0.6069965591261557
10,101,2105.408877783023,39.2369914190781,0.6329308192003538
10,102,1591.49307610633,55.79556645090833,0.4209653053866802
10,103,1107.676712983821,97.4470974033213,0.4697714447931567
10,104,1657.552826255261,52.149125420155684,0.4002570355583046
10,105,1114.298770988093,95.25397507538725,0.45771170927103455
10,106,1700.2707618971187,46.98881844470115,0.5579192445651948
10,107,1369.7903424559079,57.42870021469255,0.5785756791311556
10,108,1285.1354174406285,71.80848224458013,0.487595141367148
10,109,1281.9142134530473,75.51168935243881,0.4565814134700368
10,110,2078.7158479294544,45.35326230587411,0.5082886044911277
10,111,1211.6430357825298,82.13633070358448,0.46070166736031837
10,112,1272.817988937462,73.81414835580223,0.4587092935954473
10,113,1748.8677412549505,51.66463511444846,0.42118295517812854
10,114,1463.475211457783,54.97911201974717,0.5246643111882712
10,115,2761.7983084491107,26.423940837694214,0.9152661547794096
10,116,2175.8144360635383,44.81370748718647,0.4972571885584145
10,117,1633.0009011068314,46.93866525082381,0.5993562492966085
10,118,1124.670778866339,97.79641506742989,0.4417476749853293
10,119,1108.1747968684565,101.11093548504628,0.4417476749853293
10,120,1284.119766983429,79.83358027080571,0.43539276340803923
10,121,1158.44440422453,93.67093396572272,0.439464252848456
10,122,2102.8750274098893,44.953032328866925,0.4940240702606786
10,123,1290.9011124069002,74.18152928128576,0.4506501709177577
10,124,2661.820755390982,28.331008558165248,0.8541858686677024
10,125,1538.2562613322689,63.51533655882214,0.42199594638679017
10,126,1206.0969535216796,83.30507703757773,0.4506501709177577
10,127,1870.792179615014,40.46835561971921,0.6100028015891965
10,128,1437.3879509470742,65.45051006753745,0.4350776151175957
10,129,1454.2274152398852,53.78441354343084,0.5381110585336231
10,130,1652.1172306756737,49.159566700941596,0.5001236820780477
10,131,1332.836580221371,67.87857536478488,0.4863728521725008
10,132,1349.4026767540872,73.41249453882638,0.4273502449198041
10,133,2119.8832117710854,43.27615929188334,0.522334376859412
10,134,1956.8031592194852,39.661919161001244,0.64325359404776
10,135,1485.8280926231453,57.186191343736674,0.44286793921765266
10,136,1383.3208665902382,55.20454352454529,0.5785756791311556
10,137,1345.3055601262352,61.25964867189531,0.5133859672251795
10,138,1213.1286080659436,79.66735248292659,0.5244481184228889
10,139,1507.6903517702062,62.401563476211,0.4263975376329192
10,140,1590.4457569178946,56.651331204210244,0.3991172141076831
10,141,1388.3502619720516,67.30275713952615,0.4142588073269877
10,142,1396.447657079477,63.19326264099254,0.47600286138457193
10,143,1405.410064661376,57.90298730468551,0.5360410685796602
10,144,1683.1291909201404,46.75218890674107,0.5856734136153356
10,145,1292.115048844783,68.52642066855869,0.5053268445474899
10,146,1132.2862564799634,92.40243414879345,0.4886057961222967
10,147,1138.2013030006692,95.64035462312118,0.4417476749853293
10,148,1152.8720004927904,96.15110304305013,0.42944958508365616
10,149,1248.669432962364,75.01869893142857,0.46396396911246995
10,150,1580.426437941544,58.592122286233725,0.4008768913849501
10,151,1121.0701172304093,94.34895905735496,0.47654606060017457
10,152,1142.8362297654387,98.76531817601071,0.42944958508365616
10,153,1590.7053822438386,47.72193168445528,0.6265452359147972
10,154,1765.334802199436,49.68888437903657,0.4882472507031608
10,155,1434.9894886686563,57.88799187689952,0.5404287209510628
10,156,2912.9365382148612,34.42383479311907,0.6930084453731595
10,157,1323.8654363002497,68.95628404479795,0.4506501709177577
10,158,1607.4632529884354,49.84039403444031,0.44714874058851706
10,159,1236.0835252811698,82.23691877424031,0.43305650250318806
10,160,1479.8233105000165,56.29015030556922,0.4551660291193258
10,161,1339.9255827305037,67.48931856323662,0.5031528137395789
10,162,1318.6191614676015,64.00148071672673,0.5053268445474899
10,163,1402.506569612909,54.408316615613316,0.5737351831672335
10,164,1211.7783105498263,81.42487410412294,0.4364410959424596
10,165,1155.3833708790337,92.68630326964971,0.4506501709177577
10,166,1329.8353007171556,62.054955803130085,0.517386580069612
10,167,1277.1231248005374,76.5531031417842,0.4514660981991305
10,168,1389.594347252875,57.1343688653512,0.5436359768308385
10,169,1604.0469380917627,51.18849240067179,0.4764629457001739
10,170,1150.1120725367637,88.28673764135307,0.4898598587948868
10,171,1296.4103407672526,66.63488085126555,0.50658090722008
10,172,1448.0241724023497,54.80580417377322,0.5372951312522503
10,173,1517.5080941352962,54.10270460226095,0.49426933564001274
10,174,1651.9787603976933,47.82010464946008,0.5856734136153356
10,175,1303.4077454018407,66.62018024310585,0.5186406427422021
10,176,1278.5845247104526,70.75057735870594,0.5053268445474899
10,177,1125.514910237647,93.30745016682573,0.4697714447931567
10,178,2642.7185281460434,30.72413888620816,0.8025369019571222
10,179,1334.4740231280189,61.42806275638781,0.5546800040599216
10,180,1684.0072729385893,46.56576699877057,0.570405374906148
10,181,1394.774787841446,56.056004202494044,0.5417768952830606
10,182,1219.62747765601,81.08092034743048,0.4506501709177577
10,183,1235.3787355490208,84.00158653512851,0.4345768361266664
10,184,1870.8460015458604,40.49147674386924,0.5991299693681853
11,1,1294.537387264603,87.58659289287263,0.8429557698702048
11,2,1801.2198642722483,70.53232158272571,0.7317583868695827
11,3,4282.5128913756835,25.976310496613,2.4583200953444617
11,4,3864.9982326288878,29.002946986673976,1.976895806080158
11,5,3845.6380191876838,30.114032765137914,1.9240823791997705
11,6,3485.6990294991106,30.3024514611088,1.1390645244962627
11,7,3035.341239095448,33.148452729716226,1.5829113491424565
11,8,3082.6549935882545,32.05226476823777,1.7808603266717178
11,9,3085.0014125279044,32.627687590656315,1.7485184311559259
11,10,2845.4220278759813,34.10386391020372,1.299849131440883
11,11,3013.020624268029,36.546706668919,1.140297158233743
11,12,3118.710184702432,35.52970125338219,1.1538657634277847
11,13,2585.0589371873016,36.807825832587504,1.027437650565659
11,14,3246.9112252906943,35.389890524923125,1.1499341948024018
11,15,2843.0756089363313,33.52844108778517,1.332191026956675
11,16,2447.0789580904852,37.39380894588465,1.3995105508306835
11,17,2144.1587006603627,42.19570033457502,1.5116289593859555
11,18,2047.4535681162474,43.4164870599713,1.4269170915604512
11,19,1302.0702121476222,85.01713719767713,0.78744832962321
11,20,3423.293893722533,31.01986564216827,1.1198701615781843
11,21,2755.0642061386343,38.36576167685883,0.9242295775088181
11,22,1317.0544749310477,80.05069524282294,0.7669739412110275
11,23,3319.931400200126,32.57262881353887,1.1754774767579335
11,24,3359.7555537617395,33.01772059647677,1.1752651213536964
11,25,2146.505119600012,42.77112315699358,1.4792870638701636
11,26,2352.4741233090454,41.5644463253566,1.268107717226325
11,27,2685.968820939899,40.278501185718305,0.9452081041553733
11,28,2086.891568464738,46.05523785704925,1.1034783393785048
11,29,3267.0058205857995,35.813114022217164,1.0636458879426236
11,30,1749.0049945759488,53.272332620123215,1.0698873745060347
11,31,2033.9654649720437,43.49095460664536,1.405305522198347
11,32,1904.2357594656637,47.56026292008285,1.2063455957773144
11,33,1385.1222563401343,81.7009694894459,0.7467683590551282
11,34,2004.6819809076042,43.815170488759165,1.2252473223747309
11,35,1483.003062672236,75.07938482203949,0.7500645361226468
11,36,3283.7898029645658,33.51474395686865,1.086304130592385
11,37,2289.939584800882,42.848413567147176,1.0405212862158955
11,38,1731.228755263419,54.68471552520932,0.8365983174014033
11,39,1858.6667265109422,49.06145886215082,1.1275222861961325
11,40,1313.6040943125838,83.01448628271525,0.7721909300479837
11,41,3041.716239746741,36.33016906150013,1.1246715661609379
11,42,2260.7586784037867,39.75112173095933,1.279971176556451
11,43,1432.3871578053318,66.82301024931712,0.8959676249093782
11,44,2064.6499815136563,47.89961379224261,1.0338789069154366
11,45,1518.6900861474246,61.23729866715383,0.9308206384512445
11,46,1364.2824223423743,74.3945654086995,0.7815943473311862
11,47,1881.0735577367607,48.61083466044661,1.1463728846657766
11,48,2196.4692385997246,40.977774247020996,1.4234079512752018
11,49,2378.6911714724515,37.50035774784485,1.3232100270745875
11,50,1448.7052201496062,66.27450884747311,0.8678776295427006
11,51,2784.275568177846,35.203648235882554,1.1694177219097206
11,52,2504.813234302268,39.89490890040812,1.0014345303386492
11,53,1326.74927673386,79.8804403364389,0.7989458037441928
11,54,2307.319360854851,48.34418846081476,0.9182381930277188
11,55,3354.060937455416,33.33190806426848,1.1342115177418535
11,56,2111.487411318824,64.21195495153515,0.7684679891976636
11,57,1906.3648835580732,69.77444062808688,0.7397277137617131
11,58,1568.9403722714824,59.477420768154175,0.8800463752365424
11,59,1606.6097698749038,57.3880821054909,0.8848665477537025
11,60,1878.8869999867259,57.80037843730969,0.8068389689045183
11,61,1651.225946705797,58.53442034417107,0.8710559416253787
11,62,1685.9719886672933,54.09972214827554,0.9749324540639819
11,63,2009.513429521509,43.64418594447443,1.3138414315141311
11,64,1629.7719716038068,56.33751036512714,0.9448392588652403
11,65,2467.640814324389,39.3516506763131,1.0642368598599674
11,66,2398.452230857741,40.24544768081109,1.194752923654228
11,67,2156.8654066456575,45.66105147235063,1.0440928239015044
11,68,1778.9199738776583,52.484480004614326,0.9710399763252617
11,69,1310.3501399966422,82.51989044406203,0.8344456839818335
11,70,2184.7105317629694,46.64484027425906,0.95177561276045
11,71,2401.1919552383592,42.533257454195784,0.9429849733176106
11,72,1712.84742449228,53.52548119046287,1.0170595063605106
11,73,2447.848181994108,40.54615289550561,0.9803233209276137
11,74,2822.2598261470785,35.154435650567486,1.2398764203293453
11,75,1710.4952288898999,53.603017210678914,1.005933385424889
11,76,1976.489256441173,44.2176068395836,1.227810442330206
11,77,2484.026640952439,40.96190979870886,0.9414618192271114
11,78,1590.8012134983219,59.02182535438064,0.9374675727642447
11,79,3084.2629437575165,34.70970901937917,1.1547620841760562
11,80,1658.1299056956666,56.718617975392185,0.8465819346615646
11,81,1819.0469410167216,50.71370373693332,1.0376832582735744
11,82,2427.061588644279,41.61315379380635,0.9203506098160759
11,83,2564.2723438374724,37.874826730888245,0.9674649394541213
11,84,1564.266267691489,60.39278601227245,0.8551365833970763
11,85,2322.386085911312,41.310260626129505,1.278425780760628
11,86,1616.9331662683737,57.19900654390417,0.9099258143151197
11,87,3034.6413497292056,36.62078490883272,1.115096228899887
11,88,1905.1114937479938,47.99550777623002,1.0466229981311947
11,89,1510.984668429464,61.77668968802974,0.8344452438100127
11,90,1637.6233078568148,65.25262157483102,0.7600997204245203
11,91,2550.571190203527,38.49098897921928,0.9481829497025309
11,92,1486.1540761614756,63.1140535683139,0.8645385158429733
11,93,1302.0888966126404,84.02499461204036,0.7944488630064797
11,94,1522.2109759018017,67.8389609043867,0.7644304665098787
11,95,1349.609195393905,75.74766251603415,0.8145632914501029
11,96,2101.9242356529626,50.281473074418784,0.9362677533668808
11,97,2124.7155017492564,44.987440228585484,1.1829531029998712
11,98,1342.079081028175,78.25687392181752,0.7997203195774603
11,99,1378.0448376050272,72.25433501145292,0.8223533292392311
11,100,2256.2547948590864,42.00509988211272,1.2430747368320532
11,101,2360.5170393931903,44.08407461329592,0.9136294793406563
11,102,2221.7892290677087,44.51643967624661,0.9938703442333718
11,103,2357.8753886831987,39.126352310627176,1.2308954204472577
11,104,1402.292316547726,68.65669199441506,0.9024504136463349
11,105,1330.1648400023403,78.96409170554563,0.7629131531971254
11,106,2396.805168101811,43.26395100351849,1.0212135335801271
11,107,1460.5410436850884,65.14045995188481,0.9283350975754701
11,108,2121.6916471547725,49.50744336330695,0.9844330797017378
11,109,1430.9228179798267,76.9420769524359,0.745612158232074
11,110,1810.9755078967025,51.261694382745816,0.9930806272722741
11,111,1393.0778708303967,71.49565747327986,0.8025368813650893
11,112,1866.3036240650827,62.299739945756755,0.816199758786734
11,113,2459.2541103429035,37.25758689444884,1.2787979269862113
11,114,1925.927276537247,46.369513213447696,1.1389376047585245
11,115,1771.3557224024817,52.91393925752832,0.903241599349716
11,116,1916.591246104234,50.06525977684183,0.9997802517612122
11,117,1938.0356183319318,50.4751255159016,0.9021835080349057
11,118,1489.3480789812727,71.01944733327265,0.7731619555638858
11,119,1535.273136236177,60.664111717879365,0.901248323252581
11,120,1683.6197930649132,54.17725816849158,0.9638063331283604
11,121,1533.3668002501163,62.79212220722863,0.8298955665616887
11,122,1509.3162778903786,62.063481827950135,0.924511226954511
11,123,1637.7378435615935,58.608887890845125,0.8494443722632745
11,124,2768.3304574815324,37.818204875779976,0.9411790643262385
11,125,1416.8754835871655,68.4978850559039,0.9295473763403876
11,126,1766.763799738163,51.847100154820815,1.0965213548352253
11,127,1313.6227787776022,82.0223436970785,0.7791914634312533
11,128,1395.4481771630972,69.15876233293481,0.8143877071681196
11,129,2122.336941089281,45.311258816482905,1.1582195945101148
11,130,1459.232532843115,71.04973251062788,0.7921017378197845
11,131,1612.5075212943127,62.5406682076959,0.8267089548922506
11,132,2381.0375904121015,38.07578057026341,1.2908681315587955
11,133,2112.7792598401847,47.26954506686925,1.0204529856681361
11,134,1873.0559597289498,49.21829339809853,1.0245823471841824
11,135,1425.5430184207032,67.32508058783687,0.8079049184311629
11,136,1831.7912906859556,49.63569981996349,1.0853952338996038
11,137,1345.4904513222896,76.54761022521268,0.7747639790001557
11,138,1901.8893405260137,46.98484009766429,1.2386874912931063
11,139,1551.277360259526,63.62694142840229,0.823412777824732
11,140,1446.3588012099563,65.69908602505454,0.9002195250584926
11,141,2175.934177296671,41.932399968936814,1.332150535573227
11,142,2440.762742278224,40.99699154547531,0.9396325995676662
11,143,1372.134577781312,77.68747703303607,0.7734981791001552
11,144,1821.097529455144,49.84110077016411,1.1170985905218629
11,145,1680.7759799211924,74.69833676634987,0.7332434432006991
11,146,2330.1136218669453,44.54684198309933,0.9039348148730113
11,147,3102.414404833533,36.16385246636715,1.1377582204588244
11,148,2316.8797175198324,41.76479675503899,1.1608829336883097
11,149,1706.3439359443173,73.73282611062415,0.743479105244031
11,150,2258.412259464137,39.175698908540774,1.312313072072243
11,151,1952.8027123622337,45.79527225563503,1.1810646570550531
11,152,1465.710067036352,67.23106332865541,0.852998635300704
11,153,1381.476533758473,70.28268655719737,0.8101358070190052
11,154,1596.9538223535235,78.5254672468105,0.734184894465578
11,155,1472.3428979144073,69.96312896872146,0.7880409498058825
11,156,2781.4580944439326,35.365174176513406,1.235430371354873
11,157,1983.3326123600618,55.245179714900736,0.7963960367054277
11,158,1679.2180363320335,55.50060484297433,1.0009935608833267
11,159,1461.8882209219882,69.12821689795143,0.8031342038050653
11,160,1755.6006860581704,54.62156866369507,0.8836625464664003
11,161,1477.1640391595008,73.0290054523917,0.7629131531971254
11,162,1756.9399961269514,52.53706612475811,0.9250340973599513
11,163,1792.171505191735,51.287944694745995,0.9955562059770457
11,164,1367.0125349519749,72.65208983751603,0.8065976693789914
11,165,1418.6103788920002,68.10819059257105,0.8743604182796574
11,166,1685.4318212886008,55.62164229856678,0.9563425554159295
11,167,1622.1434890793637,62.99329915643651,0.8112101066427151
11,168,1377.7034001597679,73.65978650102252,0.8004358410867418
11,169,1662.8040102756602,55.80325273127391,0.8714917265010307
11,170,1421.6480287734632,73.2611795675849,0.7811750983861359
11,171,1486.77317945549,65.84765569501158,0.8112010954986815
11,172,1552.8786184525177,60.60203930263592,0.8969964231034666
11,173,1665.1562058780403,55.72571671105786,0.8826178474366522
11,174,1764.411604135783,51.924636175036866,1.0853952338996038
11,175,2219.1358024336405,44.71062558288568,0.9939492952192772
11,176,3248.8234065243696,33.2924449925275,1.1638367238279628
11,177,1579.838905797596,59.391500024117974,0.9492682432141812
12,1,1184.7198374575996,95.94954413939304,0.8035134268932094
12,2,1184.6344098250956,94.88881238884716,0.8119907914193814
12,3,1916.612121936615,63.41101084547896,0.688638165832673
12,4,3816.2813919893483,23.028412235892997,1.9441731346732443
12,5,3084.553103996022,24.903455318054334,2.4156128388099045
12,6,3582.953581104597,23.909772467424997,1.8368652634966995
12,7,3444.0620696220612,24.594797020015,2.234954710437785
12,8,3275.718628530929,25.037480715434686,2.3665185753975084
12,9,3059.729036183146,25.512639594188354,2.25234756969388
12,10,2507.791369853189,30.34959645474609,2.139905438373754
12,11,2761.45054399776,28.659460239725455,2.1540946290073872
12,12,3176.233048346606,24.703935041337925,2.3786877254866123
12,13,3334.9401084503393,31.505232392347754,1.06479762039117
12,14,2099.6912458832,35.76473296982059,1.6520811438721505
12,15,2783.8130857155243,27.236075096350557,2.060783122405999
12,16,3532.3269128104025,23.92149878969812,1.718031991044084
12,17,2347.0455698025935,35.88300982540051,1.489188709633714
12,18,2130.928151220371,36.378028758957946,1.1289426176922408
12,19,2471.94785796024,34.373683211416825,1.4055073385653198
12,20,2387.8262304145237,33.50947603840704,1.6033531438133561
12,21,2010.0541605602657,40.726294458548765,1.0978841435697841
12,22,1212.7071055300198,92.16416956445654,0.7247309246182727
12,23,2643.441362269321,30.145414098275918,1.9143130968223776
12,24,2699.0280496641262,29.529992327767435,2.0087101906557745
12,25,2306.471420064284,32.16916686553078,1.8057826121556122
12,26,1227.0151294814304,90.02553626819916,0.716173616898585
12,27,3106.3669208595034,34.446929845619195,1.076600989312242
12,28,1792.921313412946,41.434279661355234,1.1152778396905685
12,29,2631.281037025401,32.58823785478292,1.7044315972061543
12,30,2449.0869304619696,35.48810341098766,1.37511413128337
12,31,2965.53656987536,32.712353279662715,1.2572205041497977
12,32,3205.8320869537906,27.056805000233705,1.3376496654134638
12,33,1844.4759803667005,42.95858458594364,1.0612254327536466
12,34,3474.57246844659,25.707639166906354,2.058271598864428
12,35,2742.3000271016936,28.92793390375649,1.965853033010129
12,36,2049.5151963822977,37.659823754861534,1.2184426488133386
12,37,2338.3885925329405,34.45886734000055,1.5250528593885004
12,38,1528.9170829502048,52.775631092994985,0.9293455362944609
12,39,1824.3801553080673,59.12148770842091,0.6983020190923188
12,40,2330.13094284574,38.81790805447045,0.9990874596200943
12,41,1358.3719106147091,62.17119828341431,0.7942840698597902
12,42,2462.4373362294014,32.34484533542511,1.7328575310520389
12,43,2727.6016042346614,29.80890477387929,1.9935718979544195
12,44,1190.783751457975,93.64286968278282,0.8411083474494969
12,45,2430.1999788964317,37.6587567436319,0.9914667236647627
12,46,2028.8966243112677,44.79174258429491,0.8431328774871911
12,47,1997.1857511953197,43.087174098021926,0.963066983905426
12,48,3314.1617468327577,24.199975080322226,2.4043557797643427
12,49,2756.958425322792,37.39489068680536,0.9470729035041376
12,50,3247.6591145178722,29.571750069597183,1.2976306427143331
12,51,1922.9935897654998,45.50731128434674,0.8950048593542999
12,52,1289.1260717637729,73.44364107945148,0.775714946335631
12,53,2446.170299221816,33.42726963488171,1.7815770107801558
12,54,3305.3852495127194,25.769264496814436,1.3145269541477749
12,55,1895.1028804339392,58.22902726465592,0.6983020190923188
12,56,1595.1527889474503,51.858448401736695,0.954952480651043
12,57,2612.32569776745,35.55296870814299,1.174556144567104
12,58,3039.159214039252,30.87442384954375,1.3480699346761913
12,59,2818.6290492244993,27.41786552006846,2.047982248833547
12,60,1247.3705196139738,78.96852987808941,0.7712298290594699
12,61,2498.855368370512,31.638831534994384,1.762612919210186
12,62,1249.5089033503014,82.0244668199132,0.7416239256570076
12,63,1531.960883095604,64.58894693259637,0.713982434783107
12,64,2938.3481470078987,28.32346850095771,2.002221559341832
12,65,2852.23553889109,33.4040675486794,1.187731967761179
12,66,1463.9705901685936,56.21760489631363,0.8735998786673225
12,67,1217.966747513621,88.07053841484381,0.7243966250198763
12,68,1275.7840631488132,80.32009505840188,0.7132777326386002
12,69,1437.4044949383401,59.36107576496535,0.8939718638067635
12,70,2198.6891562558953,34.760386073677616,1.7171169773291677
12,71,2714.0727544657566,30.26282091275821,1.8902942421004578
12,72,3011.6837950446848,32.24884153683628,1.3532680137998145
12,73,2820.5549343244047,28.792509172659244,2.03166855365013
12,74,2566.146638470681,33.72811975833011,1.5641384981212365
12,75,2060.4755079713605,51.407404037207556,0.8190454447734101
12,76,2265.6689272422573,32.50888325533311,1.8160468190510546
12,77,2474.850842184599,31.871536100312426,1.762612919210186
12,78,2166.542947331013,35.19362185752405,1.5112334783168766
12,79,1416.5621989257231,67.79422840442612,0.7316240684774176
12,80,1239.5669065231814,85.0406920074304,0.7392615743082
12,81,1627.1034602543655,54.99919733813085,0.8001433820819503
12,82,1394.9940502853833,60.04973049904886,0.824040923546745
12,83,1267.9557518308109,75.18981754778008,0.7626725213397823
12,84,1671.7479015236827,71.03326447876242,0.6903962244852462
12,85,2609.4031097497086,35.57936627484608,1.2851749092125697
12,86,2900.317843221977,29.376235580516415,1.8693880356428476
12,87,1655.4002513535856,70.86549860267927,0.7041390584520695
12,88,3022.438479450373,31.042020517115464,1.321227752580553
12,89,2887.2542982255577,29.399196809268712,1.836814062778851
12,90,1677.059454030603,50.76463297563821,0.8708426213564113
12,91,1883.712949942666,42.58687381683451,1.0205073569233267
12,92,1745.9150161801251,46.26661191356653,0.8240041029543956
12,93,1476.5436419741136,55.63145007161272,0.9050687786755613
12,94,1403.3755161171187,68.83322693721843,0.7312897688790212
12,95,2575.2267641360772,35.10863611205034,1.293127549424474
12,96,1867.870286345259,43.76821148203928,1.0205073569233267
12,97,2966.9403664450465,27.857674412939517,1.9142615442490882
12,98,2825.327370631699,32.440742507436475,1.608819422002016
12,99,1230.6781064701768,80.98339503671649,0.7423633816575883
12,100,1264.290439580813,78.2679832909734,0.7392615743082
12,101,1375.7073003732971,61.746673585075925,0.7705388232298116
12,102,2375.3602242896227,34.72220661411516,1.5014022272775431
12,103,2059.4932001224097,39.98421851773932,1.1760203687558697
12,104,2738.873497472576,35.1558741975785,1.0355770930152293
12,105,1230.0130373808329,83.02601802367897,0.7516732114675602
12,106,3060.306225589652,25.32877001124599,2.25234756969388
12,107,1597.3719777672409,53.52422293136417,0.8708773752124852
12,108,1394.8778826572316,60.01678057664357,0.8468910377331884
12,109,2215.2796326644975,34.6035887208667,1.6321996907598102
12,110,1305.0174822247056,67.39820224136203,0.7567909853356465
12,111,1336.3152565665541,72.15375636634272,0.7336521202278288
12,112,1717.6588513288993,48.11517067578822,0.9800328046439635
12,113,1725.9660257530356,49.27326462774004,0.8561868482735999
12,114,1664.6960018157401,50.599915200687015,0.8785365698862311
12,115,2500.713165587724,31.175768595358655,1.8466351139358697
12,116,2046.37594044173,38.38995283304698,1.2760344308967415
12,117,1347.8528801575094,63.2398619397951,0.772291877955043
12,118,1914.5165117206382,42.04324867691768,0.9794705865734397
12,119,1367.9006866903865,65.96383271161594,0.7548429520146431
12,120,1230.1560007832436,84.13470315203634,0.7392963281642739
12,121,1432.5054168590516,74.40283238768471,0.7109153812897926
12,122,1950.8011739423855,43.40430745461549,0.8950048593542999
12,123,2232.79674170903,33.957655351668734,1.6396105590933292
12,124,3449.197803747895,30.054506014865208,1.1223720236845818
12,125,2081.904011959314,36.55192079296784,1.0145295262822476
12,126,1689.8754725760732,47.558859429003775,1.1173242546298692
12,127,1254.3868282103101,77.28733689650454,0.7626725213397823
12,128,3275.3986800317243,32.99929647117667,1.0885016356793091
12,129,1480.2398928711436,55.2027354633984,0.90947275642616
12,130,3267.431068937794,34.996542958632794,1.0301899179850285
12,131,1920.5179200187843,39.79355748677944,1.198247715966323
12,132,2940.940908704625,32.98250814892388,1.2646612347656738
12,133,1298.4778243980033,73.72629431664936,0.7392615743082
12,134,1338.9719695439758,65.24803714882948,0.8082057313289521
12,135,1195.4271791574215,90.85956214709323,0.8119907914193814
12,136,1771.931625488287,65.68645102151133,0.7088107336967564
12,137,1248.2893563887983,83.4977268874516,0.7215007407598915
12,138,1704.8796735981764,69.80054819751355,0.688638165832673
12,139,3080.5974580616135,31.47648070276796,1.273467462086531
12,140,2146.462355887345,46.633555269435796,0.8148848719243791
12,141,1666.9479818895934,49.681026222362725,0.9204015764769888
12,142,1544.5011266693461,53.67204637205296,0.9171167215561464
12,143,1252.5808842179854,85.88573154652795,0.716173616898585
12,144,2542.46304452753,32.930845990934294,1.6262663336107313
12,145,3292.998247857231,24.661171901969684,2.4043557797643427
12,146,2048.092779093647,37.73477642996458,1.5116951810110795
12,147,1188.8810443468292,93.87744569355812,0.8119907914193814
12,148,1635.1773051431471,54.58886870373087,0.7533007661610593
12,149,2530.04005276063,33.506524639562016,1.6228971212862877
12,150,1462.9309006374272,57.25775518872693,0.9053935255304655
12,151,2035.2039708997693,38.568081624488485,1.501465727971711
12,152,2789.1989849112706,26.549545266356734,2.060783122405999
12,153,1215.847976831833,86.27333644829373,0.7478536358839616
12,154,1256.9015039516462,74.71144929970326,0.7632956925877803
12,155,1454.3812719784087,65.52759498609868,0.7166790857303109
12,156,2993.696305757759,29.10512859938118,1.8971307494811303
12,157,1554.8710577758648,61.055253556066674,0.7143167343815033
12,158,2620.6073714139925,36.03063705139715,1.1271755843419076
12,159,1348.1107554139448,69.08927885588405,0.7138435759366413
12,160,1413.9844534082945,66.79887585504204,0.7346911219707319
12,161,1654.705031459014,48.522757555616295,0.9675334849437025
12,162,1942.6822711897853,42.0344141871679,1.030455729683018
12,163,1316.0183878486882,76.1351300418641,0.7109153812897926
12,164,1188.9664719793332,94.938177444104,0.8035134268932094
12,165,1240.5840531019312,86.88601005087476,0.716173616898585
12,166,2146.7009418366774,41.53586670931099,0.9333007430631266
12,167,1573.8963231132852,61.798508769909205,0.713982434783107
12,168,2523.964223292804,32.17076037308285,1.7050070948228342
12,169,1634.5912229697756,55.192249402562965,0.7830201815755107
12,170,1498.40382418287,54.34017288195844,0.8709077820364488
12,171,2557.6665188159463,31.087014011093988,1.8438165292300202
12,172,1723.55414555208,50.10198336778132,0.8561868482735999
12,173,1696.318614379428,53.88805203200562,0.755435426457888
12,174,1731.0896347253506,47.76255175062474,0.9800328046439635
12,175,1281.8310030314979,80.67681901618813,0.7109153812897926
12,176,1752.0720898631016,65.69961856716431,0.7088107336967564
12,177,2235.270464405252,33.922581079359155,1.909929526618681
12,178,3218.7004959590936,34.155239877141334,1.076600989312242
12,179,1202.6612940232287,87.31233498108607,0.7475193362855652
12,180,2856.976862998335,28.57832816239707,2.0034896951805283
12,181,1584.5588295469177,57.27930763088543,0.806132181337885
13,1,5110.048044447401,39.596331487840565,0.8431748304338171
13,2,1501.3279264587325,128.5865611340264,0.3205847311077754
13,3,2006.2257476881155,101.42653338175812,0.25476390221401246
13,4,5052.53570203543,39.948561621530466,0.8199875592395038
13,5,4408.570997351592,40.14270643591119,0.6963075810405712
13,6,4659.48915392898,40.40908024406957,0.5735380959823395
13,7,4392.054921422933,40.528320141987415,0.7205054082743274
13,8,3902.715342775712,43.88591312320802,0.47174350592340986
13,9,4741.281494056752,43.090215374902726,0.4391019104936973
13,10,4282.42892021373,46.600156201987645,0.44065863541836237
13,11,4718.133062709053,41.230295826654775,0.5527057775526174
13,12,4655.823840250613,40.737174837342636,0.5717297539582269
13,13,4349.658129766113,41.258791181373866,0.5271743541613638
13,14,4565.349716069949,44.420844959963574,0.45099629193999036
13,15,4530.819986114778,46.67829586572734,0.4358064706386351
13,16,1800.811009202043,94.08150445687563,0.2863418709758889
13,17,3596.9978486884816,47.087492423874004,0.443685208169029
13,18,3033.1343441226804,48.01097630000985,0.5066377886915063
13,19,3707.105889518632,46.91048960739147,0.4511393891000637
13,20,2567.783702527456,79.84446048846158,0.2854513453357299
13,21,2858.296178453436,55.03479952771527,0.41397400997732703
13,22,3175.168091911389,54.78994929227572,0.40071399208252956
13,23,2494.6205048355087,83.3889485793206,0.2685321575173347
13,24,2484.3188699072603,56.2818807137971,0.3778386289419444
13,25,3789.663007801806,48.58661492943028,0.407139214496123
13,26,2915.974168519074,49.7639336346735,0.4950890027483048
13,27,1565.0303382282407,113.95757903463792,0.28398353250510056
13,28,2419.8327987127277,58.05651442110092,0.3778614224040773
13,29,3240.099384074732,52.07557363666736,0.4048053909781224
13,30,4408.108515444135,41.1649273933069,0.7115305371067038
13,31,2808.6027078473417,52.36933057286875,0.4575195746862626
13,32,2406.383236053138,66.52650842508817,0.3156151309119224
13,33,2359.3348709611964,70.05484196842698,0.2978824271991769
13,34,3078.7993263739813,49.306785764770055,0.4190507693765362
13,35,3457.126741524721,49.089177255636685,0.4253936918178276
13,36,3477.3012323204584,53.54930303947458,0.3889446271189101
13,37,2257.1046151803534,60.018747342644296,0.36323527811275014
13,38,3725.9922040470724,45.20686432172313,0.4709470758153351
13,39,2284.9590454885047,80.8562017520917,0.2706029718289997
13,40,2002.5921841843767,70.38617398397486,0.3463045927260531
13,41,4336.775941187898,45.92563344550935,0.4454696237334943
13,42,1608.081554386609,111.5388039163593,0.2960654726110903
13,43,2137.903181828019,65.72514554108753,0.33500070431123063
13,44,3538.7791376692644,57.412021873516906,0.36650187437861703
13,45,1831.5902224161914,92.2302899416675,0.27127223069857465
13,46,2331.8768977701434,58.5445186428843,0.4293031091986421
13,47,1611.601717009364,109.59905571786356,0.3035926192466931
13,48,3528.56954938511,51.23995097762098,0.3970317144854896
13,49,2524.524311136688,56.216098365554934,0.43669551380837746
13,50,1698.3204221857288,104.61321401594824,0.2861012421739204
13,51,2960.2674720383793,48.855980473621514,0.5202990208325033
13,52,1712.4691054831067,96.14770424176689,0.33374975368801074
13,53,2634.896754083032,56.043631674120384,0.3824449406226975
13,54,2224.543252071026,61.16144403213891,0.3383148839127479
13,55,1940.8815698118558,74.71714969080715,0.35606854640005636
13,56,3834.213825073053,45.257720971383065,0.46678450657753245
13,57,2915.749249557049,50.17682405863323,0.5027778056116539
13,58,1655.8038990297348,103.22788231184953,0.3008430008608123
13,59,2347.7964504062434,57.861870769600976,0.4620230883175118
13,60,2770.4219475505965,54.71679846521507,0.4567630573189163
13,61,3047.2767937811936,45.29706183696204,0.5237322383969847
13,62,2087.6641056865665,71.43469690585657,0.33123311980824255
13,63,2962.6499783515333,52.62131658149426,0.4524222589465978
13,64,1725.2213562544052,99.31743887186909,0.29353717261128764
13,65,3135.9955826142527,54.33691744326931,0.4040332388525236
13,66,2898.1518403576238,50.761820719296715,0.48711446139630254
13,67,1782.2537657157438,89.67382100584521,0.32638633438434894
13,68,1528.3787663847181,124.35635271614224,0.3117056290775295
13,69,3271.3651360059707,46.61038582418633,0.4570344824554873
13,70,2601.5150466678556,91.86540562186661,0.25811826663568027
13,71,2743.575639091239,53.75245797854159,0.49263847864103383
13,72,1642.3316195331606,122.66115789020209,0.2658042966519645
13,73,1677.3075688776964,118.88421766845715,0.2651296170790367
13,74,1954.9709278590858,76.00371251304972,0.34235456344825366
13,75,2595.1702458930627,78.97730410130454,0.27833063151453175
13,76,1971.6511581451653,112.49779163509501,0.26222216369935225
13,77,3403.413448331599,47.34176972807762,0.4471671556853387
13,78,1602.4612282955945,115.67559067794755,0.280995832333776
13,79,3585.8603163397293,50.43772311652277,0.4005047658925527
13,80,2316.878235420713,59.27397099849138,0.4574468267629257
13,81,3126.2238472518566,67.18998509774408,0.30729268831077405
13,82,2709.8619274018083,58.401692550769134,0.3481814968387056
13,83,2995.290105628768,52.1425012057343,0.4798154595449837
13,84,4548.298225125308,45.82442724606227,0.4546165481667366
13,85,3863.4668724737094,50.81186027512819,0.39185544344400114
13,86,1876.3949389233526,84.63032506549665,0.2963567367763176
13,87,1754.5119819775962,96.32854558609415,0.2956297872697533
13,88,2144.7316121676513,64.55569737497264,0.3328057550187964
13,89,2871.8237927211353,54.26456275722631,0.42691464961858117
13,90,1587.6825674668714,111.96200887919686,0.3332611736479265
13,91,2584.3850459641008,60.83295945111008,0.3601105450756812
13,92,1515.025667066561,127.51846024352656,0.3205847311077754
13,93,1761.1364208166942,117.4176922616339,0.26237999869315587
13,94,3377.4369432957,49.292109920893104,0.43326061055602594
13,95,1532.9799700778897,121.28477002841814,0.30122614262082337
13,96,3341.508064584517,55.07907579473891,0.375619839396677
13,97,2665.922787892931,72.669245250345,0.2764557878580831
13,98,3093.4978018441175,67.92803819141719,0.3014466766046837
13,99,3063.314328116819,57.26094665691381,0.37581736454783865
13,100,2120.6068611513724,67.4242323491955,0.350340777779639
13,101,3484.5706187174865,52.577715949844254,0.39828466092138015
13,102,1539.4006844875605,125.85702627153243,0.29357527396770067
13,103,1518.8383854140263,124.44514194813596,0.3205847311077754
13,104,1985.2388554206048,69.0430761381672,0.3544870034990133
13,105,1776.2166363933295,91.30609362463413,0.31262633735134315
13,106,2908.307341121866,51.65127007942571,0.4804949973524195
13,107,1894.7280938127442,82.83031024087828,0.29165139885244784
13,108,2104.107298722942,68.47159558351211,0.33460167923000483
13,109,1957.2571729065207,76.38898212979674,0.32916971187736266
13,110,3418.65954392008,46.373695111753904,0.45967772385276007
13,111,3475.8672152301965,41.680940320995795,0.4769286465153648
13,112,1557.9358120814247,119.93359437430978,0.280995832333776
13,113,2184.049214947638,62.54036410772989,0.33791096922659847
13,114,1912.0613850643463,80.72219364011256,0.3160057991375034
13,115,2135.5729132882357,64.29321809789356,0.3430279651599619
13,116,3257.7704862684036,58.278586467035524,0.36682178769155627
13,117,2961.5883893936866,46.467184153027596,0.5177220500054993
13,118,3817.818530832138,48.18237059293687,0.3958060429540673
13,119,1763.702347075729,90.34869549678233,0.31922134084969755
13,120,1801.3911400718239,85.60187121336894,0.3267457928866655
13,121,1800.1777395500126,97.1950123285553,0.28066520343181267
13,122,3761.911164328565,46.76973993265355,0.4481224924937095
13,123,1808.5975793142914,84.98215986366276,0.31162794807352157
13,124,2021.2901471865162,77.40646863707056,0.3002823581515024
13,125,3752.836124953672,49.68655129364723,0.39955770104976196
13,126,2157.828834996327,63.8005580072632,0.340068945800752
13,127,2238.4159491954274,72.10767494991582,0.3025210614390623
13,128,1768.0630348184409,101.22148834223675,0.2864060763398868
13,129,1661.0118866549371,118.43563766100596,0.27244765099932167
13,130,1637.3261176523883,107.35613409938813,0.30716453365840835
13,131,1718.292347346207,90.86031544404962,0.35689690526372786
13,132,1638.4759573618037,106.32092150998223,0.2960654726110903
13,133,1933.6767955898722,78.19266055237253,0.3216634427792364
13,134,3858.129200733494,47.802556113609,0.3958060429540673
13,135,2215.38455319161,60.89896475505984,0.3485370940539134
13,136,2036.885651940031,86.95091255749675,0.28191824444575886
13,137,2149.7053198181247,89.02635056343789,0.2586500896050836
13,138,3365.6261828652196,48.49454039985951,0.4440129158927526
13,139,1757.6277913493066,88.77619267372499,0.339426421232087
13,140,2186.4886963414456,77.62983799088556,0.2942463463388414
13,141,1652.869172872857,105.2560352525224,0.3088716290363287
13,142,4387.5272312298275,41.1620417833007,0.7124076486563098
13,143,3426.430030633088,45.85757934690231,0.4791852283506266
13,144,2247.9459163009374,59.75626806556523,0.37345748825391567
13,145,1825.6757790542906,81.83435983899678,0.32029060984711677
13,146,1664.9678498969427,109.33147644698296,0.28988734121145754
13,147,1849.636882210974,87.72327854291794,0.2883294759275863
13,148,1679.455488816615,101.44557354769609,0.30481551675926255
13,149,1551.0565468457355,118.23441617152812,0.3213082914240104
13,150,3065.4485226789884,49.25973793576334,0.4925310187904266
13,151,1562.8083001580253,116.86136514475064,0.29038880506701403
13,152,1852.4338357666693,78.74140636157549,0.32831787069584806
13,153,1545.3154504522047,120.23990334630571,0.3293977000652859
13,154,2097.4903527359556,69.02143330855397,0.32379431169149697
13,155,1650.2678399711838,100.37531351154954,0.32946114395986825
13,156,1973.2851288399602,73.82017529440365,0.3243794690888393
13,157,1865.1338394039492,78.0754906928903,0.351678242944228
13,158,1544.1280330362488,121.08688537394676,0.28374545071965684
13,159,2725.7533109297883,54.750345063164815,0.48466393728903157
13,160,1693.1486994994075,98.24333220840855,0.3020658983733817
13,161,1728.9146314775764,91.97383976205874,0.31247978925503617
13,162,2053.9405811752767,66.6311643451201,0.35366584789592537
13,163,2156.503984097639,81.56194882962323,0.28919690564204004
13,164,1719.9643956138148,102.41799925149236,0.2831232817296332
13,165,2863.5728300055966,52.21088575902117,0.48347801344972297
13,166,1645.9673831764226,102.47553572914501,0.3274735390081709
13,167,2055.8707536412658,74.2077497713534,0.3007489090125155
13,168,1680.776811308762,97.20638144482301,0.32946114395986825
13,169,1685.7801040424577,108.0278012602947,0.2906272199967219
13,170,1863.2626186293369,86.9995804696326,0.28322511292249075
13,171,2073.657664352269,73.10656011856005,0.3216634427792364
13,172,1913.5021875139796,82.77601606196006,0.28459638649559693
13,173,1984.0152296188994,73.29602865237547,0.33719697272609395
13,174,1624.0961470347881,108.44621952158288,0.29140972321543046
13,175,1630.0683281492504,113.3239000055924,0.2889602814410068
13,176,1873.1504462996068,86.41037084487773,0.29783291637707876
13,177,2154.154917901984,62.735479431502334,0.37088057243659733
13,178,1832.4834054151884,88.85079498484075,0.29829475319980503
13,179,1683.2635758480517,100.03815284614532,0.3088716290363287
13,180,2149.7451870278674,63.43129574139949,0.35677034678516506
13,181,1954.6021599568928,67.84911756264442,0.35638546085188594
13,182,2584.584244883834,71.81536916846362,0.2832027727134232
13,183,1817.6442017673157,82.48129221936323,0.32729181529157714
13,184,1672.3832514458318,100.34795263617387,0.31764123628156327
13,185,1940.192410050064,72.73439988364545,0.37275846902238285
13,186,2060.8572377546006,66.58617946759564,0.3745595976553098
14,1,1321.398392936846,91.80456781210748,0.2539902554147204
14,2,2468.5408346332565,68.12973301802383,0.16597365571572809
14,3,1325.709969726017,101.63549372507632,0.21888225048641274
14,4,4636.084646663038,23.74548428441388,0.7560910720581617
14,5,3855.2370942351395,27.337879352289818,0.5070461076819548
14,6,2832.354848199506,27.815678236822976,0.25407947330418423
14,7,2425.6255369810992,29.134190728326892,0.34374832342645334
14,8,4244.047575912045,24.08557442112645,0.6499370605991217
14,9,3969.328871712764,25.629621771683706,0.568969704519553
14,10,4113.287544672998,25.24511627084567,0.6462976717856783
14,11,4258.482614010871,24.012229279664712,0.6499370605991217
14,12,3877.9750936163455,27.201652944772295,0.5591347624195464
14,13,1856.4319484679663,48.42964857689948,0.31208936020047773
14,14,2552.204130400338,37.06315539429353,0.19199616822925591
14,15,2512.7070958124345,36.02971550491504,0.19555077737162918
14,16,2263.43663409751,49.51515117517724,0.18159108529535928
14,17,1883.9004790609772,44.73463990698,0.3240815526718279
14,18,2473.8857834549895,58.01037940075114,0.16627990546751548
14,19,2311.4648917964346,31.879281339956243,0.3367228142579499
14,20,1324.2984198114684,99.72049407412575,0.22421481040482405
14,21,1625.116278477448,85.57409662939284,0.20564319151017685
14,22,2738.25648481421,28.971827254484683,0.23819267902617725
14,23,1529.5356588813224,63.302880240501544,0.2928928687931709
14,24,1650.1258783280373,54.72110088767351,0.29739742522867374
14,25,2431.079965349683,37.739808083369006,0.18611162611188803
14,26,1923.217432873583,47.77701331352783,0.23685719808973715
14,27,1506.6952372891683,65.38150864947028,0.28866480550108875
14,28,2358.0296908522755,58.73460735112929,0.17087579746916148
14,29,2097.5574625134827,38.69242944899746,0.19534535243951723
14,30,2289.732879174242,32.944524888902464,0.28645275649702384
14,31,1391.8409919630337,87.44063607451868,0.2195496784764508
14,32,2789.0385448138404,28.070031478717038,0.24843793723608343
14,33,1866.8125202137894,46.38047816092281,0.24304499279449487
14,34,2084.732210130384,39.71259053279581,0.19878835354827373
14,35,2690.6966876168826,31.90123100474229,0.2097838497903446
14,36,1471.6167027821584,79.58377454824249,0.22278655826785965
14,37,2400.155663459897,36.49687958609084,0.19996705996173958
14,38,1598.9571214091472,66.0528789868984,0.23516642627626538
14,39,1684.030081311649,80.60179855104465,0.19093934863926876
14,40,2386.1069753594443,31.062337721408813,0.25512494958493903
14,41,1588.804701904923,98.33099407287435,0.17957734033735662
14,42,2010.1369050085211,40.41998758298814,0.2688636768512218
14,43,2078.3687270417886,41.84086649678493,0.188788938105791
14,44,2227.4976836604305,42.73587133337291,0.1846639504678116
14,45,2388.071016120621,30.431275328183947,0.2561986154297635
14,46,2213.0245914293096,52.77400087872022,0.1758967271917875
14,47,2336.782286698227,60.3321993803923,0.17099828684460405
14,48,2180.8614719668667,50.28289373719621,0.18303106055618912
14,49,1955.6646900675628,45.48066706697438,0.19716204997781972
14,50,1674.1658856314243,53.31779026527753,0.27051188562474593
14,51,1633.1792586776353,73.4790439441295,0.2015826203719513
14,52,1349.969941623338,98.5263149536442,0.20773354931293042
14,53,2305.453845459365,49.0884654104565,0.17745725042406946
14,54,1847.3151744513211,78.21065110943024,0.18228187811454077
14,55,1337.8360625046857,97.57959699503456,0.22036270178911366
14,56,2582.33201167283,41.05511244230085,0.1853217879699578
14,57,2607.8845918718375,33.40761166642828,0.23303349249083283
14,58,2314.345708242269,32.777064183065285,0.27883561343949026
14,59,1489.7707121964006,72.51735068848552,0.2508517190754169
14,60,1346.477725824521,92.7304138931787,0.22755789732302745
14,61,1516.1265697180206,67.86836320713765,0.27949010174803135
14,62,2137.8759391307613,62.33042040436905,0.173753236085048
14,63,1348.5583917087895,96.61131530269367,0.21306610923134173
14,64,1394.968188884109,91.16810455807591,0.20388144069722003
14,65,1504.6221830225973,75.46933037711351,0.23587163084388152
14,66,1442.9104779608977,84.06820997442337,0.2079125273821809
14,67,2016.2447433438083,41.355020599443534,0.20804925664578633
14,68,1700.42301234397,55.452304058623604,0.2644465037952912
14,69,1364.6677003112568,89.764439681421,0.2598747975320883
14,70,1999.5700278543893,47.016479253651724,0.19564926565942287
14,71,2625.276545785844,32.27624366247561,0.20202974572488586
14,72,1385.6781884866355,92.26007402763236,0.21052768388681997
14,73,1470.1744430205997,94.94320129664582,0.2020621030541534
14,74,2048.4633959013286,48.56939459419311,0.18349180162158873
14,75,1560.603136543316,61.63644896752902,0.2829341663883227
14,76,1448.316951966273,73.78471991699776,0.27300480717213915
14,77,1407.676427749697,77.91141327728334,0.26289869340756056
14,78,2235.6802449030115,33.41766813625848,0.24994450079848818
14,79,2190.0598510633163,44.03630236668297,0.18844746639573628
14,80,2104.6472636919766,34.25595397515219,0.21570915303372828
14,81,2428.3157946180095,34.97413826464396,0.19766618145763104
14,82,1673.667498049969,84.42462791725572,0.18257354958884875
14,83,1390.9127544073651,83.36082044723929,0.2290307432206795
14,84,1720.246337753006,70.73645123516775,0.205906586124879
14,85,1523.8272956070716,74.35805842334416,0.23500767034916237
14,86,1581.9169132730751,97.41202599250516,0.18991451674878945
14,87,1611.4027492481532,88.26832997470639,0.20057203118056322
14,88,2828.3330380761336,27.820969379778457,0.25395698392874166
14,89,2064.287273848946,64.34164920442382,0.16921178593488406
14,90,1536.338929902578,72.27565886276864,0.22591292843903332
14,91,2338.0360433336896,44.46080752279002,0.1715410479283257
14,92,1627.9440766476123,61.68137828210209,0.2567524083776931
14,93,1579.9421446805995,93.4856432911835,0.20057203118056322
14,94,1550.2326265668892,65.17608344096828,0.2445383692645713
14,95,1361.2766734116526,90.43539337109908,0.224497657533842
14,96,2163.377619225608,38.26114270556647,0.19547544203570055
14,97,1502.7050850299267,71.49701748026511,0.24555829837987986
14,98,1533.5836027873956,68.79715801044142,0.2602538453051224
14,99,1982.0185204677744,44.3217684762705,0.19677059137176656
14,100,1997.942932288973,43.400843132500086,0.20804925664578633
14,101,1431.738422307352,80.95294898774684,0.2522791561487381
14,102,1755.9545846163035,64.47021030915593,0.20870072069876855
14,103,1774.0559243809648,52.024680416176075,0.26763230254120174
14,104,1567.2032420243145,63.63197510099176,0.2507781410104606
14,105,1899.8545806999518,42.93034466438177,0.24706556657946166
14,106,1731.3329990243599,52.4850649327073,0.2674691222537007
14,107,1825.7146283521265,61.46599158785187,0.22056408812360928
14,108,1725.800451190207,51.62773201875474,0.2774304578901585
14,109,1716.9368054243796,82.38449978656924,0.18845809170621663
14,110,2077.7749219378175,40.17794707703392,0.19956288942890055
14,111,1458.1011894557669,77.72049850235321,0.24113045497525576
14,112,1548.4030516189969,99.41608201625439,0.19185483200888598
14,113,1322.2177539272002,95.83959266461085,0.23870659849650977
14,114,1482.7071567869345,74.64370676415894,0.2470691892040442
14,115,1938.4305804739877,46.67711049750969,0.20058650290063085
14,116,1703.7247142961146,78.9280456076591,0.18851742456424603
14,117,1754.193844078664,76.21206739958912,0.19041470585562337
14,118,2580.701351266267,31.282472516874456,0.2538539328376146
14,119,2054.819947367752,43.772721904723106,0.1892598424694576
14,120,1637.7320748197988,56.20091966781776,0.266232122545496
14,121,1575.4468854251295,77.0616396134211,0.21672825990491162
14,122,1765.0277731878496,66.58296719268151,0.19384998448265733
14,123,2296.840315216397,33.806147673461545,0.22061389623351602
14,124,1455.5741446063362,82.98567054593583,0.21250412063536928
14,125,2654.3784790239033,29.979874357748727,0.23096783160402268
14,126,1789.3497055248647,59.687812306891715,0.2300245534509031
14,127,1527.4549393980358,69.33476875712088,0.24974833620926518
14,128,1933.346459339511,50.750313613894825,0.21760205695523638
14,129,2666.4710338857276,31.969145895991172,0.2099118893584908
14,130,1645.4213507358259,62.72714394720945,0.24012812448447107
14,131,2574.930857954092,34.25484597338269,0.2034930191327291
14,132,1561.4295315102572,67.11157665036235,0.23951469861221497
14,133,2364.180338320956,41.28122024504378,0.18117135647086968
14,134,1371.109371736532,88.08087640619034,0.23721755090229735
14,135,1736.034136366689,50.88450760343533,0.2865668697144237
14,136,1726.0323842759087,78.7039140095502,0.19417459726430408
14,137,1641.890552261332,89.63905271758217,0.18405380074678135
14,138,1913.757807645394,52.83111437604034,0.2217176216433181
14,139,1621.8950096769165,76.71292899018955,0.21582323659748326
14,140,1494.3505256301657,77.46981375169298,0.22410784694409713
14,141,1778.7707833447223,60.8286171758453,0.226876509260169
14,142,1744.513804676012,73.79873480701099,0.19384998448265733
14,143,1376.5701236869904,85.12594414152217,0.24785247479403694
14,144,1580.5053633585264,95.4970263415546,0.19524707666720076
14,145,1592.8218619846498,87.66132618876044,0.2040448211294894
14,146,1626.2529104710138,90.73227544460582,0.1984383422926861
14,147,1347.9951730308624,94.59993225232253,0.21839106374470418
14,148,2650.188817671361,32.00553662361209,0.22846482969370996
14,149,2114.083905527258,38.24302229882945,0.19581444727429442
14,150,1646.5758644976386,57.72068108106947,0.2463151274497477
14,151,1888.2820619670024,59.87592383353291,0.2015086906097565
14,152,1947.7563896739885,48.79525670819894,0.20031753367002025
14,153,1891.5042040731967,75.04287666222484,0.17447935547383508
14,154,1816.746600260659,51.16477019860106,0.23323838567226218
14,155,1830.0861195650173,62.53069925204375,0.21816867636264448
14,156,1430.3221640002232,85.55028538025063,0.206244501718718
14,157,2623.6939083086468,32.05107054906717,0.2326421553075093
14,158,1799.9892317151487,67.37618916667671,0.1930730005182113
14,159,1651.0155692761402,66.69194517376926,0.22921241782125534
14,160,1950.948447722516,59.35833267275429,0.18939978335827234
14,161,1363.5075843165553,96.38541787455301,0.20388144069722003
14,162,1857.3216021064534,59.08248563365573,0.20885643074468518
14,163,1418.2245541038037,81.38918966891876,0.25271022970112966
14,164,1374.6015875353487,93.87677746665581,0.21739320289220032
14,165,1659.404681215166,56.464064965625,0.2567524083776931
14,166,1874.1397892963557,62.45097799992666,0.18777347978781833
14,167,1541.1921473841683,76.31394236440845,0.21849907843837713
14,168,1659.7868236170193,68.64686513666297,0.22637270508140972
14,169,2577.6637536031467,35.306858963215696,0.19499188932242717
14,170,1574.418231800027,64.05048728982598,0.24405876963836448
14,171,1914.1862051657877,54.737827817081076,0.19677059137176656
14,172,1415.7272431396407,85.12776106020472,0.21586024380523128
14,173,1642.5306286781686,71.47749905710882,0.22188184175407244
14,174,1529.7024124010625,67.45893911986053,0.2775161043276064
14,175,1423.3015965305874,82.22332275804158,0.2195496784764508
14,176,1639.7594419382085,88.94614348630508,0.19520250192026367
14,177,1486.6539819874054,69.60504422058507,0.271577370098818
14,178,1797.7648743189795,57.420000604611424,0.23148993561676434
14,179,1861.4938360190479,56.370364226814,0.21125868021879413
14,180,1680.1958192124655,81.5916425629365,0.19148692346115936
14,181,1592.6006609669755,68.12995690471173,0.2278617276680457
14,182,2086.6139039642035,51.6097240197521,0.18112421807932577
14,183,2179.83860784818,37.88532228239323,0.19347456007337627
14,184,2108.9934104082085,38.116095114749285,0.20967556021624034
15,1,2897.4875971671618,56.41396192783041,0.2577877256041532
15,2,1369.9376053233234,111.55053470296305,0.33110882420329446
15,3,3156.7977099593054,33.41158247488116,0.6800377291599986
15,4,3305.281970688561,30.784951170208878,0.6694554116693539
15,5,3702.966887613671,32.619527950679654,0.5497215625333105
15,6,3315.219603660441,33.480986912506516,0.6588850795959758
15,7,3018.4341597748116,35.68522989837552,0.6170631178004626
15,8,3433.4521806374655,31.425603454222255,0.5705133378813727
15,9,3282.3296122670854,34.816290930365355,0.5932416874109343
15,10,1392.9492536712821,106.39785787257595,0.33110882420329446
15,11,3019.6642020542204,34.3400355203001,0.6144781405414044
15,12,3615.5916337942153,35.54702485359479,0.4969689341351362
15,13,2971.5179347497015,52.94755914120508,0.30505255572454004
15,14,3076.8309655282064,52.07137861806323,0.29940678464223325
15,15,3205.118300028257,31.59391556268051,0.6658543300300792
15,16,3537.632912658567,37.25372594781926,0.4682562565962307
15,17,3276.088137478031,38.34477473837288,0.48213548844774934
15,18,3115.362162570298,35.61175350291089,0.5604417584514678
15,19,2664.0542435199536,40.14241938146157,0.44340857613732254
15,20,2708.5948656116148,39.19066795168694,0.4416283464917363
15,21,3350.0845750481976,33.62195879535242,0.5404059820676927
15,22,2476.150860888841,38.68037215895916,0.4650925942762285
15,23,2163.5643452919994,46.7827337953183,0.4581810405029607
15,24,2333.4805962713676,67.3707761000793,0.27406820883390637
15,25,2753.52794971155,55.84708903747448,0.32691741033238486
15,26,2498.596549583603,59.683067904083245,0.3154112251590888
15,27,1667.299636316509,73.77896221399301,0.3581371961239199
15,28,2216.8670613349254,44.63006424691695,0.47641910977265667
15,29,2842.9188329804047,51.00147208785615,0.34066374031670676
15,30,2919.02255556271,36.108439765165606,0.5871441831734607
15,31,3691.5554931607876,33.33996599094605,0.5136257955717589
15,32,2077.3843264973775,47.628109062931394,0.4348437512979153
15,33,1734.1220388948802,60.55778378082135,0.4289368063734962
15,34,1864.317309421226,79.04475175028603,0.2881808095148273
15,35,2309.182361531867,42.95705419131615,0.41991214563265444
15,36,2612.9627714040535,48.88183995653715,0.3487988045641899
15,37,1406.4965821165458,103.27063907980896,0.3254638998817647
15,38,2396.7117827429643,61.348098818248864,0.3283530606146634
15,39,3381.3935833420437,34.391498155759,0.5271650591522494
15,40,3371.8509629979826,35.35252015930711,0.5343082237277734
15,41,3471.6749627387894,36.9926984748523,0.4769502738234159
15,42,1692.5993506846492,92.07106334497374,0.28984297832535333
15,43,3020.825044794018,35.97690318697678,0.590667290141873
15,44,1604.0438038445798,72.34701567997743,0.4065092418920351
15,45,1604.2359399475351,92.5425980248572,0.28717315653588926
15,46,1528.7778942509342,83.37387193196066,0.36748745929331506
15,47,1760.0345023302716,58.16315212381951,0.4872374303599294
15,48,1451.6342034980291,95.16698442107432,0.30782854835623397
15,49,2911.678236961014,41.447397051972665,0.4144006301241987
15,50,3519.0806479112402,36.49195673676833,0.492057421274815
15,51,1418.2853686490685,101.16276085004444,0.31836163308373955
15,52,1929.9276023431955,59.01031411782592,0.36161533585874395
15,53,3160.2306713485746,33.790953358697955,0.675859872085109
15,54,1593.6238962658426,69.96487932332086,0.4106961870383259
15,55,2785.565866440521,54.56035125502895,0.3036966460616952
15,56,2453.922818456285,46.37331560960835,0.3542947679913837
15,57,2544.797405202318,43.173358216222795,0.4038679612135887
15,58,3600.758621112733,34.951537449761645,0.5023902675326681
15,59,1973.7454301197627,55.254905948868036,0.3852627749567432
15,60,1530.3773548584725,93.67971716756865,0.30926338248412577
15,61,2692.225733703655,62.40204063162383,0.27741828156004544
15,62,1951.8386785277385,78.30504540731707,0.26775730089858385
15,63,1718.1109997269048,66.08412592018333,0.3525366348570671
15,64,3589.1981543461566,36.00194031389764,0.5065841288246737
15,65,2379.4862496024384,42.0571904032304,0.44809562261476543
15,66,1532.1382286733656,82.33749481981835,0.3830278107989642
15,67,2048.422467788426,58.2363383993043,0.34309111908054746
15,68,1436.797157539355,97.28778242581497,0.30692528149061715
15,69,1593.4947155772009,74.61986937604759,0.39544962675937256
15,70,1493.2338147198536,90.98386053608539,0.34526002319304183
15,71,2425.994566558077,62.83877826458427,0.28302498889910055
15,72,1568.3409675659464,77.39355779343825,0.363784906430876
15,73,1513.676960082642,84.3788710670397,0.3819267982842156
15,74,2249.292478269281,45.81695862235219,0.4389557352014961
15,75,1844.2435201817616,57.548475513048565,0.4051511744706673
15,76,2586.1515916763924,63.70346099158001,0.2728399715042258
15,77,1440.589906829193,99.21618686598882,0.30277351540398456
15,78,2093.896715551136,63.57121663566253,0.29054478100547243
15,79,1522.6997072029942,89.82519818980317,0.3154888109645917
15,80,3164.580147940196,30.95936037391061,0.6694554116693539
15,81,1392.4910442597964,104.33440412148651,0.3376527039270343
15,82,1956.7525310537012,50.56891641461234,0.5354029325572185
15,83,3132.0653126518664,35.100248702518584,0.590667290141873
15,84,1541.5583627109002,80.50814117838621,0.36942983075240576
15,85,3451.515470708472,31.9593547164677,0.5542841204097506
15,86,2534.2444153733413,58.188826680297026,0.2970072266131041
15,87,3392.0307193431368,32.0448509822167,0.560407936787243
15,88,2300.0267387872664,45.44876072031602,0.3917790579232765
15,89,3321.1294199015065,35.31920626704377,0.552664116788204
15,90,2376.688593273945,62.083503709075615,0.29495363743020064
15,91,3455.5329560059913,31.958664749251433,0.560407936787243
15,92,2227.062327784118,54.21107058148604,0.3317550782227414
15,93,2046.7060391607654,70.41163467853559,0.28128197948820244
15,94,1813.3968030590977,66.65122310987024,0.3287462328651465
15,95,1623.5802316847212,87.24314363733889,0.32170889987457585
15,96,1834.430416486358,63.89473976552104,0.33719439605458845
15,97,2289.404374661095,53.80771988389783,0.3467642839822993
15,98,2807.2819921547884,41.95462906295711,0.4069722824401012
15,99,1722.523360334117,87.88429958338716,0.28721050017918515
15,100,1550.7619190459518,79.28063241641333,0.3872135829877834
15,101,2348.7304820618674,44.15540727899409,0.4007357241076619
15,102,3294.41298273109,36.90762724682725,0.5115460523184225
15,103,2002.0016947090319,53.527145227360585,0.3979218214422602
15,104,3162.0153394057243,32.74962193790611,0.6709918634234882
15,105,1674.7481337951288,69.29495808756906,0.35291488491450096
15,106,3210.3427865665126,51.53480009915955,0.3109985328714373
15,107,3162.497609568738,32.42707424482241,0.6592620210942144
15,108,1776.946292669336,57.03067546141975,0.44139088784991287
15,109,1642.6960402762534,64.7987022077318,0.420674467345755
15,110,2561.2987094059763,56.05287227990242,0.3021970279578454
15,111,1934.0187334768846,70.91351863114093,0.279382477449051
15,112,3347.4809929783883,47.05243081306925,0.3109985328714373
15,113,2122.2374817172677,89.03176096496121,0.26051372601535405
15,114,1890.7082591350988,75.87109963359825,0.2836075671578975
15,115,1586.4105810154967,75.2931128144771,0.36595760091022456
15,116,2462.534063768455,75.53305913258086,0.2722517504171442
15,117,1897.5585953068319,51.54917920704338,0.45228284656982254
15,118,3563.291071823704,36.401462961506454,0.5121117411729017
15,119,1688.5546313937482,64.81180463851278,0.37155637847709144
15,120,1990.114547777485,68.24744649484899,0.308356872931256
15,121,3247.9361693549677,50.667300319781134,0.3214770466630448
15,122,2108.4381779759497,85.33645555446067,0.2647001309827637
15,123,2442.879428075552,49.08898119747918,0.35856406188498724
15,124,1796.8102923938402,85.07665921262074,0.3015128456190297
15,125,1553.3810779854502,98.08880897708005,0.3030500190398904
15,126,2359.2836777775824,65.24857307706901,0.27649690881241185
15,127,2642.5625616407215,41.55808395131435,0.42781589511347207
15,128,1442.5659805186137,91.15396067815622,0.3392776056234581
15,129,2363.521951491038,75.87180128286923,0.2690508927415678
15,130,3243.8900358897245,36.96341415896941,0.49569728810298486
15,131,3570.5049562891454,36.085598515395226,0.5042172258529973
15,132,1757.1884639781247,58.77624789500109,0.4405459450913014
15,133,2473.5245331660685,76.33074117794956,0.2623079398771786
15,134,1761.771233280238,60.9266198925384,0.41281416964213236
15,135,1903.2778689803029,53.27318557460572,0.4452096883651464
15,136,2242.328609960935,85.43661233236094,0.260145383883188
15,137,2263.831761234293,43.912699536002286,0.4947334106362682
15,138,1625.108502410139,68.32848238489905,0.39044742463396886
15,139,1737.995858614335,71.74233671695971,0.31714166146076295
15,140,1406.0825187140088,102.22658587838106,0.3376527039270343
15,141,2268.9883351292706,52.21102756316068,0.3708064513743423
15,142,1502.2282299793683,89.42103203044933,0.359785295986498
15,143,1820.5514941576807,59.581711166631806,0.4276306816040467
15,144,1840.307135934837,81.41114670779646,0.2983380843154819
15,145,2026.487029392934,52.669033902753995,0.41608486123892163
15,146,2158.103358079225,47.405876323962985,0.4520251852267769
15,147,1895.3517310163047,64.72535102714009,0.33540119507315325
15,148,1996.9991359032633,48.1799364907728,0.42614286045523997
15,149,1433.4917651961503,96.09830514401949,0.3396217758989266
15,150,1466.3477668551582,94.5100313086201,0.32348958896572455
15,151,2799.2325641411267,54.84346620066671,0.28246560067896453
15,152,1423.2498290940914,100.41500121858193,0.3125702058121469
15,153,1783.9021982428264,86.11411677541125,0.2936879355781663
15,154,1792.2765520102862,68.87826913627933,0.32967291712850155
15,155,2128.878149011717,49.062333334184494,0.39398733034171585
15,156,2672.373952448428,45.526300760040506,0.36809958674643184
15,157,2191.803430587326,50.210808346330566,0.38072609449676875
15,158,3307.022525729115,37.167241264022,0.47883619593487836
15,159,1947.027594690719,80.7957006106885,0.26527818126066904
15,160,2900.204371106987,36.779383992094026,0.5871441831734607
15,161,1427.0425783839294,102.34340565875581,0.3084184397255143
15,162,2840.71949820129,37.483359037592315,0.5134332721808512
15,163,2210.6916715192488,47.78086594825282,0.37519593683191843
15,164,1537.5992158861393,81.71435229117368,0.389183666075148
15,165,2822.299170824767,52.12267011299632,0.32183842121822437
15,166,1616.1618651518013,71.08308437889971,0.3769247100589439
15,167,2154.2952099079466,53.328927242975304,0.3688741846471366
15,168,1659.1637249068513,65.50190819788872,0.3982133873600944
15,169,3153.6370987261757,43.10826899862413,0.34715762393097904
15,170,2181.2852155549003,49.64371464357849,0.3867696790757833
15,171,1436.383094136818,96.24372922438704,0.3191140855358867
15,172,1946.093113735961,55.72419064931655,0.4358891982553246
15,173,1791.1018182355097,56.54037659521371,0.44754674312609666
15,174,1422.7916196826056,98.3515474674925,0.3191140855358867
15,175,1671.7791299396997,63.09380982539878,0.39390367450103625
15,176,2632.819749657642,44.098873858455626,0.38779493370240203
15,177,2208.761540763407,46.72784381924335,0.3753460394557493
15,178,1743.7202530229088,71.40610517746562,0.3115616814432478
15,179,1483.9256759463378,88.58890029586976,0.37095968913549626
15,180,1419.5779703022195,100.41480283391653,0.37722267191966097
15,181,2619.744109525823,71.48715472097757,0.26827441271947805
15,182,2235.7171765424314,76.83597819973153,0.26518509385736166
15,183,1568.831532495502,77.18018743745219,0.38938627746713195
15,184,1467.370415514774,91.0028525644227,0.32001735240150353
15,185,2837.509216966301,56.150168592633904,0.2820234039067877
15,186,1645.3881802258265,66.26746194208654,0.39847691685796605
15,187,1503.204128053527,84.74769229129981,0.3284656604257101
15,188,1584.4233121100747,75.7957382901021,0.43529359326264583
15,189,1900.4680648224294,55.550772345158734,0.4453699990696727
16,1,1667.2354738791355,77.89357955354649,0.2307090529082263
16,2,3898.0326855867675,28.26562173741023,0.7257558088201055
16,3,1321.6352168597646,95.7654467361974,0.25939680429130085
16,4,3956.5404263496202,30.77686845201964,0.47111873964699136
16,5,3470.982019169696,29.497757409715312,0.5664671610100829
16,6,3668.1569453090774,28.955845416417866,0.6493923602638159
16,7,3613.2659035701186,28.847282568362065,0.6671870791119812
16,8,3342.4832912105207,30.20837966417446,0.5045610921452788
16,9,3636.904548059598,29.892380912705978,0.5375649756536536
16,10,3553.824712256298,29.44811159557871,0.5655148943264461
16,11,3397.954218882232,30.085843323853226,0.5495275793442413
16,12,3087.6002122043524,32.024874115588474,0.47248614031884806
16,13,1740.8603833878574,65.20224116684767,0.24961968961383185
16,14,3198.668618177837,30.692742044335034,0.49150251928929656
16,15,3934.503059267361,30.911814058038352,0.4523155458096273
16,16,2807.354605122024,38.96555486806985,0.3895287975189934
16,17,3247.0786714927026,31.804087152478267,0.45907203530610907
16,18,2118.562160733346,45.06466313275599,0.44350120729735387
16,19,1706.9507768115748,62.70707346852955,0.2695234509548943
16,20,3179.912105393503,35.29726319641383,0.4006993663376708
16,21,3740.654888504583,31.916856063209195,0.43275663239801965
16,22,2882.210862571506,39.03310683939065,0.3850470234279033
16,23,2513.2534856664643,39.42177048676374,0.41150811359746164
16,24,1814.155681094303,75.05282863552645,0.24107948082952824
16,25,2123.9074671824333,52.66273105001077,0.2895156504608334
16,26,3313.6277696024435,33.392854186445184,0.4381012628534311
16,27,3357.531518375315,31.063968479967713,0.46922275159628946
16,28,2164.991388858736,43.531242830973135,0.37734122229568534
16,29,2564.243834288483,47.02817996643449,0.2843942905781365
16,30,3159.4687600558796,36.23520339786653,0.38260434575148317
16,31,3855.338033691746,32.46156070950861,0.4266911959559163
16,32,2394.532023049977,40.860251152701046,0.3599534288953432
16,33,2819.465691107639,34.32484267194731,0.4276874332409353
16,34,1418.711615690358,82.90063192439926,0.247137263524829
16,35,1376.194449713213,86.65393979106564,0.2502154210679688
16,36,3266.9396997318113,32.685328027136215,0.4393708171944031
16,37,2980.7726362224375,33.39282183006815,0.5420297008977624
16,38,1471.7847930662072,76.86323062528395,0.25776714319807503
16,39,2036.3397923037523,59.288038233203864,0.26303567034021746
16,40,2446.2745126735936,39.89553646721704,0.4313596732638292
16,41,3719.5913267697215,33.49954824273527,0.41908733845706614
16,42,3792.5789933197952,33.00806937053054,0.40960364452259945
16,43,2341.946901110569,45.64536508375584,0.3243362301511201
16,44,2489.4250362877424,41.4729756582633,0.34182359926543704
16,45,1326.771307811036,94.6894226880859,0.2488253437655512
16,46,1494.5271329489271,73.45042600234413,0.2809509986887999
16,47,3436.544665032666,29.70379245390474,0.5495275793442413
16,48,2155.1590448624697,44.97770820377922,0.46515256427708884
16,49,1399.472684984449,85.35302679190775,0.23191139031824726
16,50,2709.3204807336356,37.45517267550419,0.4983907750283816
16,51,2429.727042629295,40.704406520397804,0.46823545809293954
16,52,2219.499496277359,49.88505273232585,0.27433408432502837
16,53,2776.0896359042627,35.28833679844997,0.41342849907320733
16,54,2472.204991982317,44.28035288198188,0.32277942364400936
16,55,2227.955409308848,49.249338004403796,0.2866728451736673
16,56,3807.2779591075073,33.4212468449473,0.4037154294277965
16,57,2909.697435518644,35.0528569583096,0.4210714566467093
16,58,2263.7636848111756,44.54310053863371,0.3679410193060644
16,59,1343.305684292352,94.02356665872466,0.24081617100159924
16,60,1642.0253075188978,58.50094420032617,0.3338053870059614
16,61,2382.721278761009,47.601459915852914,0.26854471244194933
16,62,1355.736673820272,92.02220962367754,0.2341156644403366
16,63,1890.6750257626702,53.47162208601405,0.3373799081762119
16,64,1876.990379587736,51.1840569149944,0.37027106543346555
16,65,2298.9872908376,45.793101906489575,0.3208890186179243
16,66,1907.6498776959281,59.91271149232779,0.2758496908729118
16,67,1835.5690047318253,52.943771185368796,0.3801722459335988
16,68,1598.4437917332643,69.39316374433396,0.2511811029560622
16,69,2017.3347712997147,47.200250807068464,0.35387774979486686
16,70,2769.4979706331937,35.761799113826804,0.4885238714527649
16,71,2193.5592099736095,49.239029718645696,0.33857760014790905
16,72,2626.5542340734964,38.55759249673193,0.4215528105023747
16,73,1517.770347110266,71.65137324440876,0.2784781045911995
16,74,1771.418984829094,54.87378772956933,0.3350181526643059
16,75,2582.1016782331494,47.2523845584651,0.2763689781722558
16,76,2458.6002519963677,41.84874579311603,0.35324194706954337
16,77,1529.8714257148604,68.52399850348274,0.2925823886689951
16,78,1950.071602371367,54.1161464086381,0.31821724264143647
16,79,2979.11690090763,33.89232934337403,0.4382657693195764
16,80,1553.5556686006425,70.33102366749922,0.2670483575125555
16,81,1908.0298219322847,55.447330701192485,0.3112301826331194
16,82,1803.4496902180379,56.30550793633643,0.30790018283005516
16,83,1394.4873564123413,90.21264410715646,0.23191139031824726
16,84,2086.7885830613027,57.531184866253085,0.27822300166144665
16,85,1352.064541786243,92.97803994228202,0.23553373933637012
16,86,1922.8732270556675,53.36067496482819,0.36980978410007914
16,87,1549.9539835568903,67.91231457518592,0.2740485555210146
16,88,1573.4076541975223,65.71937307674115,0.2949067416129214
16,89,1456.1331257163833,81.4722894086655,0.23533942908148298
16,90,2285.39775848199,46.76126861632157,0.31672688675160465
16,91,2261.0727791542713,48.24552524663188,0.3014948689492787
16,92,2683.741939721023,42.23247441112989,0.3138502736573816
16,93,1776.983035824358,61.01246413805372,0.2706271367742037
16,94,1699.6205266053846,60.56933850402821,0.30373729568315433
16,95,1406.7033308951304,81.52688557047969,0.25416927899105524
16,96,3005.4832557888076,34.390775598863996,0.4119131284509283
16,97,1846.7258705190368,54.314374201570324,0.3470905199801759
16,98,1364.049575120925,90.97038582212231,0.23191139031824726
16,99,1542.7635178169394,79.60374814055574,0.23394526588227826
16,100,1414.7289263533523,84.20265532882891,0.23191139031824726
16,101,2354.9234489883843,42.68432281470814,0.3453744798639544
16,102,2363.346815102633,42.97030667452782,0.3431186422246011
16,103,2652.6453519852234,40.95303749768754,0.3246895175552833
16,104,2700.271525772222,37.463643344125344,0.4610056057047327
16,105,1533.3361093314204,80.72556384797699,0.2361495400043676
16,106,3040.953625340334,32.86336990446572,0.4776857884831873
16,107,2733.405306884784,37.20812162843337,0.45541313207522016
16,108,3870.0369994794582,32.874738183925366,0.42080298086111334
16,109,2080.241720632117,48.625050565518414,0.35048076058705213
16,110,1528.452866089262,69.93142303936011,0.28315527281088926
16,111,1687.2592166987868,60.58124943800941,0.30625595888196777
16,112,1986.437660137554,50.23686846110197,0.3642694529884043
16,113,1338.7563411457181,92.68176856792618,0.24520299474742835
16,114,1608.3869133218693,62.15126017930122,0.3136003325583001
16,115,1482.3512667752907,76.26300104100159,0.24471767832184632
16,116,3035.4863253865515,33.61192043942309,0.4639110336309695
16,117,3260.6999520734216,32.207179172716735,0.45572592789123156
16,118,1988.1355889016775,46.139252083892494,0.38859049605049556
16,119,1511.774089569801,72.49115081282663,0.27627383046911014
16,120,3042.5997511834225,33.2374695527883,0.4715717153093433
16,121,1648.2114733301705,61.63997991546989,0.3192642063365536
16,122,2062.312095545451,51.372344135270204,0.3006438067887398
16,123,1526.3364045688459,77.873600652888,0.23977188902249047
16,124,2757.9203358885957,36.299005684541235,0.40948200796673184
16,125,3009.9740234082087,34.2928563541929,0.4184999290972993
16,126,2248.7517714489054,48.91484450829275,0.30060599220560924
16,127,1470.3662334406085,78.2706551611613,0.24834002733996918
16,128,2096.7771687427166,53.098201797933484,0.2983381883849159
16,129,1387.510932056267,84.72257466188454,0.24351491450670615
16,130,1428.342975792926,80.39368793228243,0.2610472373477375
16,131,2421.3482527525275,40.816517890006914,0.3732048299315256
16,132,1580.796943304228,67.17299808426066,0.26342600849443265
16,133,1536.6430799929979,68.9274687265333,0.2733337580745907
16,134,2099.2515123303165,49.134204586256864,0.3406229289804603
16,135,1436.692906565505,80.05320023653194,0.2457191886287955
16,136,1910.236893941233,56.703177233434474,0.28011769102268325
16,137,3015.248775909279,35.57764657032642,0.40306904387702325
16,138,1345.5549474441555,89.43106435025214,0.2533968524877839
16,139,1378.0602431642478,88.48249661948873,0.23773801345845946
16,140,2883.9136437705106,36.48511050344406,0.40366051882065257
16,141,2680.2336035898197,36.79749943473884,0.4999287715415921
16,142,1625.8383376752806,71.09314868572626,0.2475703734061252
16,143,1708.6393994994664,58.62235397839928,0.3250822907741
16,144,1720.6244328341484,56.61469985823956,0.32145994175597714
16,145,1873.1180098201023,61.571631049676796,0.2688250422232965
16,146,1956.0726053764263,51.95275187031949,0.3266074957366438
16,147,1963.9340565341438,48.77162527594584,0.3751075125424368
16,148,1807.9944881905826,56.304227495923215,0.3246334555009174
16,149,1855.876799363948,54.56199955840749,0.32894921984777703
16,150,1669.2665822224833,55.3429186170876,0.33018303798783855
16,151,1666.046508514864,61.04247727780801,0.2805119801552305
16,152,1499.5778008481657,83.43334499820072,0.23394526588227826
16,153,2696.4073272828314,39.75998265041891,0.3454803604939425
16,154,3037.099258874589,33.84234284099126,0.42385256318740794
16,155,2612.7448590696413,38.30105159127767,0.4999287715415921
16,156,2735.405704021555,38.018991204930856,0.41162690440988037
16,157,2741.5577680284364,36.94725635579897,0.40640385042359206
16,158,2661.1071375031006,38.42895091534022,0.42751862117584416
16,159,1629.6261925771335,65.21356962193926,0.26392056147756016
16,160,1440.6340327057885,79.03163169737581,0.2620809961684163
16,161,2056.2814694822227,46.30472211677848,0.3729903422667906
16,162,1402.76717342517,83.57220319880568,0.24351491450670615
16,163,2077.3543149607403,54.81282970423068,0.2994103056680526
16,164,1714.5004914023723,57.42322385477084,0.3026336098638449
16,165,1525.466725587699,70.61421719531064,0.2723686209732019
16,166,1587.2359403704918,70.76729059653826,0.26274205664961947
16,167,1670.8281243750741,66.89685049732348,0.24851600379452243
16,168,1680.6591401101946,75.6601991264925,0.24147769691704646
16,169,2293.592926224069,43.25822921584452,0.33010467837442725
16,170,1574.2435821620384,75.44283870353402,0.2422686959210747
16,171,1970.5447713328201,46.79597818706304,0.38859049605049556
16,172,2003.6941233415487,54.8227527513853,0.3179822786348634
16,173,1582.233953545315,62.62267092620934,0.2795883651926889
16,174,1857.4559888749743,73.34467085341791,0.24551764673096166
16,175,1551.0433348297681,72.96330723220497,0.24554879007073716
16,176,1572.2709379773287,66.5148579947317,0.32210278482167176
16,177,1631.3330087364852,65.65733989564951,0.26049252271432444
16,178,1636.0318132212083,62.02427765407087,0.3295309182782109
16,179,1388.156202641395,87.28439192108887,0.2386118968795099
16,180,1571.2025170296788,72.55118932757252,0.2548034519741851
16,181,1386.7707819721331,87.85500310154323,0.2455172520222728
