Cluster,Solution,Distance,Turning,Elevation
1,1,160134.8267639458,106.15625762779872,33.022046671975616
1,2,172805.57428072765,110.90641935070164,32.83193774995574
1,3,207764.05443610667,85.70632941968682,32.6819073221894
1,4,371260.85877933237,39.338534254420615,35.31790009325293
1,5,371260.85877933237,39.338534254420615,35.31790009325293
1,6,307100.43486745795,47.24192530301689,34.49273465862727
1,7,309092.118502719,47.40434484544073,34.28981362797222
1,8,262979.13550917554,50.27854601706971,33.31443765363312
1,9,332958.6356688933,42.35652398937468,35.17711133542919
1,10,251105.64502170339,50.58356948841132,33.76589741368942
1,11,354541.2387450173,46.311904104864446,34.96832307975804
1,12,251382.87354705174,51.39763886186674,33.667701586803844
1,13,355651.3569978002,44.10426699506728,35.1074108233764
1,14,359371.97385527263,40.166849568122934,35.30324245020613
1,15,369162.82128002634,40.09103289714483,35.23663414837847
1,16,238880.8295539312,53.85658128175158,33.53543557279609
1,17,217923.09518019622,54.787466486939465,33.58323712861299
1,18,211978.94787382617,57.39171851239837,33.45790753351172
1,19,351040.1072646515,45.07459232902668,35.148879158282675
1,20,351040.1072646515,45.07459232902668,35.148879158282675
1,21,225603.23090492556,57.72973144414235,33.33234649698308
1,22,204988.08119594317,57.29089940339586,33.6674444376284
1,23,227397.2870023707,55.465032737712995,33.24670315553365
1,24,244649.14370969217,67.929598864554,32.88319486704362
1,25,172932.7891314493,109.91937067893953,32.82480795197732
1,26,352978.8755289119,45.06394656425447,35.148879158282675
1,27,161182.16225950597,108.02050309877629,32.890539825965845
1,28,207732.97299356415,60.93983048778727,33.528758854680156
1,29,185192.48962294543,70.56379964903711,33.200568740254475
1,30,163243.17783021482,107.30967171150489,32.95938524142554
1,31,197586.5601814954,79.93150244497603,32.81340192946803
1,32,172350.56280564988,88.01790483956336,33.2296764638312
1,33,181221.81784960098,84.41115872077823,33.091758153721294
1,34,206180.8036136583,65.18481088264211,33.17589759709438
1,35,170122.6528713338,96.3903475707597,32.93885331069579
1,36,220826.4043544376,64.19220939065411,32.97903187117396
1,37,184226.85311356082,103.06019412918248,32.74490503889652
1,38,203607.133198046,77.70009142381157,32.71322699239832
1,39,169983.65409249417,101.20097285984892,32.89353560516001
1,40,201184.54741856607,62.27022459417719,33.315379510222314
1,41,172418.01687722318,97.9693688180335,32.92705221433321
1,42,191465.3432423012,71.00490271256612,32.891587391601206
1,43,236128.99163408525,57.87801355382269,33.07133285937398
1,44,164501.6433827721,105.35623104078077,32.84990123536504
1,45,173128.73291628994,101.95835276915169,32.862421220784825
1,46,217600.56792818292,65.78330477026671,33.032983214608876
1,47,215184.5531121765,63.5193107564247,33.15050036010271
1,48,173802.31845819973,100.25145626355705,32.747240372501274
1,49,168680.53334878947,90.92842460208617,32.96317404624287
1,50,161652.719158177,103.9990779372961,33.04960394558455
1,51,172724.29855764814,94.48560408066515,32.93687598127477
1,52,195709.54630622204,73.39544992559577,32.844765890085014
1,53,162338.15576633252,104.77295433511934,33.03134079810887
1,54,180275.95375871702,86.09867243012376,32.77266303883039
1,55,195871.51260367472,69.64343168275985,32.90245694985517
1,56,236762.01982593382,71.40056550653208,32.83731856548316
1,57,177089.10285920868,93.15016770451352,32.798961558917526
1,58,166933.51294206013,95.46590380747983,33.05534370179602
1,59,175445.74662325621,92.21929337910296,32.94510458655409
1,60,165165.6986076534,99.628854313248,33.03653882511172
1,61,200166.19916663883,80.59899362655118,32.71322699239832
1,62,199207.4349517132,74.66410240382814,32.833595737284355
1,63,203420.9196219761,76.5171795145349,32.803147922230835
1,64,168638.04680017242,93.63753278726195,33.11597492120926
1,65,190550.42552019827,68.37139070755848,33.12556451273269
1,66,237929.10261224263,60.42540123811266,32.97600442562906
1,67,188831.97630206458,73.56622329136582,32.9781579007917
1,68,209381.94781237387,75.55403051749491,32.74363129461031
1,69,187308.8254082527,69.21100234772719,33.274811730574356
1,70,222335.50951233308,63.60291809882827,32.9063991941012
1,71,229963.67385733273,61.48653126099046,33.007559121727944
1,72,207091.89650033077,76.00190748828751,32.76433041027131
1,73,184617.87762638734,91.67697613272027,32.764491496528535
1,74,229217.16479875817,63.02090109852685,33.14637905465846
1,75,234217.39459082796,59.665478941366786,33.19630023276814
1,76,210715.1771217597,62.8785058152987,33.17220622966533
1,77,170808.81497255864,90.03981349829067,32.9946630636551
1,78,225975.23724336157,72.20782112207979,32.86777664031054
1,79,189102.0835707849,81.56796045611576,32.88709627963392
1,80,167045.8512549548,98.44225381859108,32.97986105600539
1,81,179649.75055294286,78.36319947090571,33.115176670393694
1,82,179070.86276757834,82.27728217858551,33.16189189936375
1,83,235453.44686873927,58.80393231460471,33.042166689242976
1,84,225624.10589125424,61.54418402885661,33.25413308578622
1,85,171635.91457195533,89.94656164468786,33.11909425795828
1,86,209638.8369342147,59.39023092258573,33.28826270521511
1,87,213679.39473338923,66.49982642656224,33.1609474205531
1,88,242549.67076995023,68.64959072650888,32.792926155635065
1,89,173352.39822384945,95.88193057776184,32.91196823484515
1,90,187352.23887683195,72.57629587245438,33.016284049228545
1,91,175841.01908312633,87.10304755075668,33.04725317896555
1,92,207932.9629285526,61.02844009731308,33.298636983798445
1,93,184418.721286798,83.32518404718363,32.909175106258616
1,94,173960.2758436222,98.81043190660488,32.88229381008155
1,95,187011.78579558647,82.51201752674132,32.900840853877575
1,96,178199.37868570187,85.11474652105366,32.79854001723277
1,97,234809.2463895795,58.87196387392604,33.061130985984875
1,98,179947.52272691947,78.29759038409706,33.18306087374749
1,99,213691.59422572074,72.21173486864531,32.72733503910402
1,100,174855.4872297088,87.83581615085691,32.96268011314213
1,101,232307.12484259313,59.79999695877607,33.14196710119978
1,102,186668.8607743413,75.13026228943565,32.95248554341569
1,103,191439.91738380605,81.33464986847991,32.873069002808066
1,104,181701.86764012475,77.18066825333389,32.998151140068195
1,105,212848.61055946298,67.61034825686453,32.97445963254204
1,106,172639.37429411896,89.00614271982192,33.04041903748664
1,107,207207.94270278938,73.19704691801913,32.81334419966329
1,108,177671.5056668217,86.69833485045129,32.96747565373562
1,109,221869.317840726,64.00619589071917,33.01345696068888
1,110,186244.5576638542,83.7253148848236,32.87703754255427
1,111,183317.4211219491,81.36418482194,32.95466151787871
1,112,211395.42497963752,68.67153892176422,32.98995986018346
1,113,173581.124431181,89.07686457926569,33.01883597740548
1,114,165891.2867053825,98.00018615821978,33.00920386998469
1,115,174118.3771400566,83.85495433379522,33.2484813405155
1,116,202269.13097232243,66.77516120166386,33.03556881858839
1,117,179319.55884025228,79.09491249046609,33.13843846403765
1,118,186809.57566011278,84.85906791095199,32.8560060883647
1,119,198767.2921470279,66.8223800122684,33.298636793472426
1,120,211575.73574189938,72.29798976956468,32.79099625411409
2,1,79325.50400426905,105.11177284832999,32.975216409462874
2,2,79325.50400426905,105.11177284832999,32.975216409462874
2,3,98084.94330359228,98.91963104039237,32.86229831509554
2,4,98084.94330359228,98.91963104039237,32.86229831509554
2,5,87854.092918623,108.82649737507599,32.92746412352614
2,6,87854.092918623,108.82649737507599,32.92746412352614
2,7,247513.05727363756,46.784088873144775,33.49290954609468
2,8,198602.28731856932,48.39272215977887,33.28130976737703
2,9,195784.97834900478,49.7033282281674,33.447998359229345
2,10,240341.00739099068,48.18690148243618,33.462775207160185
2,11,159893.043817717,49.875018740416294,33.154102118259466
2,12,173466.8206676457,50.34302317538003,33.08309955040621
2,13,153072.15274640082,51.687081355986216,33.093007549616146
2,14,145273.22129818474,52.364595673783434,33.03700573727445
2,15,125722.30859775508,59.65824349839685,33.08244515791936
2,16,160666.55102041946,50.73292248431391,33.04374506580123
2,17,133836.78489261752,54.67375584183395,33.022710941787665
2,18,134192.43348001724,53.826252016390505,33.006216086877004
2,19,117549.47112885641,63.59560775644318,33.06208828299772
2,20,87861.24331158331,107.77736186336979,32.924331037103556
2,21,155450.41585123556,60.114511163403016,32.9939445482518
2,22,130350.24497518563,62.526441762066376,32.94337704770979
2,23,131230.03344267336,60.656232261022495,32.982658960158616
2,24,123876.85896435288,62.10151584431872,32.99856668427353
2,25,107314.47210621992,69.4487227090179,32.96534559947623
2,26,118412.75075593407,64.7739427149955,33.01183409971426
2,27,118844.80578572731,64.37388266101495,33.022205236041025
2,28,116005.45754232445,70.69750325826452,32.92110184828761
2,29,93554.84930688597,90.48454744797978,32.8917163465947
2,30,100231.57661672514,97.10874251004272,32.87018299124607
2,31,110708.69952131712,92.8952427839867,32.873308251339935
2,32,109675.9033026667,72.32360985347255,32.94620958775894
2,33,86083.47086667911,96.27360902372418,32.94265352116148
2,34,113556.3567723234,66.59409572912654,32.99001149291716
2,35,83919.11525332218,104.75456592622565,32.93113491518847
2,36,108822.62421331905,80.59340432194712,32.88853538608649
2,37,101688.43401921293,94.84031368908421,32.877901829020495
2,38,119245.16441550312,68.23509694014783,32.91216785389382
2,39,117872.71229861632,67.24980099122159,32.95855665890336
2,40,160098.93577872237,52.167059918053184,33.035105525530305
2,41,104301.80996768911,75.38850165969627,32.95186272672041
2,42,100662.47751200323,74.37595178989886,32.95633743765854
2,43,85367.33005864467,99.72080002765051,32.945461062847635
2,44,114429.54484766851,73.48791082141571,32.91509174118993
2,45,95948.57943803362,85.48361385002217,32.91389990221139
2,46,105624.94996032133,78.3875557427531,32.91857508651665
2,47,90330.48465854983,89.22224666310855,32.95570115511209
2,48,97233.93277540297,97.94557995179724,32.87018299124607
2,49,125247.85873962285,60.74837644889521,32.94533888437198
2,50,94622.63146326714,88.91156695654452,32.93276566865954
2,51,97323.02647219515,84.54133922386269,32.89673477119283
2,52,90310.43133116465,102.67869246671385,32.906115125143664
2,53,112149.29558092538,65.75672031217522,32.99743412027471
2,54,102474.74156046174,77.67740495636505,32.948079824158114
2,55,88028.19876569715,93.7103234522767,32.94312511652214
2,56,96334.50688453278,86.28945982463337,32.8917163465947
2,57,85747.31427443096,94.37940148958931,32.951351958457934
2,58,88222.27487112102,87.90953266846795,32.969754165423915
2,59,94430.41279538635,79.9765851660997,33.0280436966366
2,60,89069.78816779192,98.178707892059,32.909701038729956
2,61,98077.11040315134,81.44151351540967,32.94568989786756
2,62,91642.48957540936,90.7391523741198,32.94906692229527
2,63,122775.24292404616,65.56826777084015,32.958035170265156
2,64,98818.87540444014,87.03426204513394,32.87971180757472
2,65,92702.55673622967,82.24312517281363,33.0280436966366
2,66,111880.55338862723,73.18611323001419,32.92968702606072
2,67,111674.41993923119,76.26531753110653,32.93921055634873
2,68,111674.41993923119,76.26531753110653,32.93921055634873
2,69,106088.65839484177,83.97546784264024,32.89751329457616
2,70,107826.58550526078,68.45030361746046,32.97460976509791
2,71,116779.15198225199,68.63820814122192,32.94523616018919
2,72,104097.30855666805,77.49373759867986,32.936504577278406
2,73,88541.27101043506,91.32573893774213,32.951874463981426
2,74,125011.61425807649,64.852378841902,32.9755472786367
2,75,80097.41641253405,104.05874493121357,32.95397140049378
2,76,94876.24475465235,86.33569313704282,33.00695138905387
2,77,81298.33787934865,101.30327523083295,32.967531871264626
2,78,95280.02525656362,85.08886016387167,32.928512239269345
2,79,103098.64835610616,81.81836080405483,32.908501465567646
2,80,92228.95183625532,92.48091655728786,32.8942455084354
2,81,122215.04300780848,65.64798517283569,32.97646433266425
2,82,98873.83631432788,83.20818356886667,32.90787430534859
2,83,98840.63606720346,83.76643070300652,32.904428511133744
2,84,86779.49965358688,87.53221874979316,32.97621082642272
2,85,90440.98699266135,95.6627117238043,32.8942455084354
2,86,94583.01799203377,103.19740383140653,32.873295622175625
2,87,119985.91796156629,80.37968614638909,32.88417665498606
2,88,101391.9788586964,78.73032169094489,32.93423393803922
2,89,106616.0545638063,77.05971275329745,32.9003664628789
2,90,106616.0545638063,77.05971275329745,32.9003664628789
2,91,99534.78484353544,74.71873321165835,33.02602892475465
2,92,99212.11709170682,82.69796571433389,32.91693980202953
2,93,114198.12246604862,74.73232462842438,32.92017862541536
2,94,86753.58189438007,92.0285833289145,32.96870386004248
2,95,93029.65802903924,86.87620335490048,32.93983784553335
2,96,119124.3211443353,71.00765006643915,32.90726284187661
2,97,92077.67788290627,95.58161745080935,32.91637133838162
2,98,97309.4813224161,102.10765729088735,32.866018304186085
2,99,112941.57885768611,65.74618909846501,33.0034668510976
2,100,104769.3015246909,79.33739758024346,32.9278685567959
2,101,87664.05441923634,104.13289218167586,32.93113491518847
2,102,120843.70375832327,65.71762354802567,32.949434518361485
2,103,120001.13643121997,62.1796587479312,32.99253395345064
2,104,88414.76618440106,103.5884942007879,32.93054385257703
2,105,118982.57894890317,63.181249167976304,32.98684712629174
2,106,81940.24297011567,101.06278751025505,32.945461062847635
2,107,85099.85072446,91.71999168759632,33.00491586765653
2,108,84668.0709649195,101.63331633306522,32.93972081458038
2,109,115884.3422769161,69.14061202684441,32.955135130410625
2,110,82079.15567793234,98.5427474464652,32.95397140049378
2,111,115196.90198309868,66.75723337063803,32.96095501589371
2,112,115774.03516070456,71.94191706527319,32.92618873251304
2,113,95573.76767761068,105.01061843011779,32.86749844668169
2,114,122359.71929068757,79.18298323702612,32.87606568102961
2,115,105042.04819580006,82.4226816323636,32.905630493279226
2,116,85041.46153508998,100.47620094663269,32.94265352116148
2,117,119002.31462558005,79.01935722048506,32.88450501206143
2,118,103083.439897499,71.66149793285445,32.969792217482166
2,119,118837.44401149318,66.8637072786747,32.93542577701776
2,120,100391.7937061139,80.51423103417554,32.963497134488854
3,1,135270.68257853147,103.94883909828647,32.61997974166688
3,2,299651.3807263242,39.34670696429574,33.32373868594282
3,3,299651.3807263242,39.34670696429574,33.32373868594282
3,4,161684.23513833416,71.08949601810136,32.53583553197691
3,5,161684.23513833416,71.08949601810136,32.53583553197691
3,6,303146.83816091024,41.197175220594914,33.219901844307145
3,7,126395.30253854967,84.86424555650646,32.64408260820601
3,8,217233.47331440388,46.257560913897805,32.98636496894441
3,9,291701.59906279785,41.95248370659363,33.279851777271936
3,10,291701.59906279785,41.95248370659363,33.279851777271936
3,11,232664.10830281465,43.84688527431325,32.933734260255186
3,12,136210.90538922153,99.80249842977969,32.62713164544678
3,13,225086.89025598302,46.51370857441928,32.939536713428716
3,14,231461.70236780384,45.40664091824326,32.92665910812436
3,15,155097.9658690985,94.21339951735222,32.54229354548003
3,16,171442.04005776663,56.19989425011225,32.86509313287272
3,17,216447.05935455146,51.84281986534178,32.76276764789452
3,18,293680.0401180954,41.327731430819476,33.283035319221725
3,19,293680.0401180954,41.327731430819476,33.283035319221725
3,20,208348.03384266637,53.11012177102202,32.78085279146258
3,21,190674.92124618214,55.705454500952165,32.717699697732186
3,22,155931.13617410883,85.4774588462757,32.54670120373322
3,23,228718.7867399807,46.684599660639385,32.931752137438714
3,24,229900.6882264296,49.445872738079785,32.76703493872003
3,25,198940.77492376993,55.26512311261844,32.68974702737241
3,26,198940.77492376993,55.26512311261844,32.68974702737241
3,27,153119.11699134056,88.36388459831797,32.546978643409396
3,28,153119.11699134056,88.36388459831797,32.546978643409396
3,29,141086.3281977771,92.09020471893267,32.58322598623098
3,30,149650.96122399557,90.51332176086288,32.54578015580267
3,31,229819.74298120086,47.69174186666804,32.81599517843758
3,32,136668.47653262675,78.6087349959125,32.62345954984185
3,33,147390.85250206062,88.95377952060404,32.55463093941153
3,34,140749.6919799811,92.78545095827141,32.57959833050265
3,35,129225.6825106867,82.71438510521271,32.63913252318473
3,36,129225.6825106867,82.71438510521271,32.63913252318473
3,37,205706.13861958764,47.73938224234076,32.83493288912774
3,38,130838.6808359491,76.57025452057933,32.649288214681825
3,39,130838.6808359491,76.57025452057933,32.649288214681825
3,40,202842.60957114308,55.20660755512521,32.71201167468632
3,41,158554.93994022484,71.69169277376155,32.57602392753668
3,42,140287.45561962304,81.470247035076,32.59581739078466
3,43,130776.31385660767,79.60045847240166,32.63481592581064
3,44,186605.4648107141,52.35997578495744,32.7996397472291
3,45,178588.11654202142,55.99188967437607,32.84262638043339
3,46,178588.11654202142,55.99188967437607,32.84262638043339
3,47,164068.05586338034,60.542944153420976,32.73696297203793
3,48,182577.5329386385,54.79680304422558,32.77448844846679
3,49,151464.06291135767,80.84510447446725,32.54990710614294
3,50,170337.82759138005,56.257570221914214,32.72311905619197
3,51,188138.28032106787,49.14484935733936,32.7950084430056
3,52,162995.31700953445,64.6465121719709,32.65671275203457
3,53,183782.92994010256,53.411954106858545,32.83782749741855
3,54,185522.05180585175,54.41366911088546,32.82538032725697
3,55,152900.01999975208,73.51456348467273,32.57047940878555
3,56,154054.50662663818,61.87897384369501,32.763886575793656
3,57,134521.0267617758,74.9440543999239,32.62750399136562
3,58,175063.85423518386,56.20216058308972,32.82714370385846
3,59,180512.08716798737,59.32667712886119,32.70204144403744
3,60,147096.41093313674,91.11526218948985,32.55198264794566
3,61,139177.2433116815,66.16035630170771,32.674353686093546
3,62,143995.75792796063,65.94977724894537,32.69261947540713
3,63,207338.90414567734,53.62913707586584,32.68803859057862
3,64,151103.78112406645,63.25927647357444,32.79725585650837
3,65,166770.04952595144,60.02280989451196,32.75034123483924
3,66,231929.86273606145,48.795601558316775,32.789957227137016
3,67,231929.86273606145,48.795601558316775,32.789957227137016
3,68,174228.5569697312,57.346124372617815,32.7034314306012
3,69,174228.5569697312,57.346124372617815,32.7034314306012
3,70,172850.12858491053,59.457788940654616,32.6366719175503
3,71,161332.74516651462,61.193459512606395,32.73848790309597
3,72,181670.31437447944,55.47749702457146,32.817019717818155
3,73,185889.07799127602,52.48221083972614,32.782380235204485
3,74,143647.19056627652,64.16851181860696,32.70901424794106
3,75,161110.87892662545,60.72416868839656,32.75313217035504
3,76,142762.14793050743,72.44832281311349,32.62650266590526
3,77,161534.39911014482,67.8669538188928,32.558894159459484
3,78,132012.77202675494,70.4005523014509,32.681836152078255
3,79,146824.53907741522,84.93315179816885,32.56186301019961
3,80,177565.09954607638,60.58064437029232,32.603784143531215
3,81,133787.3149614269,73.31110663871446,32.66164410981463
3,82,186799.65927378615,54.22039896844662,32.76641397045758
3,83,139331.75369969677,82.5425298559322,32.586239410664746
3,84,205121.1684491553,55.835581722694265,32.6857520068917
3,85,151798.77490767438,74.00559060841681,32.58922986602969
3,86,137425.04336364387,74.89932554816983,32.614090258071116
3,87,144905.407592961,69.69050254180704,32.61239150552166
3,88,165371.2729392327,68.76362364646276,32.55207028210827
3,89,155117.9146738854,62.43900706965845,32.72423318375674
3,90,135635.52152111588,67.16810914978072,32.68201552350867
3,91,148819.2802680019,69.1780536960102,32.621664874354586
3,92,134749.43542289035,70.21233029600705,32.67030247893822
3,93,166364.7874417198,62.37771143709747,32.616833266722836
3,94,143760.50835898268,65.50889880283076,32.707557753828006
3,95,180886.36046656413,58.54695188759013,32.69141785038795
3,96,160795.13684964948,68.30727043035135,32.578235449507304
3,97,200608.18735213374,53.624426557395324,32.76732478825497
3,98,168881.76522153846,60.104643344602394,32.610918795626205
3,99,152185.738042892,62.96988704282319,32.6649062228955
3,100,167519.85773008934,63.250944474039215,32.60172902387921
3,101,151747.24539288957,58.77207693004202,32.777056355433814
3,102,137073.34835958938,72.15594826623236,32.64366838988198
3,103,139887.62626328092,72.9433106111167,32.63550523626313
3,104,142907.7098941977,79.04979887289846,32.56246565178501
3,105,159446.0384540938,70.79144442021045,32.540014096981025
3,106,149918.0063775307,74.49355041677943,32.59318336614236
3,107,189685.89859619137,56.231218291149986,32.6582738549342
3,108,147486.7819743334,74.51709460076104,32.60459706725832
3,109,157043.95164774472,62.454985519576795,32.711572946437805
3,110,148267.51929336222,68.17783301199484,32.65175924911685
3,111,159500.6406759576,69.48362741541884,32.5953652175845
3,112,163157.1854464266,61.30343900203398,32.65299660001332
3,113,171171.81888650122,69.73113140453647,32.54857834865199
3,114,165145.74037743875,65.54227495625429,32.62835549707973
3,115,151619.19072886594,66.25905456516617,32.61926984475468
3,116,132582.58159401597,74.92918103504671,32.640164228684554
3,117,179787.57732756808,55.66601036689626,32.78233987587283
3,118,169349.62289915426,59.87858841874492,32.685175944366705
3,119,136406.02867284426,79.50776167583842,32.62345954984185
3,120,139365.07931723128,66.97032315149225,32.666596731432996
4,1,112281.20171156112,99.08572219943757,32.725138167611796
4,2,123993.76783520727,107.11576397664386,32.676272760406974
4,3,123993.76783520727,107.11576397664386,32.676272760406974
4,4,290812.99112368113,48.087696972260574,33.13924606891176
4,5,251805.07654350172,46.65086951236641,33.23900024749251
4,6,251805.07654350172,46.65086951236641,33.23900024749251
4,7,157677.84535417863,88.49411257147372,32.61446950857532
4,8,248683.9964296121,47.47279180070737,33.267525416895545
4,9,235194.15266886324,47.94410147504132,33.180144273599524
4,10,182574.90294322083,51.514356555431405,32.938242342491456
4,11,277735.82006219705,48.04299918741581,33.15596297798935
4,12,212897.18058957762,49.234530687616356,32.824626724368215
4,13,202490.75975487573,50.45455452068301,32.85910365510116
4,14,207786.43702588158,52.91116783176551,32.76873925623494
4,15,187116.11087742564,52.66744121616446,32.88339965315819
4,16,210879.34680677342,48.46857247685968,32.93471463981701
4,17,172585.46912770998,55.62770155978668,32.81974537031846
4,18,169583.58047900355,54.8631835386891,32.89994427819477
4,19,177748.49214756078,58.400110627698886,32.74352396163714
4,20,190363.8519102986,52.07169987372923,32.79086041425001
4,21,183308.56580021846,54.30524899639569,32.84106988864356
4,22,201556.3336934634,51.89056268803871,32.91422433803558
4,23,158992.980006543,58.54688623469607,32.86515794828164
4,24,120256.59058714783,94.52017900535054,32.68916651159881
4,25,187629.54923992426,51.24744876873811,32.91980076533451
4,26,119214.38326134291,98.6692849876602,32.680805718468285
4,27,196945.13577378815,62.20738785701638,32.71577876056698
4,28,149867.12405633501,84.28380470918114,32.628568062368565
4,29,161014.1571914176,59.60198035211217,32.807352145376925
4,30,185652.62899484122,55.10134985871868,32.79267798220407
4,31,198524.91051624736,54.288062745912306,32.79025952569901
4,32,161625.2988248936,79.15574112434821,32.61909434335993
4,33,166971.76199830597,62.21078602370907,32.72825238471142
4,34,170329.52243022132,57.42043529227941,32.75154199130045
4,35,118091.3380224724,96.65244290047882,32.69632255148764
4,36,118091.3380224724,96.65244290047882,32.69632255148764
4,37,163480.25168171572,79.44873883854642,32.61792875893532
4,38,113094.65376377772,93.8525984858151,32.700751922223354
4,39,154784.17670993833,74.57582671510325,32.633756224908915
4,40,152245.46346160554,60.6270723957265,32.82752728265166
4,41,122989.08449203466,88.56215570125703,32.68839180314774
4,42,123567.636241064,78.6040203410058,32.758257382430536
4,43,116208.70060578425,88.54685267146424,32.70861284736791
4,44,161017.50864053707,56.43897250809991,32.787447395018596
4,45,152032.33020382887,61.594081742699395,32.745502086296426
4,46,146282.94233119322,77.22094301568482,32.64095397221047
4,47,132933.73399766078,82.2526967453266,32.67164679253156
4,48,180717.4563729427,54.793326929364355,32.832765680238474
4,49,180717.4563729427,54.793326929364355,32.832765680238474
4,50,164328.0128052829,58.657089132978626,32.7785164870296
4,51,153227.41872163996,61.5191974430307,32.78554188733849
4,52,140673.16174449984,73.83475843336393,32.69094128809302
4,53,122358.00240428916,90.38443722511283,32.693130293236266
4,54,155465.40351936698,68.77081409481261,32.62920552529908
4,55,170378.15413962267,58.69522369932581,32.71603863857287
4,56,131281.30319498054,72.60253789005573,32.73526269399638
4,57,155704.22537705998,59.87730181331281,32.812613661897245
4,58,158389.79598654612,60.28231509475515,32.80065676464142
4,59,134455.32570019463,85.5080005515165,32.64397540487657
4,60,143986.8473204397,62.179901361792915,32.76766355658533
4,61,123773.49811714873,91.73432107844339,32.686979263311564
4,62,148149.49832277262,63.12452771397091,32.70055838960995
4,63,121705.90948309058,78.8285461333517,32.750449206600464
4,64,145611.4037883773,64.6984403967522,32.69393492118302
4,65,140197.67927841854,65.9879118600807,32.69817872558142
4,66,188048.8051055993,53.66754553853585,32.79730228616571
4,67,188048.8051055993,53.66754553853585,32.79730228616571
4,68,128160.78914300118,87.38700618246679,32.6770786728629
4,69,137468.42347830997,76.62690213407122,32.67533826877011
4,70,139222.6418738645,78.4392891079313,32.66270018412942
4,71,134289.97404224184,84.85665778610729,32.6669888027601
4,72,130268.10429306037,86.0120308880464,32.66954523457517
4,73,147657.45980567613,75.5518709839819,32.651836465669035
4,74,164614.98793937167,62.461669686286825,32.670331825648496
4,75,127954.01531316135,76.24627073431756,32.73028975218004
4,76,141568.56641916896,67.76721389073916,32.69290025560262
4,77,152871.87806865328,92.39609365801942,32.617927877513
4,78,122686.75562756453,93.56067776811909,32.680805718468285
4,79,143698.2901241756,70.61353236354961,32.67767893332518
4,80,129865.06343175206,81.10829090400895,32.703337400583514
4,81,122048.37059280068,80.63282313856504,32.74461537105094
4,82,147806.47932985733,63.762336556082104,32.66562276370817
4,83,129284.41831659948,76.06514444233441,32.721261763670114
4,84,129242.54602081979,92.77891961895885,32.67035728014118
4,85,141164.1345836967,64.15164336380185,32.74010389342012
4,86,145365.38917600474,66.82000769914676,32.67642065622431
4,87,130496.69065183232,91.13128132617177,32.66368164383648
4,88,137434.92164962005,65.59608389182762,32.706795507103294
4,89,132064.58199296898,91.23895687142321,32.66008265023568
4,90,123012.98377954988,83.44986992182466,32.73340896231307
4,91,134884.22869387132,77.75089859472048,32.707196597879
4,92,139581.9000111493,84.00803132387173,32.645606987863864
4,93,136130.72981932643,71.21214332130593,32.73845360747157
4,94,136538.7681746233,75.52234529155858,32.67643163086987
4,95,143523.1255637692,69.7652637080679,32.68360878964997
4,96,122338.37796998264,86.63346412711317,32.71163566919922
4,97,132349.7749557884,94.35070321511041,32.65821354011817
4,98,152727.5882127412,62.808977370222976,32.72448714778495
4,99,126243.58136576926,88.21975507173305,32.68340200010146
4,100,144449.81931959666,69.79957197522491,32.67642065622431
4,101,128745.60053460705,86.84709128877601,32.67820981164659
4,102,142265.23547310682,81.71847258210445,32.63803578957019
4,103,136923.5084459599,68.30391519716949,32.70266744608156
4,104,156394.84240450768,65.65322409640623,32.635987599790575
4,105,154054.43152870671,60.29026617036417,32.820017573780895
4,106,135963.21715563934,81.6847447148185,32.65674595659888
4,107,141546.7348003881,67.01498840428836,32.6935434134054
4,108,125769.08482094896,77.46529951527597,32.71696415762509
4,109,153681.36360767242,72.97866939430835,32.65104279473457
4,110,153681.36360767242,72.97866939430835,32.65104279473457
4,111,182105.6516313575,56.99326598840634,32.7855768047722
4,112,135001.46694743467,83.87006352152474,32.6669888027601
4,113,117773.80977188867,84.19839130760059,32.73610177146207
4,114,125658.1554063923,76.12749173325797,32.737247646060354
4,115,138272.56396792945,69.33099174137715,32.69803213390554
4,116,134295.44532210997,71.9626770371907,32.7126028814803
4,117,133835.75093076788,80.64071885534852,32.6999741243513
4,118,118723.88946026564,80.88864737736228,32.73610177146207
4,119,135876.96939583617,74.15661953612963,32.71223963418415
4,120,155970.70098564067,68.12303563651426,32.65689195746021
5,1,104708.03206477786,98.70364765276342,32.858088977437184
5,2,106653.25511032587,108.80950956021587,32.81475970519847
5,3,106653.25511032587,108.80950956021587,32.81475970519847
5,4,124670.39958587427,83.6905065623731,32.72198378374015
5,5,199694.4081608607,43.17617461368195,33.00727689011188
5,6,197441.6656043899,39.45373330065869,33.07562647602014
5,7,197441.6656043899,39.45373330065869,33.07562647602014
5,8,192878.93065864805,44.84963418186596,33.03144269554093
5,9,167850.89984505266,45.19826775278656,32.951191885098964
5,10,179763.7875963822,45.77095921487114,32.91901479432297
5,11,182558.52378262742,45.58388391335493,32.9086790194864
5,12,162292.57790289662,47.452220157492285,32.9430718287817
5,13,179987.22232618183,42.41566987511535,33.05115825361561
5,14,159064.1216886525,49.893078308146,32.98041964155362
5,15,159064.1216886525,49.893078308146,32.98041964155362
5,16,146702.94491240405,55.329239492113466,32.935869272993386
5,17,195191.77178282643,41.93023912829917,33.05330827847933
5,18,195191.77178282643,41.93023912829917,33.05330827847933
5,19,144157.08478847225,58.2031163918396,32.96403309703026
5,20,159812.44254598735,47.65021089888465,32.927958772419395
5,21,134195.75688553587,66.16978873398925,32.792651045758205
5,22,126053.75698867132,73.0843050187681,32.75501881161278
5,23,151166.513227396,54.08721967709884,32.80850212863123
5,24,148591.35381433507,53.63326148297358,32.82701330569147
5,25,181483.5879589991,46.15797128026601,32.90953713558073
5,26,131174.59751262623,71.22534213231233,32.78613548017165
5,27,106982.67276375617,106.09255238799317,32.78698204085561
5,28,138151.16578671773,62.08657332196725,32.90317848761501
5,29,125172.72957628398,76.03031966451042,32.82285480002547
5,30,110015.03141030965,96.83501715949848,32.78875423836862
5,31,145013.32082940446,57.313783941294986,32.96914335687268
5,32,112309.13776542063,86.26118099626161,32.874316591585114
5,33,146462.6466454955,57.08616344075806,32.924826912739626
5,34,128945.94435886029,65.72581380644904,32.79363779990857
5,35,131373.3926277271,70.53483572994128,32.75295662475525
5,36,116503.6459315483,101.77245759148059,32.738689476763874
5,37,161049.24168171463,51.313599631931034,32.91592156482381
5,38,142743.34371249014,61.075361277939365,32.85821736953713
5,39,111165.66249918765,87.43514431805005,32.817864367413634
5,40,152524.32748629883,52.130663440443804,32.92592416310854
5,41,115114.25012654305,85.4054153215364,32.89289821443759
5,42,154399.94697129526,52.32887669245458,32.84398429153586
5,43,140597.6072556588,59.17112864372374,32.899837877243485
5,44,119127.91947338925,84.24496799241908,32.78432683214196
5,45,118285.38866129605,89.64633795713036,32.74461663259468
5,46,147300.10773591962,59.84375789831714,32.77897115653738
5,47,116338.64300071521,81.78245250264673,32.87917686975173
5,48,136514.0069013521,67.731277001757,32.77777064227654
5,49,120179.34923406046,92.68381526007813,32.72809266335801
5,50,106088.7560080621,105.22352080278091,32.82261265236625
5,51,106564.35040115722,103.22363603900699,32.82537351626783
5,52,114051.37424690962,93.18435790868381,32.787808522824754
5,53,121402.31924975436,83.20421708604009,32.73588166800209
5,54,140941.67028382083,61.53646630421667,32.85126918639044
5,55,139512.5628998652,63.023603695780274,32.838648574324125
5,56,117517.32906755446,89.10439985602908,32.794455993591754
5,57,121824.19525128056,72.79811727789978,32.846928265593554
5,58,121253.22326561809,79.93123948785127,32.77806301108888
5,59,154949.631655139,51.990452396446834,32.86896962842302
5,60,111061.36553924199,95.45021815594129,32.7514086879223
5,61,135655.86266946117,65.270697079555,32.80559291250027
5,62,158037.1199212267,51.82120320041731,32.83477664892812
5,63,122498.68641382575,79.28048730492196,32.73161517839258
5,64,161112.2469949276,50.80326649842375,32.87822102460352
5,65,112605.34574361026,86.9802978838221,32.841667763324246
5,66,115026.68538867678,85.75589639968925,32.83203190849733
5,67,145651.65188233717,60.37396601912573,32.851741972575525
5,68,109661.16252765496,90.34237072963806,32.87754604524598
5,69,144231.02566736276,62.78373971401087,32.798706995304386
5,70,119377.46445164317,88.68141556084612,32.7462314694821
5,71,110137.42987550149,99.70261236262243,32.75066403103234
5,72,115859.8930195898,92.16052539125606,32.7689948970388
5,73,105702.90742289601,94.35160897387046,32.85696305069832
5,74,137714.52794585147,64.05714383628566,32.822451716230766
5,75,156633.1957221379,52.9543331658113,32.83726365495241
5,76,146042.13700743893,58.91745142931157,32.86092197976674
5,77,116459.43230986453,91.44637129308873,32.757438487742604
5,78,136227.9220115292,69.34343494753757,32.767477860531294
5,79,140927.97845583563,64.53147245447997,32.77422829624262
5,80,123224.99787601296,77.43339612111915,32.84606815593358
5,81,144784.0546018288,61.005079993635185,32.86173175811287
5,82,139697.64970370184,59.17333696521748,32.86732406167473
5,83,125192.68002023998,69.74892993461776,32.823648475021095
5,84,107403.51216873917,102.00490315369862,32.80615865501462
5,85,120680.94254584926,87.19416057928589,32.73499057211311
5,86,179799.92143150468,47.14590461328173,32.91719644046726
5,87,127515.01428170012,76.7581881997804,32.730196574509925
5,88,115119.47138267654,82.00679146197537,32.888201561747564
5,89,115119.47138267654,82.00679146197537,32.888201561747564
5,90,107547.31228285006,103.80860228720044,32.76187104929285
5,91,114399.57776390057,85.7416659127229,32.88821591164276
5,92,127942.68210275966,68.60112304622227,32.84519151308403
5,93,120157.67124473573,81.30169494615335,32.841676711127995
5,94,109060.4703139588,99.61355485786223,32.76004694162708
5,95,122292.91641774161,77.85125387127333,32.80426404192453
5,96,124039.44140205474,78.84117385594043,32.76332504575719
5,97,124039.44140205474,78.84117385594043,32.76332504575719
5,98,145565.46467728162,57.11930489912092,32.97632061692725
5,99,115655.6892527371,84.80586308559757,32.839175860960474
5,100,124277.41784796193,68.26129652851833,32.856405924335796
5,101,117839.74334001658,90.90119138477618,32.74786485724667
5,102,124560.6421358014,76.88517966838829,32.79021247061208
5,103,117620.92892119015,93.88650150238257,32.74752019703851
5,104,107424.9138176582,100.94100708407649,32.799961256629125
5,105,107424.9138176582,100.94100708407649,32.799961256629125
5,106,147603.54869868315,57.15033941090727,32.84937171146786
5,107,155888.70236787363,53.00271878068572,32.83726365495241
5,108,118350.95243730085,84.63538080847377,32.81350226614121
5,109,157568.63249952483,53.06411411916984,32.80850212863123
5,110,119413.17789047146,81.35008056095778,32.841676711127995
5,111,108626.18172326975,99.07040645289112,32.81943253412319
5,112,136114.82673033202,68.22150618762078,32.775876281888706
5,113,135748.64662545314,70.35501770648395,32.77488365581738
5,114,137312.6052013783,64.08901532974784,32.81157005454994
5,115,122366.69340867901,77.59394757638954,32.80393801231538
5,116,112482.07731444787,94.84361400429077,32.77804688134345
5,117,127282.48519572536,68.94064092499362,32.84738123233996
5,118,108403.66880217183,98.73207419177285,32.84877342967131
5,119,110622.62836665995,99.64487964012687,32.752297418796914
5,120,136970.0345915872,64.1055294511601,32.822451716230766
6,1,318765.8108053639,41.71566554211218,32.96328082974148
6,2,318765.8108053639,41.71566554211218,32.96328082974148
6,3,134491.4651578469,95.8839946761355,32.530630134632574
6,4,172370.13381047812,82.8491681562209,32.458621920105706
6,5,158866.7017040989,104.78547557365818,32.46465883076967
6,6,271513.5337220774,47.40438112454625,32.83049330446325
6,7,297551.87219173444,47.25069198156734,32.69009869843267
6,8,291966.2327963854,43.552643410819734,32.83297956632729
6,9,216146.41616462078,47.80927564769903,32.5656503086247
6,10,296141.6271411521,44.8651083294521,32.78025714317428
6,11,210837.65359076828,49.483821937937606,32.57649519133771
6,12,194633.22989160023,61.40023084186595,32.48984629303317
6,13,283645.5057131914,44.46422096523546,32.806238440069464
6,14,282745.41013115266,46.150509294004344,32.78125124881506
6,15,188301.5434062678,54.6792445962466,32.61857458691243
6,16,287746.4404328887,44.60287962264338,32.79531878059139
6,17,177215.6956139872,55.15366371791367,32.67379921460142
6,18,182118.82467263585,60.110286912958486,32.64633478239231
6,19,213772.5614054972,47.81076534122414,32.59388015078253
6,20,191265.30454594328,50.82713575438089,32.52558337503194
6,21,190787.77864967546,52.57722503772813,32.53422290415503
6,22,182777.36533782614,58.34588776823139,32.60190092348445
6,23,161855.21575768932,67.41108727206777,32.550915037497106
6,24,180416.78778355755,57.706100798268324,32.65181457858278
6,25,180416.78778355755,57.706100798268324,32.65181457858278
6,26,292427.30387262313,44.54416969680173,32.782391955455076
6,27,182509.9199535612,59.53028627847705,32.611644124059595
6,28,187692.64495818748,62.96565792593185,32.493383156197524
6,29,168844.34682878532,64.13057755511585,32.5581495410589
6,30,171649.9754633087,69.66319711269558,32.50874752533708
6,31,137918.40505455245,96.25270978283821,32.51782696755234
6,32,168606.4834653223,67.88774960930976,32.521029846210354
6,33,138762.20414238996,98.25593407159714,32.51186480697338
6,34,186064.51120797664,57.48365060701643,32.617545408827354
6,35,179141.33185287833,62.279279769957526,32.52249304883704
6,36,176637.848960495,66.02125403673473,32.50251269966804
6,37,175285.5144904763,74.68695578837169,32.501162827706665
6,38,153127.8112580755,79.7265340012418,32.53386507646269
6,39,169590.51818512782,60.661355363915355,32.537453748153574
6,40,157048.35719504644,71.14521079302689,32.548836068156724
6,41,186223.59133084465,56.13235297787075,32.56169080304358
6,42,164601.64738465537,81.72927332207718,32.48680293848391
6,43,137074.15140703297,90.64425369226205,32.54111158466147
6,44,162701.15806471376,75.63081297729327,32.52329151687542
6,45,136300.85887863356,94.78080577988334,32.52302391281175
6,46,147155.8664084031,80.59891683411776,32.58889103049842
6,47,145630.43511846696,102.75471879101173,32.48678294242565
6,48,162398.43755507166,73.67867721048071,32.539227536458604
6,49,152347.04236092977,76.50753331551917,32.58602133191293
6,50,152573.82571473368,87.02079529835773,32.497268173276886
6,51,153436.03648930622,76.7225737625549,32.56972180262799
6,52,148469.40392260923,103.66347582266322,32.47089967384196
6,53,164169.43887189357,64.64959156312392,32.543603517592445
6,54,146680.23330717036,85.84849116742188,32.50619493991353
6,55,162669.46381699044,65.72280557360384,32.52390938127091
6,56,149114.56624604153,78.98356278823934,32.56829141794253
6,57,166360.47615728393,83.43400448060474,32.48116135477478
6,58,162481.88941591862,70.10444786477248,32.54657243006617
6,59,184480.7120095967,72.41178244168016,32.49889139133197
6,60,184480.7120095967,72.41178244168016,32.49889139133197
6,61,162368.65910085352,91.57009284227414,32.4689192657422
6,62,160159.46445842256,70.8942157090683,32.545213585973656
6,63,159910.04346698045,71.99240425132803,32.543603517592445
6,64,172968.53784236874,81.259370331409,32.5006056089444
6,65,155365.16246849927,93.29119128547572,32.47766585783806
6,66,154393.96441325854,92.17440135675264,32.48377938070105
6,67,141583.52101780928,90.1474161423515,32.53784413008723
6,68,146077.1065794392,92.74138374431851,32.48257551459611
6,69,145631.52408139332,100.6476260626818,32.495770737338496
6,70,149409.40362016787,102.23451599331733,32.47904908270051
6,71,147989.37625831156,99.54980361986478,32.48170259142289
6,72,155290.8305396014,82.29413492208435,32.51799734260911
6,73,150821.8152981762,88.22091855472539,32.49984978758718
6,74,151188.326703183,77.18587979081238,32.5866632876065
6,75,151200.34234459425,75.28781658887524,32.64874460717705
6,76,157930.49205137746,70.66420896267668,32.568794565301125
6,77,138484.47137136667,103.50980159060542,32.49622308053287
6,78,154810.90306676328,98.27739819356717,32.469867361517174
6,79,178074.70824872225,74.40878160291498,32.47076227598328
6,80,139934.8962105449,94.20271079129806,32.511633930940974
6,81,169512.00480525134,85.41633485331249,32.47669357981735
6,82,166724.7501792321,104.50346459740969,32.46147778286638
6,83,166724.7501792321,104.50346459740969,32.46147778286638
6,84,143534.06545057628,94.75935642115836,32.49705563563798
6,85,141296.24703434875,99.35162474638237,32.50833496171316
6,86,149665.92752116677,78.55798923497792,32.58110334681311
6,87,135256.71408373158,93.8985445496647,32.53360404090655
6,88,157521.33918951298,77.60552939982018,32.5289361801929
6,89,147439.82883925366,101.65152989475952,32.479176720604826
6,90,186545.92695838533,55.61429508537845,32.528718697577474
6,91,186046.486352414,64.62457207033111,32.516011433276844
6,92,156400.0392035778,96.16722622383806,32.46505967008277
6,93,145914.98438128564,88.95780014046414,32.50322103363955
6,94,149540.168931888,78.44648400233226,32.589074687227296
6,95,142094.01278005802,93.93212000261713,32.50543772689949
6,96,190281.26982613778,58.05352999977531,32.50915947308872
6,97,146582.06195487193,84.92331999069357,32.521477616933765
6,98,149965.09935485513,100.28099581883427,32.47557972737205
6,99,170763.04847263283,74.13464648067352,32.50265463259099
6,100,184920.65052724507,67.88371801949877,32.50119738278354
6,101,139666.81128540097,93.11374742287806,32.51338840117866
6,102,149481.93352248138,84.19682744194544,32.507613666795066
6,103,148349.3173201568,80.96901291471013,32.56531751166855
6,104,159267.33366505054,96.1253982400809,32.474738933143165
6,105,186811.75033156812,61.51161041691309,32.518985339550824
6,106,154061.89362653438,101.33379479246365,32.474863808234645
6,107,151967.1278527273,83.85128978533035,32.511000708927
6,108,143878.55835057376,87.99262971103761,32.5362569140101
6,109,153428.01031168975,91.04853765305344,32.48474351519968
6,110,157049.2994266489,91.01999116747172,32.491248369798114
6,111,144306.26901604934,87.5432704572525,32.50615551257485
6,112,141930.25779418953,88.77391435565026,32.50763576373278
6,113,140823.17372896418,91.81267266074924,32.519240152761796
6,114,170895.2623060107,81.2693070498404,32.49802563949622
6,115,140856.71717315982,87.85749304467288,32.5601555974182
6,116,135257.80304665794,91.79145182133479,32.5425918358194
6,117,146681.32227009675,83.74139843909198,32.515182734826375
6,118,144805.5571522413,89.50697203539592,32.497578383262024
6,119,144844.31705526952,87.28326887660923,32.56068227211734
6,120,189464.24097400656,56.077510326040844,32.513486955983794
7,1,154229.80704937316,119.63922112811942,32.566169911893944
7,2,154229.80704937316,119.63922112811942,32.566169911893944
7,3,396744.2448867832,45.85972531049072,33.31433697631097
7,4,181045.5461635061,98.41734932567492,32.461668480942365
7,5,166163.59190882114,120.83988997967525,32.52043449335343
7,6,166163.59190882114,120.83988997967525,32.52043449335343
7,7,366482.8616231954,48.52632129633063,33.027059057743735
7,8,345339.798028476,49.23725378535356,32.942778077992294
7,9,329456.6024430134,48.70875192796633,33.13517250092463
7,10,331667.29389334697,47.4618724873417,33.09933069334872
7,11,295140.1767575081,50.8646098113355,33.03123458730338
7,12,321997.8922474166,50.03485958986488,33.13244615406514
7,13,284556.8488825915,52.64391490183138,32.869253181528926
7,14,309649.7581985763,68.25207172886138,32.60852291354001
7,15,255957.91390298065,56.38848968608617,32.715651636737725
7,16,216110.7313414492,67.16308064462163,32.78711079011534
7,17,278732.2886633105,57.86580371489107,32.68427101836026
7,18,270232.6930821806,53.13908422924978,32.72802820842264
7,19,232930.51182986156,63.23314405336391,32.8247135903016
7,20,245434.468570099,60.904310408257025,32.74707508073343
7,21,288239.7988815024,52.4397543180297,32.86325163777459
7,22,191582.1132950973,95.46756794916652,32.49243274832653
7,23,235943.67476444892,61.49815275246429,32.74228444427238
7,24,222946.57862513204,64.94607071180066,32.79568320804981
7,25,213671.52564413555,69.01588099311854,32.694238348606746
7,26,259017.32881781267,53.65774112725552,32.69692339206838
7,27,155764.09071679407,116.50956687025355,32.54213568198726
7,28,155764.09071679407,116.50956687025355,32.54213568198726
7,29,339273.29855687835,52.868820547817855,32.815522325684924
7,30,264996.13348211336,58.38516436050259,32.679230023724664
7,31,221803.4557733336,63.723117473610024,32.86389628927364
7,32,244582.27188896918,62.00053563230309,32.740488729521765
7,33,290843.6274468509,70.48289261934927,32.56455059221287
7,34,195056.98400832352,73.31799387597711,32.68304349562636
7,35,161013.29064521004,115.44874545968052,32.52453457603676
7,36,211510.5755218134,76.5784564418888,32.627943709094154
7,37,204521.62596800597,86.32514974914899,32.51315458984136
7,38,164145.1534758684,103.71496312379479,32.60532321409863
7,39,190153.11570787767,84.79967576145248,32.58373596819688
7,40,166340.30353230698,105.62052953438939,32.56280447391118
7,41,259136.92459723252,70.6751868156478,32.62526018340856
7,42,172532.72444838707,93.6637750886329,32.62954092802654
7,43,339669.2306486394,51.901813113208156,32.807227240360184
7,44,217725.49608963495,66.65101407940531,32.813470736733436
7,45,268043.786039926,77.28720919288693,32.57432793952894
7,46,164963.9181855873,114.28378315763736,32.53711547203844
7,47,250481.31847755745,65.91376164098652,32.63465638436391
7,48,203001.44914484123,89.30112380514,32.52732323768741
7,49,198333.62672674458,81.14796994185285,32.6462583644604
7,50,204597.31609255972,75.47615731114365,32.67333424275776
7,51,167011.60697643977,111.16863768732594,32.50817060673856
7,52,172707.6610716023,104.45249355272023,32.47844151275086
7,53,222792.49926446695,75.04133751484898,32.58398301322121
7,54,249781.95070503198,57.337873554763384,32.70577722366679
7,55,286846.9469107958,51.57858491225819,32.869253181528926
7,56,168093.68311545707,106.61694629182956,32.53378397953687
7,57,161546.2817426066,108.5341346656482,32.54552857701008
7,58,191853.79624751396,79.04942011696642,32.66711829295735
7,59,167843.6989757581,96.62898900091042,32.61801805211894
7,60,171510.90538756718,102.24736376545891,32.53714292907849
7,61,224443.8407404857,67.4898559627737,32.70881978187151
7,62,246343.92789895725,60.75516839886015,32.80533124300304
7,63,174226.77738626022,89.51009018308925,32.658829641467875
7,64,176238.71895775435,98.8393715337695,32.50000013994167
7,65,257603.63491625723,62.63335002926892,32.64758060606054
7,66,181992.92701878067,92.12832946660271,32.499114149489934
7,67,170310.15060548327,110.07260682741769,32.46752657767568
7,68,188580.66993840004,97.1000400665685,32.48216473390553
7,69,168939.5259757495,100.75540440606336,32.553236572932114
7,70,248192.28831233678,59.26135348967403,32.6909537738203
7,71,165224.6615038638,101.12121196835966,32.580468322323114
7,72,235265.0352505167,62.01649929710216,32.65131152414065
7,73,176422.07338955393,86.80606693521818,32.63184329417093
7,74,183156.54009316757,91.60323144746603,32.60190422945163
7,75,196663.56116292026,88.18213042301012,32.57058661295558
7,76,181486.8581734859,92.79151756912042,32.59350444375286
7,77,206495.69894083115,72.58022329718096,32.6320803428619
7,78,197226.1905283206,82.1125445262157,32.63715624199488
7,79,186970.6968873951,80.64808709428408,32.688677352253514
7,80,179454.66397935332,91.082174188736,32.61820818965132
7,81,254210.68557670672,60.23627318474934,32.6754405083428
7,82,224875.13116891356,79.82034019961664,32.568897894696356
7,83,289242.6891521304,71.577878324483,32.58982138562281
7,84,184507.8352704763,83.58557296355723,32.68515788860608
7,85,162300.67198501003,106.45387209762711,32.549422099838445
7,86,192095.91463285862,88.2390657945661,32.53226857809662
7,87,172373.27115184665,99.54133126652385,32.597506332871504
7,88,209571.24733711354,68.16862132572922,32.69923858563866
7,89,200492.89768369668,78.28385984974028,32.59314043870962
7,90,226974.63735291857,81.7122361568278,32.527453408775266
7,91,247854.53386639446,58.84355688532396,32.73551947556037
7,92,193004.7285876206,82.3480685413759,32.66206191533063
7,93,233788.8543971343,71.94291887110813,32.67385068898289
7,94,173706.60525672708,100.18541741658854,32.54890971451269
7,95,245259.33805777886,60.18232892857059,32.80759073820487
7,96,166729.70553511294,113.27561487749566,32.50615412029548
7,97,208851.1569701705,70.91240775322115,32.703099898994196
7,98,254509.07180820563,77.56554925103195,32.54337734105901
7,99,189722.4083493767,83.22874989266136,32.60945819281906
7,100,159327.9779700486,109.72362041239694,32.597549633990006
7,101,229902.10341465197,79.64121681786278,32.55155549962289
7,102,168240.02606894332,112.22140255533584,32.506961748136185
7,103,180720.04776814074,108.5416827625564,32.474165744549744
7,104,228158.45253849882,66.88098301057958,32.737792297933204
7,105,180425.1893943111,90.06082532011753,32.60823693018246
7,106,166861.1033157755,101.86215127099715,32.57311844829247
7,107,176999.19834912266,83.89348180501797,32.63438602529043
7,108,191510.30586935644,78.13978386138841,32.7018484161924
7,109,169640.99646435922,97.93619861909406,32.602167137054586
7,110,169550.84223057458,113.21737305729219,32.46752657767568
7,111,172783.6157397874,90.54346818407186,32.61911515849039
7,112,166624.58681450778,112.6414292650833,32.51206412956692
7,113,158225.0445980078,112.33601418145743,32.56363521568683
7,114,231613.09628220226,80.55275448365671,32.53896580143525
7,115,177282.69334544803,97.24741584133443,32.60491808018446
7,116,195850.1068702226,71.34173664213485,32.70332658919356
7,117,269090.9074207778,63.04670555022328,32.60895306344074
7,118,170892.38247374742,90.55548936681106,32.6622226720543
7,119,167531.88168503548,109.66227895401201,32.52059288117402
7,120,167827.06684952002,108.98578792651129,32.50817060673856
8,1,92977.40565268879,112.05812253565274,32.88761295312567
8,2,91994.62626636137,108.82129208271515,32.92341985656268
8,3,120951.08580107985,94.83393092144847,32.78477958712639
8,4,204982.5559335687,48.66124622885041,33.15605078240658
8,5,178095.58334020307,51.504871974829115,32.984469831793774
8,6,139808.06713638836,64.88319680231716,33.10978489927794
8,7,172941.51414219744,53.40786663650476,32.94867516004404
8,8,159878.46835385798,63.26340860021364,32.928462955548824
8,9,101059.21993868506,106.88830035932556,32.85043018587794
8,10,156004.63207344574,56.64736562505996,33.01808064984454
8,11,96355.28937448934,102.20044731457286,32.90123954535308
8,12,117994.7139304754,76.40943766440594,33.03682463149896
8,13,117994.7139304754,76.40943766440594,33.03682463149896
8,14,145727.9684524153,62.987070644907185,33.05483755441072
8,15,130447.81216817151,71.12429853615463,33.01127787712409
8,16,113394.54256158561,85.26332553697074,32.934621616279955
8,17,134700.35260890448,65.71818306046987,33.01987946146724
8,18,155392.26068844696,59.01922914278572,33.013980381987125
8,19,121483.91764158022,78.67734186602578,32.85981543591617
8,20,132070.42011604743,68.58828481899079,33.09587012197743
8,21,142981.7223000285,74.18817449929354,32.83247212276484
8,22,137193.38944809174,65.54777778414581,32.973487988910456
8,23,120897.97554385506,83.39666257639614,32.91416986527374
8,24,98181.9721514006,110.87570556219245,32.86610693325865
8,25,99963.52523779789,95.14400351856202,32.98056759402112
8,26,119268.80577986532,94.80444374880273,32.79477666898834
8,27,149222.22545523677,60.982381461462325,33.078593078200925
8,28,149222.22545523677,60.982381461462325,33.078593078200925
8,29,151043.0191123364,63.555405322736675,32.87985802943928
8,30,140978.27086593313,63.49109822197491,33.09894827952057
8,31,163208.24727820331,68.91788371153639,32.87822734794886
8,32,95155.87522560095,105.29958242808755,32.89702817023348
8,33,126431.64895847424,74.7789501715122,32.899981655301396
8,34,114934.78440618992,97.5028899725325,32.808070537424264
8,35,99023.77115852387,101.16472613475942,32.939904613023295
8,36,104025.98899337312,103.36351518899306,32.84704060710964
8,37,113292.28106943655,80.85710831355847,32.960706750780574
8,38,111143.8524498018,105.5082767193331,32.81271289413817
8,39,94560.98854195626,111.60526051599649,32.890731301281185
8,40,98862.933279205,109.7804798356263,32.816625730331594
8,41,94361.00752936944,107.70885402255841,32.91672165134122
8,42,122808.8503564282,92.50338468904997,32.816838252443
8,43,119035.90961551692,78.93415763912203,32.94616603493183
8,44,109948.4919172005,86.82036070777389,32.87378617552935
8,45,104061.34006217279,98.90481680059307,32.82717661372182
8,46,146511.54176784185,72.86716069457317,32.84754098300195
8,47,170750.04451584193,55.95217511948207,32.97040015304766
8,48,149333.11274201857,61.581728240374275,33.06112660859115
8,49,148865.99866119085,61.97531644483965,33.068354997165464
8,50,105005.3719564062,93.41070192854534,32.906092939046374
8,51,169029.65801977064,58.024913602575985,32.95309298060831
8,52,125080.30350758151,91.57522673971025,32.808153722354284
8,53,145097.82235624045,72.96452074365651,32.86397977114866
8,54,132862.71606113264,69.92648874655782,32.935065281739526
8,55,99715.36837267679,97.05757092707776,32.86913813088832
8,56,142080.56846323452,64.63963994494887,33.00369867891978
8,57,130090.10408121897,72.2533858248301,32.95029604062109
8,58,112918.58526088673,82.28120479330009,32.95448799653687
8,59,120633.08643590588,88.84839254197239,32.86822300012755
8,60,150959.6193504744,58.007033859687006,33.07280235668937
8,61,135807.51974370866,67.817156723584,32.99248254808958
8,62,116408.39053330134,91.52089427212296,32.86785571546339
8,63,126538.15238272221,90.02622723625335,32.80401925670302
8,64,107020.62391818955,90.05647233264393,32.90592409205169
8,65,172730.68165264023,54.8241686328006,32.951768008722375
8,66,128208.96865600758,83.26282568859675,32.81211999619893
8,67,127897.1318438465,73.59609176933284,32.99777298791637
8,68,164617.16616272053,59.482989086477254,32.98743071370148
8,69,113072.30894974618,92.32639390284604,32.81944769111252
8,70,100014.14652594186,90.44039690260385,32.940091113686115
8,71,112474.22896809164,99.61722962652443,32.80037483883055
8,72,112474.22896809164,99.61722962652443,32.80037483883055
8,73,133758.1704701118,74.37432316047516,32.92283935964031
8,74,132401.18550663014,77.55990575233109,32.8420046760478
8,75,167799.18277244223,56.04003645532639,32.96329453427728
8,76,125259.24411426712,82.93039155214723,32.83878099223305
8,77,130788.40114028787,69.04800047085897,33.00145539165735
8,78,142409.7148502304,69.2667210626111,32.88452562542321
8,79,119493.28144508704,93.93186876416922,32.80371654548017
8,80,102291.55693177655,104.11711737264497,32.83884439948467
8,81,102291.55693177655,104.11711737264497,32.83884439948467
8,82,139868.02406414365,65.87574269140508,32.95336484841472
8,83,138929.25537846202,73.36089367563757,32.88549995998713
8,84,109440.57549692766,98.13901327509815,32.84053941507365
8,85,125318.41556878945,81.54644724468652,32.84481292372485
8,86,117930.0461908329,77.86341967772476,33.04560332164051
8,87,117930.0461908329,77.86341967772476,33.04560332164051
8,88,149945.48412701732,59.20986442812701,33.06522687644857
8,89,107961.66026325535,81.73061087257905,32.98311450869574
8,90,116808.23263406928,97.13138384542589,32.799799860143345
8,91,131928.39517498482,77.88621398578624,32.874986274319255
8,92,166258.601703023,61.88612860308327,32.93605742050547
8,93,99412.93242507041,98.48797465291938,32.88004560978069
8,94,95573.10238711214,107.74509411593161,32.877015396768606
8,95,118799.80105320492,81.72146641523656,32.960413036933296
8,96,108895.00919249853,93.82004555291668,32.87356165325956
8,97,149876.77503656957,59.567775036974005,32.95081198490428
8,98,132163.48815245822,76.72403494033856,32.87643112623106
8,99,105615.19641496176,85.80735434024831,32.9644238514811
8,100,133850.73806333053,73.43478288384382,32.924544779145506
8,101,136388.81960983187,73.6074268428057,32.88571623761591
8,102,117496.48077392906,89.12867385818716,32.824409294201764
8,103,117496.48077392906,89.12867385818716,32.824409294201764
8,104,172015.10157658023,55.7566383350469,32.98212451661234
8,105,110078.26696877062,86.34399967099046,32.8847301564793
8,106,165684.95400305575,62.07601752276015,32.87724567404063
8,107,136006.63373719,66.96338748449494,32.98950267737936
8,108,136006.63373719,66.96338748449494,32.98950267737936
8,109,149806.30433744992,64.30496826587823,32.9515150528323
8,110,135706.70055398592,68.1717600138443,33.01876264744369
8,111,127902.71981066119,72.26044458837164,33.01486317715728
8,112,167906.34034058684,59.128349988901114,32.94370699883885
8,113,172146.40273372247,55.36762864178403,32.98169506191931
8,114,110854.80064153764,90.37243520355261,32.87116875862915
8,115,165590.00842808446,59.07839639739649,32.96734091894466
8,116,172490.00089680857,59.31656957812595,32.9373240770914
8,117,141501.57353674536,68.00602768552663,32.94395075788258
8,118,99987.97477605923,93.01255572188384,32.96649686525348
8,119,110710.75712574624,93.19349464012485,32.84517263355625
8,120,120293.86295119066,88.99322630590626,32.83890592446827
9,1,165613.5366244287,123.58478756568758,32.646733968122156
9,2,165613.5366244287,123.58478756568758,32.646733968122156
9,3,196035.4698875544,114.81823619696937,32.43128469667816
9,4,261432.07394150615,56.11365195482757,33.06536527273941
9,5,261432.07394150615,56.11365195482757,33.06536527273941
9,6,317537.54327966797,56.90826772841208,32.77766825942071
9,7,277053.99810969364,49.286376570155845,32.98200629764125
9,8,278841.8666445287,52.685615158428625,32.93812700611652
9,9,275851.042531014,54.71662986154743,33.016176380673485
9,10,304275.6942486279,56.64122375716372,32.803602152925365
9,11,288696.0843050933,69.27295350242169,32.63890576785964
9,12,268964.86269101064,58.40308900481987,32.7539754969886
9,13,294638.24946464004,55.479407798151556,32.86299821707141
9,14,213757.1948246765,70.88890216370906,32.731107464794704
9,15,210362.48167659022,67.55833262084055,32.87806213185258
9,16,240637.492064208,57.85392843265686,32.995505585449585
9,17,195178.6531883175,113.84643677129836,32.45292128398795
9,18,254668.86819574272,57.07195897408911,32.96623716111569
9,19,242565.44766262858,61.501775419423154,32.829922160344566
9,20,191536.54670795993,88.14052756081546,32.70842789532523
9,21,248585.35272537544,59.464339771527364,32.945541495708
9,22,177003.58750341504,105.96184913867715,32.64908573335568
9,23,234477.95380775305,61.9211491246122,32.804580076163376
9,24,173913.16631842472,108.65506131680176,32.633658218573984
9,25,194955.08034471306,102.58212851455782,32.466691807981974
9,26,268330.08900182066,60.813526880682886,32.75836314936001
9,27,181839.74320261955,120.04855835649614,32.481151504872
9,28,299637.61081074516,55.15951063550358,32.84047060502762
9,29,169318.69221165756,121.4434031773685,32.60162393398238
9,30,273013.8459632484,54.93399065058522,33.01343826003602
9,31,166909.8346917365,123.054942759381,32.6581598650468
9,32,192317.52451094968,103.63418729667326,32.47424721197688
9,33,226414.7865927635,68.45609904688418,32.66146529889491
9,34,260134.20886379716,61.5284218872913,32.72380695976905
9,35,221030.87409374863,66.0114888918395,32.67118283524405
9,36,196775.32373655657,83.79048036719985,32.689206183632606
9,37,219339.35296547812,64.12365472447145,32.80493823890541
9,38,245435.2361098229,60.41783941543811,32.89441160125382
9,39,213883.34478018075,68.19448234099657,32.859008273470856
9,40,255764.34600062194,59.19867060109214,32.916326253264074
9,41,252910.74848658603,59.01119598033384,32.933052353311425
9,42,288943.7550222229,56.186720027879936,32.86261168990865
9,43,169282.14275373815,116.56042528449711,32.62590698515142
9,44,251938.29827650485,61.47470421737585,32.88679310177159
9,45,197383.19877271506,87.51628380411086,32.578776191059234
9,46,239524.5022545032,72.73343444485965,32.614431286313476
9,47,189567.14627969696,95.00125875250146,32.59272331932046
9,48,199124.43865864765,96.2969358329995,32.4384204366034
9,49,204945.35020798724,73.69043954631773,32.67441689124111
9,50,179658.47064972902,107.33750527789009,32.57641400117712
9,51,203801.39856856116,77.71902997504493,32.84061103105044
9,52,201424.05781303608,85.46894888298914,32.59160903197326
9,53,177826.44994995304,118.52848078839794,32.5515001513904
9,54,202760.83237600146,111.37181175648377,32.43756640451396
9,55,183078.09108460316,104.34806024425549,32.58324169129229
9,56,257291.74248980745,63.07116427711189,32.789171756209036
9,57,200116.7376009024,90.0426343136063,32.52267920095041
9,58,222045.4623838771,76.36373759976127,32.57312834879755
9,59,183801.50654637816,115.67811721933958,32.49551637832677
9,60,216920.52773954943,62.6731971156635,32.934528934232034
9,61,201650.0215569894,72.87057495056716,32.86730811310793
9,62,277953.1612406006,55.05291801818626,32.9115364659816
9,63,217963.60377746064,68.36667180623613,32.68228080323291
9,64,191093.19116147415,88.9429589302177,32.71775864191498
9,65,200022.36339512508,90.5812169390822,32.50673508744771
9,66,211601.51784987922,78.04936357589476,32.556216739111846
9,67,200139.88992437802,79.74489770830947,32.81466215839538
9,68,223869.97371495285,74.5104186008173,32.47913062204899
9,69,229627.41296182235,63.79043064172325,32.81430036546075
9,70,232729.7774421922,65.07829787136443,32.66831830045684
9,71,211578.48654889996,74.97021598410716,32.59734734868371
9,72,263419.77371916565,56.07431487506618,32.958423275443536
9,73,232353.70638790962,69.94816359548531,32.64510811707149
9,74,193402.24043907315,93.04033018799805,32.505017576478764
9,75,266419.12950371526,55.35234080191608,32.94976723025173
9,76,184783.07000499396,113.265767790855,32.48488909661636
9,77,205602.23573022967,72.26550568306934,32.78578785880366
9,78,186369.6327567426,110.27865599447568,32.54405131148903
9,79,209884.17775317084,76.6491205819785,32.60701293312953
9,80,194449.79168729106,97.07867046225039,32.48790729274394
9,81,195183.33286504794,89.05616030835957,32.69469654290348
9,82,207341.32765399019,81.99604517570768,32.541027247664786
9,83,267597.03945270873,56.70465503891982,32.800163284106425
9,84,214856.47305408807,70.17552216711793,32.624844502813716
9,85,199385.59664228268,80.71630692904725,32.666679523111924
9,86,264534.2586551215,58.47315831617301,32.88579268290391
9,87,199129.03980255226,85.83889386869294,32.57469239675861
9,88,178910.64342687634,101.8117886022351,32.65915369901653
9,89,247375.12901318312,60.38316095209285,32.914415508309084
9,90,202460.087814487,83.40411844505292,32.623441481316235
9,91,241957.23998077627,63.39518141885282,32.78027023679719
9,92,187897.0612746742,89.77690812748433,32.62207700323185
9,93,298440.60393548035,57.61260040278666,32.78984288026694
9,94,298440.60393548035,57.61260040278666,32.78984288026694
9,95,179855.66960508144,100.9660410565102,32.66226907107694
9,96,206098.22492220686,79.64807060789644,32.61922243286041
9,97,170382.98362857825,115.31432164490445,32.63462477872756
9,98,207933.97013217534,77.53985183970987,32.641486475462486
9,99,208625.62651489253,81.90833775501206,32.585768605716524
9,100,175304.91511418272,112.22757081318794,32.558543565775054
9,101,185055.59676445284,96.08077094371016,32.615059128033444
9,102,172530.45012878923,117.75938243036359,32.58758768558743
9,103,186864.08707339276,92.00185499445894,32.61067147566204
9,104,190376.47313838007,98.15195374762726,32.52935935593989
9,105,189663.0308119288,98.02333003559309,32.56635309308915
9,106,263796.53220079036,57.74686440171704,32.89654174711782
9,107,240860.07079300555,58.760349083438726,32.95556105887833
9,108,204628.791662285,82.13906812875743,32.65070864414835
9,109,171632.13642828085,112.14524384939102,32.65391424640619
9,110,194745.38882531016,97.0285428415465,32.49803002411494
9,111,212367.68980710668,79.72316939707777,32.55129506338356
9,112,247541.29165543517,65.6166593341537,32.65673847994694
9,113,180044.1392474402,99.28375532593022,32.60907121472758
9,114,206153.07067463265,93.73956313223817,32.48155473983582
9,115,172142.1745447269,117.35680960392712,32.598861468315135
9,116,185809.33247287548,93.97663915172399,32.619417141838085
9,117,196226.01852847374,90.75760339421997,32.52783428231848
9,118,179210.34160134572,109.8801436032571,32.56284939782643
9,119,223654.53234458793,74.64300249034547,32.58127314781513
9,120,208612.60263230337,71.40169064378111,32.80360506383382
10,1,102295.35052288121,114.17640991979643,32.75550429496655
10,2,234226.63571210054,39.097242229617294,33.28478090503268
10,3,101774.6375116914,106.11282675903585,32.760531363627656
10,4,252949.03122739465,38.201088180473356,33.27531809767507
10,5,260335.89520508578,42.824572544732675,33.10808350260609
10,6,132296.57824935048,96.29005681050576,32.63434479581843
10,7,222906.52442126078,42.7779192774954,33.199220291126
10,8,239895.73920718636,47.196161495360414,33.01626844345628
10,9,183229.87187441165,47.4608603693879,32.95451801593575
10,10,243535.71655655748,45.779922920301274,33.0690742254333
10,11,176562.89266907962,50.118842940679365,32.9174065164365
10,12,201104.86473472643,46.23378167459786,33.1127292846789
10,13,201104.86473472643,46.23378167459786,33.1127292846789
10,14,130039.4013671944,71.18050018091519,32.856853560268995
10,15,174890.39826129974,51.61489826430972,32.97958151390418
10,16,227865.0955863917,46.63829316386318,33.08648222469394
10,17,211038.8027796514,53.60120388796453,32.82329050906525
10,18,211038.8027796514,53.60120388796453,32.82329050906525
10,19,203361.42013612573,45.273206687344924,33.12774916014829
10,20,165189.44420723745,55.14229393012358,32.79765465269484
10,21,248654.17170225683,48.583733951742076,32.9354732532159
10,22,226364.11582745978,44.2433011191693,33.160553601384095
10,23,230431.28352726676,40.37310873828079,33.19671023649297
10,24,183082.02307199038,49.68249733672849,32.939046277419706
10,25,157488.78734381712,56.67364903201454,32.784651210304
10,26,151385.75845063163,57.381035990766065,32.88194440945448
10,27,131389.87166698318,92.17786535037315,32.64386177146413
10,28,170910.4116056708,52.38046774599949,32.89761133932733
10,29,248909.1578287209,45.75029617322718,33.01033193249039
10,30,146988.57035345357,61.1910564588491,32.8019607430094
10,31,250348.3614937027,45.2041688318496,33.14348440649225
10,32,140552.74874916475,58.21979816214089,32.80572882663695
10,33,249605.5059409336,42.62209150986021,33.15007954518641
10,34,107995.3652872545,108.56159704696076,32.74252075647349
10,35,173715.64668470772,52.02195518607054,32.96662280279986
10,36,227241.20668679255,41.15848185300803,33.17664279327289
10,37,121446.35848081527,83.90065660520759,32.721147056970544
10,38,122752.94528102232,87.9556200598699,32.69356695256199
10,39,111198.47202736682,94.23667753506956,32.79118320664316
10,40,151938.585095748,60.4605770369831,32.76289168459191
10,41,170295.00311882247,53.505211221705004,32.96939620662363
10,42,170295.00311882247,53.505211221705004,32.96939620662363
10,43,202559.29393878108,45.73996197380225,33.1064191236808
10,44,251839.18343607913,40.927868482478345,33.185255935348096
10,45,150847.79332341708,75.90617471063857,32.65508736488204
10,46,133677.64473678017,84.78514712761674,32.67730012846793
10,47,108790.64825889742,104.8142835828551,32.70973191937934
10,48,126202.23651175827,82.11695129994791,32.716499024827
10,49,141523.67021396736,77.86384862087681,32.66837847471362
10,50,149966.0525913593,57.844309863238635,32.890362222646345
10,51,232941.16550249746,43.63720832137497,33.17009992580685
10,52,232941.16550249746,43.63720832137497,33.17009992580685
10,53,149177.40496966214,63.43757808418184,32.76895467724091
10,54,102790.6969910987,113.47869934480313,32.750763318438885
10,55,156198.17005712015,54.717297863442404,32.84535707386991
10,56,103306.82399724465,110.29986026087563,32.751226771185
10,57,243845.8952376792,38.78915087155809,33.28478090503268
10,58,170928.82346574278,52.108793040856916,32.94376203303392
10,59,109062.98375658419,103.77714371023426,32.691059938642766
10,60,109964.68697430847,95.285650825926,32.79536961161057
10,61,106454.90640710965,101.28897073539197,32.76282020894675
10,62,124852.02031822123,87.3758116256839,32.70795068372873
10,63,234226.3111004969,45.377242346009304,33.124711926525485
10,64,118341.16117393665,93.08330423121934,32.68391738613626
10,65,103719.0494790964,109.68763140226291,32.74808283796288
10,66,156190.02661472675,56.25229259631571,32.810408906198845
10,67,166081.4513664993,53.57941043170008,32.8491883936544
10,68,119614.96662744047,96.7543036170698,32.64575700476702
10,69,136235.28397630193,85.81336442474368,32.663470159473654
10,70,116889.19046708864,89.93270885321168,32.715395093264696
10,71,128677.95183144964,72.84055408566472,32.78512996127932
10,72,152298.47358517133,57.62409174194899,32.838306250727676
10,73,153382.43086087977,64.79856685218594,32.759364619165936
10,74,132149.41449642062,77.01445080141835,32.72148295940779
10,75,136810.27887448526,66.47862943139219,32.81350597617279
10,76,135147.76158061932,75.2578050216095,32.73480651632879
10,77,175066.90182228992,51.683195803012055,32.94951496382296
10,78,142702.73469206635,73.81263285573607,32.718311226314974
10,79,114099.09641331852,98.04406158788922,32.71702287271309
10,80,202178.630340887,53.91640174295054,32.82149616705334
10,81,120709.83506331235,89.27193416042874,32.67806686330606
10,82,115062.48291103728,98.89998081940385,32.66797240971622
10,83,130837.0719017562,72.79861020691067,32.76573404217157
10,84,144016.42656976255,65.65074277596538,32.7582131834394
10,85,145263.83921265896,65.0925816700199,32.74054701534282
10,86,112175.98445155771,100.16841427746698,32.73806185248716
10,87,135775.1504614094,65.53629534120138,32.82836201699187
10,88,105512.65042974365,111.71524127406542,32.73848543183182
10,89,105512.65042974365,111.71524127406542,32.73848543183182
10,90,139006.66476424062,65.49299335840679,32.77838793948458
10,91,121065.72976818909,88.99073927619429,32.7229162416986
10,92,109399.6607860073,102.63754079224012,32.685389463718224
10,93,130855.4674626599,68.08244177426128,32.818086962172615
10,94,128387.12008942718,81.17339340631922,32.69786212264849
10,95,133393.08005070884,69.83705730843491,32.81413758315735
10,96,148373.50015184944,68.2772405645639,32.72204061770657
10,97,116368.47045112298,86.43643315869389,32.72777349753474
10,98,135910.4804433835,74.18326570699826,32.729318244722144
10,99,118820.7095102835,97.38878164401635,32.66259180175143
10,100,104279.16191300392,107.17524959071218,32.75004005203435
10,101,104279.16191300392,107.17524959071218,32.75004005203435
10,102,138052.17798744972,78.62229214651032,32.71165036122416
10,103,157348.85658290726,69.14617995462315,32.69743976435692
10,104,245666.79451596015,41.14234707342983,33.18434754244135
10,105,139815.4281122681,63.91561167680866,32.84911268444215
10,106,134162.30387369051,87.75087259858373,32.65110487469944
10,107,146709.56853184328,75.02081171862325,32.68578847902374
10,108,141579.2064051045,70.25096536624585,32.73885258808141
10,109,149319.73194213,80.31802374550227,32.65948094992545
10,110,126646.14770015715,79.58891975459416,32.70346800521432
10,111,110886.78378765676,101.60238875504355,32.68974230644402
10,112,112923.44393924037,95.66781705666764,32.776689723827225
10,113,142511.62203454296,81.75914420140136,32.64499486831564
10,114,112823.83498335484,99.97751626155785,32.76674328770418
10,115,115403.987508313,93.52637648349125,32.72924878371704
10,116,153375.89881486667,56.19376603095421,32.850648819633506
10,117,146462.44273675667,70.11417669883203,32.70653270157579
10,118,151184.5536557395,69.15233128738039,32.7015029334763
10,119,127304.70335167534,79.31867472231,32.73678641618159
10,120,148789.65504905122,66.9408184257501,32.71404099808709
11,1,167950.6999251646,127.56610251903219,32.81369292929848
11,2,162205.6200995074,120.42959046351726,33.05801147434373
11,3,308362.5213372516,47.182197606063774,34.99436608068184
11,4,308362.5213372516,47.182197606063774,34.99436608068184
11,5,195372.2013736536,87.25064267237669,32.68193162802654
11,6,302186.42507361877,50.03999567097272,34.9103956943663
11,7,302186.42507361877,50.03999567097272,34.9103956943663
11,8,292918.23734827567,52.73438068644432,34.4927821613399
11,9,292918.23734827567,52.73438068644432,34.4927821613399
11,10,302768.9623621433,54.49501419929798,33.85390562715108
11,11,297220.06565897266,51.51564693579082,34.34894730786697
11,12,286686.1694121544,54.06686579669861,34.19170260541013
11,13,201844.00667343184,73.86462571696043,33.46547546143219
11,14,281495.669531315,55.75825078928887,33.64477968237937
11,15,171819.69957527597,124.4390111006041,32.78684907847853
11,16,263123.53859278583,53.697976845311366,34.30385660617999
11,17,258840.20421722066,61.75246217456815,33.963381184778406
11,18,249484.85432501923,60.94003614430512,34.13192860214788
11,19,182470.8093916746,86.90140875346377,33.36670520197512
11,20,252052.50911970047,61.32019943244117,34.015252716194254
11,21,258287.96732035867,57.39633562679793,34.051274977235224
11,22,270217.6416289502,58.939512345115205,33.79786844437956
11,23,206481.06569805992,75.00081796989274,32.78100969255736
11,24,246060.6118412965,62.040061211822845,33.64116298097697
11,25,298729.4871587656,53.9136223962715,34.24514957846234
11,26,261897.97403601912,60.45737222241772,33.61977784764069
11,27,270105.63901063026,56.95252844286753,34.288552764740345
11,28,200792.1472656503,76.81958637712927,32.77902760022454
11,29,208987.486273549,71.23859182622525,33.228586564175984
11,30,274460.89042594086,58.48418406043809,33.56131954969353
11,31,296168.3966802012,52.109492179521624,34.2805532445973
11,32,175180.05151000692,119.05099043930005,32.90323359918533
11,33,170375.769313444,117.07208240007273,32.93545738556588
11,34,279436.7099168337,59.45781933100762,33.498643184025035
11,35,272543.9541562538,56.45477148805881,34.01240120513843
11,36,220084.4104504288,74.53845264888083,33.14527787377695
11,37,167882.95607274145,127.33780305202505,32.831033121235464
11,38,207978.3261673681,73.44066305061847,33.247797884275926
11,39,260059.65450885615,61.1456404343224,33.703423902267716
11,40,240462.30112698016,72.26434495435073,33.007668267410125
11,41,238933.42927652912,62.105470911452926,33.1277112373912
11,42,278422.2168564252,58.14290995628489,33.50811212671679
11,43,211819.94756930374,70.61423714863145,33.63152631564681
11,44,200117.41085337792,78.89703011033069,32.72634115427958
11,45,169737.08727392933,109.30679706995615,32.958820972193394
11,46,224610.07715577024,72.55694040461229,33.08623822153936
11,47,233666.86956837174,65.92356627338894,33.721990442934825
11,48,214593.4435805565,68.35433882223725,33.33993652409728
11,49,213586.6776332469,81.03634860611358,32.71869727799574
11,50,163895.95158613948,114.4633928623986,33.02486675601314
11,51,231514.35510976356,68.22165296197164,33.04700058678244
11,52,184368.77467170832,102.61486965888128,32.72924907830648
11,53,181209.37893098898,101.28458084980365,32.887751152893316
11,54,216057.28542759886,67.89253215691532,33.62688417952471
11,55,236366.40550524142,66.11873083079739,33.166193431126494
11,56,190513.07445814557,100.37421003275215,32.736934362598745
11,57,250166.79375976516,61.123726602954974,34.08105527658665
11,58,225952.66235598645,70.00602530929092,33.03842206868461
11,59,178271.83701232928,104.42647221693228,32.99232165377779
11,60,237414.7532276262,66.70623415367258,33.15449883395489
11,61,167980.74639044495,106.26386854131329,33.03331175206711
11,62,221445.1582297256,64.91778976276294,33.736874701948324
11,63,298386.68109825865,54.48489868118076,34.1895321968183
11,64,228066.26657434218,73.00660819377974,33.0248123949287
11,65,234613.9065359283,64.33214169455216,33.74896676867654
11,66,234613.9065359283,64.33214169455216,33.74896676867654
11,67,171073.94865031427,98.9550921770697,33.11494950656018
11,68,194473.18677802227,89.70070284941183,32.69526509476263
11,69,179940.9197062974,87.2660372272198,33.29349959304429
11,70,187930.92525394566,108.25593793301535,32.692436745170454
11,71,166479.0271743372,107.1208054467335,33.06205527955342
11,72,273293.7980430126,62.09906318644068,33.537726954574744
11,73,173387.59436322964,95.24755430617911,33.108137029416866
11,74,276071.24350896134,53.99628658639164,34.29149284696042
11,75,162584.2539021367,115.54613578945096,33.04307100823054
11,76,183553.2494171197,97.17377775000335,32.88616829369646
11,77,189896.703171787,83.011703690873,33.30389680749121
11,78,171789.62744234866,120.24761581381554,32.79726978030614
11,79,172635.67316241335,92.21664536946535,33.13620836914146
11,80,172973.095797044,99.46333694771828,33.06796310121467
11,81,185593.8499240001,111.34941907912012,32.706923091570175
11,82,178165.34732233122,91.32839659579513,33.11073214989244
11,83,227813.37193723864,73.93648312591478,32.96949063975803
11,84,200085.55641986566,84.24418127016861,32.81466308728676
11,85,250551.02406512562,61.22528981944787,34.04882238776351
11,86,189087.91646362512,110.19068166918322,32.688869697662454
11,87,179100.45066992962,104.8431222254381,32.94430992095443
11,88,182801.05977644515,105.10771606131892,32.770255748904326
11,89,191702.7634285491,96.12581227119557,32.768094344849075
11,90,234818.83572620482,67.71282543108168,33.16052278638837
11,91,214542.1960792896,69.1923043687483,33.62721795990623
11,92,193292.54991516744,91.75030377766228,32.867055008630516
11,93,175368.35252923646,94.77667416158839,33.12411417566237
11,94,192438.63531096262,83.19743906770752,33.117019685950694
11,95,179965.82007455474,93.73236316785943,33.01112439537478
11,96,176957.04330529567,113.5822287744715,32.85819853369638
11,97,187915.84988857288,95.97073663553303,32.98233122495018
11,98,196276.30134193297,85.42251740050042,32.84677003047334
11,99,175907.62978214014,113.15683216785685,32.930440185141336
11,100,165637.28336467294,112.45874928307816,33.005240412342516
11,101,221670.30736428383,72.24111612728532,33.09614809861479
11,102,221670.30736428383,72.24111612728532,33.09614809861479
11,103,184931.7174129744,115.49758817661314,32.712973758286935
11,104,197378.71309515834,84.08728807165511,32.85353442379633
11,105,165705.68480192608,110.28456864689859,33.05293809573773
11,106,176465.83115185893,89.65093809492086,33.20572510282315
11,107,183898.14790672334,87.90872613903562,33.15934859552107
11,108,177543.6029893852,111.57785924443648,32.920966784389634
11,109,180662.2058112636,97.0141174836536,32.92082084100262
11,110,198093.45676429858,82.73734097071004,32.84677003047334
11,111,197044.1685013749,80.22208192208899,32.880598521547036
11,112,177324.79393288732,93.1994548351109,33.0160956503362
11,113,190270.91681323422,89.37678349019544,32.91711221742051
11,114,197017.2004197732,85.97321082380329,32.761971760260906
11,115,193685.42031274317,93.20411892810291,32.84016650000633
11,116,196842.41805707384,82.3232458374046,33.114335124455216
11,117,166914.86316783502,112.45780607721544,33.02486675601314
11,118,190437.10193887822,85.9878065724905,32.9099754556585
11,119,184502.9176512552,88.54473046937353,32.98325399662093
11,120,186320.07307362085,85.98212546587162,32.98325399662093
12,1,254761.96128213365,39.77538051937166,33.28932517107794
12,2,254761.96128213365,39.77538051937166,33.28932517107794
12,3,268154.7055149731,43.177906962075646,33.20430319152286
12,4,124280.12192083405,92.03999636692808,32.674617583721734
12,5,124280.12192083405,92.03999636692808,32.674617583721734
12,6,157119.73066372517,76.54445611055779,32.594625273297964
12,7,110938.28118117977,86.50927153298277,32.71949050453925
12,8,237560.42805534299,43.717202119948794,33.102970796785456
12,9,190095.1897463602,49.47633753257135,32.94765119962327
12,10,202595.8306392072,47.46954372107272,32.742825140514434
12,11,246384.86561279668,43.13866446182563,33.21606591551057
12,12,245963.99729350736,43.55209343667425,33.26828842411867
12,13,252469.6866188582,41.25673062230364,33.2877871086227
12,14,195913.2044147638,44.77697450249516,32.92973351990446
12,15,194532.79294507625,49.25011161254366,32.91136833867216
12,16,172035.11768596916,52.60757042146459,32.83343003629967
12,17,183611.06241273234,49.77437562693744,32.82226021908785
12,18,183611.06241273234,49.77437562693744,32.82226021908785
12,19,153567.95114517387,57.77980950831913,32.79742690657185
12,20,150596.47754055134,56.74717090237614,32.850096298719755
12,21,150596.47754055134,56.74717090237614,32.850096298719755
12,22,114783.19216473801,84.46709558160136,32.69744770869197
12,23,148275.72227070003,60.52677040987147,32.79018060098745
12,24,163580.28119856885,54.49337158541599,32.883225339446476
12,25,196582.09010300742,48.309228895070305,32.91874375431615
12,26,182865.64967158902,51.67344105855345,32.7280483535483
12,27,201785.92129322686,48.5388854112706,32.84301664812035
12,28,177872.203782093,53.66167428123873,32.73077085865857
12,29,127859.52148806144,74.17551445173184,32.71370765925062
12,30,145390.26613656446,61.63222316645707,32.76637224907902
12,31,149110.6946786273,58.126605467583595,32.68427010409658
12,32,168689.5329920174,62.43287542182626,32.66510009528456
12,33,163125.28377802993,55.69506780328261,32.74155006259384
12,34,140094.75907844934,83.57694149728424,32.60462460156389
12,35,122425.46026197726,85.93457496212397,32.68297795330797
12,36,168736.5980912405,52.96323778662564,32.7542115690127
12,37,120638.39915648561,87.22142101463098,32.69415702244753
12,38,176976.761906594,50.643997913237726,32.759816296374616
12,39,112179.40364160074,88.06281958317741,32.707954556390284
12,40,134683.45048718268,72.88413573044551,32.688102327485886
12,41,135306.35019669513,68.41779050392428,32.7478202168587
12,42,150264.07580270144,78.75874519400246,32.61188289322801
12,43,118825.96544332047,82.35996949102177,32.6997992251744
12,44,147146.65331791504,67.28592269956702,32.67973305035103
12,45,164390.12343514402,54.42504117322569,32.892381583234474
12,46,114025.07244246182,90.67071686511987,32.70059639093215
12,47,138843.14890604053,63.6179732147515,32.7832835741056
12,48,117445.60752489607,80.20545110843892,32.74200322225481
12,49,145802.52950341912,74.60088387509458,32.63043380828919
12,50,121620.22740535812,91.9054890579468,32.681930222263716
12,51,172203.1500503572,51.09919328609317,32.797233570659024
12,52,173328.0600420432,51.64998778339033,32.75914000580246
12,53,131721.5177080222,81.31606058010625,32.64998649166739
12,54,198771.74313154753,48.43074937005792,32.84548016429565
12,55,130061.79118750028,72.0012171500015,32.7210935442147
12,56,134052.40296993146,77.62380724265559,32.66866073048186
12,57,128549.78865700419,75.23422091053877,32.68992978230358
12,58,130612.7915118924,70.00854983384527,32.75864460947197
12,59,175924.60947708445,54.30351031905952,32.74176215923716
12,60,118456.38147297132,90.50910658421766,32.692010206188314
12,61,160008.33285173497,55.9348453479948,32.714132931170845
12,62,144320.78178263432,70.85788709511542,32.64379666536358
12,63,143544.6600890398,69.03124651388381,32.65424008481875
12,64,166233.90438069377,54.71103935720059,32.730759319521475
12,65,144937.43051610928,62.930342075697126,32.73794137415492
12,66,157074.18436040636,58.096127420511614,32.79117363651729
12,67,157996.07260605268,63.38927846067012,32.63384441668022
12,68,122978.44202594527,78.39380545323935,32.72701076626098
12,69,152365.45823222614,63.994002936132745,32.666960785398324
12,70,126354.66358302988,87.85904693298102,32.671733779298805
12,71,138180.6407748006,79.38293517090648,32.64665941913066
12,72,123723.10615058646,82.2651087368392,32.69987379825561
12,73,133497.92388432787,77.23684240360488,32.68605041462339
12,74,165345.36698373727,53.643473565899775,32.886931609650304
12,75,150722.32785680046,60.73266231644191,32.67546709430744
12,76,198428.66222304915,49.30495374250679,32.765496392618545
12,77,122362.04817111048,88.79536221960302,32.68418208078266
12,78,136792.71499485226,67.88152186376476,32.68143956575485
12,79,149982.79856103717,71.57714631484701,32.62241670621343
12,80,125648.85775680802,75.64335829425981,32.696161380501785
12,81,176743.3778229545,53.46832344136192,32.7457166341521
12,82,113275.17378988079,89.70685880728728,32.7019399950518
12,83,113275.17378988079,89.70685880728728,32.7019399950518
12,84,125257.3370629352,88.52283131826034,32.66102307629964
12,85,159314.24796367038,72.588228169855,32.601369418176745
12,86,148905.41474610526,76.4285812131227,32.61721899757934
12,87,146412.9854082293,66.45240451814027,32.68035920665297
12,88,137206.46621709102,83.766489057491,32.6411291428516
12,89,153353.8588617862,69.82372648181251,32.640586603175365
12,90,123128.24578021534,86.66572583226088,32.67743793590388
12,91,175992.60205272998,54.92267567068245,32.698996114824844
12,92,157840.38196951122,55.96649092057686,32.78442949163851
12,93,137286.0538346101,66.64661033594619,32.71765237922833
12,94,132496.94411791558,80.81354232748717,32.66675256162781
12,95,140779.91920334692,71.10299900627584,32.67052816310779
12,96,143882.06822666957,64.57542409224945,32.69843986921882
12,97,143115.9326823487,69.43694880000446,32.680549235855054
12,98,142674.52677603587,65.29590607197319,32.70410716929937
12,99,121930.58926713509,78.4309509041838,32.73214642920286
12,100,139649.53336547664,65.64927944976726,32.715512449938046
12,101,164134.20027165828,65.85631504194288,32.62161285455614
12,102,144594.91384789458,63.0900353314784,32.89177526215785
12,103,154765.8719526073,65.1372503503064,32.65224086431994
12,104,154976.88948560358,63.74972168898079,32.64539050177663
12,105,151065.63217450786,68.0109064287906,32.667148243265466
12,106,150987.94430285276,76.06395511593911,32.60128260795061
12,107,129134.15779120807,80.57713440906089,32.684468151743694
12,108,133358.8150642584,64.86695941359508,32.75709735333288
12,109,149051.50546232858,61.69402188963442,32.72023767403551
12,110,158842.14825209262,54.80635442530485,32.78485819488835
12,111,153074.30357840535,65.79811702357439,32.658977949054396
12,112,132301.19844254796,81.29392939997884,32.6514697322754
12,113,163384.61575797392,67.97506438684579,32.62682672649369
12,114,142174.50830258484,71.77395515647146,32.65418319352798
12,115,141387.1896692375,63.55410376885741,32.78856996279102
12,116,137463.13495029937,64.80266817562702,32.75220524098735
12,117,140895.7963759928,65.2599976998773,32.7508616368677
12,118,137414.05437801752,79.64441160817495,32.62028692121333
12,119,134581.70342288015,79.66466826500277,32.66149190367617
12,120,149227.63624965132,79.79140902245324,32.60341166615071
13,1,348554.1297260821,41.27426008269204,33.97119499897442
13,2,348554.1297260821,41.27426008269204,33.97119499897442
13,3,112210.25139536092,99.52246190941806,32.8419865019529
13,4,95060.96160942437,112.0988176497192,32.93444655017499
13,5,343697.6315793796,46.46320370714545,34.07012293024462
13,6,107729.55512717586,113.27336665761314,32.858937305125366
13,7,242609.67868457214,50.58676915283901,33.69762162167579
13,8,304933.6618213808,48.21634643526904,33.74906140785709
13,9,206990.05934052507,54.3957918303674,33.42457845594703
13,10,227415.40653211117,56.744058791519905,33.28890387491176
13,11,330041.7779789008,47.4899431690266,33.861723357455226
13,12,346211.3813057217,43.607772946327586,33.909344006113045
13,13,207876.00522678767,50.75117825349232,33.319885032392854
13,14,240840.8759715222,50.09563697754256,33.718784438362874
13,15,329804.7956749032,47.63099825896127,33.94531271707313
13,16,329804.7956749032,47.63099825896127,33.94531271707313
13,17,142883.64825245633,65.10876463464767,33.207636495671466
13,18,167312.7724656703,66.09408989820442,33.04314449923441
13,19,187683.59865620887,57.83569818806059,33.31204624727128
13,20,155052.88452526217,59.16380323205455,33.05203475463591
13,21,202736.44797611845,55.70637163782478,33.370089400200925
13,22,202736.44797611845,55.70637163782478,33.370089400200925
13,23,163716.17900132423,58.14581138179579,33.13406350156246
13,24,109410.46507380258,104.19570039790423,32.86334983690452
13,25,105046.14291690198,107.29119525353786,32.8936364331734
13,26,188933.7306927366,57.734847225952194,33.30655642620958
13,27,188933.7306927366,57.734847225952194,33.30655642620958
13,28,202913.1791802877,54.88747350197683,33.2994419392104
13,29,133854.0359442704,73.87108269283652,33.1589053343229
13,30,202885.10339098185,54.665609916057875,33.33978299768069
13,31,153557.4069505298,61.65893910721468,33.11894760869749
13,32,153557.4069505298,61.65893910721468,33.11894760869749
13,33,143823.1959147718,70.66081905719378,32.98184855768402
13,34,146058.80452774762,68.46114809653616,32.99736982021823
13,35,188714.69163309157,56.25212222944745,33.32635148786764
13,36,141115.96467484243,67.6038446638363,33.18512792044688
13,37,123817.07097813372,77.68107527252326,33.10606677037967
13,38,151256.58426370675,63.364130976505905,33.12478251714926
13,39,122716.63490315207,85.85391625995,32.91345908566384
13,40,111884.94933487181,96.90533655657654,32.88062318297271
13,41,104206.82653240743,90.61457116232111,33.03276021766242
13,42,151685.69408498658,64.04559384602695,33.115492163053275
13,43,100242.68554245107,99.00169732021628,32.981260078627926
13,44,103389.07013061877,110.35867939179916,32.88834013057906
13,45,151153.2213659509,64.55629813087202,33.139790506052705
13,46,110369.72708064115,102.7631386761341,32.85733153673899
13,47,114361.11957803891,92.20115648834746,32.85175918832592
13,48,99300.21949887247,109.24080507451205,32.921987090390516
13,49,126011.78110599716,80.60425714404548,32.9317656833665
13,50,96970.83710668683,101.6470321440318,32.97903515094261
13,51,102142.3018905884,93.1865958023848,33.02425617492606
13,52,122714.30607072718,85.22549657531009,32.91816683163844
13,53,131799.63965543077,74.91952691038192,32.99097922876035
13,54,128651.8225050107,75.1649970775183,33.18766539700139
13,55,152777.97924186042,62.40015872573777,33.048722154140926
13,56,108895.43271147394,108.30109136535788,32.87062499249108
13,57,137381.67134712444,71.62005688066564,33.08937855099357
13,58,147821.69343208335,65.85956037421695,33.056627767391035
13,59,102190.29662172685,97.92052892094998,33.005982543148455
13,60,138964.98625148126,69.71128083119758,33.15177499998426
13,61,116490.74014492886,83.78013664763499,32.940029035870126
13,62,140831.50589515793,68.51480998964172,33.06043919320333
13,63,118908.29074604878,88.3681003311575,32.849268416705
13,64,134531.33737109374,72.8068157477115,33.02131484052393
13,65,120007.34366772033,87.46385557136466,32.888011275501896
13,66,106738.54133707433,94.6311630160438,32.90015217824744
13,67,116559.22076175781,89.71075681284458,32.867816424523966
13,68,153051.20565035832,62.31352159922105,33.17626684383042
13,69,111086.71898356907,100.23742761939673,32.87188754744241
13,70,124812.09271012463,80.99061852883673,32.93873150627785
13,71,110760.00329269664,87.16479828032594,32.92832568721292
13,72,137466.9922854293,69.22015417558536,33.18281254539492
13,73,105896.12043299936,109.5009840159829,32.877656910562145
13,74,127497.86363848957,78.13412038620694,32.92981872554603
13,75,103324.37921199093,95.81015571656599,33.00172845697992
13,76,128386.52989473964,79.61155380752089,32.92751090991641
13,77,101017.23581543227,107.84859383523317,32.890884367229546
13,78,111082.52766628683,101.27928349987593,32.8632285607281
13,79,139708.3860019289,68.9798263211622,33.08937855099357
13,80,142365.46670302696,66.64510358695648,33.08088781321297
13,81,142365.46670302696,66.64510358695648,33.08088781321297
13,82,117428.609540979,82.72896657717726,32.949232176957544
13,83,102936.80696172242,97.78367563030305,32.93477700681708
13,84,119498.154998545,79.22269827371052,32.950463731800966
13,85,110150.64520261939,89.20219504280224,32.97116449649639
13,86,135629.14393567856,73.52405078316502,33.00156380719747
13,87,117207.47830453012,81.88326067091053,33.09719478193043
13,88,117207.47830453012,81.88326067091053,33.09719478193043
13,89,126346.08642852117,75.87913771478875,33.14883757584405
13,90,148407.26598924803,66.16703153299765,32.96810116589566
13,91,136695.72000129375,71.93085781517914,32.98580469673446
13,92,128028.73021557175,76.62519786857766,32.970445520734486
13,93,139383.11926046124,69.98160952251459,33.05665187699003
13,94,135287.70630651087,72.70663763829108,33.03971334856008
13,95,118909.82867274212,91.4514054654659,32.84473619437356
13,96,110113.74590705859,102.13340966888552,32.86112502185764
13,97,150256.47467451522,72.3505211314107,32.95961595763697
13,98,114220.40363568868,82.41218699047296,33.07249131223569
13,99,97884.14202295236,99.57517631460844,32.985153380533305
13,100,107317.57415585546,93.4949004877768,32.985394627595426
13,101,112044.28086420243,84.51611396064618,33.07699511457621
13,102,108152.4188990015,99.98757644970581,32.88369112538273
13,103,110322.7098037842,90.38632267916928,32.916190779229616
13,104,130166.60435946178,76.00076619659019,32.91763481490512
13,105,101764.19857736543,109.94335377707753,32.89024593988233
13,106,128847.09167942492,76.99065303692427,32.91763481490512
13,107,134445.2226236692,74.57734528121273,33.00343202094135
13,108,95833.18660289375,110.24356489270289,32.92492050863402
13,109,136060.59644481685,75.44379083105035,32.96122574527639
13,110,130413.99351631117,83.17476058729925,32.91762593929065
13,111,112519.49175755853,83.4624768430154,33.07249131223569
13,112,107624.26364477404,94.18368694428892,32.92364460502614
13,113,120795.95384084326,84.50880590231755,32.91934444491051
13,114,125005.80060136488,76.96500482788944,33.12224744644434
13,115,150136.2624411939,75.62431525389516,32.93924598530825
13,116,111556.83468023954,91.79704476220621,32.9123905400906
13,117,113319.65654373573,95.34136983496123,32.84310020161161
13,118,124845.44212614499,78.74793582991425,32.96546442361207
13,119,102048.14798207869,102.54758844784783,32.90369873267305
13,120,113323.84786101796,94.29951395448202,32.85175918832592
14,1,154869.39988008532,112.24294544890618,32.449802121655374
14,2,154869.39988008532,112.24294544890618,32.449802121655374
14,3,159750.5543210904,113.20864539635859,32.43685481516233
14,4,207000.94746532693,96.85028235862704,32.40439593095552
14,5,207000.94746532693,96.85028235862704,32.40439593095552
14,6,365183.4747175764,45.44092216366838,32.65238117310224
14,7,350815.9113409377,48.83282869534997,32.766276222219574
14,8,335307.0100940655,54.89466313605907,32.74593404038453
14,9,279370.97841561894,54.96303483039789,32.612742165233584
14,10,349354.81927105255,50.370802437344935,32.73951388252752
14,11,343463.8217835656,54.21225561196284,32.668130181403896
14,12,346384.37415673863,53.64066316658445,32.656809627105595
14,13,192875.045648742,76.12294825429197,32.628164599729715
14,14,270886.1581260251,57.686110199697175,32.58253765653945
14,15,247675.74451890876,60.04472500584371,32.57698958960263
14,16,273107.55048997514,55.37387257496284,32.61546103116249
14,17,226017.37181470863,60.93036793495832,32.561534945043796
14,18,188537.21136646194,100.68566586344558,32.41178749410968
14,19,181451.8977862199,80.11733022685748,32.60476283386129
14,20,244607.05367304,72.39233181152409,32.472620669092876
14,21,235263.26337484518,64.49824476376828,32.53879385412379
14,22,172855.1890785648,103.72686345265329,32.417952498638876
14,23,239806.90756717423,60.04750236108193,32.58270003262865
14,24,259994.4186756481,62.4236381890471,32.530633227278315
14,25,178659.36714173565,80.73753640392717,32.567057640948704
14,26,231520.87883591707,66.1260133108584,32.52721226571481
14,27,160385.80122865946,110.76682157143459,32.4322439273839
14,28,162419.84218838962,106.50422209619715,32.45399449087452
14,29,200931.70192668663,97.98983730901115,32.41855899373297
14,30,184001.0426620081,77.66694101042864,32.5970583901893
14,31,274793.11793580203,67.970621054422,32.47843725677465
14,32,267424.4899013606,56.171217980726475,32.58269549153325
14,33,189924.4625820992,79.92915257364652,32.590661215174215
14,34,216972.68344086988,75.68538574280208,32.46285797969976
14,35,197856.33615832086,73.01179663738098,32.56626311585274
14,36,156679.99097697553,108.35277033101521,32.46864903682085
14,37,219196.59162252763,66.88147532910264,32.54764683541516
14,38,237705.3070190086,60.67680206512328,32.5553593343392
14,39,205414.6548132825,98.67228657489476,32.416076588217344
14,40,247239.8257786414,89.02042629197264,32.42607878863121
14,41,171516.3265367904,89.08627879939343,32.55462463132919
14,42,172309.93066638004,94.18710215692865,32.48882648086626
14,43,191877.375987247,78.41272912443472,32.54130024296162
14,44,165390.53197401468,109.53408925528204,32.43766759797075
14,45,208756.95009831595,80.43495455743323,32.46490063543862
14,46,169336.9748170211,95.26382571619156,32.48658676938678
14,47,253529.50548269582,68.66798583201876,32.4940958211244
14,48,266717.0285584105,63.80160902372626,32.52879202887771
14,49,222510.5262725636,68.38402987826804,32.500226217418174
14,50,185339.03109465932,87.75143512107022,32.49176557023657
14,51,199012.8135937003,85.95383512011847,32.45169161529668
14,52,185338.14110022888,83.25990078668605,32.54615938463482
14,53,227910.38700622448,71.02749674295976,32.48328959394903
14,54,226455.44068416936,91.15831121889923,32.42158413038962
14,55,166479.69317473262,101.90965695025666,32.45364558682405
14,56,199904.7248907581,75.05089426739124,32.47792326099845
14,57,212027.0907905119,67.73158436622467,32.52070699435197
14,58,180684.77493327894,82.33231422484724,32.55721625125621
14,59,168549.34801361867,106.99355077848868,32.425709446784154
14,60,202571.3454843186,93.28922965982487,32.42374076630403
14,61,250556.54963333686,69.74470939128169,32.49185610964492
14,62,193441.2715386795,84.27700469092788,32.45739705776257
14,63,239754.3977963884,90.21720097857178,32.434365078127
14,64,187078.2906594306,91.87306965152392,32.430279175489034
14,65,174436.85203442903,95.90971592123026,32.47770263180561
14,66,269352.5189012637,62.76905958429052,32.505031932637024
14,67,220798.3886150351,67.37512253429259,32.509728268547875
14,68,158551.98255410697,106.64269359196278,32.4473571146504
14,69,249327.9730165254,81.77458354604423,32.438088398239856
14,70,216193.4754349746,76.59842803004719,32.44601201174192
14,71,175872.93737193907,92.64853653108914,32.45821133123881
14,72,221281.38177335684,71.69428813167144,32.48091729486807
14,73,189273.06667066514,81.15174151088533,32.503624405054495
14,74,162076.91090973758,99.32030466958227,32.507411386167576
14,75,256386.27073886088,68.91648695412671,32.45746834068023
14,76,170281.8633990352,96.7865269990803,32.46332290288237
14,77,195912.65713652447,77.34998465856152,32.472382929890195
14,78,172472.07279731683,90.50112565441782,32.535790980165004
14,79,211501.0388793938,69.35991431082608,32.51084748461178
14,80,211545.89336132747,74.0805754640906,32.473781440559016
14,81,264586.5965444343,66.02823536548814,32.4968701772593
14,82,215354.46055729562,73.29404187272287,32.490777085236935
14,83,156367.32911568286,110.13931907640514,32.45817332913228
14,84,205232.2868820536,89.59080229160925,32.44466953161382
14,85,205950.41603247504,84.99749652934022,32.455851580424294
14,86,206057.78304093488,74.04336404476976,32.55896119165326
14,87,192815.62283725987,93.70717188509424,32.42776294447458
14,88,264062.01948036393,71.38134086698791,32.45280201622481
14,89,222473.7799772318,63.11765893076302,32.53956385588799
14,90,176708.08604967452,102.79677443894002,32.429819767492766
14,91,260620.63305686426,65.26119586299843,32.49979191816638
14,92,256251.81185369877,66.66385159209223,32.49714048537058
14,93,178013.8819153917,82.61553513572103,32.59366211753803
14,94,214980.1453399413,78.23012436891594,32.46707737882795
14,95,176296.10019136622,89.67889593875356,32.523856758110405
14,96,219140.78361934057,70.95873316705635,32.50433905276498
14,97,195241.70331402577,79.20764804322671,32.51597163912499
14,98,207185.3052360772,82.7100967801515,32.44114399838835
14,99,191500.7070369384,79.39446849522737,32.526099958530274
14,100,261655.27363454373,64.8723057392888,32.51680479923958
14,101,249854.10210546217,70.22978281096456,32.48196738985187
14,102,189348.42164939683,83.82591620295194,32.46960685857078
14,103,164430.12005122897,99.89664358088397,32.48202971678236
14,104,184865.69232536154,85.37508846099158,32.53107900582646
14,105,177881.64138412697,85.40149168147333,32.51390071859334
14,106,173410.45935221427,91.06183243906912,32.520366678962276
14,107,162440.52080307365,107.58923124105486,32.439197607678565
14,108,252775.0927954557,71.09393713587119,32.481359222552165
14,109,169270.10786795837,101.30204030103465,32.4670937099717
14,110,163869.79303223774,103.01129409861326,32.44955937591892
14,111,265732.4711033076,64.95325885729785,32.49878935756237
14,112,183106.78168578283,86.70068893591534,32.51129913779538
14,113,177451.54751352756,87.24927851635294,32.49773478308836
14,114,203485.89865494092,91.87766305111641,32.42374076630403
14,115,166471.8938587645,99.45634861542955,32.47711135661533
14,116,183104.24790129752,99.60062021185283,32.43953788303867
14,117,207484.3670198694,79.70920202812064,32.46717550437904
14,118,195651.38992325144,78.09095526390693,32.471325548421554
14,119,181119.64948234725,87.00334619873128,32.5114800694724
14,120,176456.2768775942,92.01762924950519,32.506278850782074
15,1,132170.8093076314,108.54504521370991,32.65694829157051
15,2,128660.05820255057,108.29935758661705,32.73311438896548
15,3,289769.2143222505,43.630447775196714,33.28734948805342
15,4,153468.5672851379,86.76519042909901,32.548660666509015
15,5,153468.5672851379,86.76519042909901,32.548660666509015
15,6,233291.11124735052,53.72302960576401,32.79753685433146
15,7,215955.75469961105,48.483860133503775,33.05251057692674
15,8,215955.75469961105,48.483860133503775,33.05251057692674
15,9,222665.77673195323,46.67424742410567,32.97745316478137
15,10,228269.96948310346,46.357725391918095,32.95531557121692
15,11,168107.00155065148,79.91219108893704,32.563393367524206
15,12,208252.726392867,51.19723247799614,32.89342307485839
15,13,134697.3553089085,90.52877066652442,32.715362570341334
15,14,226505.57439931895,48.54486648741541,32.85779869736324
15,15,196516.6947402233,55.97679227366874,32.95061412996474
15,16,143026.10494539555,84.08522643200466,32.69483852870094
15,17,217670.2886039611,50.1853782101039,32.96332367376646
15,18,200735.09773834984,55.33794422397196,32.93050096558689
15,19,207820.56028651888,54.39660823688996,32.7349877319274
15,20,195627.5984871879,58.19446019631546,32.77255733017752
15,21,138213.1849127956,104.49417514254202,32.62966494239869
15,22,138213.1849127956,104.49417514254202,32.62966494239869
15,23,148039.12336250214,77.34101067718177,32.5803820167954
15,24,128737.39381204848,107.50025772761342,32.76173422497537
15,25,128737.39381204848,107.50025772761342,32.76173422497537
15,26,159764.23049652684,68.26534894216476,32.671057755659405
15,27,162855.31835507834,85.12645555470344,32.57147008878622
15,28,186288.40893072006,63.68926077799763,32.64619358124259
15,29,179925.91184239826,61.8187942529729,32.89871803523275
15,30,170721.92016545348,78.68219954706362,32.57645107974147
15,31,166572.5217812007,82.80874156469513,32.55709400461346
15,32,166572.5217812007,82.80874156469513,32.55709400461346
15,33,139186.75188119174,102.06836604302315,32.63842233387649
15,34,145353.54188222962,79.3286599154999,32.57444089427333
15,35,225388.5633896839,49.8716955634349,32.806005856800404
15,36,146296.01923209714,77.8937802061317,32.593821297915646
15,37,135333.1360474987,91.8656299127126,32.667952094024706
15,38,135333.1360474987,91.8656299127126,32.667952094024706
15,39,194439.142376009,60.614721887249274,32.753772080626575
15,40,193088.5050814639,58.994588622196645,32.83454904032935
15,41,194136.48794504988,57.943977539918144,32.84094080234089
15,42,206050.13067973751,52.59279982934208,32.92393340578547
15,43,204220.38194611782,55.3014767157876,32.75830383432633
15,44,131594.14538971384,97.7865584392066,32.65888614666564
15,45,156435.9377916144,71.07305521526317,32.649548538358786
15,46,137070.9117609479,87.99518151815866,32.67014074035108
15,47,137070.9117609479,87.99518151815866,32.67014074035108
15,48,186116.21942640253,62.44445140957563,32.72161269633892
15,49,184963.8672181925,65.30785543634747,32.63054244866317
15,50,134166.97459605295,94.97995991030176,32.6767744094862
15,51,136988.46342502363,91.03626434553533,32.67746193265408
15,52,132296.5684976989,100.2185436792011,32.650870254847554
15,53,199783.75645898527,55.50352442013822,32.91126091857402
15,54,163703.9144183679,73.08607181394088,32.60922242818964
15,55,130614.31008152841,103.04491159707621,32.690728195674495
15,56,151000.76832038292,75.40348282541065,32.59078705593639
15,57,222689.88321738108,52.284182720026244,32.872150745853276
15,58,137238.85017848125,101.17130693969747,32.64696958837269
15,59,149438.42368787708,76.42988756372468,32.65894155412209
15,60,184659.28254524252,67.12847202565496,32.621666494947604
15,61,152896.5122230672,75.15897852454981,32.59151306186067
15,62,187923.57739065896,59.895335401948486,32.88013090671274
15,63,166062.48677937547,63.312400191637536,32.65445604694803
15,64,135097.60481326346,93.91973359602603,32.664645768552774
15,65,135097.60481326346,93.91973359602603,32.664645768552774
15,66,153722.43253061673,72.56434105023838,32.65149096465546
15,67,184979.7860386905,62.151512801996226,32.78408158496302
15,68,137952.8328958018,98.76602277371407,32.640146278891564
15,69,188860.60663827756,59.42953921988396,32.825513197908606
15,70,140931.94946264426,86.58649723897906,32.68498714635463
15,71,171643.70586321183,75.73452950812296,32.57881904828947
15,72,182240.85278623897,61.06286617144678,32.78907987278755
15,73,166335.72310389255,83.8464137498509,32.56305680512101
15,74,223512.38117542284,53.69333964123335,32.86676506412356
15,75,157296.21673912523,74.22405916173538,32.64831415448568
15,76,178132.2253008589,66.54484815232945,32.627526151097854
15,77,178803.60496238034,70.59860090332991,32.61489769675033
15,78,191531.812197396,60.187464521000386,32.805989561006186
15,79,182529.723394119,60.71370982705607,32.822591840582284
15,80,206835.18047061103,53.31603406220795,32.884427128791216
15,81,180587.78087232387,59.85246579595517,32.89232627322121
15,82,217452.82975822585,53.926260403767756,32.83731374593729
15,83,160912.8623434772,66.10041979497801,32.684188169860604
15,84,174965.88698096384,71.61699379057607,32.62366926651109
15,85,223037.0708989774,50.0926702956354,32.967904437771345
15,86,181651.0092252668,70.05944226129608,32.61232167366644
15,87,173046.12849626294,73.95733387122858,32.607167234617194
15,88,131872.9990386884,96.73916489436267,32.66097113330871
15,89,140408.61379460583,99.60091537473006,32.63476059716185
15,90,139834.7724720959,94.51390880216243,32.65308083043466
15,91,150619.1091797673,76.87221951809865,32.61100707753051
15,92,142848.38729706683,85.39522178830059,32.715387615068515
15,93,141174.6483916522,96.44652791475716,32.64279287335976
15,94,134437.52715038345,95.70439689928462,32.648049480295036
15,95,173873.11748781186,71.98491952084008,32.62381648721477
15,96,158743.80133697568,73.59960947634508,32.64831677518371
15,97,198784.68921235393,56.70594471406975,32.798157887221684
15,98,198784.68921235393,56.70594471406975,32.798157887221684
15,99,176830.63886460185,74.09408319841485,32.603015501591
15,100,190994.60548261314,59.127083564264765,32.8174252319398
15,101,194942.14780298187,57.55942423347173,32.79450762156466
15,102,193759.03878093668,57.2781133652761,32.894546414845905
15,103,141515.48356084994,86.67362827631071,32.55695184612226
15,104,129813.01845188804,103.36459210805324,32.683073183790256
15,105,129813.01845188804,103.36459210805324,32.683073183790256
15,106,171100.2616800863,72.26856002585873,32.618276388222014
15,107,203048.36200478187,60.037315060542426,32.76274907672094
15,108,207200.25565982226,52.30445608736769,32.916322401512986
15,109,223937.6739924061,52.56974894176451,32.81056372033956
15,110,175902.16672189368,69.22563602273651,32.61523407478962
15,111,175902.16672189368,69.22563602273651,32.61523407478962
15,112,203410.844695459,57.55531189334283,32.76348195863974
15,113,182246.83236205557,70.06713388088346,32.59754190656429
15,114,177182.76245171257,67.4108245889128,32.627526151097854
15,115,179981.9633543785,62.85762054503877,32.66192512776309
15,116,188890.02002223863,60.899720029006446,32.816304661564914
15,117,206599.10883427807,53.07199151795745,32.91127034546027
15,118,130651.13712527431,99.20661556265576,32.664632870023354
15,119,185281.43459303203,57.41924716472677,32.91465470531974
15,120,179974.72437228187,65.80171032705978,32.63424935183379
16,1,98044.65315183415,108.21142132780605,32.883201324488574
16,2,330285.87697171286,43.66497145597485,33.93908354425688
16,3,330285.87697171286,43.66497145597485,33.93908354425688
16,4,114488.07903087101,95.70102414393236,32.72144140808571
16,5,323084.7325237173,43.8414631675263,33.87135939955506
16,6,179990.10465295825,49.11352413611289,33.04635879108379
16,7,206098.18727325625,48.355686262280095,33.00876269102147
16,8,161372.53265259328,52.84960690044216,32.95510885821001
16,9,155541.20535331604,54.51986733988243,32.912470606646615
16,10,194816.9052186863,45.99220676756366,33.03565345420278
16,11,115750.31824603192,90.71188219329537,32.72740986094223
16,12,102312.34491312278,104.41698101977252,32.77770155544067
16,13,102312.34491312278,104.41698101977252,32.77770155544067
16,14,106703.20438229857,93.62234010588949,32.751025923853106
16,15,168678.14561319142,51.03616936171954,32.88082730851907
16,16,190340.53195711444,47.660828522338,33.03150376367561
16,17,190340.53195711444,47.660828522338,33.03150376367561
16,18,101188.25407751738,87.05281288332289,32.83851680348901
16,19,169010.93380444116,57.250023695958866,32.87304203073503
16,20,200837.44509778882,47.45701303001334,33.02733556963652
16,21,147262.86259610797,55.18078141366639,32.97099058391018
16,22,126819.84675373293,61.91058790537426,32.916540318778225
16,23,151628.5287458039,58.01872466431665,32.901773819693744
16,24,204308.88448372236,50.17882546330702,32.99277640606458
16,25,171517.92826292984,50.00928276620736,32.99553858365697
16,26,190985.90216643707,46.38633743022257,33.04466647271919
16,27,167561.51619687336,57.75607858157143,32.872134903666584
16,28,172332.54306590388,55.39481428027344,32.85509419646322
16,29,201789.04145092945,44.20500545694748,33.018209828322945
16,30,201789.04145092945,44.20500545694748,33.018209828322945
16,31,154583.38566953715,57.368529941966045,32.94153435396974
16,32,111497.58919265357,72.97019607954084,32.86267688794093
16,33,113537.97701744153,70.75196124840652,32.79422617913469
16,34,194257.03964562874,50.38043275490113,32.9675075896407
16,35,122212.91551593256,85.23009547816191,32.73286319991395
16,36,122593.29388363854,83.83102225812901,32.73608758261561
16,37,123584.64680672543,63.70208945719677,32.814691663278175
16,38,99570.16640899764,103.93210472871063,32.811743371969825
16,39,146314.31819847727,59.11098931401487,32.80897594222664
16,40,107855.66925848747,81.17040948991684,32.77503604449972
16,41,122245.01796055926,66.14989479078598,32.86577715535266
16,42,154672.19727722165,55.499636853145454,32.88533349956387
16,43,112842.45193340431,89.58175763661555,32.75416812800379
16,44,110630.60047357559,74.39993687469381,32.796509053073954
16,45,130811.72024437583,68.41335910839022,32.76802195364622
16,46,125980.73182540125,71.81737581080405,32.77235390703557
16,47,105494.28387581835,102.62934563187902,32.74280946320168
16,48,117036.19845088752,75.57085474046447,32.773875068767985
16,49,118165.31651146186,85.10296349534784,32.734684481625344
16,50,106071.49685416083,88.13870640996211,32.78349322368258
16,51,109818.10271337336,93.99565878948694,32.737733923720704
16,52,103355.48127888517,100.23736011182288,32.75206972925545
16,53,113924.887388429,80.46952524920052,32.74393807583214
16,54,138880.66299287812,61.36213324258721,32.79895151451613
16,55,137400.72895810855,62.626024751361676,32.805557862418766
16,56,201781.19528743657,47.11452655725045,33.0200529482249
16,57,178358.36280703903,49.137631585660394,33.019221684001046
16,58,178358.36280703903,49.137631585660394,33.019221684001046
16,59,110059.89291771175,75.66341866867008,32.84690854561139
16,60,114355.64552924605,77.46136209853854,32.76025568369668
16,61,132530.13423920306,66.68601780247768,32.78526460753434
16,62,101652.02358544267,79.62173890565339,32.8025106742461
16,63,112000.70899303292,98.37111844005359,32.722879935980714
16,64,98851.32621054807,88.12626554818485,32.83030058933769
16,65,134838.9277893307,59.950497425583464,32.83967320979952
16,66,122527.72267626932,64.98109357707052,32.802586538175866
16,67,118279.25620027588,78.52913350496374,32.75601368346151
16,68,141849.9175564636,69.5667237079069,32.73908294384626
16,69,131607.87229338152,60.27806500094032,32.962135658129085
16,70,100587.73053291798,97.50732266533754,32.829115774673895
16,71,137672.86231533857,58.301158503636465,32.85401984869289
16,72,118562.2911639736,70.02406626013047,32.77265902692658
16,73,108931.01373856154,82.19609190654171,32.76460648173839
16,74,108931.01373856154,82.19609190654171,32.76460648173839
16,75,100400.74889766346,100.83886500119907,32.80682846519281
16,76,150025.1599663351,57.513717443114324,32.94274963139386
16,77,144744.00674135043,67.68114586400141,32.782211107453826
16,78,111412.39014094573,96.68587436653567,32.725121101095375
16,79,101371.20425584604,96.85693377426645,32.827741350122075
16,80,129870.6395883892,67.03939854049797,32.794706791952045
16,81,143285.92783096177,71.89612937956464,32.72994649468832
16,82,135878.1414657887,59.57758947163997,32.83815894983052
16,83,100493.77210359377,102.86311222080212,32.80256304028393
16,84,119874.5107599276,67.6881538408634,32.82003098700909
16,85,102373.2158582509,76.47989052798106,32.795931252949636
16,86,119452.6642816324,69.24757399758461,32.851217179729474
16,87,127548.41367853718,60.61547521684751,32.87014394785277
16,88,109656.1814273776,99.84607033473893,32.740101541235745
16,89,118318.5263455215,76.69379838544704,32.77007793485972
16,90,106339.87474381033,101.75713519241405,32.748955839891146
16,91,106339.87474381033,101.75713519241405,32.748955839891146
16,92,114216.16084167558,95.18928622155966,32.721565993795814
16,93,127810.81160369329,64.54722225219682,32.81000494398742
16,94,120278.52736357773,68.96475935981275,32.81375830102591
16,95,113661.72798149308,95.79114998166358,32.732675830176674
16,96,111481.43337072399,74.01828894058254,32.81740224619444
16,97,129718.86812851609,90.25128479624566,32.72446426778299
16,98,133955.10672886774,64.6873572935873,32.79895151451613
16,99,107110.14427577239,83.2862015585508,32.77503604449972
16,100,107110.14427577239,83.2862015585508,32.77503604449972
16,101,101495.02373506904,98.14868827531733,32.81897789300198
16,102,113196.85514089165,99.34480496857323,32.721565993795814
16,103,113196.85514089165,99.34480496857323,32.721565993795814
16,104,126017.69269079348,79.83694268073282,32.73363831873021
16,105,144617.27404288057,59.59790738923553,32.83299899079123
16,106,120931.08697674036,72.25305311620035,32.75180867190496
16,107,149291.94889661003,58.08464775293306,32.88785062780151
16,108,149291.94889661003,58.08464775293306,32.88785062780151
16,109,120025.33177310198,72.27885636002996,32.75797280975741
16,110,132884.08477741544,63.44266190524824,32.80435132606448
16,111,116328.72349943392,78.22702901154285,32.75874142372768
16,112,106858.46361539952,78.04390847380756,32.795871124174624
16,113,127913.71493312105,63.053145355996335,32.83544904999978
16,114,140648.926810488,58.11845090738245,32.949061266805785
16,115,140648.926810488,58.11845090738245,32.949061266805785
16,116,131916.371560504,61.458259819301816,32.8144731652111
16,117,106363.36108047426,100.67666808738524,32.7427473703097
16,118,127475.79582041163,63.28421886770374,32.86902075380913
16,119,126428.23213761853,90.25449457545949,32.72610612570148
16,120,114214.42108071603,95.19563849819787,32.73043545013454
