Cluster,Solution,Distance,Turning,Elevation
1,1,270482.6020610308,67.2319285338899,32.94448935195061
1,2,322173.0009851257,40.11419738958789,33.77179426286908
1,3,300137.2876998059,37.27602921352864,34.63226588993728
1,4,214469.65279669868,102.68889809614618,33.43155841958037
1,5,215815.92763559282,95.11102214834078,33.467564608406946
1,6,302840.20851555537,40.98633449002762,34.008864597197956
1,7,221286.43811074313,88.94149109633385,33.556554111409156
1,8,305706.2308944244,40.155307394120086,33.86138563179392
1,9,314711.8708390622,37.473496465509676,34.591797661050386
1,10,214831.1590410147,102.35306194023305,33.551746611565505
1,11,228735.84176791535,81.03475229719145,33.44106483997713
1,12,226289.72238541086,93.7980243692072,33.393898695222674
1,13,292090.83047377097,40.67650628067427,34.235779495403634
1,14,311135.79691852705,40.13834050963356,34.28914223414468
1,15,224536.32428947507,85.59556266801174,33.433010763857155
1,16,278085.3219955355,45.5636167499903,34.51643433604622
1,17,297298.6104372082,38.151239852885865,34.47400329514492
1,18,271208.86421282444,49.54449662431529,34.09132921963034
1,19,290294.7494079475,39.16804960899611,34.44600227466334
1,20,248733.07396626566,84.04982075287403,33.041787254322244
1,21,314542.44498750765,37.54828503090012,34.13617621965338
1,22,314542.44498750765,37.54828503090012,34.13617621965338
1,23,248458.90127464256,56.41427751526053,33.78748538114522
1,24,306402.2353953445,41.65116859405246,33.31894422665705
1,25,268311.40904632735,54.989217139778006,33.297813282960256
1,26,282472.6545779329,41.05618008224623,34.43091135222553
1,27,245800.0647600793,88.14158152159682,33.044390882037995
1,28,281969.0514778024,45.733807586270245,34.328583799131025
1,29,248677.8725600629,61.44296005764968,33.38083310269684
1,30,256716.47669024082,51.846206531174,33.58737319245576
1,31,303871.058157815,42.36436046188924,33.15292404184282
1,32,243561.70120033383,58.948828374992985,33.48083753565746
1,33,231046.45835114454,88.85055760292744,33.41955940804513
1,34,285066.8186411904,44.165366906156535,33.319579110601055
1,35,288148.20843833167,43.07598548720018,33.302667566944045
1,36,237932.4417369655,72.01395604529742,33.45680473584014
1,37,276200.9943791545,50.79073946748117,33.38099239260865
1,38,232581.80147594077,76.4703119494133,33.699501244647635
1,39,247201.38644097012,65.92455278668584,33.347148057857545
1,40,235837.52134414497,75.13983651226638,33.12932383024286
1,41,281073.03289182,45.93901724093021,33.224687239350104
1,42,286722.6651871034,47.64597304192965,33.08100087278719
1,43,272636.82828939194,62.90735215654408,32.98511604155088
1,44,246088.75600926182,68.61026146458164,33.253805610197006
1,45,294404.306719818,42.8937316172124,33.14641939249968
1,46,273151.8262583404,46.40830930583236,33.51349148303452
1,47,260771.59337811603,51.430286940831216,33.51682203171174
1,48,248130.16464903377,78.1317720013428,33.08583355472931
1,49,244970.3708474933,78.47143053354918,33.11983240338539
1,50,244970.3708474933,78.47143053354918,33.11983240338539
1,51,232470.42042034384,77.63143210159966,33.45059938975744
1,52,283734.7272766753,44.98887900606898,33.19001343150059
1,53,279467.804374816,48.07586069079549,33.20036899691988
1,54,262561.43736439664,50.715953686042454,33.77938369016458
1,55,257894.0258131474,53.06686508576125,33.52675418561502
1,56,298322.7856342702,40.40034459529094,34.301579285418185
1,57,254954.929984844,51.932915066191974,33.633509350326236
1,58,284393.46995831886,41.596202965858836,33.49205511555928
1,59,287311.49070431176,46.41615315938646,33.16508721544254
1,60,238664.9484278677,67.16384433181385,33.61404491401072
1,61,248998.65316799365,74.78042597429192,33.05460070126968
1,62,281654.18071183434,53.44473887179722,33.12677367312175
1,63,273061.8960911145,64.08615682060082,32.94993400686097
1,64,265360.5423404422,68.94565139918637,33.02893949166442
1,65,225330.9570001901,94.79621964548198,33.34675583015574
1,66,249567.64233940945,73.48574864509531,33.001482137797154
1,67,268979.2620321656,62.663833624877604,33.01433979011506
1,68,250427.6388348998,64.58052714241876,33.33641664555618
1,69,265866.42461989017,68.60113177150221,33.008052324449714
1,70,259704.42633910535,57.017448148792425,33.20271254576929
1,71,292206.40180632204,44.381685455276,33.18047708875877
1,72,235251.74082050324,66.51420362203571,33.7251569796515
1,73,234462.97203409477,67.19501305908773,33.73025266524881
1,74,264078.2948419647,50.00995485430359,33.41294347408754
1,75,258255.55298626487,70.61822385416482,33.010493308696034
1,76,281876.8593988728,45.869104324363676,34.37916816700232
1,77,281876.8593988728,45.869104324363676,34.37916816700232
1,78,242031.60608772744,66.54647897455523,33.5654723394982
1,79,241765.900608093,69.66247482435548,33.17095157012477
1,80,240540.51895142713,73.37881559618765,33.20550134769549
1,81,249252.2311750694,59.9909957116345,33.34504514595515
1,82,279036.56611392344,48.96060868434488,33.304635964792915
1,83,234258.05699491972,70.82078985036998,33.68136375824727
1,84,239364.45259804328,64.44530164463481,33.687480076664144
1,85,233178.04543144375,71.02602795388717,33.64527921688686
1,86,251454.57696630573,63.782873561289215,33.21368962650984
1,87,253555.03429965503,72.34986118477161,32.9966925204248
1,88,299129.04560895794,40.47103705861437,34.29589194384285
1,89,276576.8519996935,49.09370925280067,33.12914446875231
1,90,244701.3097277927,57.78291097959963,33.44671946018349
1,91,255434.5915803086,59.99037486732514,33.030056189799566
1,92,252562.2158088577,66.13930621816061,33.074518769973835
1,93,234446.5568402936,68.28427502503926,33.700947448829865
1,94,253367.11787055052,63.23440019634287,33.218292422691974
1,95,232851.43359257237,74.99171942470262,33.664363572280436
1,96,254998.07354075194,57.77997097880145,33.27240519865953
1,97,253689.5382760036,57.08422945008646,33.39817047792876
1,98,271581.1442836958,58.36988235415561,33.15178081088125
1,99,270129.44939607405,55.777744820639185,33.19365527369811
1,100,248885.7408721238,65.14443777310102,33.16696052474301
1,101,293941.64892862824,46.323106148395425,33.14996172147625
1,102,257775.53485909998,69.89786769151878,33.0300088351494
1,103,243014.35499421883,62.335007884878806,33.54084971100541
1,104,251756.20595480877,66.81697403558682,33.12209017242125
1,105,271904.56323294016,47.70190587851416,33.42190254705487
1,106,243277.9613924959,73.0518135219402,33.16835002900117
1,107,263039.43557137746,55.69790506628599,33.31912802340473
1,108,254600.6698482601,62.26466844162318,33.31131435861796
1,109,281686.4104147779,49.99341400122856,33.06687921591813
1,110,247551.8310557837,67.34695098854964,33.13982223523453
1,111,264483.94495745946,55.2296775404824,33.20081072752977
1,112,255838.90301140063,55.07456615282278,33.46495069111276
1,113,252848.01477282704,67.71644301166883,33.04376903666355
1,114,232936.68539798408,73.40625702571135,33.28273405172232
1,115,250233.38040923953,67.63118854654118,33.13136269586231
1,116,255328.4113324298,62.087762528578835,33.15039413434855
1,117,239016.442022976,68.36892259413699,33.27408477692303
1,118,253892.08278771123,56.04181434867618,33.452116009554054
1,119,238704.26497541796,64.4857185253097,33.65177457224856
1,120,270442.27783475583,51.43805389600608,33.182074601454325
2,1,270179.7857758553,33.089426977772845,33.60369592660732
2,2,270179.7857758553,33.089426977772845,33.60369592660732
2,3,170553.43611854903,67.54091311542163,32.94195200193149
2,4,263735.13547710207,35.04368572303699,33.61354707213303
2,5,142785.51747500873,75.97438524472578,33.11023365187461
2,6,143965.5825172008,81.34509685790506,33.067614569860034
2,7,244782.31798943324,36.93766401672068,33.31299178785728
2,8,267621.42412490206,36.766688106503466,33.51633459553803
2,9,267621.42412490206,36.766688106503466,33.51633459553803
2,10,230940.26731845032,39.469876154284066,33.186267915825596
2,11,219570.07744004423,42.72346908939712,33.128191436879575
2,12,237065.9020563996,38.19582772429812,33.22178978141315
2,13,201178.87389833666,41.15025014443051,33.17238626164743
2,14,184291.08617912317,47.0927185074784,33.22599527564683
2,15,246672.58480543122,39.22577645818065,33.21036540347427
2,16,256638.07219015167,35.5239138943174,33.56012464964031
2,17,256591.73660535723,36.656002376752966,33.611574349901126
2,18,266806.1576186662,33.644088294896896,33.57792944799355
2,19,194535.48201161582,61.42558661243724,32.95916818222821
2,20,148785.14812501424,77.12370493029766,33.03375326289253
2,21,178296.619861107,64.18503923231496,32.946560378525966
2,22,211988.22538934083,43.72988447721059,33.07790359779502
2,23,208413.113107905,45.22698278718047,33.05589888408555
2,24,267804.3534999424,33.377384025589784,33.56012464964031
2,25,267804.3534999424,33.377384025589784,33.56012464964031
2,26,189721.0998161174,57.56579552532826,32.98540559366861
2,27,160719.81759093536,52.89590166131228,33.146311620141304
2,28,217389.37983677367,43.677993701810365,33.068680304481624
2,29,266672.2933219675,34.80671085783886,33.6073972766592
2,30,148859.51210830134,72.39534813368212,32.969890572708195
2,31,157528.03872505444,73.98518085600465,32.96600043521135
2,32,152527.31879023346,70.98778953106599,33.00987776525395
2,33,158831.53847166582,58.590684024495694,33.08193712250465
2,34,143177.03424300853,79.43470222560838,33.06896658630737
2,35,170528.41023823843,68.12750711909477,32.95437965810433
2,36,196036.148008741,48.61532247665726,33.033837687137535
2,37,199586.28885293833,51.27053002229603,32.99341917146355
2,38,206784.04021813825,48.37007584242149,33.00533070160192
2,39,203328.22332417103,45.791957744221946,33.05724091478074
2,40,245912.23842874804,38.50156616759668,33.22099408420858
2,41,147121.30843563052,69.32439529430069,33.05118425714474
2,42,159624.53238608508,61.54776895832103,33.01945299005961
2,43,146168.51069382185,71.40685806796307,33.11177168364403
2,44,146168.51069382185,71.40685806796307,33.11177168364403
2,45,206395.47070138576,49.99142369628318,33.00882564638445
2,46,213415.48937042573,47.43350350038069,33.022153359557116
2,47,175687.43525350868,49.05926230520827,33.05869404877066
2,48,202072.47347213392,46.27588727102941,33.07466389407975
2,49,148687.15096293073,79.61953503277498,32.99188510190734
2,50,167409.81997970786,63.01571479170498,32.99867140745041
2,51,167916.9025165346,51.56318627726753,33.02481933019985
2,52,187652.56690090382,52.51493917118937,33.01110071045049
2,53,146801.71923353572,75.73025962076942,33.10308574621615
2,54,143479.43597371902,74.78486016029524,33.127765082321524
2,55,155663.92782097525,67.72604069812867,33.020098207931134
2,56,160860.78155205163,70.03428487334229,32.9677980116176
2,57,172397.84957436242,67.49387520179356,32.96130864376355
2,58,181326.18204638545,51.20578074931124,33.03023139841571
2,59,161886.0770267612,54.773181802477964,33.09586789538168
2,60,161886.0770267612,54.773181802477964,33.09586789538168
2,61,164791.12309922025,60.521687035721385,32.998680700338376
2,62,188763.94160557262,53.84948358782165,32.98775049779047
2,63,175293.87125297808,47.3419726146478,33.145512098544984
2,64,185562.15395449678,42.79254744779209,33.07946130299956
2,65,171626.52877550718,59.65117194236527,32.97012975862624
2,66,171626.52877550718,59.65117194236527,32.97012975862624
2,67,157310.56603153783,65.06790701823779,33.02271120974576
2,68,170875.4045569825,47.4809616269301,33.09948471822802
2,69,170875.4045569825,47.4809616269301,33.09948471822802
2,70,184644.64016466317,47.07998264831321,33.107668051239415
2,71,173890.66006048638,65.53046221776931,32.96508207324714
2,72,174904.80941648904,56.84419527091823,33.00935344196958
2,73,163210.01673794742,57.28174891508739,33.04528851505656
2,74,164308.94318875353,56.47257707767971,33.064438196057885
2,75,246403.8657294149,39.301648568872196,33.21036540347427
2,76,149744.67064699452,71.23449713447248,33.042812552846954
2,77,177531.79741235104,47.19872091336,33.06945494911397
2,78,169470.69893063442,57.319397532221174,32.98831206410112
2,79,156820.0884109759,63.0832173891574,33.04621485388258
2,80,182037.68896158625,54.0090578558245,33.011545947461784
2,81,184470.8281896166,45.234332004875164,33.12744348585033
2,82,148162.96474186078,79.57768928904899,32.999848702549855
2,83,160375.12066495212,55.91808819395056,33.06509329026752
2,84,162169.9482324086,57.960583988059774,33.02430696659093
2,85,161719.13513177916,59.96730468756654,33.011944223909474
2,86,185115.81496150728,45.57353456692153,33.07584997498659
2,87,166607.7140213644,65.92060875279583,32.96630663459774
2,88,186874.05750478827,50.0162102455635,33.02282454017095
2,89,184144.94872822586,53.99182413430094,33.01478517006566
2,90,165098.13805517706,55.61757816122005,33.07045196155984
2,91,165098.13805517706,55.61757816122005,33.07045196155984
2,92,162390.25136849083,55.889928921717335,33.072932111407745
2,93,147287.78245249833,67.95850122557268,33.044571198499746
2,94,182353.89233983442,51.00441036345971,33.0167025867073
2,95,182353.89233983442,51.00441036345971,33.0167025867073
2,96,151435.04241368631,57.407854770578645,33.108090396583464
2,97,161112.0820745416,59.475397709588506,33.01440651130487
2,98,189052.34022694454,50.52310022638618,32.99555996529798
2,99,157247.2789591011,59.06854528698232,33.026769520572124
2,100,165912.60160515484,65.492534861009,32.99579701947446
2,101,173924.31763525904,59.048584423264224,32.987821899880636
2,102,150426.54523870494,66.57021538434256,33.055644122099515
2,103,150042.2644912005,66.90758864907086,33.059112538257466
2,104,151112.98725350713,59.51805597956959,33.054575589216
2,105,158984.59791965166,57.633280113299634,33.04949884051048
2,106,157453.65327751904,66.20723678202829,32.96870166999702
2,107,166020.09165326547,59.74829569112205,33.01254911419713
2,108,150023.0394330065,66.60446123653435,33.06068909427303
2,109,148786.4559235746,63.73649421499838,33.06472817060165
2,110,148786.4559235746,63.73649421499838,33.06472817060165
2,111,156204.2674829227,66.89857373226728,32.98964640962881
2,112,165441.71642183186,56.50550171270219,33.05773022569786
2,113,186543.5573752337,50.717488621850144,33.02216970057964
2,114,189299.97538710537,47.247241209037476,33.03611542973861
2,115,164358.91931386033,57.78433876296676,33.034511035663016
2,116,186138.89102440668,50.576916336197804,33.038590549765296
2,117,186138.89102440668,50.576916336197804,33.038590549765296
2,118,157004.92478542172,65.96586084270564,33.035318325223784
2,119,175198.64704282532,51.0988272182641,33.06686409264724
2,120,156417.72747041355,66.78659080271801,33.030714858859284
3,1,272525.18422190414,36.40920041460735,33.15452813907032
3,2,272525.18422190414,36.40920041460735,33.15452813907032
3,3,290422.64275103534,31.73672651710333,33.092959271482584
3,4,290422.64275103534,31.73672651710333,33.092959271482584
3,5,224031.1231815525,72.25239662828075,32.63916964224257
3,6,186288.0752218286,71.63991993977864,32.817369195066725
3,7,192418.32309178854,77.30622190538392,32.73376360711057
3,8,250255.84271222667,40.52117989738368,32.9390976521197
3,9,248273.1161883186,39.03404552489052,32.97103600856015
3,10,274555.557098507,35.706072382649204,33.112783373217766
3,11,261313.14759622893,37.5464392327074,33.04084306161171
3,12,229215.47020095045,46.02835802370432,32.906509390850054
3,13,252770.24322414893,47.362879844307976,32.72143380988778
3,14,243626.9095917218,43.33297907761023,32.81853979724084
3,15,229991.826918226,42.27758894021989,32.86603619121632
3,16,280336.0480248963,36.44622088119226,32.98735985498635
3,17,268984.38537867385,37.02487620534621,33.0466740066074
3,18,239479.53979643557,49.70998475862243,32.74956206422614
3,19,214536.00547123578,74.3681456890629,32.65442454011556
3,20,214536.00547123578,74.3681456890629,32.65442454011556
3,21,285433.0656685245,31.74944317506448,33.06949082251702
3,22,276331.0594384974,38.06071718902862,33.023426712571855
3,23,274619.7259931331,34.49429293453281,33.02540682038244
3,24,263714.69208393607,36.43604952043374,33.0558300216301
3,25,237600.01514345512,45.309742316113166,32.841089006075386
3,26,275799.1121717057,33.42911370040065,33.093184635171845
3,27,267016.10460816097,37.27475837346939,33.055423384267904
3,28,279501.0027938838,32.18170387452525,33.03773403116112
3,29,191521.75661624953,71.18005328263922,32.785251159561234
3,30,282090.8523553248,31.788656382965268,33.03773403116112
3,31,217724.570916983,70.96783790194081,32.66043535680008
3,32,226591.79979599945,47.06540346269437,32.85088192599381
3,33,287542.7839821902,35.62262501349339,33.004195147336084
3,34,287542.7839821902,35.62262501349339,33.004195147336084
3,35,244977.98234165667,50.78718543486779,32.73275326033943
3,36,237502.94742270195,45.437371634369455,32.8342453593162
3,37,217151.88963502157,52.18024610465661,32.805572674751105
3,38,234947.87846613635,67.64293085996242,32.66907085038412
3,39,194638.17237848628,67.5967980772474,32.82108786615202
3,40,202037.18505160944,69.21921115577157,32.688960546079784
3,41,221492.68753595027,64.49194467983465,32.6789605006024
3,42,219884.89277616472,48.531155940845196,32.75374686862216
3,43,228984.7082937337,62.78126400218648,32.69328439411757
3,44,222774.3861811112,46.85118277621759,32.88167765543121
3,45,222774.3861811112,46.85118277621759,32.88167765543121
3,46,217682.91457491516,53.48869437667718,32.776620589177206
3,47,217115.15862858848,65.03889125204623,32.670043460725225
3,48,192198.4373168842,76.79861955670505,32.781890751029415
3,49,192198.4373168842,76.79861955670505,32.781890751029415
3,50,215263.68202019972,51.05197380696948,32.86661984116361
3,51,284624.7679947547,36.02104211034842,33.014859153458346
3,52,284624.7679947547,36.02104211034842,33.014859153458346
3,53,232544.66081298905,51.18361856836579,32.72592084103299
3,54,193980.67310041262,69.38937165804218,32.76481777738811
3,55,193980.67310041262,69.38937165804218,32.76481777738811
3,56,192933.70483385655,65.82138328057601,32.879641644446195
3,57,198250.4332970952,61.84722456058703,32.87626722140952
3,58,201089.27608251813,66.72989123285699,32.70747842885373
3,59,226244.61080410285,53.622561942465474,32.731853221021
3,60,231424.09961294237,46.606395646082284,32.84255592906538
3,61,230780.60241432488,47.8846743401116,32.788322399077245
3,62,197163.40201928656,69.34512953986152,32.70972892842414
3,63,205477.62106630846,55.779165464506946,32.82690656523858
3,64,212049.1706508428,59.542454099988575,32.73748647884271
3,65,212928.9525741814,54.91982353220464,32.7444969227636
3,66,203263.59452734244,66.38010625817101,32.713669208487595
3,67,205292.98935689894,58.868076526225956,32.77005605641149
3,68,233243.80861490621,46.1685887138282,32.78993347853583
3,69,233243.80861490621,46.1685887138282,32.78993347853583
3,70,228722.90010397404,47.7382103379909,32.79735558933532
3,71,286208.0217097787,33.320204891221415,33.01526459134684
3,72,286208.0217097787,33.320204891221415,33.01526459134684
3,73,201082.33354155498,71.95449809239052,32.68324153479136
3,74,200186.51848643852,62.073138142958335,32.81437235627912
3,75,205493.9359185402,57.0434752534648,32.779499861948395
3,76,192104.00269507658,68.46062956192418,32.80035146303626
3,77,204686.47288702588,62.614188786319744,32.72651913603986
3,78,220554.15693763856,64.91191327864675,32.70713007897176
3,79,199319.73968891983,61.712623905031705,32.81615417247762
3,80,208446.61511379346,56.37226861174598,32.7942939337103
3,81,227794.94351084903,64.61538422120212,32.67775628461447
3,82,227794.94351084903,64.61538422120212,32.67775628461447
3,83,210505.20408007555,60.37702426891316,32.73605445905687
3,84,200876.89372000462,60.95497767385526,32.80950333671541
3,85,206905.7434519239,66.28089931695094,32.71992956685189
3,86,208553.78952536097,58.92654955645708,32.745210026316265
3,87,204953.24469123827,68.21544846045688,32.70352940946229
3,88,204953.24469123827,68.21544846045688,32.70352940946229
3,89,211918.84824720412,62.0972042404219,32.717319417491034
3,90,223051.9413697979,56.032965306657935,32.69505363971222
3,91,223051.9413697979,56.032965306657935,32.69505363971222
3,92,223534.57873667136,55.47276351428632,32.72608496388095
3,93,221558.3030781561,57.392163728425196,32.712204031650245
3,94,210758.11189592563,57.9196610055587,32.738407157302994
3,95,212803.61097704252,54.02843883464675,32.761373345343216
3,96,218997.43229719816,50.09464292980765,32.80716202841277
3,97,220265.16406702285,56.66803727227388,32.71794739779497
3,98,206998.04966924066,61.885703536480875,32.73886173406383
3,99,208907.60310416654,57.27356430962627,32.75648307514433
3,100,222337.9885838163,54.52250406621773,32.74314631017779
3,101,231443.361751863,49.74515516592878,32.745006459065024
3,102,222204.57668833798,54.66075657984634,32.739301506369756
3,103,218258.86910925666,58.273590222209336,32.737937891150004
3,104,204286.03668121784,60.60377543878261,32.742300391628774
3,105,210305.34558460338,56.920492954614154,32.78179951764051
3,106,209394.9018329915,53.671783567137226,32.819032928945646
3,107,210877.91523380022,56.22864549577824,32.7949941668377
3,108,209790.07249872282,64.5361655115849,32.71631105546383
3,109,197241.05784337717,62.710043879404516,32.72007069471094
3,110,212080.50297494803,54.122662806719866,32.78447827777428
3,111,204511.99371937188,58.22794176927555,32.78350643920663
3,112,200992.43702387018,61.36697297093806,32.80071330568876
3,113,204033.6255254984,58.87936820356839,32.76074860352202
3,114,212318.69434451617,56.22132679165539,32.75901651060866
3,115,221834.65343636938,55.58712208144818,32.74416484949374
3,116,208865.19962103036,61.249772649051586,32.71992956685189
3,117,219228.03114093968,60.736224394448605,32.71319084245303
3,118,218917.84041917315,60.98998062188118,32.71319084245303
3,119,209519.44021289638,58.57893440299111,32.75154783986587
3,120,209519.44021289638,58.57893440299111,32.75154783986587
4,1,206843.44569061365,68.16035465467215,32.70277997806076
4,2,206843.44569061365,68.16035465467215,32.70277997806076
4,3,186065.48416802022,74.49307812757816,32.811984606089595
4,4,353096.17993201443,32.85622411395423,33.75346436801131
4,5,353096.17993201443,32.85622411395423,33.75346436801131
4,6,196829.03292952647,79.9042322642336,32.75037049649792
4,7,250564.327325299,44.2735601159935,33.11514576822618
4,8,307664.1500423532,36.33856140828896,33.363121812856015
4,9,337839.57359353465,32.87830838597391,33.679569855670934
4,10,337839.57359353465,32.87830838597391,33.679569855670934
4,11,313721.13141237316,33.69998225804111,33.53366725506617
4,12,269383.03763964964,38.36910460275498,33.06928423151655
4,13,318402.395081138,34.17095342364574,33.43914891404462
4,14,318402.395081138,34.17095342364574,33.43914891404462
4,15,289802.9588760661,37.97323866618297,33.47508445827431
4,16,289802.9588760661,37.97323866618297,33.47508445827431
4,17,232972.5338490569,51.588348963719774,32.74788511469374
4,18,194026.88906054682,76.46851987765503,32.75132711747675
4,19,229942.89620985012,45.921963723951606,32.757463915209954
4,20,298020.87514369184,36.633395718470275,33.44020946456137
4,21,220434.76603516057,49.57740359426926,32.88604041811529
4,22,257333.26410742375,41.12420567674764,33.00673594046577
4,23,257333.26410742375,41.12420567674764,33.00673594046577
4,24,267954.0899165067,40.001540881810655,33.051375422728995
4,25,290950.6039285473,37.84556614188392,33.43545162367033
4,26,261732.47745374282,44.793098185711735,32.94207464919312
4,27,312976.0829759034,35.94271737772235,33.39585301595819
4,28,312976.0829759034,35.94271737772235,33.39585301595819
4,29,203370.88522936718,70.02834787309222,32.71546217897189
4,30,306007.1206723634,38.24425306895861,33.374932310271454
4,31,306007.1206723634,38.24425306895861,33.374932310271454
4,32,315695.99600291013,35.05335571793438,33.45543991687805
4,33,265873.28854349884,43.509012554345446,32.9821696104322
4,34,254879.72752884385,43.61941981704427,33.069885423545806
4,35,254879.72752884385,43.61941981704427,33.069885423545806
4,36,265499.2946749157,44.35082934350521,32.89259689065244
4,37,214563.20497437182,54.25470363215778,32.923489650204
4,38,268193.98834537726,42.93206427804377,32.95850636666629
4,39,292758.261041088,35.21077849979374,33.45055496130644
4,40,292758.261041088,35.21077849979374,33.45055496130644
4,41,186216.53219225336,72.82065811137946,32.81258385957082
4,42,193804.76621165013,74.95680735022995,32.767214050231054
4,43,202804.94195319506,73.50654338691918,32.723911025982694
4,44,267108.0530777415,42.73093640777704,33.00283804856018
4,45,216665.92701589933,52.01008909120835,32.84752187102267
4,46,198197.34425217146,63.59224931113218,32.87925875502939
4,47,194755.8169374386,63.78239245266641,32.82864607387891
4,48,218492.4611894837,50.95824454636975,32.88558907856742
4,49,291298.5278817648,36.37074404994233,33.50281842056236
4,50,261028.7339983756,43.82895589591661,32.94622081165502
4,51,220594.82308292587,62.55558174490403,32.70871119953355
4,52,290761.864839163,36.245400980502026,33.525354248271974
4,53,259473.21552615231,44.370226797449654,33.00037766273141
4,54,268627.49850855843,39.39603749883743,33.06413012358659
4,55,198724.95747240062,60.834851978023906,32.89008475814466
4,56,198724.95747240062,60.834851978023906,32.89008475814466
4,57,225976.0695831,53.26099618435992,32.78169716294969
4,58,258713.57190105692,45.33127223611539,33.00264114863091
4,59,212307.3305211326,66.73990643919052,32.731643212062664
4,60,192036.1543579886,71.11319146553457,32.80415896193882
4,61,216369.1030653372,58.766003055578736,32.76713862920054
4,62,232465.81438060035,54.72223451125692,32.74956313890988
4,63,196208.50349119483,67.46151487033669,32.795652119430144
4,64,211420.6285388478,62.17023465157489,32.752572192202464
4,65,227403.25985793257,56.02288764914263,32.733337066311485
4,66,217175.15660166598,53.89048752268496,32.83100135761658
4,67,306518.29397557257,34.65700773212471,33.50467547887144
4,68,306518.29397557257,34.65700773212471,33.50467547887144
4,69,189795.8672961435,72.63591608938601,32.839243443084435
4,70,189795.8672961435,72.63591608938601,32.839243443084435
4,71,191353.9041146101,74.16762420065614,32.806142875517715
4,72,214244.5080239956,59.58083199497025,32.729517843611035
4,73,208593.36539810072,59.814722307212335,32.765839912712636
4,74,224657.13726871856,55.276399901196775,32.74402414544648
4,75,229778.82519176597,57.96444928509497,32.71377645892116
4,76,200862.1530530659,57.73652248260023,32.86483376944138
4,77,228575.9367470871,49.88018651568285,32.78156733745208
4,78,210446.8774580048,64.6212226675272,32.75222697633776
4,79,196550.42846447974,70.42577351887877,32.77756910739409
4,80,197019.18779745122,71.70355425487803,32.77025093651405
4,81,200646.51204183738,60.209557587919356,32.86292723216917
4,82,204466.6114408843,57.481803447048,32.77949130530563
4,83,266968.07846564474,40.461776125616275,33.06413012358659
4,84,215114.50206513013,54.1523244684026,32.85152075702794
4,85,192503.91979709163,67.84428090668146,32.797447974652215
4,86,209609.0250663643,65.48665084099898,32.74516633076913
4,87,291290.62999682396,36.66526175323505,33.47508445827431
4,88,291290.62999682396,36.66526175323505,33.47508445827431
4,89,206413.14030929017,66.06546807619894,32.73896099082087
4,90,228138.16170500265,51.42417544216884,32.76180144300655
4,91,266927.04380728427,39.464355994466324,33.064828163859055
4,92,210246.9872071405,55.80968839377468,32.848686443868786
4,93,222348.1523078898,51.64276208860905,32.86285571096008
4,94,225433.94548807794,53.39503764476622,32.75640243358347
4,95,194697.08363596722,72.37233334202676,32.763825161692814
4,96,220568.55590915252,56.604136534069774,32.744998091115434
4,97,192998.03237312994,74.49062621558124,32.79063881101815
4,98,213681.31998160918,66.21178994025587,32.73180990981602
4,99,209459.56590684952,56.936069273477784,32.888908002113354
4,100,211094.93908462985,60.446400869233244,32.75896408185143
4,101,219953.53066888978,54.391237857800064,32.785197999401085
4,102,228793.09433482648,49.8454208196268,32.78541485909285
4,103,213443.59168487403,63.69255551785401,32.73742358662287
4,104,223037.81761100423,53.267654965217346,32.75961185186197
4,105,219400.35704482527,64.89120329122665,32.70736392289996
4,106,222813.89018145113,51.60196564474537,32.85937948400427
4,107,219318.6222483938,57.377905524058235,32.72977601264349
4,108,218479.524789031,55.16601038200737,32.779333245493916
4,109,201963.59919443703,62.293990535113444,32.757447344177294
4,110,225678.15079882892,57.094515079959095,32.73136749270994
4,111,216282.10456657628,65.1693970630815,32.71518282678272
4,112,190427.92019527347,72.0066685584346,32.850754462015495
4,113,190427.92019527347,72.0066685584346,32.850754462015495
4,114,198111.6020449775,66.00374395298246,32.752699782085976
4,115,218134.8353121015,54.21584460212945,32.794835105216976
4,116,191522.38486419665,72.77169287225935,32.81170212361486
4,117,201393.1531913246,63.74339980601794,32.77568884260338
4,118,197522.87383728893,63.755607832355025,32.80053110336998
4,119,222576.2852120779,62.22654688376296,32.71241971104598
4,120,201730.8450508033,57.44402729549063,32.79185391626937
5,1,235284.50781637157,35.90094163280151,32.83391186992188
5,2,230887.23244847835,30.629480554496574,32.8449656533979
5,3,230887.23244847835,30.629480554496574,32.8449656533979
5,4,158331.10478136624,66.79474160302526,32.98218598327181
5,5,203868.9004914367,52.893808087909086,32.7896229482951
5,6,153345.22139151802,79.05864381651135,32.904418668212564
5,7,224471.44682496306,31.476627115388467,32.90575170693849
5,8,217418.48111749257,33.05991447648401,32.927877850268324
5,9,153808.83961923176,76.21541434368736,32.935424548959496
5,10,155952.1504380881,69.91028570696123,32.96661181032724
5,11,189696.42453379324,38.60863732330055,32.956841057637654
5,12,158208.5982947306,74.29426727807,32.884434992931276
5,13,160490.45248512842,62.40040228358616,32.95053377049292
5,14,159166.62473331718,66.72773820509654,32.97634705071559
5,15,212504.61330579815,34.0569253748102,32.89716970371411
5,16,207188.56270500497,34.27152903687712,32.92811703311148
5,17,180913.78732280538,68.68344620741503,32.79638651786703
5,18,166153.77721974245,73.19654950235463,32.8529214152765
5,19,194943.98592063895,39.073167570613045,32.94235386062414
5,20,208912.91279182446,36.231620492133366,32.828296598317046
5,21,217062.68710729072,36.656204561751736,32.8179198843345
5,22,172419.4938131149,47.763367587686105,32.91930380278143
5,23,198342.1381758412,38.44967720105921,32.94553193849646
5,24,213010.59732352907,39.42308117152998,32.81722951103385
5,25,165699.93551281665,52.877349197708824,32.933860229651415
5,26,155301.55112892264,70.99292680362939,32.91194699605052
5,27,155301.55112892264,70.99292680362939,32.91194699605052
5,28,171730.0614979812,49.222605574495944,32.90839412498222
5,29,162109.10691933558,76.18602481914405,32.85008834187727
5,30,174769.21441318255,58.79654700376305,32.840513825229614
5,31,179631.0439166094,65.3710711069819,32.820170519904345
5,32,200028.68418811756,39.718359300059824,32.93190307750541
5,33,164809.6454105226,54.96302999239391,32.94511642705606
5,34,184252.23004057445,51.24985928920787,32.82170355851899
5,35,204939.34973467182,40.85799574967285,32.83275998677525
5,36,174459.22192801948,46.90500666977347,32.92569938242603
5,37,191715.68025648792,45.15037697465512,32.857572246482846
5,38,180320.67780870094,60.14386086785038,32.81145185459878
5,39,161827.51505276538,75.69204888882172,32.85494489144495
5,40,177241.75629286806,57.487411943401824,32.831295247630415
5,41,201217.1321201619,41.36053409445275,32.87696540030842
5,42,181736.74934067024,54.86390869415329,32.81869298697936
5,43,192982.3581501422,42.69544084493276,32.87832766800423
5,44,168260.9531572944,49.11290505922405,32.91145994637984
5,45,170393.0306917423,58.12968393079047,32.8468581662155
5,46,159190.85576522365,63.68719558176025,32.906062285926815
5,47,200043.6976845126,46.27968846379645,32.804747989611634
5,48,161654.2583165792,56.70205113539776,32.86700915079343
5,49,186892.74917812386,58.9726146459881,32.79956813700725
5,50,207253.32319427712,34.09732693410484,32.86499141559246
5,51,173928.08321991435,64.09386809150647,32.82546283217427
5,52,158437.5977647538,68.33005820402725,32.944678914038114
5,53,201623.32408517358,44.90706905045852,32.807960948094085
5,54,158871.98843593427,69.13062410153827,32.927829901048284
5,55,172595.1700904098,48.38465085392467,32.863096854447164
5,56,174314.88085038378,46.922021123511826,32.97049051678004
5,57,176247.7763344698,54.16957215563937,32.859306349659136
5,58,179818.42656640374,54.475147192846876,32.82333197493726
5,59,169648.02797807424,50.682975918541366,32.890815445808414
5,60,175366.60747256072,55.40476773218018,32.847361633806955
5,61,203389.46070768728,40.15343046644429,32.84481620173704
5,62,190907.30866351238,41.11004059083968,32.89927865894255
5,63,202293.93609127874,42.14191286051374,32.81775442987366
5,64,201661.5712704527,37.432843764933814,32.914195774994745
5,65,201661.5712704527,37.432843764933814,32.914195774994745
5,66,178878.9775230685,47.93963306026007,32.88708757095611
5,67,186075.7752850176,44.60900520731085,32.90172605753394
5,68,186461.18755779046,50.09499565528742,32.81380498558849
5,69,201906.7550140536,37.07972387576537,32.854945743835884
5,70,158975.19701547196,70.15331154098293,32.87208185815144
5,71,208895.30010338995,38.9163310480482,32.85393296834504
5,72,180359.59810610153,46.374561452651214,32.89544869823357
5,73,167361.01027854878,55.94645373820959,32.846875503144155
5,74,176013.48714873998,60.5650692184946,32.83209175791068
5,75,188647.9661187489,55.20653403383244,32.80322388979638
5,76,188457.7429232986,46.77703311578372,32.869105477482705
5,77,178585.91281603416,54.13215757849191,32.85283165400885
5,78,169467.28919110046,50.28680430744808,32.90283235593185
5,79,187450.65247337378,44.76986610158855,32.89965548642228
5,80,172539.0914004629,50.933315687729866,32.880541671346954
5,81,185038.59252980447,55.19979017088082,32.80461304021944
5,82,200549.19874411906,39.83165585576701,32.89142545181743
5,83,184376.61065038905,47.113749938885825,32.867432372357854
5,84,197582.0489217912,43.08238932272218,32.81932776273861
5,85,195151.19664850557,44.19900234057532,32.834906260276846
5,86,176898.557032034,55.205327407355725,32.83696981857724
5,87,174314.86250855378,64.27972974767765,32.82143693526244
5,88,174143.1554538616,63.22732564641405,32.8287039598262
5,89,176834.89225683012,70.13395917562946,32.814685161929766
5,90,201497.83337013389,37.84815880619205,32.8733751001497
5,91,173433.60356654658,47.581741216308785,32.89352200713352
5,92,183374.2678668924,50.89733600687896,32.834963118029634
5,93,170187.9096144244,53.66289592816126,32.872981997733376
5,94,178928.17191747058,53.853254782697235,32.849947296592894
5,95,175859.38655675214,43.58339274695439,32.90812023371247
5,96,179449.9856469967,61.5127560669359,32.82972932350116
5,97,195818.86219494173,42.183493348424065,32.87514174814754
5,98,177634.4811658354,68.47935135080486,32.817216729582505
5,99,166802.4350977982,61.935912046067244,32.845483957403616
5,100,197020.04844754972,38.54478307662996,32.969485014585544
5,101,204478.65601792623,39.126570971638905,32.8438799891548
5,102,169632.3904286121,58.99620178946133,32.84339827028902
5,103,179232.19258529975,42.33425108242095,32.94466240558685
5,104,168982.92311095627,59.305558739583574,32.846175427830595
5,105,166360.40979436494,50.96627961385633,32.87861103498065
5,106,189036.49545307958,42.9878222772039,32.870038585334534
5,107,175593.91736990376,56.673753393865596,32.84672156850574
5,108,177079.4192324697,62.52533362035431,32.82094631027052
5,109,192501.14190010945,45.09792387933915,32.82042968155143
5,110,168753.73612497534,54.25338818093171,32.874245755504674
5,111,186957.72248594114,47.62805465971449,32.857439653432884
5,112,183930.12216573147,48.67467859827522,32.8536537935122
5,113,190980.83533677255,48.46326538693245,32.813738047808144
5,114,183716.67482142817,47.51174647019209,32.893263620101564
5,115,177817.41519276958,61.94754578151396,32.8295260375927
5,116,170068.5267784402,61.268267302243586,32.83502010446912
5,117,196208.14157824163,43.7192443362391,32.82109441073645
5,118,195925.22791737132,40.518189897135606,32.90483878186179
5,119,188866.41252241543,42.571532073044274,32.904872826355245
5,120,183713.52105047376,47.75931233541875,32.86325803821105
6,1,214795.4930425969,76.0710082600646,32.70693154141421
6,2,246710.03885661458,56.14056004978643,32.676026467587874
6,3,239443.62991027258,69.65404440079931,32.62262445147118
6,4,323885.0544340117,37.955268980547956,32.706797431405896
6,5,323885.0544340117,37.955268980547956,32.706797431405896
6,6,249255.7887866706,53.47355307548065,32.73836045114344
6,7,260980.51568340845,51.950858325388914,32.68647545510544
6,8,242726.35468168076,68.77903430114631,32.61770858842378
6,9,242726.35468168076,68.77903430114631,32.61770858842378
6,10,242726.35468168076,68.77903430114631,32.61770858842378
6,11,264727.9545588135,50.209289000027056,32.682295079363996
6,12,260830.9692790818,50.129580000343374,32.71695990783335
6,13,250531.8282171845,52.590530672949754,32.722667783596215
6,14,224439.2147876656,61.464498851294756,32.75139875905121
6,15,224439.2147876656,61.464498851294756,32.75139875905121
6,16,242362.09052555484,54.32161406280085,32.725558661624554
6,17,219071.71971869672,62.769133158671224,32.737626544228206
6,18,306221.2332593863,41.50406544607239,32.71178903666987
6,19,256370.44883614895,57.977696048130575,32.619338127875125
6,20,262610.5986457758,46.30063666543519,32.74044717209528
6,21,226172.90342641424,61.63133467843778,32.71709621789155
6,22,299112.8701599371,37.34118031083656,32.71640122436342
6,23,237131.1473466381,64.35293466697355,32.62957107510901
6,24,297266.9757090335,35.98939215321135,32.717326949045955
6,25,265803.571782885,48.34546484033642,32.70706390201674
6,26,250081.05649239282,54.06782706993626,32.69812402962034
6,27,223308.67323567992,72.91117390447019,32.61489122707375
6,28,218311.96114487122,72.56245660402845,32.62766124757043
6,29,237049.38326018743,75.13352988119271,32.60732104478683
6,30,262256.4114108906,49.827266085361146,32.70444332801619
6,31,264264.19205374294,53.19976180358136,32.63698425424092
6,32,228760.0929484695,59.466624152558055,32.66440670089579
6,33,241419.71762336997,72.5791352828076,32.60783698972772
6,34,262906.86080597935,48.42782493579862,32.73731412486553
6,35,226152.42696757455,71.23314346183389,32.62801808784729
6,36,233137.134357256,59.02100759311522,32.65602817704039
6,37,234968.80136385263,56.870042206255235,32.667580216411764
6,38,215816.69375692235,70.14228267501205,32.66537043882049
6,39,232370.42113884742,62.34198880433928,32.63102691935549
6,40,248813.21046866674,58.06935280277103,32.63087067147981
6,41,270958.6576935233,56.46659006350962,32.61493644987289
6,42,263923.3208375527,47.14120615183071,32.717283882716636
6,43,263923.3208375527,47.14120615183071,32.717283882716636
6,44,250879.21590575803,60.74810879908243,32.62904120550285
6,45,249724.24973681688,55.9390824244804,32.68584514925932
6,46,292620.53284827294,37.219930579700524,32.72257181752952
6,47,218173.45243952845,75.64995077366,32.6229107719886
6,48,276216.34149710444,41.92948606677067,32.67729329391013
6,49,231597.39113822381,72.33160690913739,32.62725569114725
6,50,231597.39113822381,72.33160690913739,32.62725569114725
6,51,245576.41601610492,66.79251239108045,32.60993043715265
6,52,218308.36336930995,71.07644262266834,32.630304137963634
6,53,225945.7222925548,75.68004688350797,32.612211740213795
6,54,254207.52978678746,47.599860870839464,32.75852202543678
6,55,239642.43198621093,86.14930557034806,32.582674480313216
6,56,242649.61703702324,63.84960576442691,32.627020970742
6,57,242649.61703702324,63.84960576442691,32.627020970742
6,58,246934.8364739871,55.502055209418266,32.692881602214435
6,59,236226.34890509426,71.32116977920253,32.61328573982829
6,60,259914.072774743,50.95878598807828,32.70126937902889
6,61,229469.8912501293,78.98103472134528,32.58541199036134
6,62,255116.43218540493,52.04621950758262,32.70622976443488
6,63,228658.1877442899,60.749650636286475,32.70089609570065
6,64,251543.63285422203,52.15386837500979,32.63912212133178
6,65,292219.3623881491,36.63651139953298,32.74513487626207
6,66,244791.59605168123,66.78972065077573,32.62466863175909
6,67,244791.59605168123,66.78972065077573,32.62466863175909
6,68,259513.73033880195,51.83229238293395,32.720814459392535
6,69,222100.7204836955,69.04396994389155,32.659224489623135
6,70,232381.8420170709,59.86216516166658,32.65103425909833
6,71,241577.54961214238,69.47995865825058,32.59607397623619
6,72,209992.9800784084,63.57361881781043,32.71623957688715
6,73,272121.9515933177,42.44249355072638,32.67702178684511
6,74,242528.90474687086,56.832669825870234,32.63875746851551
6,75,250150.69852415557,54.63724516326486,32.63302545475508
6,76,242738.87925793434,68.17523645932374,32.62047452948682
6,77,242738.87925793434,68.17523645932374,32.62047452948682
6,78,250745.1853788315,50.2464777825106,32.82248022308643
6,79,235326.54647269537,55.82697645640099,32.69964383133194
6,80,259625.0527550017,48.510979466777286,32.717516932319505
6,81,245428.5519689594,61.52549694272573,32.6357626178186
6,82,225788.813989356,62.763009103592886,32.68128011747823
6,83,221170.77867910502,70.48587506029406,32.641001158413395
6,84,242369.22359168445,56.23301134142445,32.67008426756364
6,85,253824.2284412184,52.04896140187467,32.74644576712783
6,86,267910.561698261,49.34676957155501,32.6674151784576
6,87,215285.42512221518,78.23148029290017,32.648205526872765
6,88,260761.02669511567,47.19512232094287,32.73890990587816
6,89,266661.0254008803,44.75477025588099,32.72909814699679
6,90,252417.01473794878,54.5418547341201,32.63860803529043
6,91,217964.4488303304,62.799271911532244,32.66414113554769
6,92,245755.5273106561,61.65865264336072,32.591487658291975
6,93,270960.80335001426,43.30388094919817,32.619771790970105
6,94,234535.42678873386,68.12656971770441,32.626570859349115
6,95,267282.2373691533,51.505725741320184,32.66127274488939
6,96,217675.30083389534,69.72395173186132,32.6960424937601
6,97,228858.9771403451,81.21749220452425,32.60669873208568
6,98,223972.35778154916,67.75927557217696,32.653651848153274
6,99,326682.79950013815,37.36926764491084,32.69734390275095
6,100,227193.31704101557,57.1909060918038,32.73760168546777
6,101,247635.23958017403,54.58909328025871,32.70742194882804
6,102,269118.40009330853,41.665293211726016,32.75600666848951
6,103,230439.31639668756,62.7128405137008,32.66389061577136
6,104,267861.74196297856,44.265963461020974,32.690810568483585
6,105,229182.2756519412,75.68528756816063,32.60515117861376
6,106,223848.6772592837,69.4469356857483,32.62803856434868
6,107,228037.5919881605,64.79819546953685,32.62812389894812
6,108,267435.0680042267,51.11404407729153,32.668362735328735
6,109,228871.00072421285,77.41920318877956,32.60980584985483
6,110,238798.0567733002,59.67352747992114,32.64241162980946
6,111,214120.2853267584,78.61642909939496,32.6924534546793
6,112,238875.51385034673,56.6873537635323,32.67049073321241
7,1,278179.20989007165,77.62286310596777,32.58919205527601
7,2,346669.15651570156,42.563552903899506,32.90056798383267
7,3,312075.7585791633,49.596125028187814,33.0072968561552
7,4,351359.93399423826,44.76551261406542,32.82765322453857
7,5,237877.68220439917,88.87116585568022,32.66542204350428
7,6,323798.8839275978,45.997266158460725,32.99061893027869
7,7,242018.61548934528,84.52256866449592,32.666308225288574
7,8,330332.18200238055,43.59964974173194,32.87304161436831
7,9,294061.2562451711,54.64814941328559,32.93513391369793
7,10,294061.2562451711,54.64814941328559,32.93513391369793
7,11,327972.3350531204,43.77371393174929,32.84648510876657
7,12,339617.51650340797,43.01117396634232,32.85660245625191
7,13,339617.51650340797,43.01117396634232,32.85660245625191
7,14,297086.2800139154,52.12523811858743,32.910134455637284
7,15,248413.75935203204,82.15141468562928,32.664286679069825
7,16,317926.2496754743,46.69979066218872,32.82797783649779
7,17,262290.00744488277,87.98846620482817,32.64495790870809
7,18,264016.65224495437,79.79016750105566,32.618521599284364
7,19,263381.70536494214,83.62885339017045,32.63691078836587
7,20,256608.85238172943,66.70664154221083,32.73087820974483
7,21,247789.19529899798,88.21294120991327,32.657250489595995
7,22,250111.13178146162,78.79598643022507,32.82729586467731
7,23,286646.0517502183,55.81334980843779,32.80105199639196
7,24,294731.5982141992,71.16036008437402,32.590518113484734
7,25,252559.51086119475,75.85842893004035,32.65349008396253
7,26,328925.6569195931,48.18437486385581,32.811644445510915
7,27,287984.07318570267,55.439674969336686,32.777045396064516
7,28,274010.496819623,57.053318739462064,32.74061450020662
7,29,349318.6560722216,48.697011791044325,32.77300771404594
7,30,305780.4741065583,53.97131593579136,32.75589025216785
7,31,272444.09932918986,62.941381810022136,32.672262260889646
7,32,309754.01572531735,70.58136739567477,32.6133188556146
7,33,251487.45116895577,73.11943795778255,32.73817084064487
7,34,266884.42865429877,78.25380824091438,32.62517752630762
7,35,266072.680056526,74.5478177856588,32.6298704206341
7,36,336312.869520257,46.45454857761804,32.778444644616314
7,37,316671.6699741751,51.01110559238393,32.761718870183394
7,38,323195.5315958578,53.71941289426233,32.75375337815446
7,39,279313.1071464723,65.56961288994785,32.65670409800115
7,40,298744.0816795426,55.618794087448336,32.695794925667926
7,41,283310.71959796944,58.83316857084054,32.66673824951629
7,42,281077.8426413434,59.016540779832944,32.7164385112937
7,43,258787.5727157189,67.91295289080043,32.71629622580368
7,44,301118.5081849485,58.9495482217182,32.66305864689646
7,45,285972.7681377542,56.32954830767445,32.70224170691962
7,46,277799.46873009263,60.75953596766971,32.69900221109484
7,47,282258.19272233674,59.84330135936415,32.62652509968723
7,48,319264.40862473054,54.71013367695994,32.690369442541154
7,49,315407.96698396665,49.51792194958934,32.79135656625828
7,50,322857.6624942495,54.629028738946204,32.73364095069988
7,51,321539.97376398486,57.21191296023322,32.68397012981525
7,52,274078.86065737176,67.10840534977892,32.64726309010192
7,53,284871.254746398,60.218691402072835,32.61841616717762
7,54,310494.01364677557,65.353377009642,32.61686829007175
7,55,274100.6532782423,69.92334910317604,32.6433458409874
7,56,281410.51202990254,57.84805374459737,32.70278698611902
7,57,314510.9099534359,61.94066210828389,32.60380399110099
7,58,252578.4908261731,72.45815642703226,32.821498221564106
7,59,271605.1552471087,74.21621007188574,32.60226678734078
7,60,255188.28589773783,74.09394464740885,32.65812149685204
7,61,274918.74718932103,70.43444085223052,32.63886320282394
7,62,300086.6137889613,50.18051935083615,32.81287541703841
7,63,276864.9396748479,61.68207562765112,32.714394139366824
7,64,264997.5230181222,68.99150081180561,32.68521209885952
7,65,253813.1677842512,71.71468209083963,32.707434251508786
7,66,278809.3808819517,62.27017465920502,32.68187793236758
7,67,315268.3839936437,61.371039784467094,32.60969871622735
7,68,305533.5460900174,53.8132572126786,32.769135180590204
7,69,304610.64124570554,53.150859533520666,32.77690046211039
7,70,270014.00374609284,75.69270703207756,32.628618745202644
7,71,260818.19999721413,72.27145590372439,32.65777825860248
7,72,287443.41515541833,54.933163582530554,32.782841670947896
7,73,320496.2996373129,52.05868850396443,32.75806944708148
7,74,334175.2604276039,46.16309201527197,32.782269100182845
7,75,312365.5722896535,54.980912579695584,32.721872840105796
7,76,268236.708052002,68.66664523959463,32.70768820402762
7,77,313159.6882946843,52.94956999806662,32.75767041573825
7,78,252648.6545370249,75.29412967519895,32.657235315067744
7,79,281257.96055548295,64.16755259617527,32.671823498302565
7,80,316297.245727413,51.52257778059858,32.789564793530985
7,81,318724.26377572055,52.59605253650023,32.75376425193606
7,82,310768.5568183048,57.82350210360588,32.66383686550714
7,83,303533.5357507399,55.29032592329467,32.75466480632063
7,84,303533.5357507399,55.29032592329467,32.75466480632063
7,85,297509.72279219545,72.24099877010914,32.5892709573184
7,86,303574.4732408789,67.82520374948992,32.61766215443652
7,87,270073.74189743015,63.365512554644745,32.77535190081668
7,88,278807.077651167,71.72323783862322,32.60672670719797
7,89,331739.45043043763,49.021864762769056,32.78021211727042
7,90,267732.070251642,69.30942997856395,32.67096991940848
7,91,334848.81258181954,48.76982815258561,32.77030015603795
7,92,332131.52420147747,46.41255864981265,32.810365545143284
7,93,332131.52420147747,46.41255864981265,32.810365545143284
7,94,262160.3286484039,69.43516355156599,32.65777825860248
7,95,294148.01471730927,71.286320781265,32.61339609097169
7,96,255941.00762879476,73.53018763119672,32.67906372343207
7,97,255941.00762879476,73.53018763119672,32.67906372343207
7,98,271359.8573570299,73.6902793594847,32.60862669932848
7,99,324800.4105470351,46.290989723372064,32.81789390577662
7,100,334486.71525195596,50.5939840273049,32.72568958031309
7,101,263885.29462250153,63.77457918331068,32.7712783382594
7,102,253268.5012267272,74.38793210587727,32.70052097801961
7,103,270843.4906013372,65.39248753967411,32.725371853280556
7,104,275343.2499962008,68.46739884090304,32.62570397191586
7,105,268355.18975072785,68.15621733084355,32.671539837503914
7,106,323808.4418861285,53.068531040780215,32.71424074735767
7,107,325867.04279078497,50.38397591317288,32.78944085699989
7,108,325867.04279078497,50.38397591317288,32.78944085699989
7,109,316152.07884614565,52.166878488943816,32.77502868453374
7,110,255693.89220057882,68.13550567889486,32.8157201513731
7,111,312544.28035731445,68.44894402307968,32.612350819580485
7,112,331779.65588144294,49.067029935603585,32.739400371228975
7,113,283087.9519883185,69.2100343218331,32.61733766164487
7,114,324737.0163659481,49.95369218184765,32.78951867972351
7,115,325496.9638098121,50.69226313707784,32.75826498080617
7,116,324232.64484122756,50.85083488797444,32.77526533968261
7,117,255809.85319513088,64.06740511151709,32.75855959684915
7,118,271698.7794667283,68.9782733793256,32.65573130758219
7,119,271698.7794667283,68.9782733793256,32.65573130758219
7,120,281358.8566986672,63.978573232200795,32.66504059418522
8,1,245122.75612393132,36.88443463857593,33.34155935799957
8,2,161296.14472477548,82.24330277486364,33.12071821001888
8,3,171735.08384610948,94.41352544530156,32.98710267105105
8,4,251050.6249910228,33.685195892517015,33.053918375071504
8,5,251050.6249910228,33.685195892517015,33.053918375071504
8,6,191615.09686508146,68.2662654676543,32.861476528117045
8,7,169196.62880669173,69.93897915659618,33.144888667967855
8,8,169869.85688002693,93.63511983475429,33.01132947487829
8,9,245414.63690899927,36.331785358975566,33.082585725974006
8,10,230184.51819954254,38.87259237213665,33.05886547648646
8,11,177963.1716215675,87.82420209164925,32.9662592756602
8,12,177963.1716215675,87.82420209164925,32.9662592756602
8,13,164843.7911267139,85.30001547877077,33.0263927322991
8,14,164443.68794626454,72.65833075341678,33.100473071106435
8,15,223429.681947758,37.6085565324449,33.06473076194794
8,16,192538.9097237511,53.83803179182125,33.01895551622249
8,17,168443.23027121346,74.4916198241586,33.08150746019342
8,18,173124.57706818072,67.81291896308873,33.04450770557524
8,19,165295.69176096117,81.48629596463965,33.0736569508318
8,20,171255.56551698223,80.3788085187321,33.00553156301645
8,21,177172.03817846553,75.44532622436762,32.98252721325979
8,22,167432.74388975525,77.38583227022882,33.037946701450494
8,23,205045.79029914291,58.193075045339036,32.900959639587484
8,24,218834.68118818,44.93162102000071,32.98804233444832
8,25,237725.6636171195,48.786963687461274,32.87927513572
8,26,164196.0263334732,82.80652081317874,33.08715763555862
8,27,214397.8927671954,46.00404752912113,32.93017855062492
8,28,202618.87520787911,50.66245454069143,33.11520616330501
8,29,216202.95492783148,50.704365713679195,32.88408342841675
8,30,185310.16387193365,66.01874359968038,32.94544541186823
8,31,163263.03278503809,81.08870810868507,33.130805777224666
8,32,216799.2381603737,47.60113894268492,32.92437228477518
8,33,239559.84803990799,39.64371458742489,32.971432863383704
8,34,224452.9321835793,43.260801596565315,32.96033659777599
8,35,161747.04480834844,81.51038741661588,33.11506419997273
8,36,188771.3507082281,61.2903789483417,32.927956304150364
8,37,196199.15368303738,52.90785860765934,32.91870960747352
8,38,181477.9070955679,68.39047625225587,32.95804299537155
8,39,220980.18138416135,49.55041900115972,32.87140666284488
8,40,227089.69529631935,47.50447401810454,32.921323321996425
8,41,226075.19423767828,43.9689370565527,32.94647176568851
8,42,176653.3941845155,81.89362614891265,32.97178726339817
8,43,213297.5135501717,53.19800406400705,32.87522098902863
8,44,235665.5374871821,38.68492738411538,33.04297308735027
8,45,221607.73381087728,48.541282475878496,32.91118056772223
8,46,219815.5685385116,48.40666075250842,32.92201312180731
8,47,168084.7742184042,80.76395217216988,33.03484570083557
8,48,171620.67432540964,77.2250418947728,32.991459559257194
8,49,192450.95121847367,64.99950361127476,32.88941475140156
8,50,210815.949171943,58.098585972553074,32.864216897182935
8,51,188441.159224463,57.38201170957164,32.970204732001804
8,52,223572.58760188677,43.98263676423126,33.053189153136344
8,53,174600.11812026304,71.47612392172431,33.04167682134654
8,54,183195.42827295687,63.195591636333226,32.95731113933743
8,55,197987.25412848836,52.465425042257095,32.922596101895735
8,56,194145.03837826016,63.063846864398734,32.893371854472186
8,57,198136.6438368607,62.18429038360757,32.90712486684855
8,58,186966.92040183998,69.38719563912792,32.90991250286973
8,59,195430.16546768352,60.7104891381762,32.90720097583006
8,60,167410.80106014165,77.3533105861952,33.09267367610551
8,61,162408.0305977355,83.93640390631992,33.04406542395758
8,62,162408.0305977355,83.93640390631992,33.04406542395758
8,63,167235.68674535074,80.63699801012974,33.0849964085646
8,64,201474.02443889878,59.20212828243445,32.9000682285076
8,65,174975.69884618453,66.24345692468745,33.01882494643871
8,66,186283.03942818605,59.902824058163866,32.952003509271734
8,67,170942.60193566087,81.09338228217202,33.01573529625771
8,68,185877.9966227454,58.480267819360506,32.96126329972224
8,69,179505.4778157946,70.3911033866387,32.970875274074025
8,70,180156.93745543505,60.02555390367158,33.00469521901566
8,71,171009.48444181183,81.12575302129805,33.00123475292841
8,72,177739.63343772574,64.12424674784499,33.020517673859274
8,73,168657.6059721288,71.64348353030284,33.02307414203117
8,74,187460.12476057385,62.5630913290144,32.94381352463166
8,75,223784.25355193144,44.79225703857054,33.04431541584783
8,76,190734.72894822102,64.6374094596118,32.8941024609529
8,77,190734.72894822102,64.6374094596118,32.8941024609529
8,78,227033.33492821892,42.45759498186371,32.97711337485925
8,79,214298.03983469272,46.4355743861673,32.99355634297706
8,80,180375.7701028185,71.27009794927618,32.96050256902565
8,81,180551.5581391594,72.24168136128156,32.943939576653186
8,82,213545.49573952923,51.867483608925006,32.90342822732202
8,83,178342.6272375641,66.90566880594183,32.97692368078874
8,84,220894.40472234742,46.80557833870242,32.9242300290513
8,85,212635.86559361243,47.295657440878855,32.9559859161741
8,86,187002.5360476086,63.5334041653098,32.93626228013509
8,87,183143.41583428608,68.21071040417513,32.9180670075613
8,88,186994.47784080228,63.914836256845746,32.94000833997558
8,89,180685.8815231962,69.41128911570361,32.97141970866963
8,90,195518.3693386875,59.69180316616748,32.936855271667135
8,91,211563.35303085364,52.337324503372464,32.92910381973872
8,92,201315.0151028795,59.67869423541784,32.90255007590483
8,93,187327.22162737098,59.30681414988951,32.95987431579244
8,94,177078.155511726,67.04954132001865,32.9895003816988
8,95,234901.7717286273,47.469845997434824,32.914023501787355
8,96,236298.1728625593,46.808970956799484,32.90499828539231
8,97,238470.20539937756,47.23562470292173,32.90374956181151
8,98,238470.20539937756,47.23562470292173,32.90374956181151
8,99,179724.69922907965,80.90580647544176,32.95601372584519
8,100,174888.6900982841,71.63183606892,33.024582667765685
8,101,212398.60694188578,48.47750784166162,32.950473874644764
8,102,207830.42006535231,57.18136514416206,32.88397612178464
8,103,229942.68450392026,39.862512755240154,32.93154434462244
8,104,169291.11305065715,67.52041788697188,33.051034864852504
8,105,186294.04387565493,73.68863116263714,32.86334736952778
8,106,182333.0340758238,62.099623372149395,32.9659496851832
8,107,199535.32770669385,64.61469353533624,32.88853196322691
8,108,228678.37623170734,42.93918020678009,32.928885974696364
8,109,193732.72512127968,51.01144656084665,32.94404890447846
8,110,191087.964847798,57.11480859748084,32.98822796157577
8,111,207641.2622793704,54.08919042323422,32.886722002122774
8,112,203536.03343987427,49.6520051464683,32.933020399632284
8,113,176571.4012785322,70.05274020064074,33.01007529144585
9,1,406627.3215743274,36.899581134841014,34.553846953772876
9,2,420037.09674639825,34.978389024220846,34.41196121815203
9,3,359594.21445208,40.789865375412816,33.5324812624365
9,4,297185.15244131954,51.621187827225825,33.14783191101665
9,5,297185.15244131954,51.621187827225825,33.14783191101665
9,6,277334.37378602696,75.62973759822084,32.75498380540551
9,7,409624.6629186433,36.87998976265757,34.46096461785666
9,8,409624.6629186433,36.87998976265757,34.46096461785666
9,9,361498.8132597968,40.31203385277322,33.35822412332034
9,10,275012.50196323736,62.18237420503113,32.94018137438093
9,11,331579.0211140342,44.29995874468373,33.31432756653277
9,12,331579.0211140342,44.29995874468373,33.31432756653277
9,13,414456.33788009285,36.278879189020984,34.2995737372122
9,14,414456.33788009285,36.278879189020984,34.2995737372122
9,15,414456.33788009285,36.278879189020984,34.2995737372122
9,16,414456.33788009285,36.278879189020984,34.2995737372122
9,17,337042.4921321582,43.455075148996876,33.34627906840998
9,18,298275.14284796314,52.18193092957955,33.12315281273898
9,19,298275.14284796314,52.18193092957955,33.12315281273898
9,20,297742.1273599495,52.93005595365368,32.966773857526704
9,21,331818.2150047334,45.19246257131416,33.24747290472755
9,22,420011.7819648844,35.22947611447518,34.34936349773561
9,23,420011.7819648844,35.22947611447518,34.34936349773561
9,24,420011.7819648844,35.22947611447518,34.34936349773561
9,25,420011.7819648844,35.22947611447518,34.34936349773561
9,26,420011.7819648844,35.22947611447518,34.34936349773561
9,27,420011.7819648844,35.22947611447518,34.34936349773561
9,28,420011.7819648844,35.22947611447518,34.34936349773561
9,29,252960.27861217424,77.41276587626089,32.97516758690489
9,30,276766.8193871614,67.98983962859465,32.76597712884719
9,31,277005.3727260994,60.25688126590058,33.03383800592032
9,32,314064.5101560011,53.912500692597355,32.9311681830671
9,33,317709.6218239975,46.64068744787615,32.9629819163132
9,34,319727.3408905377,46.583562379713705,32.96901130142443
9,35,256347.43146641398,74.87517080444859,33.0058787804887
9,36,256347.43146641398,74.87517080444859,33.0058787804887
9,37,256347.43146641398,74.87517080444859,33.0058787804887
9,38,254668.10605840903,76.08011840325933,32.88217547834276
9,39,254668.10605840903,76.08011840325933,32.88217547834276
9,40,277962.77651924954,59.885613116441654,33.01915564846473
9,41,257407.36350280207,74.15329244347662,33.013607436777455
9,42,347665.8322435481,40.869571355451114,33.32820613064406
9,43,320977.7511070385,47.087213201827936,32.928175748123294
9,44,320977.7511070385,47.087213201827936,32.928175748123294
9,45,273824.1314793216,73.10126364802677,32.756154317486576
9,46,250695.16341045435,72.92584315802968,33.08030862156622
9,47,316886.5679003022,51.51878390527596,32.951189550485694
9,48,284811.77320796065,53.62166342340547,33.11805797118137
9,49,347142.2404905232,43.02956198332474,33.25562348288866
9,50,258959.23310276133,71.48214689591707,32.863036716988034
9,51,254577.9968060414,75.31692888667234,32.997619260255696
9,52,418302.5960191349,31.22308883161155,34.55627358477134
9,53,344774.95968671876,41.25332343641709,33.262677930532206
9,54,290922.90517044766,53.47451799362879,33.10054223372133
9,55,278894.12541783316,58.00651141905778,33.104522692856825
9,56,337505.85425803415,46.190662200795344,33.214437602237695
9,57,327786.6439987581,43.550045036440196,33.38871978774358
9,58,280343.9554057338,61.41829002566611,32.988660774498996
9,59,271567.1950906032,72.63409440579959,32.767811278067484
9,60,403179.7849547772,37.55837388212831,34.53941799918357
9,61,256542.92257341987,74.19533373402987,32.9899191793127
9,62,256542.92257341987,74.19533373402987,32.9899191793127
9,63,251622.86791430262,84.98575662327838,32.877333568149766
9,64,292595.1627506463,52.498763285016324,33.03769326603723
9,65,278395.80018062773,61.58646600866234,32.977113801135374
9,66,337588.0651451876,44.60563934964112,33.045984083245386
9,67,320187.32583264954,45.0072382197681,33.3637843937204
9,68,283110.32663840905,53.689269802502,32.93330238906656
9,69,257953.9934379502,65.64643650085696,32.94918499355977
9,70,267199.8816733052,73.66958694305012,32.77379093775736
9,71,327142.22023227985,50.98779759430403,32.86092374946469
9,72,365657.1527483937,37.61850596298912,33.42379140335086
9,73,274982.92457944725,58.94863904432879,33.04246785857249
9,74,263521.9456451092,63.54528632038818,33.030192133428926
9,75,341951.78949387727,44.086111370088325,33.23080824897502
9,76,331578.5712724418,49.27498396776348,32.85356690586228
9,77,299147.04164248717,63.03213249094212,32.7894909567392
9,78,280636.4377114687,57.66574612663985,32.860856856320595
9,79,280686.400821959,56.914197419776336,32.99125147133291
9,80,285771.0130686468,53.46966905933279,33.226286135745966
9,81,317694.0035808885,47.40973046943446,32.8923792408622
9,82,266410.4492302422,64.55256140555102,32.827163918236764
9,83,320923.8076012336,55.36549588966577,32.88830744777497
9,84,322373.9418289707,50.97388731717717,32.877327890121585
9,85,275754.16896040033,65.63435325011166,32.798515697814885
9,86,297854.2915262691,52.431872322922295,33.08053832666607
9,87,324165.2446124726,50.34737430776506,32.87007777947372
9,88,286690.6388878179,56.09875280406775,32.82672399741887
9,89,261329.02005962346,67.36511680938946,32.791155764851865
9,90,301648.6795510601,52.10133875210887,32.94096349871658
9,91,342061.2224134221,43.42936011438368,33.21678718722944
9,92,288172.49508681736,64.97938176132006,32.778009885980254
9,93,301197.338096119,47.555979708627255,32.982969742223
9,94,296577.6317833578,50.24132994834478,33.15769386257162
9,95,278721.5987049499,58.89634584397321,33.15392314317023
9,96,266265.9441831154,62.36717715107124,32.83876834954951
9,97,298377.0282041628,49.46165194187535,32.979135307795026
9,98,251367.46076740738,75.10592453575717,33.065736685256624
9,99,322411.0649673148,50.35412936041737,32.877327890121585
9,100,257321.92226644995,73.79414690555107,33.02659266691211
9,101,257321.92226644995,73.79414690555107,33.02659266691211
9,102,335212.9731021382,44.02762770219975,33.32928341672513
9,103,331720.63707612327,46.404817635045205,33.216209016940255
9,104,308687.64272610465,55.66474504414061,32.87038124141826
9,105,295584.84988386824,51.26379666019059,33.20335421963611
9,106,290913.201884356,53.49854007069081,33.115033460715686
9,107,414591.5657541725,35.009397456837775,34.44605653557632
9,108,338381.1541818615,44.56217996826934,33.2955796260256
9,109,307531.4692676535,47.50455270313938,32.959142815905736
9,110,331393.88245795603,43.12859161593755,33.604145244849875
10,1,282792.00263105286,31.35804691183245,33.14151729220982
10,2,282792.00263105286,31.35804691183245,33.14151729220982
10,3,150572.79989613814,77.69518887760697,32.82548113647896
10,4,276582.66143069684,34.38590419454872,33.16152290859423
10,5,170305.36860615795,80.25383901702061,32.76573971132103
10,6,193459.339084594,65.34725048548677,32.69629158078839
10,7,270607.66968260834,37.6737724446668,33.07705341995328
10,8,216058.4356879323,44.33240824296465,32.79396606176831
10,9,188033.60353862686,51.61809050884117,32.9605698669294
10,10,212024.3178141435,38.63840255756799,32.90524753640095
10,11,215322.32807048463,41.274433249801326,32.90058484104925
10,12,156701.82042472562,78.44283415515748,32.803989456854936
10,13,200065.4384573163,45.273388083821075,32.93745054855666
10,14,200065.4384573163,45.273388083821075,32.93745054855666
10,15,182863.49665736532,54.789811372302104,32.9483929695065
10,16,196421.38913982455,59.96606022257345,32.71954410050171
10,17,192909.1905268784,62.73424490123293,32.72785932880274
10,18,204548.21020242033,43.746989115630385,32.81788908446265
10,19,208400.76177177287,47.971589962120255,32.778419575629734
10,20,210329.17205596133,49.26426146370876,32.77165665264935
10,21,203004.06562733793,41.900158313876,32.834925349751565
10,22,203004.06562733793,41.900158313876,32.834925349751565
10,23,205200.51501988468,65.27440319470871,32.708736901210436
10,24,186621.334818136,65.97130387046033,32.74619514624173
10,25,177717.79801411205,69.28690228920865,32.779071232254566
10,26,191874.4956571869,47.214693942379704,32.806175759819524
10,27,197879.76007976377,58.89112189985069,32.738298311301335
10,28,163863.20125832374,79.20676836829934,32.78414850140668
10,29,173144.65643862257,57.04491624515266,32.888224733016834
10,30,159952.0524220679,68.51677413325473,32.81106990560881
10,31,206354.48893324862,50.43379099615934,32.7808497716091
10,32,167781.05116477385,62.08555656739247,32.80835584523251
10,33,182159.56790345558,56.16418395567763,32.833614862643
10,34,190359.75624776946,49.725629347170894,32.85539386885777
10,35,184020.4418808258,54.29757417161858,32.89837986404159
10,36,169996.8143388111,66.27804179539089,32.7919145983065
10,37,169088.841441842,61.106662044567415,32.827333870229594
10,38,166186.61769508466,76.95662037529317,32.776788557891045
10,39,195475.99936069225,46.455805917916855,32.8853122431947
10,40,162361.88694718858,67.00691112375885,32.80202373866426
10,41,189123.42726805795,50.62864102305893,32.884329372323656
10,42,188267.83375141927,74.02403650310036,32.73760553973612
10,43,211199.30455770416,41.49945496304792,32.81565572098585
10,44,162052.8289234943,64.37716504361327,32.81964578041511
10,45,202470.7763374891,45.8464777254659,32.83807696799684
10,46,173392.84900216054,59.46488727278638,32.87937128557018
10,47,193697.00167948316,58.185435878782414,32.76217538968427
10,48,162461.48350878715,73.18949349212468,32.797287388646666
10,49,202136.1095457166,46.00308423482772,32.865947114053895
10,50,185142.99995910624,73.99578703073021,32.75572640852875
10,51,208707.5365676106,51.23238705943473,32.76224240365708
10,52,175665.50741366972,56.56193397399792,32.78776301362557
10,53,158842.72146686917,75.82949786493323,32.856354147935676
10,54,174175.0017437502,57.78555596445387,32.870054808855265
10,55,169545.37751789117,70.18563202804687,32.776520215660504
10,56,213395.92895601917,41.400994632359506,32.87525315985868
10,57,158847.3600964993,75.11203747560819,32.85395693229681
10,58,215407.93058294602,38.59122711051767,32.8618687456574
10,59,204272.8909748572,45.02052346943088,32.78258711564085
10,60,163065.74231514655,63.20282723852952,32.8631745940721
10,61,212509.56152796897,64.8057476391338,32.713980973014415
10,62,180769.30057958682,71.29212723102354,32.75846950003
10,63,164746.21651878158,72.53084781594025,32.78584279059979
10,64,157362.093347762,76.05117432090668,32.84046048369196
10,65,187012.65158942508,61.82416742243184,32.76748937249613
10,66,164364.0568223878,76.10517990151912,32.79578279082671
10,67,183598.61569378787,67.69659306133173,32.7595247951552
10,68,198042.89283291667,46.63316043377987,32.81013795513261
10,69,171059.7477286716,63.872606340499736,32.80167289719058
10,70,191446.7327931044,60.732712309528495,32.76697137850176
10,71,161418.40273382518,68.20879942724511,32.81611321087758
10,72,175402.44421270076,70.64782715643612,32.771932674069475
10,73,161084.0309335082,70.49595130716058,32.799992383700896
10,74,184381.85332144768,53.9666052765737,32.84854161103222
10,75,167497.460039692,71.61117823835464,32.78435277802059
10,76,174314.4096611968,73.79526427742577,32.77143995243873
10,77,186035.55054911686,52.70903904538712,32.891111119099676
10,78,185385.08817518066,55.929484820068275,32.78913178902699
10,79,189903.48158283767,51.475624071610206,32.86117858491908
10,80,168991.13014597984,65.03531726848374,32.8040555686536
10,81,179094.31691849037,56.49703345662659,32.8741478368469
10,82,163393.14809085923,75.3717604102816,32.79651080856834
10,83,207412.05673451687,50.59643198378655,32.77326584700068
10,84,214618.29522812206,41.30871696276699,32.89018172211138
10,85,198638.92014342322,53.787968481696055,32.77057633125423
10,86,181484.06465282638,55.18928399231359,32.86566344587843
10,87,165345.35118273675,65.9213572025502,32.79471155552013
10,88,170219.57011860676,76.94112295677505,32.76871591284844
10,89,178818.82584205506,77.70852055261615,32.76228475343297
10,90,165093.87900207064,71.83641740410923,32.78642784430305
10,91,197665.78065437658,57.291835165793124,32.76050202073629
10,92,179994.35787079352,72.28047159560553,32.760797195020075
10,93,180223.25944887835,55.67546834480207,32.87958338183187
10,94,186183.48789086408,53.744006938771136,32.847890259352695
10,95,179446.13608408553,74.33291210362854,32.76379573363039
10,96,173411.24621990212,60.993566727847934,32.84217218722405
10,97,187203.5362647349,55.48873447936716,32.800998207078315
10,98,205145.6058551569,52.24741607718532,32.76902784710468
10,99,180942.01724166746,69.21313010035956,32.773863079453605
10,100,160095.4970722249,71.40681640061737,32.79741013655526
10,101,173681.42983183597,60.82133257585242,32.85841354747653
10,102,184492.1641690623,63.42128861704318,32.759715917311816
10,103,195847.00645778113,53.22489981717383,32.78308859791481
10,104,161102.9642405602,78.21951214458555,32.79468866613584
10,105,197297.00963058366,54.525449774061634,32.76918704387205
10,106,181629.35011841267,67.86248327054182,32.7620935011229
10,107,188649.88129812584,52.42849975009572,32.787737907827136
10,108,173533.79440055258,74.56794006234873,32.776495402793955
10,109,192878.3093839116,58.02444427434722,32.77548746407783
10,110,200463.0551848043,54.72430862289585,32.71443236597662
10,111,199994.5886297214,52.69454698446772,32.78256964892236
10,112,169236.96267789553,64.15991903343094,32.8031983817946
10,113,200558.03446274888,53.91031188268737,32.76917730307973
10,114,183723.0139306356,54.606213107405864,32.86826525477216
10,115,179676.82349313743,63.82031695472885,32.783720578094155
10,116,191268.39890864163,63.92989183565782,32.755970779055644
10,117,181278.14175446107,64.6665039276861,32.76297510340507
10,118,204672.84473118503,53.365835681559446,32.77408054765174
10,119,200122.21547577478,52.72920541013726,32.77549720487015
10,120,190960.72572612122,51.59763036150144,32.84119495707661
11,1,380061.12156383705,45.623199033438986,35.30606833490084
11,2,380061.12156383705,45.623199033438986,35.30606833490084
11,3,237525.2643533137,87.93775009344756,33.62645551431562
11,4,298665.43711080786,50.291278272617085,34.5699973158023
11,5,349570.57172076666,57.557892008704144,33.749210993981364
11,6,262697.542079716,79.05346396858299,33.46220254584773
11,7,317314.0586112534,49.56240557846505,34.45891774060726
11,8,248874.0238681718,75.90997115763855,33.91839686017053
11,9,332964.03901727375,47.63613550427473,34.250155907095404
11,10,332388.471148058,48.52578091366831,34.374357553858246
11,11,317985.1997530199,46.04253234186033,34.440386204310244
11,12,337783.56852747477,48.79883156087614,34.13935708941585
11,13,265778.71358205855,77.65867758660478,33.41615582904096
11,14,325061.51456376805,51.392917472193766,34.14969542644266
11,15,259047.33974877064,67.4031803398354,33.88648666297579
11,16,294734.12592546496,70.25687525276867,33.56361414071223
11,17,277814.3632854555,56.58995222958136,34.28596049221035
11,18,277814.3632854555,56.58995222958136,34.28596049221035
11,19,319744.0220380634,55.213757826537055,33.85939753592755
11,20,295513.9578143879,65.72451024736061,33.645307093511306
11,21,270939.8990826036,65.55735458502431,33.788008193364305
11,22,275183.2008196934,59.715876666772765,33.981675204678155
11,23,298231.18287538795,68.36786372940024,33.47924592626187
11,24,328023.0006604411,48.185861502188565,34.440132205854106
11,25,328023.0006604411,48.185861502188565,34.440132205854106
11,26,260867.29112377562,66.44709343151958,34.25626049255489
11,27,303804.8682039238,60.55365896030513,33.57309027836533
11,28,334216.8076408941,50.211688867491624,34.060516882888834
11,29,334216.8076408941,50.211688867491624,34.060516882888834
11,30,263690.76392000105,62.573446099219915,34.25310877409957
11,31,271780.5473279722,59.15246496873695,34.19071727494628
11,32,290135.9024765199,63.03213095686878,33.75963923595164
11,33,253519.3851011587,76.61052177682225,33.552649886487025
11,34,262672.6011686208,71.3173528778271,33.62865030426044
11,35,267767.59895371227,62.855588114092754,33.86284029734914
11,36,271111.5974490608,63.49704630463871,33.79894327193975
11,37,296159.3959934156,69.45043075326822,33.5579249707238
11,38,254696.96947395158,73.5548828939235,33.684346988390125
11,39,254696.96947395158,73.5548828939235,33.684346988390125
11,40,318647.2671257167,57.13572091866517,33.79066554394386
11,41,318647.2671257167,57.13572091866517,33.79066554394386
11,42,290726.4713085743,64.69932510000852,33.69217052842441
11,43,267796.70078720845,67.63426578500815,33.62865030426044
11,44,285396.058929243,66.24049144859059,33.61767869867474
11,45,296877.9399067901,68.93641902463507,33.5579249707238
11,46,296877.9399067901,68.93641902463507,33.5579249707238
11,47,315451.2582073771,58.627429862593075,33.83332434281488
11,48,315451.2582073771,58.627429862593075,33.83332434281488
11,49,264202.0499643443,59.718151957299646,33.88398141530506
11,50,264202.0499643443,59.718151957299646,33.88398141530506
11,51,264202.0499643443,59.718151957299646,33.88398141530506
11,52,263226.97254661325,67.1179931991399,33.82679014682449
11,53,278592.1465733393,71.36073216696933,33.46622660432921
11,54,297078.09535210876,62.21787123286128,33.50204509347536
11,55,262137.16043735633,79.98038148509616,33.34332253734621
11,56,261511.91375161242,66.1994866901917,33.972362820168215
11,57,301681.4648514063,60.32543028828718,33.58663336846375
11,58,318709.62133248826,48.83844984744604,34.31559515278212
11,59,286352.38399434264,67.26457142628105,33.565439453817774
11,60,299389.1204485352,51.122304709388494,34.44987874816095
11,61,254015.2018516037,67.69402188959923,33.81577926044788
11,62,271408.14436438546,72.93344048929127,33.44331662568932
11,63,328470.1486683823,49.149916596705985,34.0770647538141
11,64,261120.4955277674,65.96911764620354,34.04756379072819
11,65,310469.2352951474,58.93815105249527,33.71966558294886
11,66,312032.4610867993,51.54883521758881,34.42490330350871
11,67,299656.6206629628,61.72719085611111,33.5519196765993
11,68,317977.6994044852,57.300538725864335,33.822018604378215
11,69,317977.6994044852,57.300538725864335,33.822018604378215
11,70,251424.03180232347,74.88438539509963,33.87716303790849
11,71,259943.55368571065,83.9105195615717,33.45867630002097
11,72,294663.90971447143,59.182879587523146,33.82562449901598
11,73,301429.7859685396,60.37785761540931,33.68000197269929
11,74,261396.3382522511,70.33665284513249,33.72224110242672
11,75,303318.05818763695,51.96192042522041,34.09658126567674
11,76,258478.4375138524,71.34086530576674,33.78711687091044
11,77,283316.21500404173,59.65661485763481,33.787282349927445
11,78,277438.7427915497,58.51908271227386,33.89807839271932
11,79,300189.04426037567,61.21814072011799,33.53779259567625
11,80,268564.943633488,59.38504234696199,34.157230114156775
11,81,293637.9532624485,66.00517614750322,33.61527848936814
11,82,290474.1250863023,64.98619316093165,33.70632996625211
11,83,294957.82614337164,69.88062873773093,33.55831433855786
11,84,274831.77408370306,66.28999197432303,33.70583558631657
11,85,329596.05455887306,47.94633289096033,34.40768543806229
11,86,278736.42993312347,52.77696570305785,33.98333617770156
11,87,263584.91466655163,65.69564086026745,34.06707088317393
11,88,298731.1990547564,50.70202184265263,34.472651144669115
11,89,259470.28962192996,69.93646797020793,33.763984012425986
11,90,283008.2117351713,73.14665920567774,33.422838264667476
11,91,253283.64310095916,71.11290228219578,33.81805631366028
11,92,272173.89978558174,63.73508815145725,33.71030514781478
11,93,247454.4282295317,77.17903539426267,33.65819155668122
11,94,302490.35239323456,52.13917422017077,34.28899271429055
11,95,267691.6903307921,69.8697105150866,33.781785951283524
11,96,283219.4725820422,56.75486198355152,33.89710672333669
11,97,277721.72339353536,65.12504168074248,33.65986882327405
11,98,252502.68472987588,89.01104895621131,33.524892126655516
11,99,296046.31839013775,52.65260447364681,34.36325884785144
12,1,252895.57112214915,32.75402216925752,32.922807685192836
12,2,246282.85795970995,35.01977581190921,33.0676815552594
12,3,204383.4335344644,66.82406132705023,32.69426753803011
12,4,167893.02027418173,69.1920413736385,32.80824008904845
12,5,185758.200810305,89.11132198223794,32.73408725632404
12,6,247464.14358150001,33.25304672868129,33.01552154868812
12,7,234583.04068490205,37.17244399429655,32.96794069231858
12,8,191430.32725595968,74.3382046051748,32.754817316152575
12,9,185123.991273679,83.17396007554991,32.74975143010034
12,10,169275.0913687967,71.93956449481522,32.78938414391237
12,11,227492.77404257533,45.166867245408966,32.79771236644293
12,12,189230.68091895527,82.48045715225912,32.715579566637736
12,13,189748.7037453457,78.47420596348182,32.74975143010034
12,14,221390.02588442434,40.423956348452386,32.85762280154851
12,15,229633.8682283394,39.83528292708811,32.99468712402965
12,16,237778.34963457604,39.076719825779925,32.92392565682424
12,17,247050.48204297866,34.45569723372605,32.9915359371031
12,18,247050.48204297866,34.45569723372605,32.9915359371031
12,19,217946.55775275457,57.10710515473207,32.72836958469646
12,20,250468.49800745957,33.90091107887354,32.90726206920589
12,21,176424.6689630063,79.14622561207511,32.78429862806501
12,22,193908.46421517798,69.80418903257376,32.74461623051435
12,23,241581.88035654146,36.330703328980576,32.948969675635034
12,24,174281.4926289231,63.35679108434862,32.82807877391495
12,25,208285.95932521002,58.052914731837575,32.704261722511305
12,26,219394.49752558966,56.155768851231485,32.71412942951855
12,27,216425.27946927294,42.35629790934664,32.82763672802198
12,28,175387.65549982325,64.32287685403064,32.822277834886194
12,29,249509.4109522536,37.505582938923894,32.887013115026754
12,30,202384.3062236285,48.04034340548965,32.8519050338198
12,31,213605.04590708672,41.1424386301904,32.86598251150271
12,32,192901.809786529,50.78432409331232,32.88291932576948
12,33,252535.98471601098,36.048281141799045,32.90061287404445
12,34,208974.173874523,43.486243910128984,32.83740993229508
12,35,219603.53802697748,50.70619325576922,32.742182612906404
12,36,232552.5434153586,39.59842204483953,32.914834276792504
12,37,197337.70615484967,67.31742443661787,32.72092576709865
12,38,198018.93487948543,45.92757750473623,32.93977957111597
12,39,198018.93487948543,45.92757750473623,32.93977957111597
12,40,210689.73812216768,51.98942221204676,32.7305586369481
12,41,208245.26246136831,42.70249789446348,32.84871847950876
12,42,172729.17896021626,60.45819773423259,32.83173717825537
12,43,200181.6198288126,62.54324243866758,32.76589871500334
12,44,180526.59479364206,69.26511118601601,32.758431400884646
12,45,229084.9520812848,48.993007141468,32.765556993078185
12,46,177644.00851726576,55.52381778495248,32.821452776231155
12,47,242980.9968381744,36.71534957101071,32.89128049761261
12,48,234519.63280790127,39.71025910578285,32.902498364063355
12,49,193483.10854692064,50.04487498968319,32.87349045084351
12,50,170352.3174408631,65.202066080929,32.81746269915998
12,51,177000.96950289473,58.528030259811025,32.843709281041264
12,52,171767.86546193567,60.547699764971696,32.8481246630614
12,53,187355.24312694013,49.05743705824219,32.88990101845674
12,54,181392.41604861608,50.99447631932155,32.891768586536294
12,55,214855.8165823029,46.085651172304836,32.76980319288248
12,56,209885.7358475542,49.63783089596446,32.77615413954854
12,57,200471.86646397098,56.81142949158986,32.776283898009865
12,58,198390.34906272535,52.99528843334167,32.80456552816129
12,59,184890.89274967264,65.77122213263361,32.77025297517903
12,60,194615.62453465298,48.52665711958797,32.86575854104584
12,61,205729.10962294578,42.02102330497022,32.869300631888464
12,62,252127.00138436325,36.73067349388219,32.87207195816327
12,63,244489.31244566134,38.71290519848485,32.86736824435245
12,64,199439.90608669037,44.74193871487919,32.869905439884334
12,65,245791.80147619275,37.99981033206975,32.851041762233834
12,66,190364.82888597625,47.47844537451783,32.88490869937476
12,67,206113.4320259488,52.63474608128187,32.7893182752011
12,68,182162.53967516476,67.54168099355901,32.783897317899324
12,69,183918.38337097893,68.46507743071338,32.77823509007314
12,70,178986.121692999,65.06894403855631,32.81266468851849
12,71,232542.60453995914,38.58191684701604,32.959963069443454
12,72,232542.60453995914,38.58191684701604,32.959963069443454
12,73,185085.26722940008,54.05334315239712,32.82998393316251
12,74,179784.87867865522,65.03025976199453,32.81810822115361
12,75,195392.19459928616,57.84630490245614,32.803176601221914
12,76,180636.64349471158,60.062773816584524,32.815758429341855
12,77,175405.74787154826,61.22018380372838,32.82807877391495
12,78,196633.5901126637,50.491902423499766,32.858207286229124
12,79,238822.02537609928,39.07355412543517,32.91657816568901
12,80,252451.1505787309,33.632336162357774,32.91896609453877
12,81,211758.3733442309,49.15175979333125,32.78520784730263
12,82,202729.28536596277,59.16173134704534,32.7714072094279
12,83,228077.9824672039,50.044487226076924,32.754262306337985
12,84,182908.76461476777,52.6807599662334,32.85869163186731
12,85,241408.9197755134,39.00634718007732,32.88488370998372
12,86,191759.808149894,54.91937203091415,32.82026309901105
12,87,198796.68066782388,54.345508449126314,32.7886166670886
12,88,214112.33107972838,49.43031209300707,32.7810012990986
12,89,168716.9210066681,65.11770390723099,32.83575651662735
12,90,219443.42862210298,40.476667575713996,32.955262341428444
12,91,200185.74552161063,44.87918516794478,32.863334362830685
12,92,172198.05397043843,59.53790920053166,32.83830825530902
12,93,230593.6303448582,39.49067766751847,32.95435321477125
12,94,230593.6303448582,39.49067766751847,32.95435321477125
12,95,197778.7561929071,46.02309643470715,32.89317087222255
12,96,239853.9333921664,38.51628327604349,32.88964165630812
12,97,239853.9333921664,38.51628327604349,32.88964165630812
12,98,199734.50499262803,55.104915875196795,32.78570820190869
12,99,238031.96501308287,39.28372100103487,32.840382513906754
12,100,195263.80676926192,50.61016706060685,32.85687639451734
12,101,204838.65131502508,52.72864377753081,32.744126710206466
12,102,195378.24240643042,67.9235083535814,32.755510598646154
12,103,213789.9803646898,46.407658506356476,32.80924337352594
12,104,211594.56512876772,47.72253531562149,32.798246323705634
12,105,179187.8084028898,54.57782502988291,32.84147988396312
12,106,176100.21363275725,56.546896962875934,32.87052130125358
12,107,183579.12606377905,58.851722949373766,32.784360580806606
12,108,176442.05796054253,65.51002748291117,32.80290049058308
12,109,189322.83971341889,46.61811977821819,32.88685618497193
12,110,186308.906732387,50.96774689945882,32.836266908850426
12,111,183984.50092303482,52.34027059385832,32.86868827659408
12,112,203802.72435489585,59.75881117234903,32.77003217936172
12,113,204204.72577880803,61.157687802509585,32.75251219351916
12,114,185488.6393768756,58.02342792220982,32.79995211669605
12,115,197775.5987757929,67.01696587690797,32.73115524849272
12,116,202789.25918288247,47.55885548790705,32.84938181433146
12,117,245131.70455237676,38.62907270476058,32.88550049472664
12,118,193411.54677217256,54.812653904681056,32.80590178925052
12,119,197171.76466600332,58.29477544210338,32.78014920156007
12,120,204326.77343817358,45.68425914716161,32.836381458343475
13,1,298187.9394440147,36.625640759946,33.743190444916564
13,2,209316.74251336922,81.64124167435193,33.089440585122986
13,3,180506.34158515552,93.2291663216018,33.287947898020015
13,4,186111.6617134721,98.46188461355989,33.2237443697275
13,5,294576.8423194272,36.69068016187443,33.69117932249639
13,6,252069.6166216466,46.13002698762955,33.38712226116174
13,7,261047.05200423888,46.74782377525381,33.25853317035951
13,8,257152.15223380137,42.85637226317516,33.27709585575883
13,9,260110.10347181218,38.74284348261757,33.30501220108343
13,10,232486.9640722071,49.88524794556669,33.34135468107758
13,11,254590.1712777106,45.91128796754444,33.28845685546279
13,12,188720.73207201867,84.78000587487578,33.21063353314416
13,13,215784.7534707997,53.556959844251715,33.36316850945635
13,14,185563.7292211235,90.45297780420609,33.23649421784967
13,15,223058.5340013522,59.743152577184205,33.20211119343738
13,16,216568.0302013049,72.14708731546338,33.1124902107213
13,17,211141.15808432148,69.70751285157195,33.13940195501741
13,18,204453.4670157617,85.45497319924557,33.12908142727883
13,19,248732.27267920127,47.28987027314691,33.327026122062115
13,20,213941.4000707277,69.24802097665605,33.13258795103712
13,21,246265.33428536553,48.02700109495379,33.29153094712109
13,22,191268.3553924796,76.22658267008721,33.25269081928567
13,23,257808.27995581462,48.45893010545912,33.23741830162072
13,24,190970.1192681945,87.52033240467001,33.17539548391968
13,25,233689.28452999055,53.103923902696465,33.318883386911544
13,26,220481.94819814985,60.48792512830757,33.166249175262074
13,27,242860.9166326188,48.2208688378995,33.37801349902433
13,28,196021.26007274806,68.69268960150072,33.18396646003797
13,29,205180.62875683207,80.88922760254201,33.12133513846624
13,30,193994.5562004947,70.9748249377517,33.17091837283943
13,31,248631.98799200953,47.32064145088315,33.314359106746245
13,32,192224.5020119795,73.98624302708409,33.24932124152418
13,33,241578.247193128,50.195580697989364,33.28861907979601
13,34,226069.33138797473,64.85105494764585,33.1646139821184
13,35,229712.26051387828,56.84842356664493,33.23254762295502
13,36,209201.9000248055,78.17781946587662,33.128068136588034
13,37,192609.5472722029,72.47501372763713,33.207451749559866
13,38,208623.92934148025,79.28735880767745,33.115569116296285
13,39,192397.78882630853,74.51347485338238,33.202973796474566
13,40,238889.2298104111,57.6861280606456,33.21637316460179
13,41,238889.2298104111,57.6861280606456,33.21637316460179
13,42,238889.2298104111,57.6861280606456,33.21637316460179
13,43,238889.2298104111,57.6861280606456,33.21637316460179
13,44,238889.2298104111,57.6861280606456,33.21637316460179
13,45,238889.2298104111,57.6861280606456,33.21637316460179
13,46,238889.2298104111,57.6861280606456,33.21637316460179
13,47,228191.37427593168,55.985551607777076,33.252869310946394
13,48,187467.3206272184,92.4300013562562,33.203437210935476
13,49,187467.3206272184,92.4300013562562,33.203437210935476
13,50,234090.95411852255,51.191332580301705,33.31911560686932
13,51,234090.95411852255,51.191332580301705,33.31911560686932
13,52,190062.30617302837,80.24908416370785,33.222057974532504
13,53,243560.34051380894,55.87842160385246,33.208145710984894
13,54,203917.33307389801,67.63480349247581,33.14564209491519
13,55,195035.78178848515,64.56169163879524,33.23978617739768
13,56,190157.7367958866,90.7315549736085,33.19417456153972
13,57,218126.3463484806,66.70329358515285,33.13780132151138
13,58,202898.38559048955,61.71830565057462,33.231608639538884
13,59,228963.2399712532,65.28185285587614,33.158186777711144
13,60,207805.26360066776,57.11787026802199,33.33398961439004
13,61,237131.84270213445,54.54013974654773,33.25659169443067
13,62,225737.01803525642,57.26870551452459,33.249110264722056
13,63,207180.58875611148,63.13827947507149,33.199759206269356
13,64,197866.77191254185,60.95925309834051,33.2641540139141
13,65,236608.44896082522,55.40499200409233,33.2557571723335
13,66,197580.44722745783,66.53312787928485,33.2261534021526
13,67,200877.14007996843,71.54048859496437,33.142819578906014
13,68,206152.4490736649,59.20338765950926,33.272221635277084
13,69,201587.21812985622,88.35754165828537,33.11362736438746
13,70,190487.95634292017,89.22863610259793,33.204870120863745
13,71,209396.5277918791,62.60411599262036,33.213626105124035
13,72,204774.14143829278,61.20566151969631,33.241269773069845
13,73,242453.23140933906,53.878272723992154,33.252545986083376
13,74,193595.80153793335,77.15302860281344,33.15325738904316
13,75,219437.2460188869,54.547843383151445,33.29655157665529
13,76,198409.2965987817,68.14648076164931,33.17370025253153
13,77,235411.29850275762,50.19372463775167,33.29488826097698
13,78,243534.9796013208,56.5482071179626,33.246795252771356
13,79,247169.6933777035,48.441064443520176,33.247051761662725
13,80,233399.48311295855,48.31170847447748,33.32235018860855
13,81,215327.41816554542,71.82807241584246,33.11952911917497
13,82,193746.79722210186,79.77450128419923,33.146403688792105
13,83,210078.22747947957,77.4826769892049,33.13671375587789
13,84,197628.06152923117,68.20247340763927,33.189661983528076
13,85,218466.75599654432,57.354148119292205,33.27147200936277
13,86,200243.05682313372,66.68131889905675,33.14898570049338
13,87,200243.05682313372,66.68131889905675,33.14898570049338
13,88,219919.21940195624,58.63344457181587,33.21499634245446
13,89,219919.21940195624,58.63344457181587,33.21499634245446
13,90,198394.31303565833,63.54302118662942,33.21891749260366
13,91,198394.31303565833,63.54302118662942,33.21891749260366
13,92,234899.46716146276,54.93988009354771,33.28175599309304
13,93,234899.46716146276,54.93988009354771,33.28175599309304
13,94,219200.68525311307,50.835704013525806,33.31996231746145
13,95,210351.8594849609,77.67047339662646,33.133120827768415
13,96,208342.95884407434,57.37816537763416,33.273640113947984
13,97,207783.47739949776,65.7238867484139,33.193917971064344
13,98,210782.9119070417,62.07662654846714,33.179038360164455
13,99,210782.9119070417,62.07662654846714,33.179038360164455
13,100,193291.2431428931,77.65196311111038,33.15325738904316
13,101,236736.33501057327,51.015668973220855,33.259919222099995
13,102,190781.23887304773,88.09270764891764,33.17405035202198
13,103,190622.10186714007,89.18661930867715,33.202483242197935
13,104,203524.49606098136,61.903566772823275,33.22365315543204
13,105,215097.8762851446,66.11856611626263,33.15842836328902
13,106,215097.8762851446,66.11856611626263,33.15842836328902
13,107,195103.97472044357,68.48783900448211,33.198119108846534
13,108,219076.53977949359,56.70237899749485,33.251575910445766
13,109,206449.17582373478,58.711341594931795,33.21818393564858
13,110,206449.17582373478,58.711341594931795,33.21818393564858
13,111,190919.26074287077,90.48126371807965,33.16784677907222
13,112,201848.40275942424,65.67325244142307,33.21811052810835
13,113,201848.40275942424,65.67325244142307,33.21811052810835
13,114,200667.28058018885,66.3064109150341,33.150710318900664
13,115,200667.28058018885,66.3064109150341,33.150710318900664
13,116,198042.85697631456,68.19558861020928,33.198119108846534
13,117,198201.35953578536,65.67417137923908,33.19465998969344
13,118,198201.35953578536,65.67417137923908,33.19465998969344
13,119,197985.0728417266,68.52138874567196,33.171975634124244
13,120,197985.0728417266,68.52138874567196,33.171975634124244
14,1,247603.6094744616,85.93660151564862,32.633487320044104
14,2,363705.303920951,43.20965843859153,32.609873804302495
14,3,297050.7337857577,51.20067425639463,32.72151204080534
14,4,294830.92568265717,71.30910627245734,32.511315445410645
14,5,293804.66192110017,52.965532345764856,32.69310595250992
14,6,253642.2724879316,78.26044843400864,32.606983623339495
14,7,310511.2947715088,69.81837493120337,32.5173602476535
14,8,327181.1519928279,45.311211462206124,32.65087547108732
14,9,257753.4063455641,77.9935200489529,32.64578300311777
14,10,293024.92787572904,58.75600639886626,32.56029027497449
14,11,264081.8483254297,75.54678911480185,32.56924125927598
14,12,284237.7249660203,62.53139622465549,32.55138322264067
14,13,286959.09963916836,72.31212602934846,32.517488583660544
14,14,286959.09963916836,72.31212602934846,32.517488583660544
14,15,287849.9647083027,68.12040036938149,32.52438359173993
14,16,287849.9647083027,68.12040036938149,32.52438359173993
14,17,304313.0933141691,48.783300424717666,32.6671558320523
14,18,271875.2387747665,66.00758719086188,32.5761890740882
14,19,271875.2387747665,66.00758719086188,32.5761890740882
14,20,292238.375632978,66.03532941707977,32.52726090619993
14,21,292238.375632978,66.03532941707977,32.52726090619993
14,22,278875.3722218695,67.0624355875057,32.53067771664126
14,23,266644.186208166,67.23764036841104,32.535633993008645
14,24,317064.5952900832,52.214859074941714,32.59264429855702
14,25,302659.03178221616,55.3302358480576,32.59878923923137
14,26,269519.78571116715,64.2482341171015,32.61254264294752
14,27,282852.7574969958,63.43640633403963,32.56652185902728
14,28,325735.4158739237,46.44384628604714,32.654212216219655
14,29,278312.1050337473,64.00926276331367,32.56932658633687
14,30,258430.35639505184,75.35702032717423,32.640932404589975
14,31,300556.6023930603,54.027618368506374,32.619072175508116
14,32,273580.00042136706,64.95958710316567,32.60304473746077
14,33,285712.9397465999,54.52823447235125,32.63371992407505
14,34,315250.0114075458,46.79065345936711,32.638926094017314
14,35,288180.3630039873,57.1073475622406,32.6146580568787
14,36,282320.33462401765,63.07404053814427,32.569048580300354
14,37,289138.1784503176,58.16880415856851,32.58245425612406
14,38,289138.1784503176,58.16880415856851,32.58245425612406
14,39,296175.1444355271,52.28207234735434,32.66246413753427
14,40,274273.0515164779,64.66177180822288,32.56121847111925
14,41,279974.819405515,64.62668336078902,32.56321162460432
14,42,303126.88548191683,52.20376541785148,32.64466579500702
14,43,339691.54852691956,56.27778792125451,32.57125491621156
14,44,298914.6569469929,54.47221757145192,32.65857101860136
14,45,267550.2349735361,66.85118552006274,32.56099585521697
14,46,291124.5360321448,55.94682647888191,32.61324435953682
14,47,308874.3650157418,53.27753053114513,32.58662277208679
14,48,308874.3650157418,53.27753053114513,32.58662277208679
14,49,273397.5992290788,62.88653045550292,32.61573242659514
14,50,313669.84820796875,57.526809055077976,32.57177811710518
14,51,290835.3298217897,56.20129529345884,32.619980754546205
14,52,308859.45776261453,53.72095715930247,32.585639550242014
14,53,297237.62022016704,57.436771430681524,32.59790481858088
14,54,285721.52036556386,62.32439098724276,32.59052610545021
14,55,294255.58740745886,57.81797047340025,32.61120398534497
14,56,267673.1578253902,64.55205599701672,32.65823254615951
14,57,299261.230868849,57.672135275541386,32.595296686886236
14,58,304655.60053703643,52.404633308550345,32.59658925265143
14,59,295922.9766307492,54.49399738722253,32.62090832736099
14,60,306088.8910791152,53.70858858719236,32.58612969409187
14,61,303900.8351118661,53.16163708469367,32.59592025140298
14,62,305294.0554187066,53.0699417887899,32.59364552058423
14,63,324400.6202897026,46.587536104310125,32.652622262578156
14,64,324400.6202897026,46.587536104310125,32.652622262578156
14,65,280057.9408164385,62.544820540043325,32.5945511259365
14,66,304683.9451267137,56.21358232013532,32.59062597715807
14,67,281045.8206073993,57.617914595269475,32.639129249356955
14,68,313587.7347636196,51.87627585154971,32.59476849773353
14,69,338207.27299037867,43.995851912135606,32.60845154095092
14,70,294204.8320877253,61.612561476493156,32.55574852808986
14,71,339811.56952320476,40.36097078682026,32.66812658839733
14,72,248709.7603385467,84.44799133713829,32.626341695374975
14,73,331336.08223545935,43.969010725852655,32.662530953160235
14,74,281592.7672393926,71.39242333682618,32.51880152649622
14,75,302502.77289006254,57.831810826630914,32.56046672454066
14,76,320355.21216515655,43.45489125860058,32.69993385225916
14,77,268594.3927651511,60.272286246541455,32.622600005884976
14,78,273128.9519408281,66.74619175045768,32.55625751421426
14,79,305164.17512251146,50.61434410974368,32.60045773866135
14,80,301029.2275935276,50.04516771492179,32.690815571318176
14,81,272384.66196004866,64.3802206866199,32.60931283788817
14,82,308806.0723087565,47.919792277475004,32.61796417937085
14,83,332590.9956551587,43.40153676217731,32.62851169864646
14,84,332590.9956551587,43.40153676217731,32.62851169864646
14,85,245500.88122546018,96.59047571673585,32.59918935738184
14,86,289766.4287531122,63.627757919275055,32.542751473313565
14,87,299567.0300552498,50.71498675739522,32.68582021360623
14,88,248772.22917610442,81.17997470200663,32.597823444668315
14,89,273546.2299096247,59.213235386197965,32.64389459791258
14,90,289886.33140701987,66.91612867037784,32.51777643738005
14,91,294068.4290901719,55.86792407379291,32.62894701601059
14,92,259270.3764170191,79.91791034100017,32.60310524532898
14,93,300949.9896181387,72.72525442504731,32.49769425967787
14,94,333997.31557106297,42.29101875629415,32.62746797348715
14,95,280063.8319348073,63.536641034563175,32.574682334086795
14,96,252349.67791463027,91.3768949982971,32.57920334325209
14,97,273961.4173401339,65.63238235863166,32.57303439120484
14,98,306546.26018487086,51.07411047250616,32.5965220555841
14,99,304197.5327198264,52.194072009834954,32.6385125855483
14,100,291394.378784275,62.67693574969572,32.54484984507433
14,101,330185.08567298803,46.96029765173719,32.595943537107544
14,102,255406.8268311063,83.54238654781717,32.57018609727981
14,103,282170.1134956815,65.0442330278286,32.535635430896996
14,104,319743.6045990925,51.33392906232918,32.58155241444395
14,105,318679.0844275057,47.055896455064996,32.59763605638671
14,106,251828.42764132604,78.90181012419703,32.67548726385456
14,107,258768.23253594726,72.4139582784942,32.616950084492835
14,108,301286.59559800744,55.51104522441273,32.59216864308484
14,109,291969.06212667393,70.67502829393959,32.51345111628842
14,110,283018.94223097817,62.8721061741486,32.57648574857204
14,111,259989.8077892216,69.13533790190766,32.58669439354627
14,112,315440.1247041048,52.370282330120176,32.57333032735473
14,113,297453.8902332184,65.71626101792349,32.53347087455965
14,114,303818.55415624555,61.993176003837995,32.52612627030282
14,115,284517.73968044657,59.18296251764069,32.614951882584656
14,116,298920.3526586601,58.429759345723156,32.569113300232374
14,117,253580.53659684985,84.81427496411702,32.57068543724399
15,1,309706.17827839585,34.324013773430394,33.21304746819693
15,2,309706.17827839585,34.324013773430394,33.21304746819693
15,3,309706.17827839585,34.324013773430394,33.21304746819693
15,4,309706.17827839585,34.324013773430394,33.21304746819693
15,5,309706.17827839585,34.324013773430394,33.21304746819693
15,6,309706.17827839585,34.324013773430394,33.21304746819693
15,7,283908.50491935166,45.22232359082414,32.83553352272808
15,8,299920.2560752447,38.98827653942532,33.13029372627292
15,9,246153.25509198653,49.58122651573755,32.78799865972753
15,10,246153.25509198653,49.58122651573755,32.78799865972753
15,11,309650.0492662434,35.05746399419182,33.21085046031701
15,12,225197.63961507243,49.62615086422174,32.905394614095954
15,13,310972.6670282957,39.32816613551376,33.05270031722655
15,14,258767.62347381446,47.73887276326402,32.80070595180026
15,15,258767.62347381446,47.73887276326402,32.80070595180026
15,16,308099.7566709718,40.331987421410794,33.10603587160542
15,17,272487.74790243985,45.23899763411928,32.864505273979354
15,18,242416.52456405718,53.17798836913144,32.73300222676433
15,19,240736.39270937795,53.89284395276831,32.82972890983913
15,20,276900.21550809115,45.00514792276834,32.85709928111158
15,21,229755.75133562772,48.39814780132417,33.020882989232135
15,22,224190.30648737217,53.52808874739452,32.987127420550856
15,23,233363.09309085895,54.271442140593535,32.89411916163547
15,24,210564.33512804218,59.28963777212579,32.914043155004066
15,25,224442.140310828,48.994461822712424,33.0111408493724
15,26,238302.67034935058,62.94747154437652,32.7265339030458
15,27,257718.90858113475,44.88617720617602,32.89728133734018
15,28,257718.90858113475,44.88617720617602,32.89728133734018
15,29,238623.06593334334,61.681812006119664,32.728305102788276
15,30,233489.31816772895,59.46700125524777,32.797143242866255
15,31,228605.23027027026,61.03921061272308,32.78810793066557
15,32,228605.23027027026,61.03921061272308,32.78810793066557
15,33,229709.8910632521,60.199794177665886,32.7975298832028
15,34,256567.48515368206,46.414640598507816,32.804016176176745
15,35,256567.48515368206,46.414640598507816,32.804016176176745
15,36,262653.1308200345,44.84068526815534,32.9171744534393
15,37,220020.91062143762,66.76116541519715,32.72905335123967
15,38,231523.2331839474,64.28968144662403,32.77267465102877
15,39,287341.01610608073,41.17512178016147,33.16357715285944
15,40,220981.5130078036,54.565284455484736,32.881525056885636
15,41,199359.474391294,80.39032459757202,33.05738154787117
15,42,219699.02793786093,74.95897316253127,32.70654774934161
15,43,206889.66424619724,85.23847206844357,32.75032896110479
15,44,294131.6491226861,37.566100550616014,33.13048757051211
15,45,244625.61002540734,43.788644093165736,32.96044950881224
15,46,210442.31423258176,74.88364575828072,32.71756054066303
15,47,215974.3557037852,75.16977281140547,32.68765016074562
15,48,214617.25851612233,77.78621979249827,32.71003218358919
15,49,249633.9104483578,49.31911102740687,32.761528547179076
15,50,217676.2913709745,71.48325450987384,32.74128827867493
15,51,271245.0742601223,43.00598263332932,32.900492997608296
15,52,312342.41359722195,39.301466910251236,32.96299119214426
15,53,218188.3704551541,68.3341985996613,32.76160389999754
15,54,250878.35144100757,47.08498940213599,32.895146301963415
15,55,223411.57238773818,58.53716641157303,32.87499255405549
15,56,223411.57238773818,58.53716641157303,32.87499255405549
15,57,264827.22257097554,44.32926774427149,32.93476917764035
15,58,276761.10976884497,42.377743614607,32.93983468309326
15,59,235167.90715261613,54.87066936012022,32.75057733051738
15,60,257495.8315780603,46.03845470045995,32.90325993200167
15,61,203256.83976068153,81.3266730999603,32.830355920647975
15,62,210383.19071298646,77.47983404448065,32.763494576273146
15,63,309943.716540088,37.736934858010194,33.07458544661639
15,64,297026.83909531386,42.44968207591422,32.87194022220111
15,65,223138.09700469993,51.84279942809576,33.005691907674844
15,66,219721.40506475113,70.2507913837081,32.708686166703
15,67,236532.83992532597,54.05791100664794,32.74747022091383
15,68,202626.25384426583,81.68543998598437,32.80848180292835
15,69,220395.35811205895,57.50514879708835,32.88513063953509
15,70,202996.13542546748,70.94500559152802,32.8961588692025
15,71,212093.40111668978,65.05898368663581,32.775034327856744
15,72,296300.27908602305,40.74444284116028,32.90005772866586
15,73,296300.27908602305,40.74444284116028,32.90005772866586
15,74,221211.9441479931,60.1376720073247,32.80917355626672
15,75,205078.16454189812,74.44733950517052,32.843642250361434
15,76,218520.09796763526,61.61595697890245,32.78244709720092
15,77,203846.18264023753,76.10365066554326,32.84274302577632
15,78,238896.26001563462,65.9622209892279,32.66659037826655
15,79,203731.1545344702,69.16809827865774,32.88252069412931
15,80,232458.46536721181,54.96887966628595,32.855909178107815
15,81,272711.37524139613,45.3686489461619,32.81963389421218
15,82,289497.23952216853,42.01638770595229,32.95114120546261
15,83,205558.241919683,66.86209173834912,32.77737718563805
15,84,203867.48922074965,76.96395702087707,32.826797228997364
15,85,207920.62754706157,79.88673366539169,32.73296448386902
15,86,211703.54006773033,59.94081418260191,32.82747894344573
15,87,212560.04975423295,72.17252977714546,32.7392111537147
15,88,218789.07374583278,61.59989994233415,32.805631245601774
15,89,219763.5003217244,59.770360270031084,32.83372286807612
15,90,254223.08810279844,46.44122270602755,32.9071584329179
15,91,247518.86252302479,49.18992132793965,32.90805276706179
15,92,204889.0836400953,74.62234952948947,32.805177645359755
15,93,231668.70013799457,62.06853806726784,32.72868330170179
15,94,250780.65866229724,48.025011886263925,32.81137467286876
15,95,212808.132609947,71.99077455804762,32.76940541372714
15,96,238545.68976382402,54.03285064382672,32.87308086323043
15,97,199459.76707918354,72.57353147186593,32.8672719791476
15,98,234755.4227298257,57.537456923795034,32.758059865749644
15,99,224908.46874741008,55.0893247793572,32.83971910026082
15,100,276358.22136462625,47.161204189847815,32.79396664124924
15,101,207088.7451518499,87.57538143853971,32.72324365181995
15,102,233553.21701231608,58.65159177191557,32.77864998813589
15,103,221864.64598913988,64.45477008957067,32.675806672457156
15,104,290349.63269337086,40.71729657209914,32.94847719087609
16,1,284534.30440782907,36.63045051763625,33.59283886789691
16,2,284534.30440782907,36.63045051763625,33.59283886789691
16,3,190997.75070316036,75.31844573053237,32.83700770239316
16,4,164714.5922167883,89.51496123250814,33.07491965206969
16,5,242829.06703813854,37.20359488535733,33.20254144214961
16,6,246528.00503883357,37.83605388091611,33.15923945800877
16,7,235420.4482484474,39.555637035559585,33.1416585947635
16,8,241629.5890583087,40.38599457424173,33.125503813474985
16,9,217658.87245250365,46.23526177777438,33.146709715616666
16,10,211300.18724349793,48.14166988017405,32.92674345627982
16,11,223288.58931367515,43.068794242444625,33.16816907850063
16,12,223288.58931367515,43.068794242444625,33.16816907850063
16,13,217870.46825379846,44.823306332249636,32.96544195711879
16,14,232251.9256872017,42.741739274913755,32.99035644379525
16,15,169375.76024786418,83.31120848321919,32.87469803908945
16,16,170374.1399791669,81.4870294509171,32.879761873890565
16,17,227652.04468151415,41.70774944348244,33.15387200217543
16,18,227652.04468151415,41.70774944348244,33.15387200217543
16,19,232400.21077332203,40.6375479095487,33.167042547942565
16,20,201207.63789427205,69.8579626003035,32.84873831982598
16,21,213934.48884824396,57.68001794681045,32.87303048803466
16,22,210936.98527576265,50.06289567535971,32.970677491160686
16,23,210936.98527576265,50.06289567535971,32.970677491160686
16,24,205364.26191893613,54.207990610635605,32.8876322877829
16,25,220581.563602812,50.5819949980074,32.92037262775554
16,26,168746.2970500018,77.09298927347226,32.99828779690567
16,27,222612.13582115225,43.97063986869829,33.14819432874278
16,28,224558.68610948313,43.70389240619076,33.14020940205184
16,29,208421.0745917661,52.88915414362426,33.00646321293385
16,30,244410.87973221447,37.892596109566036,33.14142697241645
16,31,244410.87973221447,37.892596109566036,33.14142697241645
16,32,224974.27507727008,42.865247035113086,33.09907372480787
16,33,179721.41833014326,66.01829138842977,33.034916553011776
16,34,209585.90355320837,50.72295077272169,32.90124376766168
16,35,167569.3302027446,77.75528317954154,32.995496302338616
16,36,208455.21154814126,52.229485269353056,32.973678423810966
16,37,192673.0681755735,57.13453989504007,32.91089438196124
16,38,197738.9110282049,54.486555983056164,33.07884146784808
16,39,209328.65211762363,55.56785707838513,32.87321223618598
16,40,183676.95470776933,67.8408857856561,32.90532561865858
16,41,169728.2796065339,75.76343704647475,33.01520000370598
16,42,204027.22896056285,52.99085357057874,32.981850798053635
16,43,197453.37949921342,63.36301761159944,32.860674605691266
16,44,194514.94005178858,68.45735341582528,32.85322090166073
16,45,204479.3791833171,53.40098366217854,32.922435500317974
16,46,176514.0780864504,67.6266545737795,33.05309718825866
16,47,180457.49448157896,69.42210132246385,32.98140502681557
16,48,169953.94213686304,72.71975466838371,32.993985177797
16,49,174501.76954149923,70.24825459378401,33.050359796202514
16,50,171524.21578891715,80.52662737324836,32.917044713525236
16,51,173804.57653170754,70.74028191006745,33.04495733532439
16,52,212569.7993472111,58.123684132733615,32.8646697530755
16,53,209459.3539418344,51.472504170887234,32.994051526095824
16,54,199873.65614913753,61.36569601780394,32.865961535589285
16,55,200171.4273852079,50.211076802003774,33.01385852844158
16,56,192121.45587813342,54.59913503880016,32.911912492193274
16,57,176733.32730422795,71.15930250391027,33.00283477754579
16,58,185101.8669048769,65.46303436359756,32.89409728284604
16,59,190605.04567014804,56.27674555983304,33.09127442863599
16,60,190605.04567014804,56.27674555983304,33.09127442863599
16,61,177714.22112468042,71.46596723587737,32.93109668281353
16,62,173864.93140758015,72.28666938667641,32.98338200019396
16,63,182195.63150659527,65.13356528867735,33.06102062080616
16,64,180430.17838461697,63.819553216530466,33.06606453913424
16,65,183036.44941306216,64.11559506133933,33.0054883161825
16,66,173287.19420834538,79.79710518160263,32.93210866295282
16,67,180392.55837642038,65.9077698977171,33.11487227975653
16,68,204879.52628228252,61.55247182131524,32.85541584808686
16,69,188718.10750428462,57.20610669436281,33.10527243264156
16,70,173178.6733556173,81.06306044128009,32.88507026495629
16,71,189912.16480077454,64.78745458768765,32.86823734093953
16,72,182138.38102145842,62.36478521831978,33.075506027602756
16,73,181222.399065124,66.92708298896628,32.90760851240967
16,74,181222.399065124,66.92708298896628,32.90760851240967
16,75,213391.29561220008,58.58364046772837,32.86054308888173
16,76,194421.28537375527,66.40692607133879,32.86549994888338
16,77,176248.11566143902,69.63484958025548,33.11808834166471
16,78,180173.07773398032,70.70278993061741,32.960736499356926
16,79,185751.43737581128,60.99604845588965,32.99057369085566
16,80,186876.04662597584,58.30501902966826,33.12118283617606
16,81,188561.07114830907,61.96423189268001,32.89115138638349
16,82,178940.20517647912,66.42817048549138,33.10430275459638
16,83,173241.85549578947,77.77230122945471,32.94676168789599
16,84,188819.1674934466,71.91278554244259,32.86118369046139
16,85,190976.28337582084,60.53624555268852,32.92492928383258
16,86,191694.41901508934,60.38905737093069,32.93643043306767
16,87,187824.86235508393,62.61611478227616,32.92654738390688
16,88,187824.86235508393,62.61611478227616,32.92654738390688
16,89,171907.00918389737,72.09556818338652,33.01431437834257
16,90,173066.43468418403,79.93227097133581,32.951426444822204
16,91,173066.43468418403,79.93227097133581,32.951426444822204
16,92,174962.15694100093,72.13719376922077,32.977522172891156
16,93,186387.98832639263,64.77526796391386,32.96386852113264
16,94,188262.38281831652,61.12440006520947,32.97095597024518
16,95,208939.2439611347,60.337418227983925,32.87127059392645
16,96,195145.22361222663,65.52780828380126,32.85402803982758
16,97,187350.594853903,66.46451459194614,32.865485527062845
16,98,185478.28986845948,65.42421140149175,32.89115138638349
16,99,180186.42321494498,71.72060342669972,32.925881243124955
16,100,204098.1051998643,54.50835857407085,32.95592394960151
16,101,187479.70701360574,64.66182038627296,32.888761674378934
16,102,191583.1283699672,64.77850765828262,32.88248340289136
16,103,192028.90872570028,63.589445544616275,32.87828163310493
16,104,226332.49842009938,44.19614408030242,33.05756837971564
16,105,181148.28375372896,72.50490007937941,32.925379795951045
16,106,190881.04326052655,60.73218491453967,32.92254580808409
16,107,208604.02817221722,60.80259125511289,32.876771449131944
16,108,186011.83515478042,58.77672165692152,33.009652819523986
16,109,185281.4275346772,65.29632410349855,32.93541684024561
16,110,193929.28583565948,71.95025771267042,32.85037071933725
16,111,196279.44757055983,60.89513842323696,32.8896618244005
16,112,177140.93973282858,72.0322540787285,32.98083654337202
16,113,184241.11613429635,59.57166008886313,33.058702162913
16,114,182012.86707527336,61.74844289275435,33.134133528584336
16,115,173852.8610470153,72.74435624558396,32.83797376159865
