Cluster,Solution,Distance,Turning,Elevation
1,1,406178.84697487677,28.182446361394863,34.01762294697508
1,2,417816.0730079263,27.266977666741795,33.99010510258317
1,3,417816.0730079263,27.266977666741795,33.99010510258317
1,4,212012.7161955039,75.29091364706593,32.72825245668317
1,5,160844.5044224145,103.88529880051827,32.82618485612067
1,6,390107.2121408038,31.505937078097784,33.74995649794716
1,7,248507.4055597603,34.16009380080247,32.98719190215415
1,8,248507.4055597603,34.16009380080247,32.98719190215415
1,9,276510.91327045014,34.00407832038494,32.86255545958783
1,10,377835.3024822277,31.89495586245721,33.85558897268966
1,11,377835.3024822277,31.89495586245721,33.85558897268966
1,12,385109.74751655076,31.681093611418,33.833992662973706
1,13,386431.065514058,31.154237768326468,33.76707528519809
1,14,386431.065514058,31.154237768326468,33.76707528519809
1,15,412335.53325649904,27.803130367263734,34.008757607441666
1,16,165479.91523318202,95.88242649960902,32.853131754038706
1,17,168037.270620375,100.74430591637578,32.806978681196014
1,18,162169.25317308138,103.87052778868421,32.821182847660594
1,19,173146.1469002346,93.40730440948828,32.77288984904178
1,20,219110.8654014566,55.405964370379714,32.76017108933615
1,21,384203.6243515369,31.58778091983788,33.85982240513678
1,22,379704.00953631493,31.54590234302733,33.89001441516526
1,23,401300.18161640374,29.655607189510707,33.9179886411378
1,24,269575.0780120695,37.925260631031946,32.84659379076986
1,25,260582.01412700588,33.178106774617895,32.97391882391394
1,26,173278.97134205737,78.84741451819563,32.8682950579337
1,27,245234.77665465185,37.555298385730524,32.84852644429894
1,28,250460.84339636902,34.00534903085316,32.96609170117001
1,29,252917.50218003022,34.31576230141782,32.93082851857167
1,30,257705.6536809894,36.438358490340306,32.87678641677721
1,31,228562.6093057267,49.48918067246573,32.776237460051085
1,32,231816.28264918475,38.40987798647548,32.8411691499539
1,33,231816.28264918475,38.40987798647548,32.8411691499539
1,34,240353.90714803588,35.647663613675306,32.89451853506552
1,35,240353.90714803588,35.647663613675306,32.89451853506552
1,36,226425.02526454238,47.22539950899532,32.78541068523595
1,37,393654.63044162584,30.675756335709927,33.84832898908786
1,38,404608.8900728105,28.38059049453219,33.99775465999338
1,39,380601.75993500464,31.225714561752735,33.89932325195578
1,40,396280.6087723405,29.738314213598795,33.894548562419345
1,41,406090.94611800316,28.84555469356741,33.945258376029194
1,42,193693.2600921014,57.2735551964722,32.89847530782879
1,43,163712.28977738522,98.3169556599937,32.83559479957493
1,44,170709.42183256595,82.1615763770095,32.89110857394734
1,45,220972.78700600145,42.22956590261796,32.80737839304352
1,46,166518.53190126288,91.97604928457412,32.828103692371535
1,47,221865.7558598678,40.33783433493667,32.79945549452309
1,48,235073.28690816805,36.77824100646866,32.94416202925728
1,49,381836.13112634333,30.695290377228343,33.92205117951925
1,50,406651.5336012637,28.698370155129954,33.97380490989346
1,51,406651.5336012637,28.698370155129954,33.97380490989346
1,52,175344.327139951,98.69399360126128,32.75950447979426
1,53,215423.1331912686,39.907421801921956,32.84096652917595
1,54,237090.62863985976,36.62287571860108,32.97643913877884
1,55,265280.4646617484,34.96235024124431,32.912967127396406
1,56,265280.4646617484,34.96235024124431,32.912967127396406
1,57,200998.99762166405,72.25521427018614,32.740157474115264
1,58,246347.10605309356,35.171197928150804,32.93654170789841
1,59,409377.6717059733,27.9027358793994,33.98867998694158
1,60,409377.6717059733,27.9027358793994,33.98867998694158
1,61,175822.83409020113,99.72458783815217,32.75487788879778
1,62,211168.22351417277,41.45979037877207,32.851907354956204
1,63,186950.77339019283,74.4518175326144,32.771751059079094
1,64,230627.90579776902,39.46681185347572,32.79945549452309
1,65,230627.90579776902,39.46681185347572,32.79945549452309
1,66,166855.35776796812,92.74574461786791,32.81387145848711
1,67,197366.1466283406,81.6734227812733,32.72920755054424
1,68,265749.66684358864,36.36600972642164,32.87339683935729
1,69,211756.04338109354,42.99930528048935,32.81591160610992
1,70,193126.24343132146,68.66118339213887,32.76960871687384
1,71,236765.6597671499,46.27586309456944,32.78697206867332
1,72,209952.00043395167,62.08031853506121,32.75031522383288
1,73,182494.84426523652,79.74649508371898,32.7738000026029
1,74,261961.9200291441,32.162235880222426,32.93245993548479
1,75,261961.9200291441,32.162235880222426,32.93245993548479
1,76,200655.59068501077,58.095483509863826,32.77713635914024
1,77,258971.8629176759,34.45389723127424,32.925603389120006
1,78,198226.85453660233,63.99252080540195,32.76322336116063
1,79,198226.85453660233,63.99252080540195,32.76322336116063
1,80,168531.54600926727,96.36221839623646,32.809228063428634
1,81,216992.1716320662,46.158792290706515,32.788058872564775
1,82,403463.4269784292,29.207880220334832,33.95396039466323
1,83,187455.30625566305,71.02507211975347,32.770507891845135
1,84,405101.63717970107,29.2313899311973,33.933235249507554
1,85,395314.80920621974,30.039682359929913,33.956350664002464
1,86,395314.80920621974,30.039682359929913,33.956350664002464
1,87,188960.46189934865,65.37422367987314,32.78192847285005
1,88,188960.46189934865,65.37422367987314,32.78192847285005
1,89,193636.40129638853,73.54949901333661,32.74471759120498
1,90,166680.43790674812,88.3971254797137,32.88238588636006
1,91,174512.35983195234,85.63604977602195,32.77139319437166
1,92,208245.30678902435,44.484812077065435,32.87206195359339
1,93,391597.42842856323,30.904569935734514,33.76339955221198
1,94,391597.42842856323,30.904569935734514,33.76339955221198
1,95,194702.43374556833,62.90457242512305,32.767282573604106
1,96,189133.01002689148,66.73006611940102,32.77237088539999
1,97,189133.01002689148,66.73006611940102,32.77237088539999
1,98,214129.4936944155,48.6113367756826,32.78132446456366
1,99,185001.55911264388,82.77221633522939,32.75642359596983
1,100,193664.68184791057,73.03949743406987,32.747908481909455
1,101,167111.59913644046,90.64896825401631,32.81525370878717
1,102,167864.61259416683,89.5491473841262,32.82355765459338
1,103,196464.49881158827,59.28453682191558,32.78295185652952
1,104,178106.60889066113,84.68588144552278,32.76959773828402
1,105,206091.5230038233,56.501180378434924,32.77004694789946
1,106,206091.5230038233,56.501180378434924,32.77004694789946
1,107,172539.09637230923,80.1714537620288,32.84577224159641
1,108,200752.8568739533,70.11189201365318,32.747124333128404
1,109,387367.89604932663,30.391448174521397,33.89932325195578
1,110,395901.9711637906,30.336951785760352,33.92808710403952
1,111,211781.64636075456,76.1490965077415,32.72825245668317
1,112,202174.40871742973,52.84761093148748,32.79396107736377
1,113,186186.10913872905,71.8354656772048,32.78136630460644
1,114,199381.7132833933,81.28728437617993,32.72825245668317
1,115,186217.26632996765,68.06206809311699,32.79191830249073
1,116,195791.1386618371,53.979836408437365,32.8054624390444
1,117,196383.55831136554,59.78397697398941,32.780391585122224
1,118,389089.39464984654,31.02364893438434,33.85677533675741
1,119,252110.73673767067,37.991452235992114,32.82177024872401
1,120,203635.70778901118,52.16854807736293,32.79042964131375
1,121,183596.89490561633,77.69506266882057,32.760690091346405
1,122,263096.3594714386,33.642131280147176,32.92696536777163
1,123,263096.3594714386,33.642131280147176,32.92696536777163
1,124,181010.234195325,87.86115267633993,32.757558422281015
1,125,240199.2087936484,34.48446532873015,32.956044126965566
1,126,178673.47421854112,75.38566516973479,32.77833550514094
1,127,389919.9480667929,31.600977679516507,33.74995649794716
1,128,394351.91216175776,30.570671861192807,33.83488593482304
1,129,222147.43900999677,37.41658257263025,32.85686048526705
1,130,269324.96408483986,33.26825321269345,32.882811783189844
1,131,269324.96408483986,33.26825321269345,32.882811783189844
1,132,167766.75207510503,97.34752715036119,32.809228063428634
1,133,167766.75207510503,97.34752715036119,32.809228063428634
1,134,190229.64909971214,60.70247808655513,32.79496615283667
1,135,169465.89800556225,86.89322708327327,32.78556283608852
1,136,185893.5497255801,71.10102408919194,32.7839558717455
1,137,206611.56562935782,47.6646466368006,32.81591160610992
1,138,402473.5754966686,29.270731580882693,33.95396039466323
1,139,193969.6449724749,57.18109763669837,32.7953480486102
1,140,205009.3397828226,48.330787900789716,32.83418603139847
1,141,224408.55434864177,44.60478795234884,32.78836029978082
1,142,182574.31301494729,69.5465141112719,32.81573981060046
1,143,195358.64386444158,80.70645416820183,32.737960396511745
1,144,205305.5065782271,53.18742843032146,32.785271421345726
1,145,208746.27147220552,43.73944674549641,32.844624824794806
1,146,208746.27147220552,43.73944674549641,32.844624824794806
1,147,184403.74830013386,67.41511080216,32.79453483811114
1,148,205316.83235480834,49.047952626229275,32.80353865283187
1,149,206953.51401680347,60.27889731921769,32.7679073990513
1,150,191538.45382996567,58.75227646251608,32.79078349317038
1,151,163985.64816512275,96.23233155981049,32.82717376200487
1,152,184059.92899124412,78.17192297520471,32.757103387725216
1,153,189714.0761293774,63.51227361809297,32.7877077310802
1,154,197329.30423602986,51.81591042001415,32.804352985411924
1,155,239117.97630992817,36.21965426751953,32.94524909263123
1,156,239117.97630992817,36.21965426751953,32.94524909263123
1,157,203197.96288251417,51.49996108038995,32.796875200627696
1,158,172569.75502443165,80.91037013857469,32.83783629972712
1,159,193889.64901470236,84.83218352972094,32.73783783417211
1,160,216684.4076904019,50.40540967666206,32.7799004529909
1,161,190761.43848140084,60.518316882698386,32.800058240770305
1,162,401406.4116932941,29.60910228713549,33.918847849638816
1,163,176779.92705572583,90.10047847817837,32.76556604337396
1,164,176779.92705572583,90.10047847817837,32.76556604337396
1,165,166183.88429270667,100.53491179185228,32.81804233030513
1,166,209597.59096380492,44.67883597191128,32.80767768417107
1,167,245579.07242363918,36.89914385607727,32.85896322826805
1,168,174822.4991875363,91.32047527973013,32.7598778954043
1,169,203361.91492565215,50.87566441572902,32.803675365469495
1,170,170510.03574823381,86.06626883225319,32.79041570274323
1,171,198391.5862613481,58.33468547053589,32.78010945815098
1,172,201608.976563324,54.619195465604335,32.78295185652952
1,173,201608.976563324,54.619195465604335,32.78295185652952
1,174,222485.7253703553,50.73177831014828,32.76726214530795
1,175,247033.83541781612,34.65314954625954,32.95481199781223
1,176,247033.83541781612,34.65314954625954,32.95481199781223
1,177,223397.26513551,47.576704804887314,32.77859184280097
1,178,194694.62712314562,54.005004120766785,32.82652272949193
1,179,185501.5640241083,73.52019188605585,32.77438987723221
1,180,169255.64742471644,87.94374960764911,32.79290287591772
1,181,204050.23635505722,50.25807141671345,32.78826551535237
1,182,187117.73083485855,61.80889894396792,32.78866361707859
1,183,216874.52876347315,45.42198119671899,32.79241965930593
1,184,258639.45279315696,36.18760764230318,32.87814839542883
1,185,180037.43998963002,83.84156144287576,32.760564034913884
1,186,167395.206040669,91.30774436004981,32.81480859505096
1,187,177078.81530220155,77.025399646327,32.79803678072329
1,188,190121.97031836765,61.45021311650966,32.79953572449022
1,189,212495.10244212218,41.92421497517408,32.80798870758949
1,190,183086.42198090628,86.29963729036888,32.75674136412473
1,191,199096.92969182663,49.38138125962948,32.8218899398757
1,192,179035.31036684464,99.9020340176014,32.74908586087523
1,193,235401.001734762,48.56473442614662,32.769186881241545
1,194,204918.72105984774,45.43088373986886,32.83681030348638
1,195,181855.02306068945,74.99735908316633,32.78556283608852
1,196,200737.82820093905,63.29543975279503,32.76144459199994
1,197,171674.48093115824,86.57844586599722,32.77879873283713
1,198,406488.6850492756,27.40028442094353,34.01762294697508
1,199,183626.3181266759,76.60049015972072,32.76903981499177
1,200,177543.7264519388,85.1205537632892,32.77624155698734
2,1,242472.2544427763,124.09402389037503,32.77748337603448
2,2,242472.2544427763,124.09402389037503,32.77748337603448
2,3,393118.1668881131,59.98857877143011,32.52436216502949
2,4,514445.7615468729,39.40616701573337,32.98526093630888
2,5,492182.9912274787,31.673692746170904,33.14539337977314
2,6,481523.62026753364,33.63620790918133,33.409356964743665
2,7,484571.70672049804,34.19717457800729,33.33501806138138
2,8,490885.2784445662,33.46012431377836,33.276155751502124
2,9,497259.2962890453,33.67726292483134,33.07453540757953
2,10,495145.05110861355,33.12362180238824,33.120464696806565
2,11,422310.68170796795,40.85373682047018,33.16082220787414
2,12,510281.11171898764,39.75004666100664,33.009823174623456
2,13,510281.11171898764,39.75004666100664,33.009823174623456
2,14,430754.7209253552,40.455651007867125,33.20740245935981
2,15,489203.8461083751,37.252917060557785,33.093793605244215
2,16,482752.359919941,33.60487150544558,33.34572249985281
2,17,263946.8795468771,101.08517474177074,32.67177671993189
2,18,476829.6707964869,38.845719795788206,33.03938930789397
2,19,408289.19931794674,41.28723821869561,32.92422046106718
2,20,412924.4683805403,58.67845557504581,32.55529055317307
2,21,277951.26678070705,98.2088887921643,32.593327375346774
2,22,513334.33617633133,40.79118856005433,32.99916742905295
2,23,312907.71778042987,79.5764117355567,32.5705945717617
2,24,441686.989335743,37.86571526852458,33.26154862021115
2,25,440955.94643043925,38.45690686763014,33.18091482008178
2,26,469209.45188609057,35.37699975706288,33.215986269003515
2,27,253578.60593380372,107.48648146857933,32.712385975405866
2,28,456183.00232136005,39.81871808028203,33.068995612531644
2,29,486049.84706017066,34.46441981144302,33.18837042203691
2,30,318488.09124493145,68.26323307457912,32.721890325392316
2,31,379149.7208906858,51.24178325459655,32.75533300354116
2,32,480885.65242312325,34.83830834145829,33.36988848660025
2,33,435830.3465523333,38.58692870897737,33.18091482008178
2,34,447728.06832704874,37.73805081947625,33.25250506219767
2,35,294865.224350719,95.61322107122294,32.599585273325786
2,36,419505.3875944602,56.0379682052402,32.59351203295492
2,37,453025.7724542519,40.667737749558846,33.050989475353894
2,38,243636.63749277743,119.8469246784744,32.801715573198564
2,39,249565.75323345535,106.10226955729557,32.772180232184276
2,40,275929.56689841195,97.58098279015495,32.65171192213483
2,41,361744.4803935772,65.65636168929437,32.541078296080265
2,42,493146.8734076633,35.47261577850933,33.08483966334572
2,43,458674.90139246924,40.20947262069331,33.0450468254793
2,44,387625.11251315364,43.58265325645338,32.84833951976613
2,45,472217.98858955834,36.616611584877404,33.1441682579817
2,46,457806.884510409,38.25916063647865,33.05661036297064
2,47,383533.18344735034,64.84444555734522,32.5253683577797
2,48,244868.0159417574,119.45686457120127,32.801282121759485
2,49,307132.26838621125,66.91693995176298,32.86481845994943
2,50,250951.73429903117,104.50604737997735,32.82320316660448
2,51,251620.52012298862,122.1411277270827,32.694797924497934
2,52,327857.09747287445,58.05974046238281,32.872277771106965
2,53,305571.5006045087,75.1020749753817,32.584584016002154
2,54,464368.5068809619,36.77882934949055,33.22838166564556
2,55,466177.86224981,35.70004153192246,33.25436473859098
2,56,365346.6641091635,65.24241156627009,32.54428528962894
2,57,288499.34898642206,73.45754327904714,32.845789521202484
2,58,374113.6655842364,56.472571841414776,32.623917992973354
2,59,310035.1190637678,80.7529161168272,32.57621953902269
2,60,295446.47679391695,63.787474474494154,32.90389749088397
2,61,399693.6033169424,42.31602033352072,32.842905381868405
2,62,243046.81954556875,121.63808151471369,32.82661380606994
2,63,318522.2365118422,57.21989727346926,32.91084252490066
2,64,325257.51180116425,67.90263905126879,32.68313895773909
2,65,260580.66656605506,102.36415665651175,32.70750997238588
2,66,296622.34329711343,81.85371078196349,32.59203073210466
2,67,269651.88324604486,114.2190793947933,32.623941317174406
2,68,247482.35865089696,115.64891475647613,32.80164556622198
2,69,367514.47950674745,61.48866918779625,32.52706084582548
2,70,301042.47803819325,66.58974569535962,32.8882087958212
2,71,329538.8204234844,61.94217372232796,32.64662653551385
2,72,352329.6129007941,46.32949714829151,32.937928755821844
2,73,332339.75676536286,61.11530502604043,32.66889352692889
2,74,349736.3570755175,48.140821464131704,32.9321965672206
2,75,475610.93243000575,39.36800897264486,33.01844906382646
2,76,475610.93243000575,39.36800897264486,33.01844906382646
2,77,257818.75295093434,116.37165248772136,32.69771353312808
2,78,481650.8719256413,33.79847427615487,33.38080918133713
2,79,462180.06577803387,37.597959964196995,33.23416394114963
2,80,338261.45126910467,52.52282237949887,32.838605868172884
2,81,434277.7519177354,39.59342587914745,33.12556826832328
2,82,434277.7519177354,39.59342587914745,33.12556826832328
2,83,351842.4827488564,46.094300495595284,32.9484761601764
2,84,303420.3039272922,83.07488718935842,32.57975081360776
2,85,259962.69279713402,112.1077411090191,32.70687530589679
2,86,249003.49646091624,108.64796869793108,32.83520584854323
2,87,371729.6361299949,59.59437614782786,32.53525296430656
2,88,354416.2357916399,44.60146991221991,32.97827454421349
2,89,475119.6530227758,34.84275992981358,33.15130070081027
2,90,348118.88650306145,49.653011585997135,32.83220272511338
2,91,255923.02014213995,117.00077430256643,32.68642491243702
2,92,355590.2445352912,43.181797315444896,32.95030237559952
2,93,251355.94103184377,110.87365231775294,32.76142743805391
2,94,490638.2713653935,34.11667782483785,33.239784453928955
2,95,324158.7913156135,51.94431677012339,32.89322904438156
2,96,343360.4658053106,71.15929417393615,32.58810400061544
2,97,257116.47210770147,101.40476479985597,32.76792184798975
2,98,447613.5873157296,38.38735098367103,33.25250506219767
2,99,480981.8547828801,34.462545701443766,33.38982072554908
2,100,303139.4420812059,84.4610140835497,32.55699507067389
2,101,265293.2282536931,86.80276563953052,32.791039632439684
2,102,268573.6289061822,112.60816354105103,32.62875774877665
2,103,307071.6947958005,74.49762493684321,32.59117415379436
2,104,260272.97629247585,107.17177350547357,32.72457660310531
2,105,275404.45859798335,77.30570136712043,32.81841465693599
2,106,341560.3974064552,63.53468827762098,32.60776197728376
2,107,358475.95146823215,44.19769821104845,32.92148315828437
2,108,253899.31444193627,105.43285738470033,32.73300626529367
2,109,272647.28665239725,113.66279266780546,32.62555397950582
2,110,279105.54671823914,88.60960013759704,32.63644979091137
2,111,479244.19608334615,36.39955858666328,33.123032198110955
2,112,337396.543272713,54.450078397945404,32.89105577779646
2,113,284074.33760789176,86.28778314703403,32.63423900061546
2,114,267274.86170819076,95.46412849055673,32.651882608892116
2,115,344255.8766287906,49.02455864335455,32.83711244683216
2,116,370782.3243453014,46.68069023214859,32.883760768191294
2,117,470347.1805964018,36.22368129151568,33.196734162718634
2,118,364478.1935599993,62.88729116091646,32.56198923460992
2,119,335122.9355585857,68.19669793028929,32.64631958692323
2,120,453250.6186586559,39.10860062127693,33.07293997657222
2,121,248505.27832028142,110.67632578883774,32.81134657593811
2,122,282312.4311647063,94.26141495534424,32.610405513423764
2,123,274683.64908166707,93.04179844782594,32.65931533178848
2,124,280700.815666029,79.03039861011345,32.73429176018254
2,125,280005.794838892,90.9611136778043,32.632556566937104
2,126,355125.028375116,70.12799498639006,32.5549146967695
2,127,339799.36257297196,54.11664754916951,32.79950854677525
2,128,290792.74141988595,85.3053950891751,32.640935009750486
2,129,355012.52594113845,44.586350133401844,32.986159693865254
2,130,271524.25309625186,93.67527303653523,32.65813968932942
2,131,271621.4348906748,87.7366259301978,32.74669561844363
2,132,287053.9776818455,91.56162429946554,32.605897205867755
2,133,363071.4711290697,43.1007847385765,32.96095104690353
2,134,262939.29371586005,92.36559704402487,32.703539062893505
2,135,321664.6676521364,59.22314732329968,32.8976156393847
2,136,381096.701310398,44.83932112847459,32.883195536312165
2,137,381096.701310398,44.83932112847459,32.883195536312165
2,138,258531.8533106628,104.99587186231383,32.76713951817615
2,139,294992.3812673981,87.07886989042264,32.56832442678332
2,140,281386.3753094972,94.7678185806931,32.61248299721595
2,141,246692.51663965758,116.98714881932779,32.79505409267612
2,142,285381.7595423923,76.23842273673463,32.733535119731755
2,143,299570.33301855286,81.37411804581551,32.602311460793885
2,144,304364.42609161674,69.09615125775571,32.763672396606985
2,145,286702.88697513705,78.15961724615549,32.66342132874231
2,146,471128.97958006023,37.082764134368325,33.159717885917665
2,147,326756.7527473013,62.96246845633751,32.786658475281975
2,148,274931.531770166,83.17938061231202,32.85773209109742
2,149,289869.0528016881,78.7934959865995,32.66042482074168
2,150,321740.9647116903,54.87950370391777,32.91348471481949
2,151,351190.59646897635,53.38705014264945,32.829862318881865
2,152,248253.6401682032,117.90813828153881,32.78200860439965
2,153,248253.6401682032,117.90813828153881,32.78200860439965
2,154,298295.3203350685,71.84485688346818,32.734238232251826
2,155,273135.3205013796,90.51628148218381,32.66927969565727
2,156,398965.93168678397,48.341757961399004,32.74281133468416
2,157,302825.8024374742,85.56863636115688,32.572281775593204
2,158,310915.14816616726,69.59745666823568,32.70497183660969
2,159,464432.5715584991,35.88767481866703,33.211868365339555
2,160,389582.3805935424,56.13919886424039,32.690085372035924
2,161,473515.26203822886,36.044425232319924,33.14729603254716
2,162,261354.25223922706,104.57130922603845,32.677751432262326
2,163,292082.8125872788,62.71610671641963,32.91762120246554
2,164,394908.2637018252,58.87825715547665,32.61583679505127
2,165,396645.8530710006,44.03029169080247,32.83070299676278
2,166,270470.2422934842,85.10663684608254,32.75376748821669
2,167,298870.3098983414,80.28477158791642,32.60890905111062
2,168,378281.96619396424,43.33960600333122,32.934024114787405
2,169,320331.2082606087,72.97056559916803,32.6001801917349
2,170,276307.3807488598,87.78317718202328,32.665629688624875
2,171,345970.87648143806,70.47080098948828,32.53841411920952
2,172,403603.6245568735,42.12480100619144,32.83660135265046
2,173,260910.46328099055,109.4568789356666,32.69024904751947
2,174,333787.69432903687,59.64865462010523,32.851384443148554
2,175,462462.67512083094,37.34153529132127,33.23747818975993
2,176,328476.6889767562,57.955978224091446,32.88558082829879
2,177,310177.7716389609,60.65489981186525,32.86431070561487
2,178,325912.81172339077,61.60007385302492,32.862631498147294
2,179,396099.5611418611,58.4997901707046,32.617799159039826
2,180,355289.4183946798,45.38409263893346,32.97039676007179
2,181,286129.15491204854,73.07333445414746,32.8517475951229
2,182,249048.94534162097,109.59790262497427,32.82049076939706
2,183,470750.66322636895,36.09394161252384,33.201711483433336
2,184,403920.1329914605,42.05707723330698,32.83660135265046
2,185,291729.04008903884,89.82417893471795,32.6257103104823
2,186,369138.20732908364,55.874115306483546,32.69570193046519
2,187,383184.6061343254,59.35597285092416,32.54407222445373
2,188,305632.1471011793,68.93455422832284,32.784845475226874
2,189,323346.31839020393,68.58045658129795,32.66384993320442
2,190,270493.5241827236,89.90955467354013,32.744355398953196
2,191,347434.40523004613,53.66571858104837,32.82209549483831
2,192,481118.0882830995,33.870146156754274,33.38927768075863
2,193,322326.3383316964,72.32398786644274,32.62902633629533
2,194,392505.3970601618,40.9876706543536,32.969743908949106
2,195,295566.3551675993,84.71041809069378,32.605428236015754
2,196,243654.8702702261,121.89366914838456,32.79581882438798
2,197,302101.0554379937,70.83525389473431,32.79929453363656
2,198,263141.75313601905,94.5516566098066,32.694572411506975
2,199,284549.59985203476,76.4521617290949,32.81963106562061
2,200,346319.50926485297,51.390028243438664,32.83220272511338
3,1,291850.4152606373,19.91519433500292,33.080668642148716
3,2,292129.37059261696,21.0918350178466,33.01579727385646
3,3,194722.304638181,73.32482308050189,33.11532193506119
3,4,194722.304638181,73.32482308050189,33.11532193506119
3,5,179507.58282444827,121.59527869409719,32.875098957773844
3,6,273590.75200343697,48.87007979164596,32.55631272442395
3,7,278064.85566536535,24.947696672259003,32.73781731105308
3,8,272052.0660800381,45.128164265620114,32.59041395441224
3,9,267535.023107782,48.76174221329335,32.585809012442915
3,10,281554.27633176604,40.03904007300171,32.6135674588659
3,11,286256.1773032371,21.776349588778167,32.774598088617765
3,12,264015.4822370769,47.12716768183065,32.60562487403474
3,13,180299.25366555527,118.47079078246853,32.88466817315927
3,14,255576.10130087094,50.50655071779441,32.57517450607303
3,15,200643.61551023758,61.54645509286559,33.03664847714673
3,16,180791.22317353782,116.1582373764688,32.97421239752374
3,17,216404.27055975527,55.19720041411287,32.75950914346603
3,18,179626.0492261642,120.48139045593125,32.87573919839605
3,19,196361.0001160896,69.51424024573765,33.10750933099743
3,20,268024.0941489011,35.09173390609189,32.621642254844126
3,21,182055.22741762566,117.30773147995492,32.825206932994064
3,22,257709.95680027525,45.98535187799178,32.63285344921721
3,23,252106.15119834,56.09536192305269,32.60162382510657
3,24,254991.94894651254,26.144765528708533,32.77899973053362
3,25,213506.9420464678,46.36217714387978,32.79446181321094
3,26,285328.9507234625,22.79625808411773,32.78619742612497
3,27,248046.36139002035,37.30389291804476,32.653467353497376
3,28,283446.1671241948,22.16566472702975,32.820325684168665
3,29,253564.4031186754,26.546507369253593,32.805313943107386
3,30,217622.68841427797,64.11527039139051,32.70188021526232
3,31,236983.81605497678,59.42745918821143,32.65716684854968
3,32,236276.97806160542,38.08064852774657,32.7139897699455
3,33,289119.6744605512,21.04214411476466,33.051524970933556
3,34,244904.46365240437,31.183743360369117,32.68389576512639
3,35,190374.623691343,93.01600984109649,32.85663200669091
3,36,181655.38877791195,115.23663045256399,32.8984134258974
3,37,253728.69440036302,28.554228146073502,32.80120826181581
3,38,212598.8955827476,58.19227585822028,32.76691987047244
3,39,202226.9936458097,63.08761504888853,32.903024942611516
3,40,243765.5830776986,48.00922945500353,32.64144798838092
3,41,284877.7693897835,27.54794132168494,32.6691177785035
3,42,272996.98303895385,48.191551098307215,32.57014362613825
3,43,272996.98303895385,48.191551098307215,32.57014362613825
3,44,290150.1365272399,20.215632209925612,33.073668108765446
3,45,290150.1365272399,20.215632209925612,33.073668108765446
3,46,188077.6585860281,87.14534613355914,33.055341127575744
3,47,247408.14947258745,30.157081198651227,32.73483300209403
3,48,184654.83736220922,97.18976326046631,33.04508771466132
3,49,181467.79630692856,113.15837430504217,32.964089475120545
3,50,230441.24430063827,39.878387905501924,32.7899326491255
3,51,193187.74400916178,76.15281231144937,33.068041452728714
3,52,229960.04768246057,41.1865494681544,32.83263077211293
3,53,194902.02357786876,91.16837848205472,32.750208737269126
3,54,208850.63245420298,76.0197356312644,32.70927715435376
3,55,189796.9963968051,83.01642042256867,33.063469598066845
3,56,268047.3796107123,47.12405332446714,32.60633607533622
3,57,269316.65678873326,23.64904735221635,32.768304151199544
3,58,269316.65678873326,23.64904735221635,32.768304151199544
3,59,262939.01397288963,38.13424385517816,32.63382558378317
3,60,281858.48687180417,34.31797930244281,32.636762460276415
3,61,250088.16407388065,43.83284796026282,32.63959238425786
3,62,190131.2148641628,88.68747007654416,32.93655800213097
3,63,221079.16676997335,45.52343243519806,32.7498112923706
3,64,226104.1202795233,42.254021611338786,32.86066150148366
3,65,238601.34725012252,48.47610999375055,32.6792249255982
3,66,257834.86240945326,24.41424208091228,32.775551467984656
3,67,204604.44224889152,75.19352988178059,32.798149340539794
3,68,288861.051851394,21.242569768910712,33.02867990838862
3,69,288861.051851394,21.242569768910712,33.02867990838862
3,70,228744.918406273,43.51284433113537,32.76925218169578
3,71,248658.90882860083,30.722095357548245,32.670298013713264
3,72,256341.8640866811,25.7410492310911,32.7525760430651
3,73,260011.73375663534,41.72219423670285,32.61192531542614
3,74,207454.35728030268,53.398257008370415,32.88881357288614
3,75,223021.6734704674,50.71518245709477,32.733614393861764
3,76,261265.1952872022,32.90619649805799,32.64516937200756
3,77,263394.8199855746,31.366158682754424,32.6500178845092
3,78,259320.44865715096,48.69814559544125,32.59716181851083
3,79,195264.17653739144,72.17447268748545,33.0953389317463
3,80,276797.03119476524,25.201307944044306,32.75097538590828
3,81,221527.44721261546,57.239867192055264,32.71956569829386
3,82,210501.14263269072,71.48416612876545,32.69892179819431
3,83,211915.39425448945,65.13271033471867,32.724400046573784
3,84,182403.58987095224,109.04259746598723,32.92162220090135
3,85,240551.16741726815,43.13482283106384,32.68679265361281
3,86,186442.37332778645,101.33014461479567,32.894615735374344
3,87,282248.29658573907,33.25326409665716,32.63401382704226
3,88,188528.87895502296,98.7625749837524,32.841844424320364
3,89,246568.60386826907,42.542001688436315,32.645338883006275
3,90,198919.88803312142,65.74561440049287,32.960061787124346
3,91,234447.65291482635,34.67418597441166,32.75183218625977
3,92,274181.6131210642,25.962110023904824,32.69410909032457
3,93,187383.7603525183,90.16212731520453,33.078990675636575
3,94,200983.46784169495,62.18539790814997,32.924480073379826
3,95,244040.82502520317,31.742411075349857,32.67479009072693
3,96,191773.01314709143,85.5842346520749,32.9302876839529
3,97,186573.97911800153,100.19772201777153,32.857265988047054
3,98,189031.1173023677,86.07862447327804,33.02048323389472
3,99,238186.43320434715,42.61571840045194,32.69139291078832
3,100,182194.8815341101,107.64709916718873,32.983569045577184
3,101,189522.5073604207,89.82827494381169,33.01160876134847
3,102,192383.76040484954,79.87196803384325,33.09302295924385
3,103,206385.69302516937,78.88212663318195,32.74019398559009
3,104,196036.64802355116,76.88245936525182,32.95484903298528
3,105,251644.74812201044,61.59420705343162,32.612188629227205
3,106,215052.23931852158,49.44474057943314,32.775294123271244
3,107,193506.08951561782,80.86632126428448,32.92328648057829
3,108,184486.5012310408,101.88746730163422,32.91519402276775
3,109,191357.0070414429,80.02461411826073,33.00555363755731
3,110,242194.23428433982,32.59035734889426,32.68677410814937
3,111,242194.23428433982,32.59035734889426,32.68677410814937
3,112,260745.3572110624,24.08152395645824,32.806240594508836
3,113,189075.24383268075,84.3368823228012,33.014324132381034
3,114,249692.3280259031,61.22571030163225,32.62385161115093
3,115,249692.3280259031,61.22571030163225,32.62385161115093
3,116,192600.3265352021,79.08957037469351,32.99881568862088
3,117,215633.06542815873,57.782139257338756,32.731230414904815
3,118,191652.02205773653,89.2425844556187,32.85116097501233
3,119,227717.35232211818,50.64899161910742,32.67955243523522
3,120,198223.99182382808,73.63959097864573,32.94682150864103
3,121,209660.13628666278,57.458422461137694,32.79350990845315
3,122,234887.30206786288,59.53435385307656,32.633134398146396
3,123,184593.46843326482,106.4635362133181,32.90729975512157
3,124,283449.59226892074,30.606308384405715,32.64447486265111
3,125,227377.84171646822,40.184999698574515,32.877358130442715
3,126,231237.77906028932,39.071335737545816,32.78419194675167
3,127,185155.3936076031,96.16898903593568,33.00227796373376
3,128,276820.6519851495,27.911151499425763,32.66590412186334
3,129,186349.94871616975,105.36056131227386,32.81268391237762
3,130,231819.84194962902,40.05024593759562,32.704208507319805
3,131,245888.97478917422,60.55915334947707,32.63297131531107
3,132,187151.54954791855,98.20048351111701,32.92085345534119
3,133,200651.21385719907,63.57022500142433,32.968876866560365
3,134,219969.32376529218,56.16075601284121,32.72258302409994
3,135,197150.84356785752,69.84960300140864,33.00352198110013
3,136,224104.03237914934,44.25316455378317,33.00326820080501
3,137,187942.2446972775,97.43332302024044,32.91131725634919
3,138,232922.13371411397,51.601390693772984,32.661484220980746
3,139,232922.13371411397,51.601390693772984,32.661484220980746
3,140,195546.63116253336,70.74152936726985,33.083634216720526
3,141,201484.7453323854,59.062345667953366,32.99138692384682
3,142,225454.21795697312,61.874147643285625,32.67678620039296
3,143,183795.3679655334,102.82179762789576,32.95212600274748
3,144,188371.49257499463,94.67558676795603,32.926746895154
3,145,205900.6552033075,56.497137556810635,32.99697780041402
3,146,196148.174956234,71.29846318714823,32.950502051695615
3,147,207814.1406601203,69.62058105675179,32.755258965561154
3,148,203519.20086475287,83.93260505490153,32.742660569464256
3,149,227363.80394492432,67.67438801889162,32.66595507038932
3,150,211579.55544451205,68.99209968600263,32.74318011532901
3,151,190312.7758365745,93.60710624661226,32.867076479909066
3,152,204640.32667679212,60.77525910843345,32.854816091345
3,153,247942.13564765145,30.291462807477373,32.716982360736864
3,154,193933.41286719358,81.70805994900489,32.910143882242394
3,155,192998.2937132243,86.45743244715486,32.90667022273989
3,156,230199.5858478528,49.701229250987474,32.6942918531263
3,157,217547.15254218917,52.16274310382394,32.74488349831985
3,158,190152.11583735095,94.33924787487078,32.83800813536758
3,159,184348.30490106,99.70258063226748,33.01897315143508
3,160,196063.74096882745,69.53597524021521,33.085293660147826
3,161,186907.25523136853,103.5967993585561,32.84329644133701
3,162,195696.58753554657,87.646837636622,32.78402710286748
3,163,204842.64780932502,58.917620357460464,32.89272718423698
3,164,183764.62359050306,110.65415318476906,32.83025676195362
3,165,224985.23154140596,44.79779438989472,32.72258302409994
3,166,183071.549646936,112.36488504535802,32.88660923849619
3,167,199768.97320729384,61.9258281337501,32.984789100407085
3,168,198163.91510043177,66.75251254046974,32.976667738780314
3,169,183620.7967044647,105.21143924072788,33.025269962514244
3,170,185808.62448387744,104.36199686395557,32.83708713028465
3,171,187293.93846349727,90.53003155558112,33.08341029700492
3,172,244093.41758407454,31.530057933670527,32.68799705247149
3,173,189871.46842693473,97.81803269816857,32.79586473264782
3,174,272290.4700307795,42.969272196889335,32.581487414362634
3,175,272290.4700307795,42.969272196889335,32.581487414362634
3,176,210027.049675285,53.523902041613646,32.88169724759183
3,177,227159.4524105428,60.06199039038225,32.69326253678505
3,178,211619.11712853255,78.51745289161292,32.689904842506536
3,179,240698.95382457075,36.275500073319876,32.703928750118266
3,180,202474.00545930595,68.53645303664919,32.83591676597252
3,181,198346.82887700503,74.06164999911874,32.85980341043837
3,182,225056.63972963498,53.86703233719705,32.714056997240704
3,183,193839.45907231327,74.6189962254291,33.01791037920255
3,184,194641.83078961156,85.04427801204838,32.89282444910454
3,185,216519.85320745205,56.28213014343898,32.74601875205993
3,186,197718.3669146673,64.20170561076978,33.05358473425623
3,187,234598.2623443635,47.35062345006089,32.697810322684674
3,188,205745.23850527802,60.033882277625686,32.81663672444536
3,189,203247.28105962795,66.37224800619593,32.8116644465818
3,190,228950.65770458133,57.38386101154558,32.66554500899465
3,191,187170.90521942283,102.84576711238297,32.85043561971602
3,192,215309.20409141522,56.71862929428079,32.734867775575246
3,193,211812.05027415435,67.10276786391414,32.72811107815579
3,194,241133.30892202817,56.71542161095923,32.64447818637078
3,195,184863.229856488,109.85114977462507,32.83646607300598
3,196,203228.43376632652,59.1122629077421,32.88221574944641
3,197,182405.8402723273,113.87002275023691,32.86944505055504
3,198,189673.3779677644,83.40256893967599,32.98205221036558
3,199,183088.05045711232,113.65401625619569,32.84037968435682
3,200,199528.3463176496,67.26507600042724,32.94132770716335
4,1,171442.8292649008,99.52280689703156,32.56125447430922
4,2,383747.13568472845,20.853281485307594,32.97720828107037
4,3,384589.3134560153,21.06963829805066,32.96967303223756
4,4,384589.3134560153,21.06963829805066,32.96967303223756
4,5,383382.0820703881,21.22342570375051,32.977984150511055
4,6,215605.92295658356,87.97639827205064,32.43032224103456
4,7,190643.16544523503,104.65961162152355,32.47338945647158
4,8,368191.0922583726,22.15556487795511,32.91891423666242
4,9,374484.3304293106,21.680469012684586,32.89718699008173
4,10,332502.4202073191,26.81040145557193,32.78385518823986
4,11,337864.5446174921,26.15423025807798,32.79285849306526
4,12,315799.5068660219,25.93649632552659,32.91797520345309
4,13,381891.755557758,21.29545694709308,32.97368747235699
4,14,359534.5374556599,24.08606422602814,32.853134331423696
4,15,290147.5656381277,30.133194478523297,32.77087324886516
4,16,365873.0928837663,22.872288973855696,32.912328461501204
4,17,365873.0928837663,22.872288973855696,32.912328461501204
4,18,370234.11742268765,22.13142488124129,32.87587929306962
4,19,338968.5294706856,25.490270626651736,32.87435182504916
4,20,321621.4041623241,29.711671454071478,32.763660651643
4,21,280197.73547020496,31.491336537710293,32.669889503659185
4,22,280197.73547020496,31.491336537710293,32.669889503659185
4,23,349821.48833161953,24.48249268749875,32.837230947246766
4,24,344561.8235356479,25.02967179091168,32.821212781013394
4,25,344561.8235356479,25.02967179091168,32.821212781013394
4,26,264190.02659176773,35.45230390934474,32.73583637561376
4,27,327387.61807659135,26.29487174843965,32.901419202708304
4,28,327387.61807659135,26.29487174843965,32.901419202708304
4,29,267053.80092105275,36.10589782821898,32.6907056071717
4,30,353110.13098952395,24.09538461886524,32.85861842432892
4,31,257072.39915133262,36.21513691268403,32.70330686654722
4,32,358049.8982814288,23.331922153678896,32.868550450929476
4,33,267533.8222632581,35.87048422924458,32.71097126617863
4,34,269573.62429633865,33.596309655918276,32.72602673805521
4,35,277796.3683824664,38.8407568728357,32.633731231988214
4,36,231456.00679911068,44.863656597744146,32.57721931601383
4,37,300617.86979427614,29.566432379556847,32.89018360108693
4,38,336465.34871552,26.689345102150828,32.81351120388464
4,39,336465.34871552,26.689345102150828,32.81351120388464
4,40,323597.501348274,27.578763928734578,32.75720972013228
4,41,325809.7429666639,26.878941575866502,32.75231324512552
4,42,236973.2514609816,53.813277201649704,32.490191225607745
4,43,296178.3776757846,36.03677688172044,32.59360914474336
4,44,175299.29555716692,90.05035863474475,32.51242822782535
4,45,188492.8730598961,71.54462066457393,32.50388587740184
4,46,218260.2413375717,50.286149617330246,32.55104585894654
4,47,344933.4413703417,24.426168549242888,32.868867571396194
4,48,291735.2950161838,37.88500623133041,32.57070077043626
4,49,194097.72582934328,91.92443009259313,32.4585108783453
4,50,284828.1812003142,30.924266808650405,32.69486919822669
4,51,227032.16299727888,45.73244260322866,32.584996060290734
4,52,222020.22285148292,51.16558623189517,32.530321982982215
4,53,269420.08940850303,33.59630965592077,32.71896334888929
4,54,251271.19938350888,48.25869034909385,32.48084281017397
4,55,275430.9637577499,36.40356334599634,32.639517146964934
4,56,182101.55618796116,95.07198093843544,32.48531141955625
4,57,220472.59316598607,50.00284933306249,32.606627883649146
4,58,178621.71572337506,83.39787145913964,32.53544798751123
4,59,189353.53429327882,73.73713435608046,32.48854737591526
4,60,272579.70847824216,41.16381589290679,32.515716066431544
4,61,223129.9097735869,57.83469769022149,32.498235435468885
4,62,254778.47641522752,43.79136538887995,32.558073043904415
4,63,227547.8259784825,60.904421162083956,32.477702975549384
4,64,248557.6773506924,39.60964273384434,32.600343066684204
4,65,173871.11028046347,96.77261974835238,32.55367978221477
4,66,322589.4940950796,28.942139187089275,32.760739172837425
4,67,180819.02281217033,94.00337358998637,32.48572547032287
4,68,243555.63199747755,42.34944145599773,32.613442972415825
4,69,217196.95663236032,68.57367318040838,32.45883731917044
4,70,230459.8722831717,77.63165483540212,32.43395781929231
4,71,248539.36587565,38.72656819935196,32.66187553991927
4,72,354818.61763103545,23.896515443603036,32.85624591632191
4,73,251948.52520436922,36.35991430441854,32.65714752078277
4,74,299980.07256726327,40.969332930247056,32.5585693087832
4,75,208159.13944248832,58.674037770219485,32.52794949898905
4,76,177088.68448607862,84.81350587100015,32.514429109787685
4,77,306553.0814132194,38.09319377250807,32.56476793866703
4,78,206095.01918630942,58.899969937652784,32.54697471818067
4,79,210292.84276813234,56.657654515206076,32.522918543551796
4,80,209488.56302041892,82.4714219567532,32.442873367577015
4,81,266062.00351636193,33.80369335457492,32.740455511690165
4,82,274111.4873451198,33.00293904675639,32.64516523549779
4,83,283638.07978218165,40.362883802330565,32.58324942630621
4,84,241071.78736130803,40.081809480495956,32.61838335332351
4,85,180207.26961390034,84.26973597095902,32.506764948877844
4,86,302242.9212081291,39.998631732237385,32.56026722024318
4,87,261057.30830802093,43.65827994589659,32.54169078500807
4,88,191474.08738453942,76.17929914041783,32.46564917879454
4,89,186315.9398479912,69.08433441596881,32.52023730701434
4,90,238763.39045092335,49.85721618314954,32.442913118860865
4,91,174693.256709342,90.32170285992494,32.51218694712806
4,92,184590.15226809273,78.66736370780265,32.50920083156133
4,93,350641.52464876766,24.425072003132435,32.88650785864789
4,94,285914.3663377313,30.316913783959016,32.697122782840246
4,95,355924.4219608701,23.431327604210672,32.85777469469477
4,96,214122.11263698898,66.70945163283577,32.47170344366951
4,97,254561.26312456667,39.77052122741926,32.596786588987214
4,98,195986.55463083397,63.782083263536045,32.49675513680414
4,99,192767.81633087993,68.0684604269319,32.537139032963715
4,100,206382.17713090035,59.73333351222412,32.52445884601725
4,101,226806.46867556844,47.47495394549487,32.58859776135207
4,102,216407.36897706494,53.104122502167854,32.55516352930136
4,103,229761.26698790313,46.801571912510944,32.584454415662904
4,104,224122.2852489457,52.35340975565279,32.51662815219788
4,105,336714.2856803062,26.64940171935814,32.785568040137846
4,106,191681.25550214102,76.53999503945535,32.464098573131274
4,107,241700.3272115507,40.6401197999034,32.615740462930304
4,108,247309.04616463097,39.398303310589505,32.607415014165824
4,109,308652.26572699245,28.165317147083854,32.89760778676274
4,110,187550.30648896407,99.10470358463672,32.479432406956704
4,111,198151.1419507158,83.69352881719655,32.449592844264615
4,112,280758.54019969713,38.6710020681508,32.633802867252236
4,113,175905.57575227332,85.54004721700913,32.51370673083997
4,114,321680.3227751124,28.25504412671898,32.833783894597154
4,115,321680.3227751124,28.25504412671898,32.833783894597154
4,116,261894.72541118914,34.8525782629438,32.75099715343272
4,117,270138.6822801247,36.59627597340471,32.65166098995998
4,118,257946.81471442117,38.87401381783507,32.620958961514795
4,119,210914.93258673948,64.76782845740256,32.49207978097741
4,120,287878.9881501255,40.627071249320004,32.580881856054624
4,121,208448.66650054097,62.59826373464111,32.49408669238402
4,122,197446.85924313884,91.21332396543936,32.45337758476792
4,123,200580.6662604126,87.19943226362098,32.447708913509096
4,124,244881.20597642666,46.85279726082218,32.49733579251935
4,125,304824.1620472847,34.982951764582566,32.5662812102235
4,126,206263.3215437557,81.6118085598817,32.45310489867538
4,127,223141.14162231138,47.97790508181032,32.60996404732396
4,128,211019.7407826549,55.88315474405361,32.50249704982482
4,129,214746.87742505906,61.29624929589215,32.493174658396185
4,130,234007.12813611043,55.299655597796594,32.44388402635287
4,131,311899.8531340775,26.324532875088494,32.886413357207964
4,132,311899.8531340775,26.324532875088494,32.886413357207964
4,133,195514.37082007428,63.32879134487447,32.50421928213475
4,134,172791.21947673714,97.35891528648887,32.5556806641771
4,135,233039.78990253952,75.10562774919423,32.43806271358792
4,136,268766.09325895144,35.14263023961692,32.65801730753901
4,137,294059.8285408777,36.608325729104656,32.59146053289087
4,138,187754.99251923946,70.36760753390931,32.506848931918654
4,139,202324.33624855807,66.45807276918863,32.48901562598949
4,140,263209.325047638,36.03133935406617,32.74509248355035
4,141,200015.22860659013,72.52792701677024,32.464773658064225
4,142,200015.22860659013,72.52792701677024,32.464773658064225
4,143,180904.8932176183,79.78869605999559,32.495791021008
4,144,216523.88844372102,54.803416136189554,32.52687941182412
4,145,238627.12713734142,43.31971875965,32.62452902753814
4,146,238627.12713734142,43.31971875965,32.62452902753814
4,147,185170.04848747654,80.24733461756455,32.49226154148457
4,148,336438.82446868735,26.728913206637205,32.78510381970114
4,149,292047.3471730874,38.95465164158327,32.5663939602886
4,150,214514.35280780826,80.73631912113778,32.437693378565044
4,151,234192.3440080607,51.78525297243092,32.51834121254822
4,152,236017.6423081336,52.146901014534656,32.49444351902383
4,153,173000.30300106455,97.81288000151866,32.541180215389716
4,154,215091.2965091332,79.29021525806247,32.44039293163159
4,155,285936.90965491685,38.185554282053,32.581593345483554
4,156,189814.13277125655,92.81100964700045,32.48350033023476
4,157,204445.0249348622,59.390762643083065,32.52524997612358
4,158,309923.1473671365,28.115038720561344,32.84443903855093
4,159,309923.1473671365,28.115038720561344,32.84443903855093
4,160,309817.3652138996,32.37308200346439,32.64924256324643
4,161,234602.7461480278,47.6706273773262,32.57548717288415
4,162,309801.0829143291,28.725075394157823,32.83608857973083
4,163,265344.55692901445,35.083544493891196,32.74536889228243
4,164,271105.681739948,39.67974335868505,32.59849544617909
4,165,288565.4015779639,37.04480295213461,32.57425668409298
4,166,288565.4015779639,37.04480295213461,32.57425668409298
4,167,190537.75387181804,86.54171231537111,32.48454970542818
4,168,232673.70713770884,43.24858877516168,32.643792263181396
4,169,225077.94068668815,48.87510359164156,32.592489189329825
4,170,225077.94068668815,48.87510359164156,32.592489189329825
4,171,285641.73004214803,33.82818765834611,32.636502420318784
4,172,184136.02378478568,77.07256827827206,32.53966340286486
4,173,210156.56632518326,65.65829770365131,32.48471353536997
4,174,246247.3800922778,56.44322785214538,32.440281639322784
4,175,192188.480696689,70.11163150832631,32.49858245126361
4,176,196773.17325829712,92.90496192755315,32.45344858580111
4,177,197361.61072924675,95.96509157262619,32.448743621916506
4,178,186654.59306623397,81.94572838808352,32.48644596322499
4,179,192601.03328944946,67.25774557494542,32.53810994045572
4,180,200968.7008920813,62.955084577058585,32.532218946077315
4,181,184001.4801068147,78.29751391234558,32.53966340286486
4,182,178377.54438801063,85.85369023091195,32.48652201456536
4,183,215433.52394630646,65.34399364682156,32.48837388656912
4,184,183031.79154312873,95.7671434114146,32.48294835853475
4,185,203427.5862610568,63.117707043623525,32.52524997612358
4,186,261855.00989871248,35.87111859541999,32.75015342379857
4,187,213506.14439172033,55.03424121240276,32.50692536125205
4,188,233438.8258869917,42.17899579967952,32.63480446826855
4,189,172081.7143040144,98.37457259514233,32.55167890025244
4,190,226209.31793144174,60.43239745837514,32.491248073413004
4,191,310643.2719189011,40.354948472331124,32.55909887782739
4,192,178299.53268793045,83.78033973232893,32.51486518016314
4,193,259512.22138997182,42.58869065067473,32.56623529637832
4,194,212673.3031243936,54.90118425843322,32.53194015257014
4,195,193737.2244445191,77.88512691541361,32.45879326501149
4,196,202091.8003310088,75.7293179472798,32.45454439353793
4,197,202091.8003310088,75.7293179472798,32.45454439353793
4,198,204224.3970898327,69.56848103129603,32.473937202861975
4,199,231840.6592924142,56.42195998646009,32.48562739377401
4,200,208898.9554110022,86.990128907144,32.43702099202825
5,1,353556.02479155856,26.909222015980294,33.41591622763468
5,2,353556.02479155856,26.909222015980294,33.41591622763468
5,3,164967.72367574804,123.45125890595354,32.91046993941181
5,4,164967.72367574804,123.45125890595354,32.91046993941181
5,5,334502.378290475,25.63911249262216,33.468385112998575
5,6,334502.378290475,25.63911249262216,33.468385112998575
5,7,151078.17993274165,102.24224935937058,32.95072885042532
5,8,196192.39422771367,97.01391919721344,32.88577892644132
5,9,284104.0191991497,31.680377090175966,33.08874963298037
5,10,314821.5569701563,31.082418895781007,33.2768293531986
5,11,306338.4103354627,31.27630032704738,33.383518924162594
5,12,196385.28666113914,55.81342952011342,33.22609978803992
5,13,311277.409248122,29.693617625541947,33.43379471575019
5,14,320335.48654582165,28.81415087917422,33.452281966832416
5,15,277259.0087224692,42.3901889330565,32.951952508076715
5,16,327584.19079821545,30.06523035719393,33.30061442911034
5,17,317575.1499571876,30.42977196652009,33.22021794264447
5,18,318743.28035391896,29.21730133998762,33.399038299136976
5,19,171593.14446064303,112.04626052769893,32.92314952986888
5,20,269638.4716344312,33.46025510965348,33.09128833278683
5,21,174241.89497698014,108.38584688987311,32.91411719025063
5,22,221629.3739225472,45.2516898923408,33.11975823635213
5,23,206212.1614936661,54.590149974842085,33.19853315366545
5,24,329017.87996444514,26.913701733576413,33.37661203016459
5,25,163602.31127941527,91.2872768054262,32.93427287367294
5,26,272614.8834218708,37.07685280770434,32.99536632523676
5,27,316096.5121676247,30.84698143997151,33.31014394103377
5,28,235932.84937806393,43.12973198870555,33.14352473823653
5,29,329085.1433294052,28.315442560255217,33.347505609429646
5,30,333711.06717331335,26.306336063710827,33.422501995676235
5,31,269869.80312050285,38.20476581824924,32.9665712475566
5,32,231668.58100181847,43.717731223810006,33.1523621747927
5,33,209015.37268892975,53.37148955761146,33.02206689752444
5,34,212680.74560427605,53.19741273476178,33.189486169095744
5,35,167279.21899776015,119.27582236198415,32.926615164752974
5,36,264451.3467006124,40.91418129174218,32.95957226724413
5,37,322448.8756217251,29.52856833690631,33.361239901587915
5,38,193713.22141587187,94.06205924037634,32.89340447587235
5,39,330471.75250621745,27.723326103893076,33.353049112432906
5,40,168794.0489309052,78.34310089514118,33.04246416888166
5,41,172134.87595657306,116.53137830013503,32.906539695243254
5,42,264100.19791360805,34.444310619030645,33.04936318015052
5,43,226356.25023186393,49.24640918012372,33.03067670428743
5,44,176221.31675444441,68.29942924859292,33.094188529731305
5,45,218160.21788600602,52.968439691429786,33.16715717728022
5,46,166551.67270907405,120.93854299482956,32.92142045473269
5,47,192730.88053205106,66.6628498911944,33.02820163888529
5,48,255340.0174638606,36.48702112937464,33.07284994397674
5,49,180889.03506212568,65.8568677189745,33.098253363555415
5,50,166287.27135269358,75.53941946675967,33.06780691345071
5,51,229187.15945356226,50.76954168836774,32.99043586293283
5,52,320931.87489595154,29.855482075448965,33.33517294395164
5,53,320931.87489595154,29.855482075448965,33.33517294395164
5,54,252673.44399375864,40.28559377361637,32.996514966857845
5,55,194786.1208280478,62.54681945008315,33.03468864918154
5,56,246720.52990943156,39.830299523021374,33.00145497117057
5,57,154691.04806249597,96.99701523900012,33.01370615420319
5,58,165330.74194476433,76.87995279383095,33.12766207966157
5,59,165330.74194476433,76.87995279383095,33.12766207966157
5,60,322658.3924154729,29.60818881395636,33.32719989279709
5,61,249389.2769338647,48.26126654298526,32.97024849943553
5,62,168295.99464404647,121.61021434902969,32.91129907389222
5,63,173162.45588851938,115.46781828512903,32.903111656480014
5,64,205752.3632059135,54.96039406949269,33.1974163396419
5,65,176034.84079886242,72.5786328709569,33.04714466058757
5,66,178635.41470773245,114.06043033963076,32.895228848020544
5,67,177988.26733522158,101.32433343415431,32.91082090806021
5,68,332124.77177306975,27.744591001083492,33.32489758200436
5,69,188798.09539020993,96.05386426513978,32.8931421089669
5,70,262865.12591928046,35.27944363132868,33.060754326731754
5,71,168711.295817535,113.06385660075631,32.923607502632294
5,72,328233.99020214495,28.251911695421594,33.35612726997605
5,73,213636.32352218442,54.28604963758201,32.99745220807599
5,74,175363.48152766048,107.75446093780172,32.90870979106609
5,75,327162.6292810439,29.525019459928412,33.3207137042288
5,76,168286.6935866581,73.07856912593336,33.081256464721726
5,77,169713.37223856058,117.46127766842699,32.92355131699053
5,78,177157.29949195572,103.52524300808051,32.913624697843105
5,79,234694.97274120233,48.65311800175692,33.00459753349042
5,80,236082.75476825752,47.67017599239179,32.99559540225452
5,81,186578.59748329615,86.18249422732359,32.92711697871223
5,82,215221.2750277974,64.45506914767303,32.930992915057445
5,83,241964.9283425611,59.08350115727843,32.925715216298414
5,84,204959.4953188769,61.02416255866509,32.9994644584894
5,85,265371.34915790905,47.46886996014777,32.94942001984592
5,86,265371.34915790905,47.46886996014777,32.94942001984592
5,87,159673.06197834614,104.77031158667808,32.93150401253277
5,88,176844.44080365784,77.06426272272083,33.03644450453332
5,89,162740.49260961896,105.64470355445627,32.92674162877756
5,90,170766.8401661801,84.89115205860196,32.950892788710334
5,91,264164.10243319406,46.38766078772183,32.95592409286738
5,92,191874.8332637785,69.13371685295807,33.0159854210068
5,93,217353.37209449787,60.32302967392632,32.95618745811714
5,94,229900.9458667955,43.980224351454154,33.113648997399316
5,95,196629.07757276457,89.10537663288981,32.89968268740303
5,96,259250.89190987352,50.220022085718234,32.93278423108447
5,97,194125.3534140267,95.02351116075714,32.893262848337976
5,98,203888.6450321758,56.509147541689565,33.081535289818454
5,99,199215.85942994236,80.68733476832966,32.913113829718625
5,100,173697.07386720832,84.32651494972225,32.968269526257636
5,101,240575.2048987925,42.47396269509357,33.03094429998087
5,102,240575.2048987925,42.47396269509357,33.03094429998087
5,103,210351.356645204,62.20330675906724,32.97750836295901
5,104,191302.540311871,70.4125235475225,33.01304057732581
5,105,254135.08561368508,39.651560416579045,32.996514966857845
5,106,184568.09364348813,63.67904817458131,33.10325463814652
5,107,259132.67892574158,51.758827514381956,32.897963236201996
5,108,262477.7701908081,48.488309396261286,32.95081146125551
5,109,171051.81006101027,90.74523095131673,32.948095239892915
5,110,151781.6283253402,98.0377176749558,32.93871397919795
5,111,151781.6283253402,98.0377176749558,32.93871397919795
5,112,174830.71928970198,114.81245460113966,32.91197382517078
5,113,222728.53028119804,51.48887395365941,33.00613169564097
5,114,156177.53967737418,87.69891276897842,32.976704178928536
5,115,159536.98926116127,89.2926456521458,32.96635690757937
5,116,201254.8292517511,58.43294162978029,33.03887451324637
5,117,165550.75860554638,76.01420573835473,33.09221519252083
5,118,197512.93088200473,65.94530522112719,33.02681437860325
5,119,245318.58941918064,40.69588267418883,32.99292583769838
5,120,235381.44222455344,49.99795207281387,32.974744684987506
5,121,185997.68949558065,64.9782049311692,33.085555924319344
5,122,190541.8456604405,59.49608803641668,33.15990914385741
5,123,308376.5532769336,30.205449135184914,33.38215510267223
5,124,308376.5532769336,30.205449135184914,33.38215510267223
5,125,155321.27970840296,89.61190542992856,32.953068776907585
5,126,180141.86026910067,102.60028189095922,32.90203021260673
5,127,163370.12954899928,94.10117697110199,32.94586177796239
5,128,206881.9494108254,74.63000055731405,32.91640916174939
5,129,197883.8015684738,86.8496300553788,32.89962474471039
5,130,254642.8829577277,37.52560073324557,32.973766840108524
5,131,219718.44591849166,47.778080077444706,33.111150715518605
5,132,248688.827224433,40.644749765427555,32.98149575771454
5,133,225807.486032799,55.32661363966298,32.97219445815887
5,134,198515.58513250703,87.79386056785297,32.89807821808761
5,135,243842.18584498978,44.86094111157693,32.99292583769838
5,136,318071.0811247651,29.029345881041333,33.40752678665572
5,137,318071.0811247651,29.029345881041333,33.40752678665572
5,138,324611.85215617524,29.114706872537127,33.36107442483879
5,139,231103.02853174668,51.074528014673895,32.98086646463055
5,140,151090.71580196163,100.18941971847603,32.943534784485564
5,141,201919.0362408803,79.11734502343458,32.91941115781295
5,142,224888.39425597913,43.9173726427852,33.14366492734189
5,143,158175.22222915947,82.52305903061125,32.98124954666962
5,144,189963.86913525598,65.6386215121237,33.05277652138956
5,145,158510.8639227031,106.50441480198407,32.93651524756904
5,146,158510.8639227031,106.50441480198407,32.93651524756904
5,147,193150.09203925874,69.48769522599748,32.98257119830465
5,148,331473.30486924085,26.834921655239345,33.42558015321938
5,149,331473.30486924085,26.834921655239345,33.42558015321938
5,150,212127.66653395552,74.33593371188735,32.913572900781865
5,151,219162.40205138802,83.56272263692269,32.90831054737328
5,152,256370.8712242362,50.4259211628799,32.93162040664531
5,153,200813.48959076827,57.98430623950085,33.15145070291219
5,154,207678.5403883578,60.40170633652424,32.99411957961389
5,155,203462.60999245784,62.094052826729445,33.009547182285075
5,156,161429.10695283793,118.26330349201217,32.92985755220215
5,157,161429.10695283793,118.26330349201217,32.92985755220215
5,158,201051.09283839073,89.90452959202092,32.896669432459845
5,159,326167.9570069513,30.119791384173137,33.315368352249
5,160,326167.9570069513,30.119791384173137,33.315368352249
5,161,182901.10884601017,73.81755595433835,32.99787461960551
5,162,183547.17742450317,95.89538826391464,32.909449490963745
5,163,201914.94525741483,57.335910051629064,33.172227266624205
5,164,220153.76417469626,47.62864199933518,33.106202310856034
5,165,176497.98512976075,71.4385012665172,33.08538137949027
5,166,203612.4928833205,56.87786517708986,33.07658813495571
5,167,151342.66166853765,100.0986045961787,32.947147914188534
5,168,193052.9525317871,83.06803509953984,32.91591761950152
5,169,183407.7892724563,76.6920571788977,32.95622027683838
5,170,219696.5203940445,48.78979565500591,33.159395699832615
5,171,162173.39530037317,78.60612473558142,33.00937094111333
5,172,195384.31260562254,81.02273997379713,32.93680646043214
5,173,200803.77077613998,56.80614436124734,33.18162484555639
5,174,200803.77077613998,56.80614436124734,33.18162484555639
5,175,171688.77454343735,71.83190507126385,33.05823759455025
5,176,187499.1877001641,99.29758149212061,32.895945898749794
5,177,184097.09054512024,68.69557960780655,33.06588475177341
5,178,176648.5622990278,66.30956279476159,33.07586732436648
5,179,195775.9510406873,61.52789765760316,33.08965069482565
5,180,170342.62226444847,82.49673956909928,32.972655098164786
5,181,199308.22700083483,63.83596477364817,32.984290247756554
5,182,257826.9015534134,35.83518143368104,33.0909450696287
5,183,257826.9015534134,35.83518143368104,33.0909450696287
5,184,255635.37769724135,52.74794311666634,32.88798637043507
5,185,202631.7056306906,55.763783915088474,33.17563225846434
5,186,202631.7056306906,55.763783915088474,33.17563225846434
5,187,171760.74475754713,102.91155152292863,32.91431085066693
5,188,179346.78344685075,81.71575924371936,32.95857598042056
5,189,179346.78344685075,81.71575924371936,32.95857598042056
5,190,186687.02413629374,70.63229388798422,33.0085564918087
5,191,185689.1521137004,71.01415983356873,33.0085564918087
5,192,190098.87702776605,74.60997221518004,32.942986438124485
5,193,209606.9102698901,57.5536067019809,33.00371922526073
5,194,184997.66159135083,71.75031038897806,33.05955392253284
5,195,178233.67971256742,98.09179879145339,32.928797572523706
5,196,200248.2596586506,63.81268998810706,32.98900258461347
5,197,242945.96532341864,44.12968238032659,33.01482321575357
5,198,209775.35303567845,61.34652239462021,32.984628724349776
5,199,243544.0717869467,44.418817788013016,32.99600399524152
5,200,203527.18891326888,57.508321227440696,33.16066731201898
6,1,470257.87823854125,31.15308519992317,32.94883958766848
6,2,435356.6683951013,32.55936216822404,32.98381395925008
6,3,251588.49045394146,124.3135315011405,32.579076356497445
6,4,372477.4006192209,91.4123990505042,32.50475261317154
6,5,461154.2233817762,32.079710368112416,32.90827125950171
6,6,430558.2498077147,33.57802535685027,32.89063629575345
6,7,373226.0713256192,42.340964027345315,32.86226275896728
6,8,255159.4174409186,117.84879408437224,32.59031674697483
6,9,438768.0487370825,32.324440683156475,32.96155647271008
6,10,449885.42584088247,42.48145799711909,32.68277359994298
6,11,252301.97754752575,121.1511439136583,32.57307245337493
6,12,314283.11803775205,113.70369668267624,32.536537100038416
6,13,441026.53217557014,32.08882098469418,32.970610434939466
6,14,253807.78229473197,110.31238727721643,32.59606975144224
6,15,253807.78229473197,110.31238727721643,32.59606975144224
6,16,407099.5551500488,46.69952299463935,32.69924689829511
6,17,428579.01448856504,32.73047592369764,32.900058603069084
6,18,426651.4308596751,39.379421145248116,32.77574888043002
6,19,431742.88807273965,33.034909017743054,32.84321217429063
6,20,336886.681822548,45.42102725076588,32.75523387025111
6,21,270941.30868282565,106.76357505334775,32.56533959242755
6,22,270860.09916426905,112.8522368062156,32.548715268094895
6,23,308480.1980363914,53.82444297051862,32.74356864145698
6,24,445931.5542757163,38.77362123592763,32.76375577375993
6,25,317521.8183631166,111.23814454065887,32.52061577769243
6,26,466925.0871701805,31.473203515598666,32.93948993660579
6,27,466925.0871701805,31.473203515598666,32.93948993660579
6,28,433431.7174810269,34.902801473755964,32.783017049907485
6,29,257888.257691393,101.70901562796885,32.61769572352314
6,30,373265.8995250115,42.11056419076323,32.85020220442896
6,31,463757.7928985986,31.987336348875036,32.92691297752174
6,32,423529.66623440397,40.15668004825968,32.73688482190663
6,33,438732.58491913497,32.85434936749934,32.85790212594992
6,34,330522.707864419,70.62468505661118,32.56060518301455
6,35,305855.3873522472,60.344378008505785,32.74539660193487
6,36,446205.3673456061,46.01239243111678,32.676217247672476
6,37,387499.37942033313,61.076970941570025,32.56881957896381
6,38,415127.846870282,36.99673130974948,32.78893203193219
6,39,325387.3587453417,94.53871313639945,32.552364725129266
6,40,280269.9167771309,105.05108238649998,32.549254692962705
6,41,417303.26872338215,52.2271070097814,32.63409330402409
6,42,273269.4692798769,72.20046123539875,32.6568569347605
6,43,449631.5408418512,43.77506918246917,32.702348956327306
6,44,396285.2455774485,37.22828111350126,32.80901583030427
6,45,418920.4885235392,38.280385573527404,32.78524917001419
6,46,263643.50862462015,83.69107473866819,32.65230153653799
6,47,352316.5414753705,88.91167846474184,32.51385758376852
6,48,330074.7415055005,50.41969263048585,32.69155885841429
6,49,442243.14420077635,33.47195391946598,32.83327232007004
6,50,410908.9266504583,42.63944719270693,32.732922366792124
6,51,256686.25727121902,104.0219039911868,32.61959173234551
6,52,298720.1092968056,89.90388643040593,32.56552677674911
6,53,422068.88749290875,37.70894018051136,32.78203686249315
6,54,469182.1210203625,31.40032095015644,32.979698504754005
6,55,469182.1210203625,31.40032095015644,32.979698504754005
6,56,333698.2328387291,47.79471263802144,32.7908964169896
6,57,362905.4270513697,77.70482618291521,32.53108446689001
6,58,463216.3171400956,32.06260078167157,32.92521185719726
6,59,347422.6881543831,80.97776884765284,32.54085266789331
6,60,292960.6260136829,61.792121626651294,32.64077166349061
6,61,265484.26410754625,78.32940825592514,32.662477266488565
6,62,312196.3104095241,67.01961126070572,32.61399355777704
6,63,261627.86804092844,87.1480923190618,32.689151513800965
6,64,295398.6809369957,68.35470725253212,32.60200843768261
6,65,321684.3138451846,51.51448725316255,32.75122107763233
6,66,271578.9303277087,102.93142892256667,32.559583935176946
6,67,254828.60219873258,119.68640640607559,32.58487150504131
6,68,403612.51907619095,39.79206158580283,32.79723018680067
6,69,401657.6319467723,41.043806983625025,32.7651632041693
6,70,379833.34136135224,86.25440859424549,32.50675155729644
6,71,370554.171692067,66.15984772648726,32.55323845245293
6,72,420822.4829192204,34.08794413978435,32.81673347284993
6,73,347261.46725774556,90.56035800858719,32.52924474915047
6,74,422507.5467949384,45.01704614965058,32.7075972760934
6,75,464348.88987362484,31.846072747173444,32.917955971555934
6,76,464348.88987362484,31.846072747173444,32.917955971555934
6,77,292366.5186887774,68.52813801558757,32.600495228019604
6,78,428520.85638037574,36.264316080626905,32.81229271303738
6,79,407601.9431858707,40.06346837476117,32.74762296389181
6,80,306022.56787385995,56.24740605063667,32.721834844361794
6,81,411606.87021639064,34.31983539624327,32.84699579227112
6,82,448346.3682619274,43.25840332946668,32.70952395214236
6,83,322988.15829334734,54.52566013266764,32.71682567608743
6,84,319324.2963546109,53.16773165553208,32.730907816508555
6,85,398112.59240885975,58.678121993232466,32.595000492080615
6,86,406048.36597840843,35.92918381137974,32.83416893018266
6,87,406048.36597840843,35.92918381137974,32.83416893018266
6,88,429355.34292523575,39.02802922454828,32.77129479468495
6,89,312404.7596942989,55.31275965270736,32.64131417292828
6,90,370214.3828483547,76.55659487038874,32.53286332511021
6,91,287253.3983809122,70.08661588556592,32.603787089972045
6,92,368333.2328284895,47.39968679187248,32.681973522894864
6,93,361020.322479708,73.3257218146284,32.54123799660675
6,94,277751.70415493764,66.77245302402011,32.64700550879688
6,95,310844.73586732696,57.41273497467672,32.66156979230389
6,96,272185.47191421303,100.44916831254328,32.56211912567269
6,97,281475.032408406,98.32485892626669,32.56299406507624
6,98,293652.9090904236,97.13720385477541,32.5575263802806
6,99,254419.63400476324,119.69808947949845,32.57358034792827
6,100,355397.77117598476,77.25778153683237,32.53819870489679
6,101,262471.24613885186,118.03757571315093,32.548715268094895
6,102,443402.9835250251,36.93751598207079,32.77672378617728
6,103,273940.3789782765,69.04500042567635,32.655669131888274
6,104,286358.40876566817,96.05392823171809,32.571077574834085
6,105,302263.73661764525,67.96299564178543,32.5952686451138
6,106,314384.03054294793,62.67383891377068,32.63171572612539
6,107,316185.24774732906,55.12624925506399,32.68427665714998
6,108,344169.8706582123,89.82512276825044,32.54532723156228
6,109,288921.57433278195,63.11961863500082,32.66577087484898
6,110,308035.83713679237,59.535559329787866,32.66156979230389
6,111,377840.91495526803,85.22891873568939,32.507803669760584
6,112,434860.9931319861,45.67551464579771,32.679078059619734
6,113,278142.2686664136,96.19732958971149,32.56315190007004
6,114,266958.5539601982,82.2252229622429,32.586847650507075
6,115,389815.8266706825,42.74516207996257,32.804299666310655
6,116,360921.4208185175,83.38533343961872,32.51563846930538
6,117,339490.7128359986,47.56075128764994,32.75128249031219
6,118,283980.3763720484,69.74949599533045,32.626192772509256
6,119,280961.4201323652,63.91395601923594,32.636910596320256
6,120,366866.9053563696,82.21465227406831,32.53057854802279
6,121,264672.9242950799,78.8500435323246,32.60684667772137
6,122,323047.1184290004,75.30670820089041,32.56141098060273
6,123,346522.7669078247,56.984944518091474,32.635598217581446
6,124,337627.33450293326,93.30862197178017,32.5256145235862
6,125,375925.6687420548,44.18289938512445,32.8154778639113
6,126,341873.5716341565,88.00680252071487,32.55580082501756
6,127,373039.6014369317,42.86436156374897,32.82006191145431
6,128,326409.62380010996,99.74483466351606,32.524011623040664
6,129,326980.147049384,48.99121586671795,32.76572708877007
6,130,394499.6711090778,57.26098461332875,32.62423643464884
6,131,399728.9412584774,54.06938243324805,32.634094424468095
6,132,275408.3092629524,73.75398464625651,32.582903843165624
6,133,268118.17113757425,72.53025013272395,32.621921906720935
6,134,385018.10835686186,62.992224574038644,32.562362357858774
6,135,377327.1697479894,42.930611687455475,32.80742311119825
6,136,332627.77693961596,100.17772321220065,32.51787700181574
6,137,335780.2174535684,99.1573176741145,32.52248788959417
6,138,436303.14351071115,33.87654727869937,32.82512376449454
6,139,436303.14351071115,33.87654727869937,32.82512376449454
6,140,290861.2121835753,87.65523576365842,32.5686686481323
6,141,384073.5237782953,44.291719372962476,32.72881775383791
6,142,255836.0226306993,106.36481345218229,32.60911580653976
6,143,255836.0226306993,106.36481345218229,32.60911580653976
6,144,351016.2427633284,85.05551820993776,32.53922526860789
6,145,349097.45437538205,50.32643315697143,32.71343767619855
6,146,349097.45437538205,50.32643315697143,32.71343767619855
6,147,375370.3087691136,76.19668713112804,32.52978493385462
6,148,403106.48128800764,58.34456459090232,32.623858191660865
6,149,311341.70411538787,80.31494745401203,32.56728326169213
6,150,319621.03485957714,74.98338886135713,32.56937503755726
6,151,259178.9840374416,100.09710659515694,32.57970608986204
6,152,276900.3502967908,91.77189756946235,32.57758934547951
6,153,299880.65039508045,87.40467881076982,32.56909986053894
6,154,356879.4667035512,83.54495397839239,32.53082116409215
6,155,276589.97388346493,95.04038098204111,32.57307111691294
6,156,263962.1964254002,79.70290712235371,32.68670234760749
6,157,365292.37456155376,74.11820732351653,32.53633022628588
6,158,284671.277306513,89.5384037994525,32.57350113033395
6,159,382363.9768473686,44.23852823590516,32.79480786870178
6,160,356163.02407955774,88.49394894637055,32.53366698724607
6,161,399068.8377899719,49.48040157594413,32.64634767646232
6,162,262699.02712928684,83.1238303761439,32.67220305475407
6,163,273263.66947109054,101.98224615671327,32.559583935176946
6,164,287981.44159879326,85.38820221155156,32.57912882091418
6,165,260738.77505335945,99.26242951090734,32.59208559083043
6,166,346607.1594704232,49.63228533214003,32.71604600529206
6,167,342544.5973504252,95.64297928060498,32.52198050450593
6,168,257093.3479476621,104.961160153753,32.57784329629459
6,169,301793.6245083231,65.56305329917738,32.62360141069494
6,170,283135.49492354825,82.88000440598516,32.58068556379394
6,171,372108.14030710026,63.82878026394098,32.56499000252683
6,172,365771.74751703505,69.53222884770905,32.582502657274176
6,173,289658.1298192533,68.95006380722805,32.59441417512823
6,174,392837.2750055926,41.869333882762824,32.79874339646368
6,175,392837.2750055926,41.869333882762824,32.79874339646368
6,176,353912.95649265416,48.566894579572846,32.71052301701626
6,177,383138.2135421345,65.45488808063749,32.5400003604545
6,178,390005.3579932783,41.66757225600147,32.8013638995279
6,179,313279.17131024646,64.7132027522155,32.622549261827146
6,180,264209.27498585,78.84856860883963,32.660867004302894
6,181,436921.0167474318,48.5625530704832,32.67099174840774
6,182,334963.0006704717,93.40887332188103,32.5470314766703
6,183,412722.0701356433,40.439139954154456,32.73674410485381
6,184,412722.0701356433,40.439139954154456,32.73674410485381
6,185,443798.7254432332,36.48855907817197,32.76875002113811
6,186,307271.5665418274,97.80390544459776,32.55654319932963
6,187,340519.4292853995,100.17772321205715,32.51940055486846
6,188,315312.737862035,79.43945483175766,32.578840550096565
6,189,353953.5304533305,48.38784016663668,32.71052301701626
6,190,320223.20116707403,55.13879763015373,32.66989512271616
6,191,313679.76987073326,50.98460733571273,32.7702168541906
6,192,294258.02109994914,68.2699780101579,32.62018553508605
6,193,379920.6973739001,44.77251005540618,32.802752228492324
6,194,441466.2437617035,44.41745133465994,32.68031927726437
6,195,320540.9944497367,52.833873587423355,32.72091685599451
6,196,381835.26040256064,63.122249030895915,32.58110513738581
6,197,361819.0070946606,83.25371805995798,32.51711793002405
6,198,418520.3256840459,43.19991205847586,32.72921266634453
6,199,380801.95209485805,84.50085507327013,32.507803669760584
6,200,351355.475275181,80.20827665078744,32.53819870489679
7,1,215840.40162430398,62.902467392196975,32.8349979233302
7,2,286273.1703025893,22.79508139366079,33.37424901340165
7,3,286273.1703025893,22.79508139366079,33.37424901340165
7,4,281904.71685135027,22.190986767512133,33.41893551453581
7,5,281904.71685135027,22.190986767512133,33.41893551453581
7,6,136891.04597325157,117.03016595561563,32.98164252928579
7,7,274251.3797143896,22.660468886590557,33.434232836595775
7,8,129955.12095704238,114.54808740846275,33.074267043019745
7,9,129955.12095704238,114.54808740846275,33.074267043019745
7,10,182632.32878034684,45.1906950343455,33.26682764675327
7,11,263452.761278546,32.95992909771357,33.00191789383188
7,12,263452.761278546,32.95992909771357,33.00191789383188
7,13,249929.8459723158,43.66304982710944,32.928647076148586
7,14,139296.84854828136,101.73771793837247,32.94544121224364
7,15,235389.3377009826,23.77336651956169,33.12302646056431
7,16,232272.31719255843,26.983189534227503,33.10899077456177
7,17,281102.892256748,22.761782353676654,33.40878810287047
7,18,139069.76064056935,107.32929917194278,32.996253352679894
7,19,139069.76064056935,107.32929917194278,32.996253352679894
7,20,163492.17956502075,59.63951725003831,33.26400115233229
7,21,162104.64810063326,61.22737194208658,33.2473204749988
7,22,270704.2015194034,23.458303049970883,33.42117593280008
7,23,270704.2015194034,23.458303049970883,33.42117593280008
7,24,142675.09112091863,100.29584806474591,32.970962680510524
7,25,231419.45461460427,29.06643727700495,33.0396740999971
7,26,242548.85757454595,45.742275348118476,32.91849143815094
7,27,131979.11480368266,111.81686089388272,33.0922221720212
7,28,247239.70870859866,37.181301954036215,32.98245375016887
7,29,151474.08398623666,73.18537854064769,33.127217539806075
7,30,135118.2297175261,108.46978787525558,33.11196254307913
7,31,148251.39884363677,80.43458284199944,33.16650243366308
7,32,181002.06853615452,48.875770077061304,33.20999693022752
7,33,180980.39230731083,46.20311984044647,33.23653873052477
7,34,175162.34727441307,51.09277275237355,33.11688505212778
7,35,138199.14943671683,110.14966306747885,32.988028131771834
7,36,158506.57313298565,62.27480281580778,33.201738736215475
7,37,137646.11095194356,114.58862772641676,32.984502618844374
7,38,180344.25690157723,50.17806335017375,33.077801476580035
7,39,162161.53161539338,61.50026690170113,33.222469011386316
7,40,161882.65589963595,61.67051862405898,33.19544173997993
7,41,229127.82731210903,47.34767980702328,32.93685034133156
7,42,147156.98390001283,96.19337128923144,32.934112226594124
7,43,192243.02871662664,48.784762396896504,32.99790899993615
7,44,184830.13876728242,46.394063703325564,33.22851860383484
7,45,197541.67423550543,38.54955588119855,33.03864740501386
7,46,167174.40474493848,81.92615024939111,32.915817171350895
7,47,177369.35191186602,65.03637240904132,33.024625376505504
7,48,154706.65670719623,66.84352260638207,33.04597465827408
7,49,181547.3798211609,46.683925578243795,33.17680662383847
7,50,168057.3229344719,69.04386647457657,33.019305972781794
7,51,162782.16673969052,63.13264048828792,33.18739811415872
7,52,155872.33816363825,66.44204465471437,33.05835428775375
7,53,183158.90818773233,49.199416025494884,33.14858890699251
7,54,144426.72259323715,95.17721637846758,32.970204853935684
7,55,148001.02612128682,83.14964328067451,33.159084636039125
7,56,239094.99127169308,51.64800430173722,32.92462442953184
7,57,220550.53277193476,30.03631921171226,33.08313308663804
7,58,242129.7976831593,32.91764616651447,33.00355736069191
7,59,199459.75435421246,42.02493559332034,33.02835844151608
7,60,172072.45059186599,53.861632926810714,33.104677480021515
7,61,271721.5946693296,23.52696912272994,33.41365772926148
7,62,141020.2373538612,91.85607933025058,33.092340250011645
7,63,150707.93408203687,76.19318038722858,33.05020396324912
7,64,214340.9366026992,58.097722066624925,32.89351284794691
7,65,199988.6957128319,39.66213347719431,33.03519514956596
7,66,216922.69285858594,32.10511440735884,33.03107880611697
7,67,219123.16792165578,30.48429774822295,33.02100147423613
7,68,146868.79164574572,97.96076643167034,32.93242385112527
7,69,170296.47260219214,49.652244259207386,33.136669204025075
7,70,157523.3795088815,79.49185226709169,33.00809556648031
7,71,226549.90222753838,28.028848079274724,33.08478148399545
7,72,224605.0772810124,57.445998003893614,32.88485727376361
7,73,149473.51905329636,77.97279031388209,33.07116740978432
7,74,156070.28616019784,84.19592613369615,32.94668087644232
7,75,188835.42712073785,75.6593090669453,32.86893764826091
7,76,186006.78073083994,71.1457535852343,32.893868498109796
7,77,187876.00523743196,45.83588242530654,33.013560983245554
7,78,187573.8482968371,69.90680973909336,32.96849721687669
7,79,193965.60764935054,41.122137129124894,33.11219656445975
7,80,153156.2464287966,88.99094235190385,32.93953221327056
7,81,223652.23505314125,52.53666218848535,32.949260600730106
7,82,249886.91760767455,40.349322752444586,32.929291456287935
7,83,221129.66329147996,54.332163980416205,32.9129169763004
7,84,210841.3821425812,57.10798910998777,32.89684981571787
7,85,210240.4137539957,35.76727040341636,33.06701229796835
7,86,221955.96761235077,57.595439869521584,32.851272802873325
7,87,175572.92644249767,74.09883132357187,32.90530109455654
7,88,201701.6130813321,43.31731824616042,33.02017654378862
7,89,198740.0287557626,38.05053586968546,33.06390390406392
7,90,172847.44234470915,90.4748558374867,32.88949162592181
7,91,136135.24528410737,113.57838278421775,32.99042317510057
7,92,195787.58502831776,76.46954861999227,32.86044852654607
7,93,166992.9155766219,49.6137916062811,33.14168055695542
7,94,197591.87937021302,71.94285549409243,32.8554404370194
7,95,237643.26829998285,46.081023423769324,32.93789055534383
7,96,204973.27589884234,70.43110584303052,32.8386998814121
7,97,209082.76043091217,65.3105317742272,32.84256766360273
7,98,191639.27143851575,75.67818693317318,32.86609850226881
7,99,284098.48427716485,22.905633532232343,33.397128996970046
7,100,139237.21986937552,113.53751835786922,32.984441529195294
7,101,173673.3414543088,75.13756507706387,32.902453915428474
7,102,228339.51582012055,47.08939934895896,32.94059772721459
7,103,133682.95822676612,109.35014089936165,33.100795572338335
7,104,133682.95822676612,109.35014089936165,33.100795572338335
7,105,226548.42530916838,48.09524070705088,32.94299567611256
7,106,227209.21550377767,27.397333713901048,33.10077270864796
7,107,181254.86268969323,58.65734246084441,33.03527816262866
7,108,222454.2799348192,56.43654661215591,32.89002737247608
7,109,154038.31485209375,97.25856048407883,32.92713362515128
7,110,178985.2488373499,86.45235661678365,32.88032538629532
7,111,273145.95835478936,23.635020809063725,33.39822255446417
7,112,145222.11652740464,94.43845372846107,32.93616671491505
7,113,156839.53778478873,87.58362643357152,32.93307537441519
7,114,194688.62745858455,40.87339035741995,33.12174262342059
7,115,207377.2467670065,62.795461820314216,32.898089886093466
7,116,218252.5025947411,37.32987845239919,32.99376196375165
7,117,199084.70259273495,68.38506622948705,32.847488577278455
7,118,159222.13069004018,74.4998423222751,33.03407155502614
7,119,136646.3589826994,111.88457994226982,32.996253352679894
7,120,181800.00633133468,77.71579016205682,32.88850813005231
7,121,160521.00116007525,65.24275069662042,33.18569615402659
7,122,173974.88439399103,55.17839227807946,33.09970835781332
7,123,203393.42850261135,34.604596630093184,33.091053337723
7,124,145368.25179157147,93.78025356136492,32.938974256601206
7,125,211678.4010523935,60.13461545424663,32.85439397739023
7,126,148201.85035305333,91.43407460983646,33.09520548141026
7,127,186877.08605214884,52.242789684074104,33.03868194056662
7,128,162233.4710181506,89.92741987051564,32.93216798276502
7,129,247468.467956532,36.80315259227814,32.953547205621696
7,130,204978.58018740165,45.355514292410085,32.98928333332212
7,131,281775.93636863923,23.677144821626364,33.38392124996646
7,132,281775.93636863923,23.677144821626364,33.38392124996646
7,133,170865.20747634536,70.81656193276322,32.98727980318166
7,134,169705.21830705027,73.9719651310418,32.907147985921114
7,135,179632.1743551288,85.69397375897798,32.876479556616324
7,136,190784.52730165122,73.35495680386569,32.86898233728128
7,137,285145.4750803143,23.396441611897945,33.39260830997432
7,138,161937.48479099546,80.44742082700421,32.957014734199944
7,139,184111.37931420983,58.18576670460793,32.97490883541512
7,140,193894.10014963802,77.01305771389484,32.860744923477334
7,141,204160.6570432001,37.548449127218554,33.02547909467916
7,142,207180.11336398736,67.08403578981643,32.87375211739384
7,143,206710.66850131188,63.00174528354727,32.89165321184491
7,144,215980.94334054293,33.51035821395217,33.09798296657515
7,145,143699.33797096502,97.29079871508243,32.938974256601206
7,146,273800.4478201348,23.13492952959224,33.4157282496025
7,147,164873.37637123227,77.11664904874371,32.958015309881766
7,148,146610.92046169957,85.05985289507916,33.151802457877366
7,149,157244.9187630758,100.78342234357612,32.9062812786717
7,150,171426.28004543183,61.01428615847409,33.076611698040374
7,151,285667.1126515768,23.212596288788593,33.39260830997432
7,152,219819.95854998968,55.743622448283055,32.92250614115356
7,153,201499.11261969645,53.09575930808654,32.93580581364805
7,154,190421.8659511894,73.12185108107637,32.89247417440707
7,155,198190.1784174331,64.44940087633702,32.89011472336967
7,156,240602.71558379196,37.815693069018685,32.96946250271602
7,157,150049.5490516107,88.41945769832476,32.97924658023707
7,158,163979.4794599017,65.91093886961717,33.088588457741714
7,159,166554.72905308177,60.365402538923064,33.17127730041646
7,160,165873.5928121386,61.40771795429543,33.155722214379935
7,161,204869.06848655644,65.63576854445131,32.88007022397573
7,162,217134.54823839077,42.62495160982633,33.02529046587851
7,163,174531.6745523593,68.09259328877006,33.00671484511185
7,164,140962.15026352028,100.66521142821848,32.94915556875949
7,165,153173.42583579503,67.69117033155948,33.17343764352415
7,166,182730.07462765498,78.51098085678485,32.885608370881684
7,167,207017.49370543662,33.93561260429776,33.097078934585795
7,168,179659.70023965224,72.03278023831979,32.92129231920905
7,169,200997.37405516635,67.88643053105193,32.84593491038717
7,170,149787.07938117796,79.01639727489112,33.06704479752836
7,171,162864.46050771035,66.14800387458847,33.103835029858715
7,172,195194.98970671985,43.941735571525754,33.04251808417572
7,173,169036.8666635197,82.347451569691,32.912576914037324
7,174,145926.31687092967,93.00476651579406,32.93596805841495
7,175,169348.50644608008,85.42581161527616,32.91244869996661
7,176,161663.9701863046,82.81051664634907,32.96666874900636
7,177,137650.52071987372,109.04764533690494,32.99260450414258
7,178,199186.92099287797,64.01542375704223,32.95741882066776
7,179,215224.0374536055,35.0409256629141,33.084078923403624
7,180,158092.52062531406,78.9214266422438,32.9913649096736
7,181,172992.96930060262,72.92624736818752,32.97263827716687
7,182,160187.41631640992,85.31264976560432,32.94158007012905
7,183,198622.55504180017,58.37281097366244,32.96073981414136
7,184,196190.71662472197,65.11591676347757,32.96221151797441
7,185,203383.98971345936,36.04733846305384,33.09262834906954
7,186,162210.28335164793,72.54335683434343,33.0108194017252
7,187,240321.37997119947,37.88940290772307,32.95561409397226
7,188,185557.95726291987,83.52005251110263,32.871510746286546
7,189,182512.25017757408,48.98196369568059,33.154614503855306
7,190,160686.94517343203,82.9900405267772,32.948624624313105
7,191,208186.6811563749,65.35047664330227,32.86167129537977
7,192,168297.6439966766,49.66691368760552,33.1396232541402
7,193,160319.53966108916,87.20346665775418,32.93350901491503
7,194,158899.4549645472,86.6677982872842,32.93928099850364
7,195,184610.72247183826,49.10323162973698,33.08710899561411
7,196,210565.03933637807,35.10106219621217,33.05237860036004
7,197,173565.01024244295,64.20912971443445,33.0720734078977
7,198,248124.03652891854,42.54216692341063,32.931375305821696
7,199,248124.03652891854,42.54216692341063,32.931375305821696
7,200,195085.265237153,72.46755663490606,32.86642317931617
8,1,157198.0166521307,112.06589065167685,32.74930268425947
8,2,157198.0166521307,112.06589065167685,32.74930268425947
8,3,279886.2582067232,31.234217067663153,33.12146136370884
8,4,353828.24497578165,25.01411538995363,33.03405295380244
8,5,353828.24497578165,25.01411538995363,33.03405295380244
8,6,322914.08726484264,24.75025287664437,33.07450205166001
8,7,237359.03958156006,69.35028312193016,32.6475624807453
8,8,162715.09926540786,113.38828812953213,32.708147698578856
8,9,319036.41405860457,26.3163422474272,33.07450205166001
8,10,311455.9292269716,29.63493422478892,32.99020227365108
8,11,332908.01131925,26.980350875760593,32.96300746331777
8,12,351716.4532968408,26.743360218397115,33.01119477349763
8,13,270067.8977545385,31.878070065531624,33.04238477241044
8,14,304475.5790207785,31.772756359879388,32.84098750296927
8,15,284000.7861726153,33.173717602191395,32.82221556756732
8,16,260650.69393222246,32.781488322336,33.00880049423327
8,17,260650.69393222246,32.781488322336,33.00880049423327
8,18,257653.975980826,33.21716946982155,32.96869957610661
8,19,293873.8814495128,30.99459097602862,32.848785531793744
8,20,289499.5123194435,32.605628412162105,32.85559731120632
8,21,257974.49904277365,32.844194443878486,32.980339303982944
8,22,213809.18420266884,46.67916037170676,32.73903556254366
8,23,217280.39252496063,42.97090146204627,32.75421155114731
8,24,171890.2986087166,64.91277974073311,32.917625819408116
8,25,159869.82947508432,105.55431331768905,32.74526931195874
8,26,249919.9982604671,36.25116145532745,32.875637412049365
8,27,278611.1429856811,36.63960657055682,32.83612187654217
8,28,265071.9940922223,67.89184613765377,32.64936961732422
8,29,232118.57881108345,68.6302854143551,32.65703987869167
8,30,205831.4459493158,51.37623837360613,32.77551168804807
8,31,324081.11541886086,25.268968202549182,33.05817999801983
8,32,324081.11541886086,25.268968202549182,33.05817999801983
8,33,201747.89587011677,54.03491048759486,32.74424845521012
8,34,254638.71424836112,33.52694407065758,32.95083589984508
8,35,204246.94003204734,92.70719513307117,32.670443656209876
8,36,267938.9661840518,38.99988961667106,32.87234544404302
8,37,273227.3783250049,35.88308761759243,32.83884943046843
8,38,172447.2131726537,101.04394021014166,32.68306849634118
8,39,161725.91937592754,104.32089774658552,32.724233485543
8,40,235661.26545292535,40.886581885006564,32.927786412183615
8,41,281752.1625174819,36.02505870865671,32.82543026998301
8,42,281752.1625174819,36.02505870865671,32.82543026998301
8,43,202090.91739168498,47.86707773902498,32.819073781320284
8,44,269465.3728113325,34.77911133043553,32.870834463845604
8,45,299168.1427168318,37.19801976223335,32.8154074494679
8,46,299168.1427168318,37.19801976223335,32.8154074494679
8,47,202779.14665640084,48.23775795563788,32.78656181172226
8,48,216832.0769690004,45.470296967186606,32.87108989080089
8,49,327924.5550916041,29.612492963107904,32.94574493087073
8,50,176310.7697102283,66.84371793934666,32.90296282070403
8,51,165668.8464813877,94.30976416498952,32.72914100908906
8,52,170938.1750920911,66.34076472361497,32.91110764840122
8,53,274625.0557785251,34.38024807851262,32.84512005046882
8,54,192506.62346436345,71.85572996628512,32.71913194036657
8,55,277078.356333561,38.27436043522297,32.808709961575616
8,56,263185.4630254892,32.376588800216794,33.014362213251346
8,57,181438.9171417326,58.78329015441585,32.80061700643708
8,58,183305.98860062042,60.920989225966196,32.797271119638026
8,59,194388.20659120244,54.81422850516729,32.76667955537494
8,60,160445.06342660743,95.20109704013173,32.77706139284927
8,61,301662.2246203148,29.395882604400548,33.01955170829845
8,62,228242.50851305772,78.6302131887783,32.647657000917285
8,63,241736.9466022265,40.22399966176801,32.86248964102762
8,64,271053.24385681946,33.81704974360636,32.938763728252745
8,65,254047.08731726505,57.11465644294932,32.68054944404376
8,66,189854.18780265984,55.77322780388057,32.803439274057254
8,67,290368.08829451445,30.432025047801798,32.937256216919224
8,68,221407.79276771014,42.54725478279668,32.878427244447316
8,69,323452.66371151747,29.389530496558073,32.984122584210475
8,70,215762.77403757634,49.84922016465061,32.72434385360267
8,71,164001.63375521035,98.12998546480138,32.7274354474993
8,72,331462.95314435393,29.116305789749006,32.96027763736963
8,73,157895.73570693305,96.3101524441072,32.75755994119022
8,74,244073.7071161198,61.67802098312913,32.65482332141906
8,75,187030.74814263906,81.4376605699782,32.693993036207644
8,76,167574.15759833093,102.91819568401016,32.69043738470195
8,77,174132.80490911286,99.60021542490564,32.68812119688824
8,78,206476.62987636152,86.22446470130198,32.66767920924279
8,79,173311.7828696426,62.79137839756711,32.92585553471405
8,80,178087.33298001095,61.48405591342201,32.78340819534403
8,81,277717.5787461677,37.59490507373538,32.80487463456625
8,82,187736.89303226105,53.20964000011995,32.812714543752676
8,83,320678.0736647193,25.419889854262163,33.035564226752975
8,84,225000.66302419236,80.3569235876082,32.650453284581275
8,85,198820.61306931428,54.54759192911777,32.77660377693405
8,86,208549.71084256616,51.79444454555803,32.76106166565562
8,87,186570.49971277016,78.16560539373057,32.69628674757146
8,88,188054.51952023053,57.20408898157104,32.7899629427538
8,89,220304.62509027435,41.5023518289922,32.88358470788523
8,90,170171.503652204,74.40414945855579,32.89511973024011
8,91,226941.29314409642,69.91249529603886,32.662714743266854
8,92,324408.89984778815,29.147472418859316,32.95575936402956
8,93,304040.0220934686,27.68103411423167,33.02478729515951
8,94,304040.0220934686,27.68103411423167,33.02478729515951
8,95,190929.90523857964,73.58144608420265,32.71732261011269
8,96,245234.46127038193,39.81712838116258,32.930468856737356
8,97,351803.2768582213,25.20855817662048,33.022291325319344
8,98,196146.34117854008,63.95255477862198,32.71489867708778
8,99,166687.1102939518,75.71633581631754,32.77011981016981
8,100,193761.75057230672,98.66256943423842,32.6678243444339
8,101,328784.5719724309,28.447972883509138,32.96602512120322
8,102,239523.95268611118,40.471819742050926,32.95671541873485
8,103,215256.87611376552,49.66233961085112,32.73578033379064
8,104,173298.8164474641,100.14637245356396,32.673174960350444
8,105,161916.16611950786,89.00691597172676,32.763262056425106
8,106,171477.9844755618,96.99737250006804,32.68986236322174
8,107,207411.13897257874,52.62961490143501,32.7542485340696
8,108,210248.44071438946,85.78670551105314,32.66919018944021
8,109,170208.91819433542,74.64837552969333,32.88600522751322
8,110,292122.18840201583,29.752872763874773,32.93479386906033
8,111,246845.30840971187,39.98194283458961,32.86473857891508
8,112,197377.48727623606,62.95568319634816,32.69151737490372
8,113,208910.9432926576,48.97235363706319,32.7557998285067
8,114,249553.45638761332,59.63462838080916,32.66244079614298
8,115,330087.1858611916,27.845671071097307,32.96634424861133
8,116,227196.2037061058,55.49432710526903,32.69832554523113
8,117,264523.2983507702,42.1124179981959,32.77677584508494
8,118,167315.71731829472,108.14157070760695,32.70341842287923
8,119,194113.14669791044,68.89394357367006,32.71164344833476
8,120,166042.93931211255,87.51544263224892,32.74794963134881
8,121,170892.330030016,65.49786872255665,32.91327659051007
8,122,198809.497702047,48.72553154062619,32.79215696770255
8,123,231189.0045823382,67.12627966690376,32.660673695893664
8,124,159804.85237246595,109.19702829084042,32.741494350306134
8,125,204650.28109898494,89.72651776564815,32.67566870753063
8,126,238154.95684147184,62.055548761074874,32.663829240546846
8,127,163538.77040956495,110.53534535033862,32.706194983165304
8,128,163538.77040956495,110.53534535033862,32.706194983165304
8,129,172082.65890877252,103.1147215122924,32.68306849634118
8,130,184843.28609161876,59.26779769806956,32.74040834553283
8,131,167881.84189479734,91.05432557822913,32.7301124739152
8,132,169262.26646266083,92.14338086157818,32.70639448148489
8,133,268431.1532602657,32.04046764635174,33.0146182871337
8,134,215508.41003822832,45.61383782347656,32.759543252906695
8,135,180787.29212239222,60.71060583581329,32.85827891825215
8,136,218578.2920703081,79.83586914746,32.66333093423921
8,137,165612.18200277514,91.8626397193783,32.734238622394464
8,138,222181.96633297153,74.93359262237274,32.67933929370857
8,139,211547.51367566944,60.22021975362886,32.72584659522009
8,140,166234.81799677337,107.16284559360915,32.72302344545481
8,141,166234.81799677337,107.16284559360915,32.72302344545481
8,142,247521.94367706066,56.26877227998316,32.692032012066754
8,143,292963.00135215133,32.150204698148286,32.88305052440061
8,144,209568.562898572,88.21636100503366,32.66535486243084
8,145,329400.7996011063,28.253027319020426,32.961270888530656
8,146,184228.61902096114,77.10312238528498,32.72266066650027
8,147,236059.91468970742,64.22293949545933,32.65565264862619
8,148,168459.51530732538,83.39085626131204,32.76922700683015
8,149,177292.41928674755,78.99704589573135,32.70959561237097
8,150,159738.8706407629,108.71885444092338,32.751830963280206
8,151,240651.76620381392,38.6769633934901,32.9553516713197
8,152,163630.1625952101,83.71758576635138,32.77313095260381
8,153,193805.72503393277,72.79022733625797,32.68419077182062
8,154,248141.2540069101,36.98058634049494,32.89867458664128
8,155,254319.9301165896,34.63901668158338,32.94167589512767
8,156,182270.24992246015,99.61182653662796,32.678816590465345
8,157,160762.15353552505,108.15598925264013,32.73200209382637
8,158,272265.82952370466,38.46008481346773,32.85266094461122
8,159,179798.01620675833,65.97255814086073,32.77879842906014
8,160,179798.01620675833,65.97255814086073,32.77879842906014
8,161,301555.27584077045,33.020741064484476,32.82221459604403
8,162,240538.4605551317,39.55453762871658,32.95794073622833
8,163,159360.33803060997,108.72320084599718,32.74721812710013
8,164,245839.92370713188,57.9853892075376,32.66485863026862
8,165,246510.4497769596,41.034245369327024,32.85747773824132
8,166,167959.30046573654,87.74738464850297,32.73784544303871
8,167,175379.79272262048,72.70308326185545,32.846599369954106
8,168,196530.7045803905,66.85942074850207,32.69957841905974
8,169,175073.73322371108,71.10592410736812,32.864388446564234
8,170,245395.96458041703,37.93008267082629,32.8920175671712
8,171,224188.68856526233,72.19240114120637,32.66762123049808
8,172,168644.0464681848,82.45189007706622,32.721172712621424
8,173,279040.5809169752,36.72638672810778,32.82152475784772
8,174,198202.06001556932,62.0048081411614,32.6829916874199
8,175,190739.2169642659,57.44192157075424,32.77230485448478
8,176,170035.06513304004,89.26778890097965,32.7036025538447
8,177,173037.99875633637,82.84217586736337,32.692333916200184
8,178,196528.80283295855,52.90166293819156,32.85217767789452
8,179,171324.10163216636,69.54682329829501,32.89932284090931
8,180,208010.80695457902,84.78725561913015,32.6781456105696
8,181,162042.22743603858,89.98655418123589,32.759636027448714
8,182,223396.40957591482,76.50494031185858,32.66135271699191
8,183,180781.0910738813,84.22307146322143,32.69140088364018
8,184,291972.013139042,30.89799190590583,32.93479386906033
8,185,185497.58256832944,56.76124915487007,32.8536293059649
8,186,231479.86255859653,42.74052320409037,32.8438922717317
8,187,217977.67246186995,85.13342626456502,32.668266634679796
8,188,241020.02292930026,62.780021205222276,32.6558607819567
8,189,190433.44803109247,77.41803707171654,32.70533386748064
8,190,164434.98552440692,88.32918305277569,32.76962817332843
8,191,164957.78165487372,96.58379896949874,32.73520282892764
8,192,320565.853821771,26.95464902815447,33.035564226752975
8,193,213016.17924830256,82.60284514780334,32.674491600847496
8,194,177048.60229574534,64.18007636675539,32.782965998571854
8,195,158207.93571233645,112.65773929711273,32.72875758121878
8,196,183312.54026449306,84.5308757050034,32.68870305884726
8,197,259316.2313948819,33.30447944450296,32.948323310863366
8,198,167654.0385156843,72.34538153962588,32.89811024591187
8,199,291152.6544581009,32.04560416008461,32.8846196824483
8,200,220804.63957540173,78.76994726418222,32.653315414830125
9,1,194086.33066065575,106.39357142404539,32.8978968853832
9,2,194086.33066065575,106.39357142404539,32.8978968853832
9,3,230974.3121424147,66.3914268067987,32.483054911021306
9,4,192709.10684150382,93.26163706756084,32.99204307497566
9,5,389408.6176304426,20.05940669232392,36.097497842831075
9,6,233267.56980314868,42.193692743488285,33.05720596254592
9,7,312946.0262090503,20.569960404160597,32.8008778024636
9,8,312946.0262090503,20.569960404160597,32.8008778024636
9,9,197803.10529075685,98.9786503809163,32.73276600908845
9,10,197803.10529075685,98.9786503809163,32.73276600908845
9,11,195881.32735190704,104.08640937571346,32.77503319986042
9,12,278788.2799602011,26.79189311443036,32.68540289072534
9,13,238608.92106790142,38.015143218179325,32.896470801109594
9,14,253652.72009456955,35.73478761253943,32.545209146849054
9,15,255881.5609695134,33.006284699515696,32.516236487492776
9,16,249991.44938135697,44.21280469999709,32.50750719398612
9,17,303383.6363763634,25.308797025873623,32.55017172810613
9,18,256853.9219347672,32.13336830782556,32.56507809518735
9,19,300154.10708564497,24.403523139175924,32.59313202656239
9,20,288608.500977609,26.925870033769037,32.626690284366084
9,21,281813.88254972646,27.92406024761874,32.57943680787337
9,22,268276.2686891493,29.091344597546893,32.67795194194559
9,23,270407.6348962228,30.483258630244926,32.535383305554824
9,24,269883.9121504519,34.664897569625325,32.49911378185938
9,25,269883.9121504519,34.664897569625325,32.49911378185938
9,26,266889.6753581053,44.97057761293067,32.50216228451348
9,27,247912.0118595294,36.321731122299916,32.81408690761572
9,28,274654.9895038421,27.492448639838486,32.60746434763657
9,29,297542.1293114424,26.403469241728253,32.567585468310114
9,30,255426.88426057698,39.10488511728726,32.50520091398734
9,31,285869.1051772073,27.52308573764965,32.58257958252189
9,32,195472.76350509096,92.2197086212651,33.03932618234296
9,33,309812.2468691379,21.267559997537198,32.59607145599457
9,34,194674.24358017903,104.17783482456832,32.86167365952949
9,35,307424.96881095064,22.899249578725566,32.605196174313384
9,36,307424.96881095064,22.899249578725566,32.605196174313384
9,37,284750.0504315056,23.79477838531097,32.68099721129094
9,38,237852.47009042936,47.49086869731131,32.58026685257666
9,39,242442.421800012,50.658964758751736,32.50485937107809
9,40,271975.052296934,27.16604677581701,32.62319597061678
9,41,193517.39585386676,94.03583733130834,32.95222670435359
9,42,230641.25650932296,43.26309014951507,32.87809661573631
9,43,253678.4222790867,39.85584791100793,32.53337559570266
9,44,203634.3640348328,95.80996342663524,32.64380374235418
9,45,217770.12032850573,63.1567693376545,32.55089246583562
9,46,293182.948146953,26.3804991646659,32.622007311517486
9,47,305757.798925221,21.712718303382502,32.623697453576625
9,48,195083.45460786193,94.8898013672735,32.928584670389306
9,49,195868.52088673256,97.34131593940232,32.776788724722934
9,50,241376.69945256814,48.592096073572996,32.513504977745164
9,51,198560.78869788305,87.01256347856102,32.757494758039684
9,52,260226.92902497243,46.29135845626974,32.489720485344456
9,53,202341.39229066885,78.97797007108088,32.8296790135717
9,54,273564.6736386617,25.627523821196334,32.69389128849062
9,55,290974.4094811794,25.9227138905592,32.6382345483159
9,56,292307.4711369763,28.08125724557282,32.515363001949396
9,57,236125.59035886225,56.02570418070138,32.5059276709196
9,58,263895.84965741594,45.08833001094881,32.492016030668594
9,59,263895.84965741594,45.08833001094881,32.492016030668594
9,60,214998.855115073,74.46095998013388,32.55306061987502
9,61,268617.2914627593,30.478474249523487,32.61889355516419
9,62,197455.42357652838,88.65774634735148,33.020786602461975
9,63,274006.3326451084,29.810589273383407,32.52586704001693
9,64,199575.80868144194,83.81213476617087,32.91272304933554
9,65,299602.34920183214,24.720691244230522,32.59780266251436
9,66,225462.35275338893,53.47622842783724,32.7051404368529
9,67,231792.51023608257,54.02812412237465,32.51578890250583
9,68,224247.20698676276,61.464717625877775,32.51918829673173
9,69,194133.08126901352,105.62723810345703,32.81449335238112
9,70,194133.08126901352,105.62723810345703,32.81449335238112
9,71,212708.67369299103,80.60494147595091,32.49264882115616
9,72,261010.518427153,45.35863873194166,32.49263102445363
9,73,208524.4375024286,75.16734764002025,32.75269433695315
9,74,245604.154049294,46.53671015758823,32.54028025985528
9,75,209068.0927326474,74.05681371795397,32.73778277362631
9,76,213693.428873543,62.19582120078429,32.89987352758377
9,77,309780.863323263,20.867336548468963,32.61284953010956
9,78,210544.01080262382,84.33382817018501,32.60927898036803
9,79,225801.10388930028,51.11525696959899,33.03180364625564
9,80,195977.5606756398,89.24301928366174,32.866966342640886
9,81,211827.46376287722,69.56430095835263,32.73925144268855
9,82,231760.8617804737,65.20048866467135,32.49018113742706
9,83,257753.2510550308,45.564386437357484,32.50096261293147
9,84,223551.98870338878,61.977944509836995,32.516643261653414
9,85,249120.08075597594,36.146682911284046,32.541543253644704
9,86,248320.99951118676,57.79116250834898,32.48321870849286
9,87,244204.6237611438,40.89755836276131,32.649497417784794
9,88,219347.99789174637,52.20377440465962,32.95246420916621
9,89,229230.73065666543,52.62137033068023,32.53109588112124
9,90,208082.3333300287,68.27624097785646,32.863525757052315
9,91,235626.51064466135,44.74699799725878,32.61287742529384
9,92,204282.88097617333,81.33142957981363,32.767169845834516
9,93,244686.44490649152,54.71090137725186,32.501015120956176
9,94,199541.9559617868,86.7538821501658,32.81880779265288
9,95,222396.27020898194,58.831487032243714,32.58436982436195
9,96,229454.43321028643,49.37506563569898,32.84895924182335
9,97,205280.55468809287,83.50654548293258,32.75717856766658
9,98,241937.83411447043,51.791810059063295,32.50326955456642
9,99,207433.6141527693,91.66311080415065,32.63370811894579
9,100,305919.818471065,21.433804449698208,32.620878868870776
9,101,206643.54791301535,72.64339670575322,32.76807940628445
9,102,224624.83979938508,53.80867687978375,32.74454987003039
9,103,244257.9290434539,47.17910239468663,32.51481254853531
9,104,295205.35902315547,22.003060398484962,32.62800509527653
9,105,295205.35902315547,22.003060398484962,32.62800509527653
9,106,203486.68327130005,85.02317429180488,32.7291105316191
9,107,212622.66105464712,64.51634400078747,32.73102843456726
9,108,210141.74164563246,88.28454383724088,32.58548141697786
9,109,211677.17550064973,82.83443914592299,32.57543621119348
9,110,222983.00467567984,66.87764959892351,32.50313421793737
9,111,206931.2324039417,81.63111013903347,32.72641245315881
9,112,200006.0183484467,84.30535445303737,32.803634316715375
9,113,207561.75210491204,80.0292758280901,32.70945959438078
9,114,283012.1395207408,27.43622793049518,32.60166859057096
9,115,239724.34581952536,49.65542349469745,32.51120771117839
9,116,207521.99132121206,76.21529654634632,32.74398637902881
9,117,210071.0158975413,85.1159118256018,32.69748715852657
9,118,248501.25214561084,57.06983111949647,32.49175204034663
9,119,209909.305439148,67.24558627628788,32.93599740236976
9,120,215433.66680908552,73.32325128541632,32.5436879940214
9,121,205528.26150166668,77.91747320347592,32.807628834492036
9,122,228081.95845815248,60.58034517255268,32.51897704186541
9,123,260309.3159060642,29.500083146204908,32.63041366220129
9,124,247689.59370793507,41.3428050888287,32.545209146849054
9,125,234381.54477164944,55.41408917105545,32.507184591521245
9,126,202548.34924950128,82.4512224361338,32.794294370431125
9,127,295906.1688858619,27.408587888711303,32.5058467364115
9,128,226673.89586995455,55.84664919491783,32.578081934002405
9,129,210031.2199815953,86.05403024908816,32.65017828952855
9,130,234468.505473293,42.86294010171985,32.87717399473306
9,131,213864.90288870706,70.59916641516477,32.69589026204855
9,132,226935.5284320477,51.37871531938624,32.66986699453568
9,133,254464.37853224535,51.46181364320719,32.49175204034663
9,134,290575.6003619041,32.17081382776214,32.508565538148176
9,135,290575.6003619041,32.17081382776214,32.508565538148176
9,136,195921.19144339496,90.65182149825706,33.015117514427516
9,137,206385.03170717118,68.7368480982855,32.840786227452796
9,138,197334.7629412157,94.46792665486191,32.78407091890694
9,139,197334.7629412157,94.46792665486191,32.78407091890694
9,140,219280.97816333768,70.4044298484058,32.50993766792744
9,141,236414.80036298677,43.75409078013454,32.68574341772239
9,142,201210.13821450516,76.28857028687563,32.872191501717026
9,143,216537.3233596855,60.071306182600914,32.845848531319064
9,144,196151.07279464818,96.87125172257403,32.809853070351025
9,145,196151.07279464818,96.87125172257403,32.809853070351025
9,146,209398.99693219154,67.4698413811923,32.769332518809684
9,147,219719.59052451517,64.10350690727773,32.524754282433626
9,148,241295.20516516647,45.81780278798177,32.548503075187625
9,149,198090.1765904827,89.80493783628008,32.810775691354266
9,150,218576.22956834637,60.84089533471065,32.60300361695306
9,151,211751.8785209127,71.9124008948246,32.754563080577086
9,152,239289.75031358283,43.77046946553439,32.58472734405156
9,153,238161.5004487016,41.801897074959385,32.85040073582392
9,154,222251.45988942398,68.90563516965597,32.49481841814732
9,155,284019.9822303115,23.83580583437032,32.6408991724762
9,156,221530.36615660996,54.80971431463587,32.834228880770034
9,157,213668.8260654573,72.87542258195032,32.58972649516091
9,158,195513.11183975593,91.13662456433427,32.980970231839905
9,159,216864.93105269372,58.39746029261526,32.845848531319064
9,160,210435.74338226827,77.09592350088718,32.70945959438078
9,161,211780.701104086,65.53832610999922,32.75068065021617
9,162,255081.98635573656,41.66285044525248,32.52954831461737
9,163,233083.54825916528,46.15620889612398,32.60568794353048
9,164,195279.959529291,96.18942971592885,32.92245749425852
9,165,216403.19852308615,71.15895173475394,32.60732406662959
9,166,208448.59367250715,69.91743368585165,32.772132402724765
9,167,247339.82583920262,42.98407859728372,32.513504977745164
9,168,209284.46625948232,86.3068499679036,32.690360932120825
9,169,202569.72048518824,78.17694348621475,32.80686181031882
9,170,227422.94275763375,55.311176497777,32.60224428866873
9,171,222380.02152858514,52.19532890238764,32.94964562446036
9,172,227696.89452059718,45.804979134119456,32.89359750835571
9,173,224293.21694174645,58.26847567521746,32.548284175399694
9,174,299663.13852768374,24.993859755464236,32.59768929744954
9,175,222874.4655663556,57.37591513144586,32.55089246583562
9,176,198055.1695843201,90.19089990465434,32.741242411157174
9,177,207177.92271182785,73.29323897203302,32.76111526793548
9,178,205686.6211341785,76.59544066887912,32.799878800463695
9,179,227696.67528723695,53.02754339930537,32.580900518708255
9,180,207527.19999136266,79.75150655018547,32.71286712139766
9,181,202415.04850761004,91.27219711720615,32.71976833262298
9,182,233304.92543364072,49.45777860732117,32.57273672673064
9,183,292214.5230079898,26.84004281052409,32.62800509527653
9,184,246687.7061046581,46.04001921992928,32.53226237835216
9,185,207460.96080476692,87.74818890634647,32.65113264505662
9,186,197969.4411034985,90.58626691431876,32.81899869947556
9,187,202700.13363324106,86.21411243393226,32.72198430521335
9,188,237087.99388573124,40.49970683543423,32.860787404307715
9,189,237087.99388573124,40.49970683543423,32.860787404307715
9,190,205601.5356369671,77.27896905751838,32.76430477464152
9,191,213044.27184269103,74.77583422066681,32.5979495032822
9,192,216788.31012703455,59.446090935168954,32.78100319966415
9,193,216788.31012703455,59.446090935168954,32.78100319966415
9,194,231160.68350268778,50.02147118237672,32.63143024082114
9,195,217535.51518939756,70.5502965448097,32.52017309110619
9,196,200716.7877071122,81.41046370829545,32.846265937405164
9,197,213420.20904882913,75.06916450704031,32.57662950978986
9,198,215177.96330460513,71.77183859561251,32.55306061987502
9,199,213063.16090399766,79.18377072553602,32.53899047352763
9,200,246463.60103251875,62.17300187474561,32.48999398169406
10,1,182631.44380990788,125.96555035072718,33.11626885519511
10,2,249131.48711923233,74.44503389068808,33.03810817637364
10,3,364147.556013146,30.759401113659383,34.01090231210901
10,4,377585.9126114222,28.315850096825343,33.88993312838105
10,5,377585.9126114222,28.315850096825343,33.88993312838105
10,6,371417.9605841185,27.40969336401226,33.90425948753749
10,7,176726.3290219732,121.89749628969206,33.156841139610755
10,8,338757.24454911286,34.60764157687812,33.72918968286658
10,9,370014.16258182254,29.507675486806004,33.93505026402852
10,10,368211.06410503073,29.690510435866493,33.79008795558436
10,11,366394.3760808742,35.1153403273557,33.70506235554016
10,12,366551.56265670725,30.16457524040456,33.76463280389188
10,13,353619.5862097481,33.09495035715514,33.8345296106262
10,14,357988.63589090464,32.6241950844814,33.71358699846944
10,15,295257.51279466186,39.95546146965499,33.64753530313477
10,16,304857.19578127674,38.30945695674378,33.64486519002193
10,17,315032.53927391855,36.28357897740158,33.47272658272486
10,18,335184.05232675874,34.69415919267441,33.82609232686151
10,19,298403.09811306925,39.09352487444466,33.57733806417883
10,20,364531.5437024976,31.477815616101466,33.869149685169454
10,21,301155.24328448926,38.984012112564876,33.60687053672449
10,22,301155.24328448926,38.984012112564876,33.60687053672449
10,23,229385.49681717856,67.88165734680248,33.33292935684792
10,24,191778.92506933943,112.63715264891253,33.125593402030766
10,25,314039.9259351232,37.251045627128995,33.45110738857844
10,26,314039.9259351232,37.251045627128995,33.45110738857844
10,27,359860.3094636258,31.968520178050063,33.83293929515575
10,28,319824.17882108415,35.31446347723414,33.5361239979468
10,29,315974.458175162,35.70556302291356,33.42276869743729
10,30,178970.02723441232,124.35854914844974,33.119963614361076
10,31,181786.72060876718,103.95513608420728,33.228102443995475
10,32,333050.18322272494,33.542287285923294,33.85737564818033
10,33,202241.59176234953,107.20953763740285,33.09803562114491
10,34,200727.01114811192,109.3652218478618,33.064505465541984
10,35,234686.03399721519,84.59508621845802,33.074953086079496
10,36,327508.42609888804,35.153480281682576,33.58748556513082
10,37,231837.9182521794,94.47621613614099,33.05238277549873
10,38,324480.4968665913,36.56825028212335,33.3994220592466
10,39,243613.2306161538,55.10831530795391,33.24850126345904
10,40,220272.36046228118,85.07626982713955,33.06608297310399
10,41,275367.55443610303,43.64932020916041,33.494415007644285
10,42,184593.8964408977,115.54580519819385,33.130861719864164
10,43,250896.77822402096,52.89258514412265,33.23216733993189
10,44,328974.67920683156,33.34844196298348,33.91404846420488
10,45,374005.5372545789,28.427131297387678,33.88183535894721
10,46,374005.5372545789,28.427131297387678,33.88183535894721
10,47,212557.1451081559,76.32293428400078,33.40878440369769
10,48,181451.7813583282,102.1108748934499,33.28043338913755
10,49,295801.28046784515,39.88340726759651,33.560423037643304
10,50,210606.9436058459,99.100736730683,33.045122095650164
10,51,323047.59289958264,38.14701701677229,33.40165112291736
10,52,251433.10378604315,50.58732844159988,33.37202209223007
10,53,230530.45195405695,66.97384160171333,33.30338339463096
10,54,180277.13578673138,123.69532608624608,33.12181012598812
10,55,246133.54846218403,77.68563956687441,33.093902608796185
10,56,330473.7353877193,34.358086475600736,33.83578032610197
10,57,195528.8326723231,106.25069281321879,33.11672531146823
10,58,256314.90505777925,69.53916627491907,33.10175815654099
10,59,280908.1387555433,42.42845366944591,33.35064406598633
10,60,204734.59735246998,98.02667632814072,33.124315655262954
10,61,319063.06692904315,40.19716243001489,33.36982364073969
10,62,248099.36624899163,53.89605413428575,33.221784266529866
10,63,281660.5477148596,48.018385031913965,33.25502907208482
10,64,203521.52489324365,83.51009798526101,33.23182519912364
10,65,226692.26097805923,70.27142780536678,33.274281710090555
10,66,363912.73722264986,31.792364266808118,33.84196653021276
10,67,214370.7357869436,78.59860745862645,33.261701611376466
10,68,337424.98562240496,32.846750257895316,33.91935385447852
10,69,188368.80538849413,114.87530415058251,33.141370242346134
10,70,278028.8734341635,43.01077704479219,33.346431908680586
10,71,278028.8734341635,43.01077704479219,33.346431908680586
10,72,207453.71633541875,79.79401305103488,33.18787696812614
10,73,227931.17440701104,72.86933983380227,33.13269675646793
10,74,185072.08186301478,99.54807216978118,33.16518367859055
10,75,306822.11822006357,40.05099953720492,33.55177039795226
10,76,222986.53675186625,75.15500465948153,33.214910969122734
10,77,193540.0379302677,110.78592535192855,33.13061918169648
10,78,191737.56107115638,122.6835867491342,33.09434352206022
10,79,268057.64296349685,46.083848753322755,33.32174400587424
10,80,272515.2913930337,42.55890988381723,33.50549585130617
10,81,272515.2913930337,42.55890988381723,33.50549585130617
10,82,253102.98095937294,47.61824096616636,33.31104830778808
10,83,213945.89717904638,81.31869334051306,33.176401997408384
10,84,294001.98864549276,41.17158604866715,33.58851333685103
10,85,205333.58939633257,104.87996055238786,33.07941391526823
10,86,223530.43255286315,100.59721173451959,33.041219886972264
10,87,284213.6868649652,45.87139052070633,33.29808503957752
10,88,183944.67543207263,117.78624110971421,33.130338104619284
10,89,181166.70542984945,111.61711716132689,33.17278019387813
10,90,252072.1874329415,48.73756010276706,33.3143225666779
10,91,254832.06968988167,70.05885592449417,33.08770623686947
10,92,193902.70526444426,108.17183057783606,33.11769450814956
10,93,224128.5333724936,65.9496664084956,33.440385718014795
10,94,218847.6896230015,70.92887174964656,33.43380612788074
10,95,353627.59138217143,33.20038301278342,33.83411724086096
10,96,237827.90347592332,59.09691624233553,33.28725169633438
10,97,233859.83847680144,68.41415949035735,33.20167857047861
10,98,242595.83771589096,62.302281832893414,33.177002982377566
10,99,222275.81378745128,75.95333235684123,33.267873176578675
10,100,278789.9140149532,41.97699485925959,33.356548961133484
10,101,278789.9140149532,41.97699485925959,33.356548961133484
10,102,309185.5396502474,39.02176943031643,33.38805016333182
10,103,309185.5396502474,39.02176943031643,33.38805016333182
10,104,270075.88302656804,46.16910099693814,33.31823907476187
10,105,258938.48456288525,46.89951131721142,33.25839032674597
10,106,285341.6911630676,41.3738942560792,33.394190898528315
10,107,261487.88134371987,58.383499608967114,33.16021135620732
10,108,228204.09300352918,80.64804999871055,33.10467733517117
10,109,275341.1536868513,41.23258163264286,33.51376028131181
10,110,275341.1536868513,41.23258163264286,33.51376028131181
10,111,270532.0809457408,44.20261667995141,33.38340994745766
10,112,224866.6933434108,73.59323445805742,33.29007284045401
10,113,248820.54930738764,58.88551561665009,33.204803223624374
10,114,263567.40598935017,56.51615041579925,33.17523154751565
10,115,239428.8472457025,61.83331898878762,33.24290513701064
10,116,264340.4489555991,63.924961654182155,33.141618316250025
10,117,198672.82725573922,93.48766261459048,33.138225007758884
10,118,332767.00747028994,33.9295213300841,33.850473210081084
10,119,242622.96923100078,56.4290053074512,33.21847169135258
10,120,182913.0553046178,118.82508694521361,33.114709899506366
10,121,244575.47249015258,54.10152972065973,33.24979392596026
10,122,225602.13139963473,71.86854235076927,33.24766843463699
10,123,177960.54019574283,118.36352184063658,33.15033312320552
10,124,275834.55496634886,43.89838835613818,33.37823486940543
10,125,208906.12703867484,89.20576990985651,33.1125588718982
10,126,259707.0721412693,44.97003433925877,33.380110784994685
10,127,231918.1593157712,60.98701633037264,33.413211894606185
10,128,183422.3581060847,120.21058459009514,33.09626454167406
10,129,236906.42655415277,61.20425520487561,33.390823643452755
10,130,218498.54024963488,74.84220175882803,33.29296770655261
10,131,196833.7671447802,86.72870606616624,33.151671509047326
10,132,181957.97692301127,120.41604433922632,33.13796194634592
10,133,200374.51656560422,95.3907685825021,33.129862426674165
10,134,240941.31783451425,60.32166527548879,33.24193469218757
10,135,211515.9494357353,98.71459374185285,33.05610958570867
10,136,232452.4886413696,79.4853138874248,33.12095640348423
10,137,370790.4322772616,29.17239529215445,33.93505026402852
10,138,321595.6004426443,38.62533258576685,33.36698821933453
10,139,264856.03532544384,57.34904030684926,33.16434357121014
10,140,190391.63673259722,92.91511946352158,33.19939307286222
10,141,222534.44277584387,91.49697850855158,33.060898469012116
10,142,203773.46491689584,86.54411479116177,33.16524420681151
10,143,215674.18302272007,89.63232438473406,33.06556172054738
10,144,215764.97197401873,87.56152069510028,33.07158804519282
10,145,288693.9451634322,45.49311928509843,33.24576764009792
10,146,199398.76764873345,105.73218033498632,33.118207806464405
10,147,265181.76865541324,63.04612642261177,33.149509056244675
10,148,204334.50790696935,104.58495819801702,33.08354800198456
10,149,262078.72949047928,49.360226445387354,33.25275486291812
10,150,302374.2549054985,39.61374935716145,33.57343611650826
10,151,302374.2549054985,39.61374935716145,33.57343611650826
10,152,251109.24192151395,51.548845055809366,33.36606083217078
10,153,216616.1848611598,74.09147109174926,33.481008355600544
10,154,216616.1848611598,74.09147109174926,33.481008355600544
10,155,208215.11958156698,82.50791659959683,33.173037466985654
10,156,240656.69948328554,69.38820541461914,33.1892803429707
10,157,268732.8032601907,44.447237254467574,33.37488662854782
10,158,193019.45133249514,114.97697916903932,33.110410629231986
10,159,213210.01034833363,88.51995786430544,33.096918823681
10,160,199615.05930180344,92.83156230675276,33.147905110273015
10,161,217255.06061737938,71.42334259793701,33.42216487980587
10,162,290642.74058107793,45.44093338342869,33.27730404313075
10,163,200704.077524361,101.08938123661842,33.10595376794269
10,164,320246.4291706751,38.685577763149674,33.4057658713496
10,165,188570.98452061994,107.98379555094368,33.132377341424785
10,166,242296.43757653853,63.34929044563945,33.195958198012214
10,167,292582.0506923759,40.657190071602294,33.59690239177549
10,168,292582.0506923759,40.657190071602294,33.59690239177549
10,169,238676.55811757498,66.27154002562433,33.26718294542224
10,170,335426.64463501377,32.98259926597883,33.92336283792666
10,171,253341.10583412234,49.36372288405771,33.25117025400319
10,172,187896.4463134342,114.87963545989422,33.13716068438329
10,173,189940.4332479669,96.4684291482287,33.22090928343572
10,174,189940.4332479669,96.4684291482287,33.22090928343572
10,175,258445.6462405744,64.66519500700075,33.14828250441419
10,176,306055.7766008365,40.63611209911712,33.55177039795226
10,177,286923.77018952917,41.19354570094832,33.56440211406826
10,178,221373.15970974986,71.11880065944044,33.39812844280793
10,179,268430.2047398655,52.51224332031454,33.192513573331
10,180,245329.02806171874,64.42061110759069,33.16579916789666
10,181,184222.31794069393,102.03210427545191,33.15556192977863
10,182,338737.0715305028,33.918919411649,33.832115320064204
10,183,306183.4211009466,40.85352384392258,33.54098708004499
10,184,230886.91266110516,65.74599077385668,33.437579715888
10,185,283480.77967686875,52.12375969396118,33.231047020547194
10,186,241064.66898539374,59.71132169967001,33.244879512804005
10,187,246705.08974449727,51.618910434464226,33.2769650834011
10,188,204349.33116086197,82.51044321197139,33.17193088378579
10,189,253841.30966653957,66.42920424073104,33.108064287620714
10,190,206721.0869293926,95.80113006254192,33.08919014984444
10,191,242434.2492887945,67.70665310483419,33.162437714381205
10,192,251947.45645938243,65.54780877996824,33.11381822599592
10,193,217434.95109597986,92.08763674618882,33.05957685982585
10,194,220730.17949889376,68.71578611229127,33.42984581774359
10,195,241268.32634992822,64.82884036644381,33.18819832217557
10,196,214511.90000965947,87.41325154011668,33.12698996203276
10,197,332334.83612381516,33.165521094391316,33.92470527103916
10,198,205916.06411329837,99.4594485218994,33.06303189104325
10,199,183140.98421815518,98.60335726987901,33.277488568521115
10,200,223620.9770019233,73.96394865200485,33.13644800378941
11,1,468604.19539671985,26.521445342660172,34.99447939830501
11,2,461767.4435851668,26.31240914682062,35.11019259542791
11,3,183814.94759165036,101.07347263199694,32.83389741660352
11,4,183814.94759165036,101.07347263199694,32.83389741660352
11,5,184285.80091848763,108.31209982483746,32.783273610635845
11,6,220976.6437158456,82.31770046597414,32.71844588268658
11,7,341287.9919575541,31.114819129222493,33.48156297045667
11,8,427058.707320565,30.167374375519827,34.224680886376376
11,9,407357.4338749823,30.59846186760572,34.54431837820401
11,10,407357.4338749823,30.59846186760572,34.54431837820401
11,11,313670.73710629373,32.35824499518431,33.09309368848227
11,12,313670.73710629373,32.35824499518431,33.09309368848227
11,13,453061.43038459594,27.473618214382533,34.87370971984744
11,14,288266.4222608638,33.68106687848759,32.911815952714676
11,15,324837.5279587294,31.284763052908698,33.28008760378449
11,16,324837.5279587294,31.284763052908698,33.28008760378449
11,17,316575.82000202494,31.29957960529409,33.12696484765361
11,18,203833.2408650637,67.04926970563703,32.95208819822043
11,19,421226.53958887234,28.175096036928537,34.50789138154946
11,20,282355.0000355723,35.25046035066626,32.877414731199536
11,21,279185.52603166364,35.02819829897141,32.911815952714676
11,22,410602.17945920996,30.865186755378396,34.327839738010674
11,23,422602.94509036787,30.63717697916334,34.23364707426722
11,24,441113.2172304439,29.367718746956182,34.36386820880076
11,25,441113.2172304439,29.367718746956182,34.36386820880076
11,26,413555.17650763906,28.704599477481487,34.42975877143203
11,27,413555.17650763906,28.704599477481487,34.42975877143203
11,28,227634.50429439745,52.029584738971245,32.885723729814636
11,29,267858.1158683239,37.969766242129424,32.828010437765826
11,30,263474.8867081637,39.76431330945193,32.9210211905055
11,31,263474.8867081637,39.76431330945193,32.9210211905055
11,32,229395.49971112175,49.836509482114394,32.86744766341659
11,33,267521.258914303,37.22112088805421,32.853825231886546
11,34,267521.258914303,37.22112088805421,32.853825231886546
11,35,230766.63045081645,49.3241358962023,32.75012686669669
11,36,449189.0274343254,27.810645996475245,34.92143117885932
11,37,449189.0274343254,27.810645996475245,34.92143117885932
11,38,189170.36859948584,97.88090097238565,32.82320690517064
11,39,206073.10801717488,71.9353716867401,32.8074510825015
11,40,465423.32402133546,26.626797887431064,34.99495540666361
11,41,190166.06614286188,95.33434051434016,32.7784164682238
11,42,444692.61291128147,28.828418965605614,34.36386820880076
11,43,463995.2371256603,26.462227753022535,35.059789838584216
11,44,240557.84372883182,42.38500927904518,32.81622223412751
11,45,270653.1253361348,40.55174185150989,32.803506881159244
11,46,270653.1253361348,40.55174185150989,32.803506881159244
11,47,185263.26176331818,105.3231629698069,32.80962943806317
11,48,218650.53075795804,63.12075794389461,32.74984102138868
11,49,233127.8276656948,56.17142304272552,32.723667346975525
11,50,195283.06358375459,86.69574811260074,32.80720377645801
11,51,206953.9068219432,69.85266604718437,32.78612766548373
11,52,463688.91747310106,26.515471111129912,35.059789838584216
11,53,416505.5356476643,29.152829140977843,34.40159255475703
11,54,416505.5356476643,29.152829140977843,34.40159255475703
11,55,186042.20022792663,101.61235707080232,32.7915143018982
11,56,190357.8603071301,83.78886228984784,32.81391201873214
11,57,204162.6441740435,65.31919112440305,32.943732586585
11,58,196667.8817170633,85.81220545042854,32.78581896548854
11,59,196667.8817170633,85.81220545042854,32.78581896548854
11,60,244393.41273324602,44.01548997448667,32.81573475843132
11,61,225988.13715824744,61.59784184080582,32.734819691085534
11,62,453041.5167259236,27.660136159992962,34.87370971984744
11,63,230008.3521312844,47.73199057804729,32.90744009012007
11,64,188180.51673091232,107.1697797403527,32.78970505399283
11,65,188180.51673091232,107.1697797403527,32.78970505399283
11,66,459961.4685002558,26.74896203394976,34.985632702640316
11,67,459961.4685002558,26.74896203394976,34.985632702640316
11,68,455770.37255294307,26.97276990337116,34.94828140969979
11,69,455770.37255294307,26.97276990337116,34.94828140969979
11,70,238090.27943067407,46.50226708997825,32.78931587829049
11,71,238090.27943067407,46.50226708997825,32.78931587829049
11,72,248115.49078546162,47.595832949313916,32.77018428891553
11,73,248115.49078546162,47.595832949313916,32.77018428891553
11,74,425432.73690664256,30.979378444872744,34.23336674087432
11,75,213607.6937395961,60.05017472069194,32.78764193312339
11,76,258375.25191425957,40.882370378305986,32.83390592254308
11,77,195988.71013182183,88.27279926149005,32.796701964398906
11,78,195988.71013182183,88.27279926149005,32.796701964398906
11,79,199843.5182176555,72.20667984721993,32.83364679449401
11,80,191681.0408731063,91.1626944613162,32.810763246594014
11,81,228005.07844964036,79.30065465507732,32.72844569565197
11,82,452286.42179382493,26.814326040970762,34.95173191838848
11,83,195463.66733172242,92.13239662650649,32.78135644902999
11,84,246199.76811881448,42.011992335259485,32.85921633354124
11,85,246199.76811881448,42.011992335259485,32.85921633354124
11,86,409671.2028816405,30.945233821076794,34.327839738010674
11,87,192924.10947296745,89.29662296698248,32.80774212837924
11,88,193711.25647009243,90.47192640846751,32.80670740976691
11,89,223169.82875806652,80.30132946590449,32.722595081187706
11,90,259052.48685364687,40.95868931394229,32.78026952035282
11,91,254600.51245326566,43.63982731286364,32.77214875931705
11,92,254600.51245326566,43.63982731286364,32.77214875931705
11,93,225471.12487575563,76.72252123902139,32.73133600757768
11,94,187804.3083772612,99.7846844236477,32.80226569275588
11,95,187804.3083772612,99.7846844236477,32.80226569275588
11,96,408671.4705386884,29.400863351778156,34.35344716175285
11,97,408671.4705386884,29.400863351778156,34.35344716175285
11,98,188614.02834494886,103.82235694874775,32.7892383222879
11,99,210299.89478707165,61.25573705657945,32.94091105510429
11,100,420621.91200069315,28.89121136686744,34.40217216180847
11,101,420621.91200069315,28.89121136686744,34.40217216180847
11,102,184953.41015735353,102.87895189802761,32.8176895328177
11,103,184953.41015735353,102.87895189802761,32.8176895328177
11,104,204764.0122080722,73.16994628154013,32.796890586039645
11,105,184782.13208255684,98.9469399412995,32.83985457900094
11,106,193303.68578837253,81.28936536061984,32.82614485537901
11,107,251051.8614057771,45.41077202824301,32.78939838700259
11,108,194956.15493611855,89.13326179273494,32.78494458560464
11,109,225051.42006359115,63.84444749863405,32.73971215925315
11,110,207443.9824972644,67.93536661474988,32.76630163587227
11,111,223993.35816623035,54.81392689929798,32.85015815108167
11,112,253050.8578131753,44.65296448401252,32.79949855107893
11,113,253050.8578131753,44.65296448401252,32.79949855107893
11,114,202190.18539981433,67.37349044171447,32.93211776240143
11,115,223071.3233479013,59.47011369270433,32.76464324310014
11,116,188304.225897513,98.6080421832812,32.81262709127271
11,117,194180.40999442828,81.18343877465693,32.866770427156396
11,118,198167.72844353455,78.87876780291818,32.80739738962487
11,119,189848.72859042272,90.70096793427953,32.87938242540082
11,120,221039.2330439982,66.40996851471482,32.7482080045011
11,121,254193.7521410957,40.9754566669264,32.77383270401897
11,122,450565.8421524352,27.60458078733632,34.968234077907184
11,123,450565.8421524352,27.60458078733632,34.968234077907184
11,124,198467.38094568753,75.95248010436626,32.83009822242927
11,125,191171.58723340192,93.6832016033002,32.8017132750528
11,126,193176.91478654102,83.17681498920875,32.81518898210204
11,127,197097.12019632172,73.56041842749599,32.86329586689622
11,128,229217.86106421167,57.1054186629734,32.74614435049655
11,129,208695.51173116436,66.43220445671172,32.94091105510429
11,130,250627.60758398287,45.2277827845505,32.80827126850248
11,131,216634.7180388916,74.51890608451718,32.742901716788225
11,132,203103.7264071395,69.64530315242872,32.843073796674986
11,133,222370.03871818015,57.380094209268734,32.85167933860513
11,134,224467.27942470319,56.49340535911323,32.75387164955346
11,135,199697.02360194456,78.27921614673566,32.73803930541017
11,136,258715.62989962596,40.21004395986708,32.80608431447354
11,137,224007.97766351205,64.923711879217,32.74042282754712
11,138,468530.27457501745,26.355550260603017,34.99495540666361
11,139,242137.10624733623,46.20188410918619,32.78779265588822
11,140,184780.70496347494,97.89514552553075,32.84372485854307
11,141,204831.09632710842,69.15197758512952,32.84126563133925
11,142,229829.71867086046,60.86389451246554,32.742378826683684
11,143,185050.15115809336,104.06485221981222,32.80975345989274
11,144,219719.5931107937,54.421652283586226,32.86344861981407
11,145,226600.14070943717,52.69727710739494,32.92485770019222
11,146,215772.49970515087,59.82764775124939,32.832003434679564
11,147,211469.79672138658,61.540118605099934,32.911089771139956
11,148,224827.90267920357,53.292390478779,32.93579612356194
11,149,465608.8043577365,26.485800926579028,34.99495540666361
11,150,200909.36423977523,74.18562325211091,32.83167831051676
11,151,206816.63753614388,68.90132992460393,32.81599222053723
11,152,194274.11062671087,79.88496828879724,32.82732620354397
11,153,242601.66250414998,46.118448679705125,32.779924670529
11,154,227387.6469217208,55.50208497600362,32.77173263250617
11,155,223871.624686962,55.594841555549365,32.85764297100172
11,156,208745.36915555657,64.197448037161,32.78455255832933
11,157,249432.70494176872,45.97034846464438,32.79597767385224
11,158,218061.76598056257,64.5169039579272,32.781966693957486
11,159,214205.52689725248,78.02179056504266,32.73139822071845
11,160,201765.35241757866,74.82628269924024,32.828159627163444
11,161,189910.2393786315,95.13438764835412,32.811653814864755
11,162,203872.70276832732,68.39089829482523,32.847466123883564
11,163,229208.289782839,67.69246855952632,32.726015847298235
11,164,197868.90387236254,94.52753137031232,32.761115814905686
11,165,186805.0034714986,93.8056300596205,32.82492175495585
11,166,197460.50218142231,68.45519043269772,32.89565511375449
11,167,224725.16924953213,53.99103338466002,32.81224853772994
11,168,199173.04748671167,92.68867189636325,32.766797270127626
11,169,224615.5445330759,54.30625462111938,32.89694049622731
11,170,221978.1100326424,58.40798380041312,32.783449342027104
11,171,227237.3583333067,52.94569677672918,32.86018288976722
11,172,203273.66422701287,77.29751486420803,32.7740698471594
11,173,198698.94650861845,73.30205544266728,32.894555738274484
11,174,217974.35199327182,58.52358630789954,32.80344713150252
11,175,193928.2629378756,92.56677503239185,32.80460636185598
11,176,188575.9672332748,104.69003711624754,32.77892183738482
11,177,188575.9672332748,104.69003711624754,32.77892183738482
11,178,196082.6729895665,93.09943808201766,32.77892440630897
11,179,202014.7474558618,67.62805947706751,32.92544993171004
11,180,191808.10572372872,83.37816673430102,32.91535863563403
11,181,227121.65485124776,53.578517421992174,32.7846398484175
11,182,193990.7726902996,77.73307797220788,32.903658906192355
11,183,221940.52619852472,57.8186854050593,32.792911459996716
11,184,221940.52619852472,57.8186854050593,32.792911459996716
11,185,224657.61089478465,56.0943087441443,32.77139443209925
11,186,218386.679676266,64.1252110666115,32.75759301637887
11,187,217416.9504919139,56.46829114191917,32.8520168449083
11,188,217067.12825419873,58.95110539273858,32.89484777406924
11,189,217067.12825419873,58.95110539273858,32.89484777406924
11,190,201022.00068855955,75.14125855222487,32.81924794169772
11,191,211004.94664993917,69.12165911416598,32.76475563159131
11,192,215337.76378700303,78.01581140645833,32.75785450443007
11,193,191695.11189699333,94.18709381340382,32.80068081168749
11,194,220364.58236215648,83.60622053567374,32.73112510648934
11,195,250039.5220733896,45.8296565646914,32.78350922355686
11,196,194427.81890847842,94.00103493614826,32.773858322830726
11,197,193550.11842877048,94.5239273861804,32.798314479644276
11,198,192455.18953355006,83.42892191854307,32.83598257805099
11,199,196334.24845163611,74.22190794925518,32.85662258555145
11,200,198850.1001032333,75.08709633335945,32.8370662184012
12,1,278094.23777560965,20.780634443930992,32.68515342017427
12,2,284860.287816987,20.94575237291021,32.65505252843426
12,3,169726.61864320107,77.18366020753062,32.763819913965534
12,4,203255.69543809484,59.62938499260947,32.52445451869855
12,5,153084.41984175143,114.05019220326044,32.67975443851192
12,6,158711.84711062085,117.0109450399756,32.631714783219955
12,7,278652.41475574806,21.474458441116298,32.64706741587572
12,8,164094.575068275,89.05370954639223,32.76092356331234
12,9,163861.74620912148,89.78325223502166,32.73497574761195
12,10,165655.39904242678,84.75030647614572,32.727898103061655
12,11,173633.95127100492,72.02533479944107,32.7093505707328
12,12,163995.0217428484,89.10463789062301,32.7505218976772
12,13,163995.0217428484,89.10463789062301,32.7505218976772
12,14,208979.4382541232,54.38703819812187,32.541468632260475
12,15,208979.4382541232,54.38703819812187,32.541468632260475
12,16,161408.58935348107,95.35612432724001,32.74026242682142
12,17,234010.05378265958,41.975891008901954,32.56473322254526
12,18,216784.3482111838,39.799585461453916,32.657057375116004
12,19,194791.6655442759,51.51214630127225,32.58521474260403
12,20,210673.4363653532,57.886905021963855,32.52877845870889
12,21,205002.9703355777,43.98635796750535,32.620334817701654
12,22,172782.31767685775,79.03106558266641,32.60318972286168
12,23,230526.66556692813,32.67369285470778,32.57965938338235
12,24,251535.18283420344,26.867517847967743,32.61904220151244
12,25,232101.94406300565,28.963362277473706,32.64201317274912
12,26,248459.77075169605,27.217606879953955,32.61697450012172
12,27,274644.34510500403,22.091393692341946,32.62562290110355
12,28,206177.26015787563,55.3184541364429,32.537646589428476
12,29,271197.7102049829,21.17309402099171,32.65821641559909
12,30,215112.11896810445,46.99479423204231,32.547308654970536
12,31,252948.08163700267,26.12814426000068,32.640479463668136
12,32,158731.68744678207,110.83595997130921,32.653713440144294
12,33,222429.7700340274,37.61035097031958,32.651965983020126
12,34,155543.81828764005,107.82265169694281,32.67757877405747
12,35,159186.9569759969,98.56836660957516,32.69674978179504
12,36,158244.37139470782,103.24527627809897,32.68541493969386
12,37,259352.28997255093,23.152654830855422,32.67323525336888
12,38,255389.3520879516,29.0467860589591,32.599273928178974
12,39,163808.22821220837,89.88532236040419,32.690124301314476
12,40,219722.97939443725,40.909574059185516,32.599221709381794
12,41,198599.9963537411,61.53564691218944,32.533115410206854
12,42,182443.37756388058,81.33588428585075,32.54969330357652
12,43,257643.84857922868,25.904828393015148,32.63789489234206
12,44,229737.95926383944,32.45323464418491,32.58913110260768
12,45,239041.36381540305,32.0398084850358,32.584659113382564
12,46,269087.2441696382,21.801423440974553,32.635879086427316
12,47,237270.01838783664,30.473136892411684,32.62853901070997
12,48,243518.02117870966,31.142690810136948,32.587605285607154
12,49,195640.53860678393,71.93831844267108,32.53638780747861
12,50,183167.12724516532,92.84115855693433,32.54813918867342
12,51,180552.18566308028,87.3419986957732,32.5576802065367
12,52,165883.84627925232,88.75702641313525,32.66099191005417
12,53,170443.968487076,76.38943000526432,32.721740605869016
12,54,181420.18162265187,66.35406313821676,32.57075331685374
12,55,255508.48365616144,26.51726931446167,32.63054041441327
12,56,244922.93571426228,26.883128913004192,32.61864228580675
12,57,262630.4212915266,24.816036610269588,32.61189029773254
12,58,167625.893292159,100.65295004324999,32.6205647713551
12,59,176577.12627892566,67.96452892263294,32.704595460354575
12,60,160930.70580919698,97.58697772015806,32.66402054517394
12,61,185784.95925710152,60.57086235752926,32.62259297634333
12,62,162163.68022555223,91.87491884822745,32.700686090737854
12,63,264098.9212351524,23.647074725645027,32.64397867964951
12,64,158158.01274428156,104.66519750166448,32.679940546690666
12,65,273896.5245511211,22.591343308846405,32.613601267734516
12,66,211285.3843038554,42.15163211089786,32.5840488156854
12,67,244848.8443973588,41.412786387492005,32.56662288630826
12,68,164677.96598944534,91.28367247552059,32.67639373584021
12,69,217377.78725595406,39.05727528853283,32.66842056584164
12,70,168390.90826629815,99.54761974278715,32.610683061132185
12,71,261105.50605217353,25.663765539229313,32.63251345026017
12,72,243205.56060159145,27.526099206480914,32.64886515583755
12,73,214249.1691930791,49.537264081231285,32.53921949195018
12,74,165203.45679895257,88.9379343176001,32.715801446619906
12,75,180639.2546338353,67.25658879665008,32.60653325977546
12,76,196017.09251957474,71.2941670084509,32.525348325707434
12,77,156703.63318975008,106.66504250550454,32.67341498867206
12,78,161867.69805871905,94.1116644962235,32.67904504817524
12,79,164683.6957182688,86.17072384496086,32.725791804584865
12,80,212918.53238262958,41.935483584322085,32.626826477766826
12,81,235929.81290747886,28.330682376676663,32.64268188251875
12,82,239839.0430686169,30.272211121365235,32.61860762495212
12,83,166928.87536715035,101.6091410965865,32.62892889194764
12,84,179810.19942642885,90.58344870383202,32.553382539926545
12,85,157929.92271251342,106.81294682333872,32.66877871295144
12,86,190257.6904443396,65.2686489860945,32.55621280730836
12,87,210696.50386897355,50.19978703129201,32.54204716121684
12,88,266646.35979755834,22.715994867504712,32.61792383186785
12,89,177952.940677859,83.78795526268398,32.56785228796747
12,90,165155.02203309408,86.0279092941467,32.74461008269533
12,91,165155.02203309408,86.0279092941467,32.74461008269533
12,92,188031.28960251933,75.56085061468231,32.5557312865867
12,93,174259.33039854327,68.71787400852664,32.64959124230825
12,94,235110.02248367522,30.696837404907757,32.594035062996085
12,95,254792.8723237838,27.470435516407473,32.61044920121491
12,96,196009.79554776734,57.98698570116685,32.560803721978935
12,97,222944.67906889337,35.48356512978465,32.61235388678529
12,98,248672.1441612691,27.703594259184268,32.614513416513404
12,99,221244.099216579,38.974979415057575,32.59291290791116
12,100,157433.62023043528,108.73054493967585,32.6584213652037
12,101,157433.62023043528,108.73054493967585,32.6584213652037
12,102,176130.2555441612,74.57059130417994,32.636825397061166
12,103,165476.08631088934,86.45795338560644,32.68839197965647
12,104,182009.72124057438,80.33194920468534,32.55670374749741
12,105,226246.5782142227,34.27190199047122,32.58579363238231
12,106,200710.35293823824,45.41288168334471,32.58995492111386
12,107,163542.47000350332,89.8086683197346,32.71925163152545
12,108,171154.45219516061,78.26818205148882,32.70405316620596
12,109,164568.50489662332,92.98817284354735,32.68468778418581
12,110,197452.6163655979,56.38121259880821,32.558554249390724
12,111,156596.97309519287,112.9742951415797,32.64967134737605
12,112,159598.6220720943,115.99576560639693,32.625802968238084
12,113,162267.7625779534,93.71533936708386,32.69723320726662
12,114,258329.7209281607,25.374226554402625,32.64458762410628
12,115,177366.5421520939,76.09538480733076,32.594095391134886
12,116,196470.22242667945,49.03045511668688,32.55916157475619
12,117,192707.67810455797,66.71578219246555,32.54145897440975
12,118,194320.19501801167,55.249910663579875,32.59621732310274
12,119,194320.19501801167,55.249910663579875,32.59621732310274
12,120,159115.84405156554,107.72622896900826,32.66239771483359
12,121,202858.56653483128,45.12641714787389,32.61376105504411
12,122,172183.104036098,74.09430454207529,32.70130297290777
12,123,178880.8327734038,82.57783294286787,32.567147474368895
12,124,201981.40100999142,56.77811765496979,32.53102828135609
12,125,191932.354681491,55.734813033123544,32.62292807475272
12,126,187526.86656905018,85.5193619357279,32.54750454485746
12,127,179196.43381600478,68.86236189900873,32.60878273236367
12,128,160874.04212011312,104.381129281171,32.63161827612644
12,129,184677.00799223882,79.6659408693809,32.55430204721386
12,130,184677.00799223882,79.6659408693809,32.55430204721386
12,131,172532.07701063002,82.18429068762772,32.614889212059886
12,132,160517.59820784206,112.54830596613643,32.62582833672128
12,133,217943.60507667626,48.09277457176428,32.54571681876742
12,134,217943.60507667626,48.09277457176428,32.54571681876742
12,135,225624.7086502982,35.75808739960585,32.58241290549508
12,136,225624.7086502982,35.75808739960585,32.58241290549508
12,137,167208.07385091356,93.66047818953108,32.63411872027815
12,138,175848.34963964674,97.13323360357693,32.560466956372366
12,139,186923.76701362748,61.34126625902314,32.58402755027963
12,140,177125.225222541,72.88882851335622,32.62085637910743
12,141,269904.8361846212,21.476285550827285,32.63392518467157
12,142,190269.66877250807,70.27593907494322,32.545101245916754
12,143,190269.66877250807,70.27593907494322,32.545101245916754
12,144,189781.36085768775,64.35970492867096,32.556783878026415
12,145,190417.04976901718,69.5451310310026,32.55098193496245
12,146,212180.27796184755,51.33326637195907,32.54026476700748
12,147,170608.16303857652,78.43601908916843,32.71961020215547
12,148,193602.79041094493,63.21179245172396,32.5513653039184
12,149,221947.63289911355,37.78992439159252,32.64644985387625
12,150,168830.6687417611,96.80408119213276,32.625222035355236
12,151,159693.2364379296,105.15078311847522,32.64477311213874
12,152,164696.3482034902,89.01807631270566,32.715801446619906
12,153,174033.83568249719,96.01245205573862,32.57160884948284
12,154,161790.64287667914,95.34401699255416,32.663191503935195
12,155,211623.1204963575,45.28847677003931,32.57419144900456
12,156,241305.03913706198,28.189520849869115,32.61481780485681
12,157,227792.91329935813,33.11300770064022,32.61452197649606
12,158,227792.91329935813,33.11300770064022,32.61452197649606
12,159,157483.73975896544,105.67996578601029,32.68865802719671
12,160,153797.68289442005,111.02499795158944,32.67201541354069
12,161,224495.98908591733,38.26974595021607,32.58651636548574
12,162,265262.1679912281,24.120131706922482,32.637890270471516
12,163,265262.1679912281,24.120131706922482,32.637890270471516
12,164,201372.17934330937,45.94606057178881,32.556408052643455
12,165,223419.19200784538,39.1112591714708,32.58679905790469
12,166,199638.08396814097,55.56525900824587,32.55467219128027
12,167,165312.99370212006,98.9630318527634,32.65502562410345
12,168,162552.38300821712,102.49002328198891,32.62394152730567
12,169,178764.53864722446,69.2565672077486,32.64518005154156
12,170,214578.56535691567,41.02505830091603,32.57245380754245
12,171,172277.96609818793,83.55144183562138,32.642923961886616
12,172,240996.86359325136,28.133165515252884,32.62742064106538
12,173,218617.0721011288,46.48448719323204,32.5488182932868
12,174,171878.76167403,89.85867016850553,32.61599283558092
12,175,267287.25616861094,21.771887698248467,32.660239989844385
12,176,170400.6657960919,102.4577788253115,32.58248079082373
12,177,219895.23752565333,34.37885923861302,32.65932603676257
12,178,154273.75710067753,111.98546341181931,32.67189881840881
12,179,154273.75710067753,111.98546341181931,32.67189881840881
12,180,220120.3396534653,44.37882243809712,32.5556003677783
12,181,176410.72113705994,86.27952007595383,32.569396946957106
12,182,261444.02586991625,23.5702316285309,32.650866559540844
12,183,199805.5306105496,62.616933988035115,32.532703988638886
12,184,176149.26544033963,77.4423089289319,32.609580744025756
12,185,222790.16103518437,38.47230916820115,32.606547634065926
12,186,191271.39100830455,58.92697312220254,32.623259506103174
12,187,176753.81063287822,71.45790857233911,32.62480596994475
12,188,190634.18693191232,61.20675131950228,32.575201687556266
12,189,187712.59384180905,73.45177880991811,32.55641942257905
12,190,188845.66522064008,61.219153073841454,32.57636337346588
12,191,188820.09796083858,58.4260781959686,32.65007286900203
12,192,173392.92879925802,78.14469163080511,32.63992960307378
12,193,189510.7645946623,77.97934482439973,32.55179827798746
12,194,261503.14034935497,24.916306578604924,32.637890270471516
12,195,225359.93893701988,50.23934439172368,32.53891257908504
12,196,205250.95092469273,58.93710315408121,32.53005093867338
12,197,223876.16484414588,49.105865051056625,32.54069497329441
12,198,225858.59717854526,33.38569266915664,32.61124388711255
12,199,176434.3556359866,73.88987940439465,32.62085637910743
12,200,160619.88692067942,97.4856142701795,32.67111671565797
13,1,216899.72306869668,60.18451717725557,32.30991884332768
13,2,216899.72306869668,60.18451717725557,32.30991884332768
13,3,170670.13918533566,93.3712273774148,32.51742190975638
13,4,178462.7833102524,94.57603194591624,32.38430202634537
13,5,178462.7833102524,94.57603194591624,32.38430202634537
13,6,289444.573113941,17.266335485348847,32.67234186678664
13,7,261956.77321769728,19.932685929549372,32.67706626516001
13,8,278918.94169995945,19.683040835608196,32.573542437282654
13,9,224550.73315203883,27.044427497772453,32.649475559384086
13,10,224550.73315203883,27.044427497772453,32.649475559384086
13,11,286852.2949495581,17.662422380427408,32.62456970591737
13,12,269487.54745412216,20.370282419124422,32.544390693045514
13,13,285007.9646798597,18.491430616584815,32.596453815917855
13,14,285007.9646798597,18.491430616584815,32.596453815917855
13,15,239649.1110208911,23.660766400719353,32.58541956768636
13,16,270886.9741117546,19.964449381913504,32.531192423894254
13,17,223478.05310694064,27.562010938519393,32.612182135393766
13,18,247963.1198350684,21.22917536098035,32.60977929652782
13,19,252583.05694808776,27.961165989301783,32.42942688077021
13,20,170671.96293937176,91.2801673367285,32.523655840921506
13,21,258115.27038127286,27.77815107544729,32.43553744589833
13,22,192784.69164345303,65.49719566774212,32.389139045718466
13,23,216260.0948872681,33.74560235219058,32.55807401533549
13,24,176892.40814721817,86.16600523147963,32.409077405227904
13,25,253708.2095278767,22.35500273963676,32.60456472732736
13,26,264644.0277517104,21.961859246313722,32.49339954350985
13,27,264644.0277517104,21.961859246313722,32.49339954350985
13,28,249569.38839068747,24.84882781922783,32.44932737494588
13,29,210836.28133540927,35.13741310709102,32.5504937782418
13,30,219883.31108580722,54.505826500397994,32.31817367984465
13,31,273985.6196376668,19.76279748111355,32.59967443867281
13,32,187576.76639207586,64.15320535311218,32.43123054270984
13,33,200387.90384608804,44.6616065466647,32.51177632665221
13,34,181998.0361990224,63.324258277879125,32.54092591484259
13,35,191774.6112190641,50.35672359804296,32.49895422247417
13,36,255022.6609304003,20.25497075815027,32.600113712082006
13,37,275448.28186545876,18.96528933427672,32.57518310948808
13,38,172307.64271300798,87.68734986771746,32.481789635259204
13,39,223185.63201001525,49.637855548170286,32.31466930850999
13,40,180748.02715667698,90.42949129928799,32.38554270925994
13,41,262570.8613153701,21.24670718853021,32.57700951291241
13,42,213658.96765169065,34.46139104127378,32.433696984326616
13,43,275346.0926556229,19.27305493913004,32.58027816968958
13,44,287037.91779080214,17.266937937429397,32.62456970591735
13,45,287037.91779080214,17.266937937429397,32.62456970591735
13,46,236376.5264906317,24.73254893096616,32.467294677895126
13,47,177471.2735948753,72.44592165708771,32.52002249392393
13,48,205254.21105723898,53.953372174375914,32.34394633413521
13,49,179141.85102536337,92.53776363212246,32.39313479881103
13,50,254992.43688564352,20.51093897288157,32.60220727132986
13,51,248736.2351964144,22.730306049571055,32.564068670599795
13,52,191199.03073530766,73.87818475258725,32.352002968077116
13,53,172440.34337806236,88.71391388964048,32.478631655029886
13,54,240516.4885976024,26.392431031263264,32.4570966167616
13,55,188337.99712133838,57.451995693389904,32.45513191924141
13,56,214665.45832680404,54.95111994522594,32.33020560002795
13,57,199515.60402391688,44.944313137485224,32.5032208550234
13,58,173685.5741726528,83.56814695712973,32.45072308455212
13,59,234082.80714105442,25.551054405403363,32.46045688331614
13,60,244898.0114874842,28.394323377491297,32.438016255461946
13,61,232331.94336643908,35.710045127097835,32.35964166866174
13,62,181083.49750622426,67.89022993918574,32.59176883283634
13,63,194949.5527530306,47.79956693749891,32.516707581572675
13,64,179000.39006776107,89.78992193039093,32.39570970543163
13,65,242291.51309422188,31.565686970855452,32.395835421967334
13,66,259939.259743398,29.928725534189127,32.40493610857271
13,67,289121.63308249373,17.7443842750169,32.59393668041531
13,68,237466.01685693412,37.57806887648237,32.328661000116824
13,69,225199.55426587834,34.9894127303642,32.3676145653387
13,70,185733.4225834856,68.97495865007434,32.406808069092925
13,71,176710.17186868616,85.11618499681583,32.42748241295759
13,72,178518.2127410087,79.96767803842252,32.41223538545722
13,73,189728.48049583664,56.27128203783514,32.48809868208545
13,74,180441.88093190856,84.28563970584497,32.397617599678895
13,75,210390.97476489632,52.58834264529478,32.3562537691293
13,76,195686.46637369366,71.06664243737364,32.341495514437305
13,77,178793.351855435,81.20597874008814,32.409077405227904
13,78,207763.43559777417,36.465176169628435,32.48873429467146
13,79,189421.19498770533,55.27911838071094,32.52685850405652
13,80,215698.11513419752,52.24402816625155,32.33154009716961
13,81,183869.4060980691,75.89381847893945,32.410479170686116
13,82,220842.8423896276,28.44325340232667,32.57355348069238
13,83,213180.36078062665,39.169032649169054,32.44318803028261
13,84,198350.74366895505,53.14704938428652,32.42106587822916
13,85,230833.9454748321,29.528164152836496,32.42125451244293
13,86,177721.44939487445,79.06354724567316,32.45029361564772
13,87,253596.4220726519,26.315958471014113,32.43801338453285
13,88,197582.00613228325,59.99235422578714,32.41418267763186
13,89,203827.082896628,51.25700836070271,32.397399360321955
13,90,249212.14126389817,28.882764795725443,32.42360241120221
13,91,212433.64306660742,39.19585855433665,32.42871309000368
13,92,178782.3607781825,78.47313628271462,32.46408698523321
13,93,195737.64607701695,64.95799563592827,32.361522151175464
13,94,233211.1233760413,40.56131469795842,32.34002852975888
13,95,198537.72872401433,55.369208546272,32.40560933442217
13,96,201857.10512779967,58.42873484446538,32.34560150410911
13,97,225544.35997734172,27.612088932512854,32.48194943588376
13,98,229165.35372332524,40.38851747072634,32.34653998575786
13,99,224904.16720577725,30.129348872685256,32.54663887769898
13,100,205749.83163203468,40.75268455508234,32.49578073670611
13,101,274066.7296327937,19.59440062476805,32.59418483427093
13,102,209609.743313703,58.85917160448682,32.33999331638641
13,103,229761.71491345164,25.363952342432917,32.52936524722402
13,104,218623.51976172085,30.978790324483704,32.55014824981522
13,105,227094.21788633207,43.85340317908367,32.32837095636086
13,106,229617.98198940692,35.72526274719528,32.36322998361807
13,107,207477.60763113823,37.373459135513805,32.52149298414787
13,108,202993.87081492372,56.58263573074197,32.357538458319254
13,109,243609.57829233824,23.661518672784375,32.467851311354664
13,110,175659.7645231658,75.16391520018477,32.533584943456844
13,111,182722.5321206298,77.71846653790882,32.410479170686116
13,112,200557.74181264115,59.47365110851986,32.349248131361804
13,113,199862.8029528266,46.853245315488486,32.46902236225206
13,114,194793.693210612,66.52009865632891,32.360188463745814
13,115,194079.68749122828,69.46043862273439,32.368875334742086
13,116,208034.31428656494,59.828705771320045,32.33682372555427
13,117,211627.61857093102,65.03971858326577,32.3204118354751
13,118,178738.79316813545,93.55361566670734,32.390354043864605
13,119,218582.75898929284,52.955998675319684,32.32447038556586
13,120,178271.63766920415,70.56630119901253,32.49400235057854
13,121,197094.58690511307,57.57995206886341,32.41638330430622
13,122,217255.81421309838,32.78959747601251,32.48534808721965
13,123,223558.69478923682,31.440774645671453,32.447101107257126
13,124,221539.3540800535,38.216715786000954,32.41993794398984
13,125,261444.32739285007,21.766875202922805,32.579539385789914
13,126,176623.8237981727,76.43283232910105,32.47360310795027
13,127,176623.8237981727,76.43283232910105,32.47360310795027
13,128,174855.58075501025,82.41942284241557,32.47044512772095
13,129,208662.46801563143,41.264780974392984,32.39417347955636
13,130,259051.95187081635,30.286577659372284,32.406336407733605
13,131,194323.2851513155,71.80195917549992,32.347798414025476
13,132,202432.9757132306,51.43438896444809,32.37204225298123
13,133,224855.14886922674,36.720557341046884,32.37422989304429
13,134,201377.76820958842,46.38531223994838,32.4872579145739
13,135,184735.63368972525,73.24173182308398,32.401583896555664
13,136,262323.4542455338,21.96567761129213,32.44102496716893
13,137,186352.40874350214,81.39304755056557,32.39148547366799
13,138,195641.7270296621,62.978032904311576,32.370308312408554
13,139,200853.13701376395,50.96495746867486,32.40148656230568
13,140,202550.13745617482,40.23477888326424,32.51333591209469
13,141,204974.19071350264,44.92445726220262,32.43906513312818
13,142,206383.83986629284,49.22003808256905,32.38091077949075
13,143,193522.2310130311,65.278376981446,32.372164930112035
13,144,225482.89958568895,43.582835758161565,32.334814188523396
13,145,184485.19346815997,67.94568149166226,32.42558365402881
13,146,176756.52446322708,77.45939635102407,32.47044512772095
13,147,196512.94309570597,66.54844117735085,32.35174084073628
13,148,194532.69440974668,67.57532502554251,32.35324365099169
13,149,181060.41587051318,82.606501194872,32.40548001155388
13,150,190215.86605004038,59.229487675794076,32.445745320445575
13,151,248851.7228163575,22.71213437913834,32.57012068811902
13,152,222311.55445517192,47.107772407009385,32.32231155670789
13,153,230588.01183981192,30.72253825757268,32.43952908205917
13,154,190335.09337160378,62.424468816520246,32.399232937727106
13,155,203447.875875636,42.19972412912191,32.491563746625275
13,156,195295.06216584065,61.06510649411859,32.40712076993732
13,157,208097.7462801615,41.844334506373954,32.448386619296755
13,158,182793.08946999256,74.89242407649071,32.41321895901632
13,159,174511.26800037018,79.67982764516732,32.561259019546554
13,160,286239.88332390605,17.790968850341756,32.57196248673311
13,161,286239.88332390605,17.790968850341756,32.57196248673311
13,162,173463.19964344375,83.93174391558618,32.52338655181629
13,163,206995.55381362292,40.117128688341204,32.51792179653721
13,164,190684.67799997044,50.52020383795374,32.43594493438178
13,165,179239.61836528216,68.40685661393125,32.53298916915081
13,166,228072.05179302074,33.27416729361348,32.37313245777759
13,167,209813.38266439328,57.788501109569516,32.32984855103284
13,168,219086.09227842424,42.17614623460372,32.378081897051146
13,169,222309.34448141255,45.34238473518007,32.33232885864179
13,170,243381.63289878087,33.94650511055275,32.36888637402134
13,171,175050.54190776416,88.35269795616165,32.43104210996563
13,172,237971.58372067334,24.478056298089946,32.5335538543861
13,173,196147.226020852,60.803092916237865,32.40290297143622
13,174,261680.74119010632,21.57070350869742,32.59621868501955
13,175,241622.8177297986,24.030328194225063,32.56802712887115
13,176,241622.8177297986,24.030328194225063,32.56802712887115
13,177,183314.62398565983,58.45962205763085,32.453889514086626
13,178,203048.02753455,68.5553054816652,32.3333529223675
13,179,219147.0125333345,32.193986690138125,32.53659305184887
13,180,181722.87556442665,67.16990079093355,32.459024432488505
13,181,198508.42006137705,48.220173669124144,32.46151160672842
13,182,222809.34029109566,30.816982667040435,32.48091897279083
13,183,249168.51676358137,30.46183652042683,32.37519766446633
13,184,173955.45658403944,81.82081873762715,32.50218887788748
13,185,173955.45658403944,81.82081873762715,32.50218887788748
13,186,181306.86258312245,74.93234724314692,32.49096223485127
13,187,200195.66153564947,61.6521575467366,32.39945270545328
13,188,216276.22525823867,49.91750278891335,32.334993662216576
13,189,246170.3774733643,27.113586214414905,32.44483565272387
13,190,234631.34093095607,28.868398565877726,32.45666739618473
13,191,205691.51038642606,43.91866457322628,32.47957299393029
13,192,246789.3529291754,23.47206457244567,32.49374698443073
13,193,208489.60223117465,61.37419236419011,32.335446481615364
13,194,221960.06188006903,38.40931620605586,32.3708098092345
13,195,218036.31520458718,44.28187991059016,32.35683415607535
13,196,208316.1088929581,38.86706686772347,32.47716016536185
13,197,225363.24003666022,33.97765932814425,32.37715187050969
13,198,179925.35623607767,68.1463593714614,32.561379235659544
13,199,177658.96528250707,93.24713106081539,32.406291286292884
13,200,183312.8002316237,60.55068209831714,32.4476555829215
14,1,399732.2534980063,28.459543965532347,33.725110921586136
14,2,399732.2534980063,28.459543965532347,33.725110921586136
14,3,401529.8345935235,28.3153040326076,33.6480451543206
14,4,201358.4898450243,123.54987619116206,32.90327409884326
14,5,201358.4898450243,123.54987619116206,32.90327409884326
14,6,252043.35005317692,95.40978062975425,32.820140708611376
14,7,187262.93259578184,122.38074658506075,32.933590733012444
14,8,187262.93259578184,122.38074658506075,32.933590733012444
14,9,344187.7310297358,29.489799397278205,33.3562409485944
14,10,368353.0649483875,28.909846584308287,33.31735097192837
14,11,399063.9603450301,28.836183477178004,33.68912513524927
14,12,399063.9603450301,28.836183477178004,33.68912513524927
14,13,353254.7810699884,29.242360898926737,33.23113080654964
14,14,312444.79049438715,33.62022562500199,33.184672625519234
14,15,401169.7122962871,28.620623512310047,33.64984728301907
14,16,341796.39990671223,31.16745872264882,33.23877983215245
14,17,196083.8487795011,103.72755624053218,32.959379793586336
14,18,335111.4206770214,30.75381752089396,33.28430177278871
14,19,321194.762052266,32.09168098698734,33.263762620945364
14,20,319242.6778265007,32.544420607296104,33.18192297366322
14,21,264931.0291119683,46.73589232689106,33.112187098536886
14,22,351944.3175724406,31.555643219768914,33.2141803173753
14,23,224858.59321637958,83.96868834663941,32.865165246262045
14,24,196958.15701662813,105.51669149359986,32.94741789209537
14,25,320646.0363209756,32.12432092741659,33.068334725768615
14,26,305034.53291927505,33.37416994216811,33.19081913660631
14,27,305034.53291927505,33.37416994216811,33.19081913660631
14,28,257214.0563694471,58.35154495224395,32.862410059685786
14,29,255157.011875287,49.22565068965765,32.95921168627938
14,30,208808.6802405271,91.74098933870366,32.873523454980116
14,31,280265.5880100577,44.95988544155927,33.01625661531518
14,32,194633.19135932476,108.98007437982238,32.93540593602257
14,33,319860.77305726043,35.94315450709431,33.08528556440459
14,34,297016.18620042776,35.67593087132294,33.13756088770427
14,35,288547.5149289455,37.57334484284209,33.08893949777812
14,36,230468.41167011234,70.39654987186758,32.8554167954484
14,37,297622.67722554563,36.80733695644412,33.116542915861395
14,38,193948.8886045127,110.79267005679887,32.94811287582934
14,39,292815.2143847175,37.46500009672452,33.156448236802305
14,40,208253.49571148393,90.89353059262496,32.93946162063127
14,41,202136.5470526153,115.97152273588246,32.90484454697942
14,42,283761.09709228686,38.786461271950536,33.03588480863744
14,43,262829.7180117782,48.18616088479583,33.05384855557945
14,44,258086.75253362686,76.81605012120448,32.82304054944623
14,45,216466.97760384492,75.74646377379496,32.88308989369607
14,46,218295.64709154653,64.82621069068716,32.93386193710349
14,47,246803.8309411438,80.1806252526969,32.82409776302595
14,48,295892.7545651283,41.64930054307353,33.000100546685424
14,49,270428.3781253688,57.4206625382011,32.87700997932853
14,50,325382.11359131214,31.067920525094987,33.30363144161462
14,51,204861.92648639827,99.04758461001862,32.92581756206823
14,52,276508.8024328534,53.51451899410533,32.860341427241885
14,53,234592.9136635919,66.29906070145154,32.889811773497804
14,54,197534.9219115139,121.11339290015387,32.91758606779193
14,55,244852.1566820559,84.93055211793094,32.82240821122947
14,56,188821.62943771845,120.02244076613975,32.98838504099233
14,57,190606.0078384337,114.42543804958063,32.933590733012444
14,58,261985.0820051243,46.47847686376799,33.142089568097774
14,59,191244.6460344217,113.44145910362383,32.94245515887361
14,60,196383.78756033376,100.85208363289101,33.02639802196304
14,61,189282.76330838722,117.17362050992705,32.933590733012444
14,62,189282.76330838722,117.17362050992705,32.933590733012444
14,63,327571.3085916857,30.411527774694452,33.33280463654467
14,64,350309.95932350756,29.94210374004022,33.269013199808306
14,65,193557.1517531724,119.16355397283377,32.92983182897878
14,66,203590.60593160737,89.45290788224338,33.00469146414026
14,67,210646.41271777637,81.01290736161208,32.971929079425514
14,68,228340.7906691837,80.67281315627167,32.831335893802596
14,69,322115.4704188932,31.60152566339458,33.34635118180382
14,70,265842.2492761415,47.66487344675138,32.980659834893494
14,71,241714.6762102925,73.69807777671564,32.844760948072484
14,72,340055.6893125495,29.668736235960946,33.34662222517476
14,73,340055.6893125495,29.668736235960946,33.34662222517476
14,74,199143.196967937,99.9225488259898,32.96153891583815
14,75,274655.4724090018,47.11111959069049,32.9551866793866
14,76,290119.1988821778,40.20099413211123,33.02847362222227
14,77,205969.52064625698,86.81708603806236,33.02336656705428
14,78,331855.43133019586,30.31894716433988,33.29651816867972
14,79,283310.6783325916,39.83299079736321,33.03197963178028
14,80,211683.60782860336,78.36560288619467,32.90077355000021
14,81,238183.84115569416,75.00200299283321,32.837523972206576
14,82,228389.5242659153,56.75975395899421,32.91940942930169
14,83,208718.88945067622,82.71577106366341,32.91227505030257
14,84,300507.2583150204,35.04489128123036,33.165372853864724
14,85,300507.2583150204,35.04489128123036,33.165372853864724
14,86,281306.2759728369,43.92373782920843,33.035139194919964
14,87,215587.90945943742,86.57406884518919,32.873523454980116
14,88,286889.67263468535,40.94416206482367,33.009498973247226
14,89,286889.67263468535,40.94416206482367,33.009498973247226
14,90,239754.19045220502,63.42384229515583,32.88702357922901
14,91,233880.42884494248,80.37352069195045,32.85102590152244
14,92,241221.88483884349,79.67993683487748,32.83709051456726
14,93,242695.32592675183,68.66063194184161,32.83989805225661
14,94,271941.5270486455,50.519390628638554,32.929782912129156
14,95,206907.6379050813,88.07498572996869,33.00419513283294
14,96,250817.99086904124,95.67242649579293,32.821433478488004
14,97,344109.009358343,30.029654798460346,33.2822808527219
14,98,228977.4616755385,67.36375012808806,32.891003031374915
14,99,326803.69761014683,30.77476205853442,33.31867149928208
14,100,282203.74353910954,44.334942839192415,32.95742471679005
14,101,198082.20715356487,107.34034956458291,32.9438438177288
14,102,226190.5212451798,71.32635857870088,32.90848775965498
14,103,260828.94002745335,54.18737417715365,32.89634788896442
14,104,260828.94002745335,54.18737417715365,32.89634788896442
14,105,232200.4828774389,62.628551980109094,32.905189747413196
14,106,300962.47701977554,34.58678654105814,33.177448402811805
14,107,245604.46227646008,59.222020417459056,32.88906405026026
14,108,303944.05818872247,36.13231563447211,33.04358664689336
14,109,303944.05818872247,36.13231563447211,33.04358664689336
14,110,277545.88818645093,45.55253302690723,33.06111642599905
14,111,200625.20632391985,102.20090308500906,32.93585159359378
14,112,269244.52667155745,52.78624804692565,32.909542924014815
14,113,272048.32526018476,56.30223034834005,32.87034862709185
14,114,220695.227097122,77.41427259517832,32.87902865062369
14,115,328969.5619482986,30.180968721187394,33.314252353212815
14,116,238278.38005754515,61.543273565371415,32.89923536719946
14,117,238278.38005754515,61.543273565371415,32.89923536719946
14,118,266963.664693382,46.53176942518342,33.12625818428324
14,119,207197.13929526307,87.5442387032944,32.99497324909492
14,120,231138.67766654375,69.63618745387342,32.85534064301553
14,121,226337.03497091628,68.04641540062288,32.87780319458487
14,122,248703.42196828988,55.99832231245243,32.98111294772073
14,123,274121.75782382325,55.826226750567734,32.8634133972627
14,124,198899.4052909513,106.62572772084448,32.93206462614409
14,125,194718.7125016621,112.47814677310572,32.93516982975254
14,126,193104.07974928492,111.28918134775816,32.95320766066775
14,127,309987.57964348746,34.29527330420292,33.17266563085029
14,128,309987.57964348746,34.29527330420292,33.17266563085029
14,129,306683.8000478201,34.03701930526782,33.18152220773696
14,130,237030.62721747474,79.35666634358773,32.840727880697024
14,131,348610.95626089064,29.523175706851692,33.27144267167777
14,132,323107.9726403042,31.916236187238006,33.1825296684796
14,133,277874.93932307756,46.70658040153497,32.907768659312126
14,134,201960.26443646805,122.0297379366696,32.91648172882951
14,135,281186.22873401316,42.69135854770297,33.06242304556656
14,136,294010.5684213303,37.675796416310085,33.06241073764312
14,137,290704.9082623572,38.402694785621755,33.05710577538086
14,138,290704.9082623572,38.402694785621755,33.05710577538086
14,139,248650.38520934392,60.344987394613916,32.85322928624417
14,140,248650.38520934392,60.344987394613916,32.85322928624417
14,141,264011.701333283,47.9760935484335,33.127068453881634
14,142,214476.33535847178,94.23564379969916,32.86890069230841
14,143,207954.6887723685,84.54794345968592,32.99117255019109
14,144,219829.3156205092,63.075911491606384,32.95100790383576
14,145,199721.85464830912,97.59435413965065,32.99491527182978
14,146,240053.6763072646,66.79366244164919,32.87252384930919
14,147,215509.18944891688,71.84193560725349,32.93767813258647
14,148,285814.2935878467,42.77636145777396,32.93133853918194
14,149,244135.09042887116,76.99213759256585,32.83231856182807
14,150,231169.65394521318,68.94687993693984,32.86742232405598
14,151,268005.1177740795,52.0295559905073,32.931689741096314
14,152,212973.38231566898,96.30518069976546,32.870026884431745
14,153,214765.87639031973,72.88124395909642,32.93767813258647
14,154,252977.54655485315,64.71403191759794,32.85266498085026
14,155,331455.9869055989,30.502391848663283,33.28958806537671
14,156,274230.2568587714,54.880122803944076,32.878907474418135
14,157,268009.485159278,46.25296062562509,33.142089568097774
14,158,284963.83837632614,44.912932884124764,32.94499764172329
14,159,235434.3213718566,62.60758583076251,32.89253454392303
14,160,201655.95638244256,93.24106711560246,32.9744033168013
14,161,194953.96967517515,114.29463453937804,32.92983182897878
14,162,306973.05189885385,34.07615953916341,33.176535212686346
14,163,211458.81190508313,99.45462832835288,32.87184163441511
14,164,251935.72747877438,55.44675816768882,32.947478963481686
14,165,268459.48368578963,51.193545983723915,32.926372617300515
14,166,206307.3727217323,89.41052757498878,32.984275069780054
14,167,200944.68916470115,96.7791588523092,32.97366972631032
14,168,243639.3432208728,64.32422021793201,32.885400478665495
14,169,293686.72320115956,48.68309387730112,32.875039351865745
14,170,204622.0696214091,101.69200525749909,32.943910546447114
14,171,233983.8629269983,64.0742312632614,32.89839322773356
14,172,217192.4010191592,71.55144504361543,32.91339825365978
14,173,200278.40239986262,97.51435775852678,32.98905822664291
14,174,346300.08498255664,30.311014283187856,33.23530514069645
14,175,346300.08498255664,30.311014283187856,33.23530514069645
14,176,202215.5477145123,106.671852240319,32.90983785468828
14,177,351916.97074804455,31.71577515778647,33.21890049756647
14,178,333074.84348675096,29.950287895264484,33.3276689736028
14,179,333074.84348675096,29.950287895264484,33.3276689736028
14,180,324614.50260977325,31.431154808934956,33.28949830435203
14,181,223174.00787400868,81.50443203813211,32.866869700847275
14,182,245462.9462712109,59.497015679998405,32.85465365075752
14,183,302725.37576534343,34.58590015423752,33.15684367758912
14,184,266787.26760455343,53.0376396964427,32.90165285122668
14,185,213362.89950676274,77.3202601682316,32.914045476953376
14,186,192046.27674336845,119.41149729620847,32.930418940971954
14,187,192179.0837471795,111.95497952700401,32.993627627916645
14,188,308525.6050338677,32.743130352075525,33.218631102766764
14,189,308525.6050338677,32.743130352075525,33.218631102766764
14,190,222358.4598997256,72.68677008154523,32.88420236886657
14,191,326195.9622562446,31.441604579360074,33.27532167354908
14,192,237879.0796058345,77.958982930564,32.84465121456169
14,193,330624.9928360428,29.994769286176133,33.33280463654467
14,194,201608.42689346703,93.52980219302655,33.00330369882595
14,195,293642.48345505673,42.116236026240124,33.00159227517953
14,196,215542.83536298847,82.17663719409406,32.88420236886657
14,197,298612.14446946053,36.51356971824772,33.00907077375497
14,198,222106.8951175033,73.9460088164163,32.88459872404863
14,199,276779.43925061217,50.88410437674914,32.90942333209763
14,200,205324.54332861456,89.07842874324271,33.02877124317635
