Cluster,Solution,Distance,Turning,Elevation
1,1,321000.14355672785,37.30604475571842,28.525703124798596
1,2,321000.14355672785,37.30604475571842,28.525703124798596
1,3,321581.4325704407,36.31103268245453,28.46573493126901
1,4,232150.80703125434,75.99646797132216,27.36354680297286
1,5,270552.8671991861,62.2088339013335,27.079810888740845
1,6,230615.24412716026,72.69785663475267,27.38819039048951
1,7,325633.7567622925,37.13729929167399,28.249052934857893
1,8,311028.29955691553,42.460244911437776,27.58650246642418
1,9,318545.5362733908,38.09360960709163,28.131237578774538
1,10,294750.37253365124,42.551059983825816,27.32739087697998
1,11,294750.37253365124,42.551059983825816,27.32739087697998
1,12,292000.4789800541,38.14917516035488,28.031202941161048
1,13,314431.02383666195,37.95426048233423,28.41142975201914
1,14,314431.02383666195,37.95426048233423,28.41142975201914
1,15,286926.66368972935,40.377510778039564,27.730008105137017
1,16,291463.36830693134,40.02445355125859,27.884311491165086
1,17,324042.08632800245,37.933224384571965,28.288150263840993
1,18,324042.08632800245,37.933224384571965,28.288150263840993
1,19,233757.28550964384,73.36199269479413,27.371534410068666
1,20,273369.3820411403,45.283129775464324,27.647787505301597
1,21,278243.886605194,43.56058468727078,27.78749087834396
1,22,269985.3244970039,59.35338570468981,27.140059616142537
1,23,280124.41329734813,41.08669557005484,27.861888797197253
1,24,270653.2908624712,44.6781597451796,27.975812147327144
1,25,281789.84018801525,42.873904786053785,27.76581913652163
1,26,287542.9637917944,39.341042607414074,27.934444890503308
1,27,287542.9637917944,39.341042607414074,27.934444890503308
1,28,241164.44120059535,60.13532347669584,27.63067377096449
1,29,289071.5514088891,46.251335551362914,27.23974083697683
1,30,264872.9993755919,49.68713647086133,27.84011667515925
1,31,242958.99569845377,58.16591123996353,27.478636384326695
1,32,277651.1922894037,42.697413068648814,28.020556185154895
1,33,244376.12940864544,69.68513706734213,27.299892204233704
1,34,245571.18990793612,65.54267034916411,27.164718808584304
1,35,238850.9538646789,70.68971249895453,27.235070990798537
1,36,259713.14787021646,51.54304579138529,27.41346260742296
1,37,246330.77367593395,61.38350304602259,27.401834874019997
1,38,285077.40907609824,44.69947942992344,27.240518974187776
1,39,265411.8766861247,48.20052795958969,27.584147384090656
1,40,244216.4830186057,71.8598268587503,27.189551538537323
1,41,288191.8093060198,47.1662821217958,27.21994314956277
1,42,278626.6007941834,60.013444631016036,27.111688735989077
1,43,268423.4031421351,48.64708841990116,27.473478954140322
1,44,234951.57562282268,64.87459567823574,27.57143320262263
1,45,234934.51627221398,67.37697471661805,27.35937444581025
1,46,257501.99674848592,62.872806155737756,27.293512100717283
1,47,264675.5361112775,52.84427305344214,27.273704153653576
1,48,236869.43216080914,63.4107073269152,27.59675404672341
1,49,283116.3627569151,55.140438802357686,27.17498102116785
1,50,239206.72598903175,66.3608491115448,27.3443058767085
1,51,251455.42612255688,55.924293953060065,27.57444114497132
1,52,263908.8681887768,49.85967406391842,27.732727828738167
1,53,255424.02445858784,53.02580060108752,27.38274161425108
1,54,253249.15614978492,51.871031935642215,27.528281859078835
1,55,236082.6940643254,68.81990981352993,27.34923376903978
1,56,232838.01578574983,67.96336476420129,27.53006426933435
1,57,280372.45463113673,43.71396521352645,27.317967684339017
1,58,250354.41423350765,61.82450812898367,27.322658403682393
1,59,266869.766986822,56.95599404793762,27.149483515347207
1,60,277150.2026476405,43.86085860633473,27.48293701747783
1,61,235117.29772438717,66.42848406918957,27.543601791343733
1,62,237417.16777839017,60.88030954604844,27.455711940675133
1,63,232753.88517296794,69.6315251109219,27.535137622246115
1,64,276882.13834639505,50.44677564986205,27.25449765424776
1,65,264416.9165435173,49.586231220716655,27.860447146984306
1,66,272849.91826053045,51.06507134239019,27.2344018616282
1,67,232150.4294836004,71.41984195809982,27.464279117512742
1,68,278410.63099166844,52.15385854746701,27.231719921860087
1,69,279878.04138736025,44.63017971262468,27.372283186220894
1,70,259304.9088742466,54.79574185034722,27.346338716822853
1,71,275443.7938986178,46.653443401066006,27.405473924066484
1,72,269046.4521806427,45.474560580156364,27.453065732844355
1,73,235629.87799984223,72.59983061429772,27.330648726677616
1,74,278829.1047738398,47.77332168848461,27.20994213433642
1,75,243273.01440842784,65.84616647569386,27.403307845527287
1,76,267644.5075385552,47.790033031744066,27.490245017960767
1,77,247985.71501321226,60.63657413465965,27.4114138673073
1,78,250260.8266901237,65.61507766185868,27.10936508061567
1,79,261746.10104290087,57.32228439936924,27.242333574902084
1,80,281711.92628474673,53.927582862191436,27.199932098773125
1,81,249208.05077437585,64.249967435913,27.368467890163355
1,82,232829.43587248874,70.92383225183866,27.44063492535378
1,83,258121.14767331857,57.65589947997423,27.221677439392185
1,84,236318.15566917532,63.692912243992495,27.423639417628667
1,85,262071.07281561117,51.14689317340817,27.493542185719775
1,86,271612.4221895315,53.642133948043686,27.25490449582178
1,87,275167.3628573065,53.572326780965376,27.233641273618563
1,88,275820.2147697888,44.88520414436557,27.264351864322617
1,89,234604.26303174018,68.62874053538542,27.457460394003053
1,90,254827.71930233072,56.26495845233093,27.37393348710095
1,91,282812.94628626877,42.66879605419632,27.604152528855693
1,92,245857.31215239255,64.66383911784501,27.357580717566105
1,93,254258.78711979536,55.35464021393708,27.521574197741227
1,94,263706.30299593287,55.621421780540274,27.2025511643132
1,95,274347.5600963171,56.536793897094974,27.144667385398844
1,96,262993.80749855307,53.70408952281167,27.270242645263696
1,97,264870.9802618968,50.01117263006134,27.54443907897312
1,98,266499.56853803544,45.36490560161552,27.510347951429466
1,99,256250.77608350533,54.2267951801495,27.37393348710095
1,100,256250.77608350533,54.2267951801495,27.37393348710095
1,101,266866.9609416266,49.01548438323199,27.42566835069404
1,102,249953.50716691426,61.255873708382715,27.33242274293224
1,103,276169.6551285748,53.84091203397184,27.21282237767385
1,104,273868.1924377938,54.85424696364144,27.219400213117456
1,105,248527.80010424118,63.62519639909257,27.369548149363208
1,106,266749.31443225185,62.33592767046055,27.187620393829544
1,107,249682.95897287797,55.98137074993628,27.464527697398843
1,108,253448.60237784625,60.245913975998064,27.340633773117133
1,109,261357.14825765145,53.63730205577872,27.34466612752315
1,110,248032.55705179236,64.42467158182518,27.26827620127534
1,111,257439.76285920345,57.73926917835658,27.338039067996686
1,112,262108.7662196493,50.13130599828599,27.365797942906926
1,113,269562.39583252,50.02277598878489,27.259863887659392
1,114,261443.14779702044,50.32783402740351,27.612935629276702
1,115,233197.8499062139,71.55923564328586,27.377755367038187
1,116,269058.5677451068,45.43686830058445,27.444703470408697
1,117,233315.08871867065,70.71877271346426,27.52382038524726
1,118,257198.72574149247,55.91877216536185,27.360054740332256
1,119,253734.71468669953,55.3851100393641,27.377942799212896
1,120,257557.373284231,55.894515942676755,27.298862325411406
2,1,233231.73895876628,44.0300388131956,27.304033268286155
2,2,226145.3607657791,43.67371255619371,27.3879701618555
2,3,226145.3607657791,43.67371255619371,27.3879701618555
2,4,226145.3607657791,43.67371255619371,27.3879701618555
2,5,283635.1236995981,40.88111818173087,27.631098054495467
2,6,297063.56737424876,41.022005672987916,27.610598708196555
2,7,297063.56737424876,41.022005672987916,27.610598708196555
2,8,297063.56737424876,41.022005672987916,27.610598708196555
2,9,298309.7809159951,38.64491928357227,27.62227446214797
2,10,298309.7809159951,38.64491928357227,27.62227446214797
2,11,232503.24786951457,43.60772231353598,27.44995785942379
2,12,172962.3282625489,51.49172406322197,27.139382956945965
2,13,297749.22890621825,39.45470397324792,27.679164209911725
2,14,297749.22890621825,39.45470397324792,27.679164209911725
2,15,297749.22890621825,39.45470397324792,27.679164209911725
2,16,297749.22890621825,39.45470397324792,27.679164209911725
2,17,297749.22890621825,39.45470397324792,27.679164209911725
2,18,297749.22890621825,39.45470397324792,27.679164209911725
2,19,297749.22890621825,39.45470397324792,27.679164209911725
2,20,177482.75668067927,51.467728548242086,27.13254536541133
2,21,153152.60438648087,70.48760557704051,27.09361876263457
2,22,187667.1557094173,49.888406980190425,27.10100232197916
2,23,157973.93247243934,78.64133274401178,26.995843775246648
2,24,157973.93247243934,78.64133274401178,26.995843775246648
2,25,153846.31609119824,83.593266160208,27.00070457133343
2,26,145544.52971332462,72.46009318464206,27.091178165978036
2,27,158842.42405575042,71.48468405643042,26.99432764417564
2,28,237066.80255841976,41.585844909293314,27.454622357785425
2,29,299736.792911181,40.564017730260524,27.598753300967758
2,30,299736.792911181,40.564017730260524,27.598753300967758
2,31,158796.624800968,69.81165005458053,26.99596557055274
2,32,294645.3429483136,40.012014387151936,27.6460164225578
2,33,179298.86993356625,58.65123171434171,26.998151066355618
2,34,153099.32779056614,63.82345451572108,27.115745153032236
2,35,291797.9139879674,39.67385244318886,27.661087590825673
2,36,154533.46464127183,71.13298317873094,27.031341791627014
2,37,158195.0960979456,75.12388621944933,26.98925095966232
2,38,178100.17801355847,50.38423388976264,27.12149930892187
2,39,160137.63636069794,59.665323397120844,27.10908329717379
2,40,160137.63636069794,59.665323397120844,27.10908329717379
2,41,157995.63776811253,63.32604896614226,27.103784945090908
2,42,173198.21676170043,58.89116641882899,27.03552874395423
2,43,159857.76691611717,55.35715017023202,27.112058308950324
2,44,165562.7983327352,58.899968544523524,27.04296197725749
2,45,156985.52704137532,73.43101931095323,27.02541704635898
2,46,174389.8778245421,60.67966367937001,26.993658081809173
2,47,157268.49586257729,81.16258588910937,26.962110288240346
2,48,175475.95301839587,60.07490199539051,26.983803373494155
2,49,167757.2359439366,52.56330774081193,27.118311933482985
2,50,168913.9719472217,62.27797791310633,26.99269847624204
2,51,142340.3674210537,72.78437764931435,27.13249766438478
2,52,162535.82119479156,62.952055123528226,26.96861484581651
2,53,150012.3236889592,87.18615557285075,27.002402615793642
2,54,165719.2637076084,52.899815064197504,27.038057587731863
2,55,209304.8970061913,44.83815693486132,27.20382312320549
2,56,151588.67707480953,74.83123575330043,27.006015767786003
2,57,168290.74743457645,62.57014432517262,27.01416170204665
2,58,279599.06177750597,41.14967538616013,27.622961504132682
2,59,170266.91013961728,62.00104759155743,27.00880778293059
2,60,177188.17570824994,57.60131212082954,27.00550559249777
2,61,160071.08673294025,71.55427700364721,26.982237638070004
2,62,150768.97952055917,77.6137331523728,27.021819499044668
2,63,160958.36202306155,61.63287037479486,27.105554416378922
2,64,171062.8017727809,51.56544868251539,27.06367492922093
2,65,172777.0601678303,61.072563260571805,27.001589870585384
2,66,155664.17760786723,80.17918930247615,26.98802522610955
2,67,167550.94589967068,76.85923537824685,26.96039172531666
2,68,167044.9755918609,65.04227680183165,26.964190393516965
2,69,156234.35224764628,74.64640325889802,27.03105757573387
2,70,176559.9188127436,62.76131782886398,26.97801258493029
2,71,176559.9188127436,62.76131782886398,26.97801258493029
2,72,152484.10008168494,62.73206013141748,27.124034959969762
2,73,160533.26239466458,62.31243747437575,27.098869801866805
2,74,168713.34889593883,63.58402962110002,26.966783148483408
2,75,174911.37064068762,61.1174060079461,26.98790048150964
2,76,139988.75274577332,73.6668332125038,27.031907690302837
2,77,158614.6633231516,62.41167763253861,27.048065757630546
2,78,188022.1390650404,45.30290764799281,27.138152246940123
2,79,164458.9920903893,59.90803566244405,27.020982999507716
2,80,149826.61436282616,64.38627829667189,27.129099811118785
2,81,177089.67260245787,62.156995065455476,26.949614068219596
2,82,150558.4067351294,69.6700897057466,27.1063284791788
2,83,169411.10540953046,66.59115313320353,26.95487360077687
2,84,147870.94287814238,72.12004785464296,27.067594062675475
2,85,158654.45723067853,73.67599199221249,27.007934757347478
2,86,153827.47563910752,69.95935873921817,27.08283433582276
2,87,170900.82486767863,52.325660851599594,27.139382956945965
2,88,186946.0888834867,49.22938656894094,27.16191416744661
2,89,161892.08467312023,72.46080158657533,26.969028776620775
2,90,160312.48748612468,63.25987289201084,27.007035504762086
2,91,162263.18411305154,85.0297433144088,26.958552635572723
2,92,184320.9615814845,51.459418502878165,27.07522422944112
2,93,163035.16190277372,57.953660733429274,27.072591838077614
2,94,176615.0489422093,54.17767691144793,27.006914311091997
2,95,149542.1229773969,83.13936286801136,27.030752430432166
2,96,157993.08493444402,80.3634407902425,26.96552358985626
2,97,159110.96610182332,68.52420621122337,27.04782967347859
2,98,174310.13977376296,59.061680752004115,26.999344584726565
2,99,162352.94798004633,74.6950446401243,26.964036760824172
2,100,191306.23380055922,47.813064112894956,27.120757181825205
2,101,286605.16475275863,40.41387475295047,27.627626966770087
2,102,152674.59301579476,66.54036203334948,27.121688930975722
2,103,155427.24415760871,69.48994784421185,27.104294317983225
2,104,159228.73577614807,68.54922361779894,27.036093631538677
2,105,172663.93483938917,55.244549961464465,27.036838529712632
2,106,155718.36691546795,64.85270854074363,27.058240143599583
3,1,266000.0353998885,37.313024874665864,26.98835449820779
3,2,183828.92156897148,87.05156269797483,26.812064608461505
3,3,185531.2675541313,88.66859609217029,26.80052093991352
3,4,185531.2675541313,88.66859609217029,26.80052093991352
3,5,206889.29191920772,70.9331121218488,26.62351593353406
3,6,252992.35950321206,41.241575071432464,26.78679162201381
3,7,186675.09306841064,84.8517934243603,26.77678808849884
3,8,239777.6296050336,40.92538274369454,26.966775161605057
3,9,192318.71420079528,72.37107921773374,26.812371456183925
3,10,203322.69333670483,59.69176061712207,26.790025557231175
3,11,219657.77265274193,49.08590506880382,26.883224005662747
3,12,192148.2084725681,74.90792717890363,26.708408153872277
3,13,187168.10336959595,80.05503002725024,26.708204147890925
3,14,187069.6466796021,77.66896960007101,26.86010098395701
3,15,242419.11402800502,39.741296468827066,26.948973577783526
3,16,215035.02051729395,70.19418388761123,26.635170760986426
3,17,191968.94193056785,81.29590980008955,26.700994049450046
3,18,196936.8728825642,61.098848825082825,26.784482534883693
3,19,248927.56528195553,42.759355167731094,26.81487053424511
3,20,195329.18896645485,62.7834214427664,26.84462039851627
3,21,189833.4441449548,76.29729042216844,26.744307029525018
3,22,205520.05339846457,67.37543215134518,26.662435785055848
3,23,226038.00116446987,43.600918197030914,26.903156031990882
3,24,226038.00116446987,43.600918197030914,26.903156031990882
3,25,214171.5681062626,59.927501729761005,26.6551815276314
3,26,224883.6198631498,46.39970340585916,26.869539323362034
3,27,184266.93257444675,87.27248443995123,26.802379995341134
3,28,198217.40176404826,58.606517878848834,26.880641380960036
3,29,236566.97729637768,58.738296306336196,26.66539012584598
3,30,207111.4387292706,58.09076818457707,26.687553823858266
3,31,186735.0495720972,82.26327503818543,26.863178373018165
3,32,236139.23265943225,61.52844492118383,26.65305671522023
3,33,209128.8008130006,50.48569610876073,26.95693719306535
3,34,200805.52046203654,59.88699040699016,26.695987795878764
3,35,238876.32707312942,48.38534827481862,26.73372075465774
3,36,246488.4345089544,39.09952888838833,26.8782251761548
3,37,208038.80242446857,66.97695877483785,26.645870713600118
3,38,218662.94695411445,55.126037631832624,26.668613433747602
3,39,247381.08727649593,37.69195627141807,26.928485071248616
3,40,238621.8243837471,47.09771491548668,26.74017437418069
3,41,189963.0365961613,63.67654063396463,26.91552257958815
3,42,244930.95413597184,38.70664859987966,26.945374280179408
3,43,228312.7081208594,44.52270178289117,26.859482064980632
3,44,195282.47457350866,76.55894549179503,26.705263787582318
3,45,220172.59934622666,65.40531108479016,26.64721217176728
3,46,196310.71253149916,62.349388722019384,26.912678780698883
3,47,231503.77429886314,41.69770781516495,26.862901511989385
3,48,213866.78137398433,50.00669944768502,26.934937827554123
3,49,204903.376235417,69.49789418980022,26.6762898714031
3,50,191182.73890547114,64.62798266571684,26.813283887692265
3,51,215498.37941551226,46.904933878259726,26.92473352855962
3,52,221462.5626987758,53.092921023243484,26.717503003052123
3,53,207820.15566979314,57.27332301374818,26.76846091647419
3,54,221228.90403666245,64.25866547909848,26.641143148784558
3,55,188003.5843768388,68.73556918708486,26.82864531205619
3,56,225195.95044343043,49.19614155356128,26.83590613635763
3,57,230314.2947664735,50.08207128983476,26.742683611271467
3,58,251216.66741091997,43.302894614418804,26.787985115273997
3,59,223777.15860397095,45.13874915336038,26.921029676639293
3,60,194001.26040153837,70.60958235372789,26.709662250914214
3,61,198008.49956246736,64.49568203844278,26.677972013165494
3,62,222798.23552356582,46.575477973171544,26.85090519189354
3,63,201412.4952671555,53.30441897040396,26.821078160595427
3,64,218249.27479078248,47.697501013095156,26.909625645507667
3,65,220276.90639158446,45.05118295729445,26.932006593329838
3,66,226621.6522992639,45.40373547519313,26.828922507123707
3,67,227365.58934096457,53.44300945394128,26.697766753605514
3,68,212794.3736688877,48.150696555996355,26.9588055495824
3,69,241258.98806503275,44.05862286894793,26.765300245600635
3,70,233500.0112569864,44.47981146976833,26.854125619797713
3,71,243210.47865886314,44.24431573907777,26.7592793955277
3,72,225436.9315630776,45.924550575732994,26.82497217901573
3,73,206893.68487221957,56.267581591988474,26.816424750978044
3,74,210619.57158161624,57.93409125249668,26.709454608791006
3,75,186087.2387275486,82.11176789312563,26.911251423226368
3,76,216479.39768212842,49.98940601732395,26.75465561349079
3,77,230909.93516157244,51.71592920996105,26.69252376046738
3,78,217823.9897246728,56.00885751831994,26.692680766236187
3,79,194156.76890567466,67.57157642414998,26.76949779169425
3,80,231212.90237743442,43.446454527352095,26.944453225227562
3,81,240711.90206507855,47.08583655562864,26.806404909857527
3,82,221350.0603780209,52.089195218551204,26.72201614415119
3,83,246084.24735790413,40.51167638033905,26.840890166159376
3,84,213221.5974739284,68.47104623425129,26.637971478466795
3,85,208436.72966794303,65.81050833884647,26.653674792002825
3,86,232340.12994718653,51.32198920434853,26.6764535434967
3,87,221641.0824741159,47.984172334018226,26.863572858453367
3,88,225146.6068723908,53.94171163058609,26.671502083747775
3,89,243719.37515124018,39.00861866533671,26.91667374215593
3,90,241585.1825740971,50.99926310188549,26.72097025276905
3,91,223346.32800699788,53.96975283096448,26.714088930334434
3,92,212062.85109985972,54.52025287477525,26.726890504698083
3,93,208457.59093443037,54.91644653794765,26.725824201427642
3,94,252691.5550850061,46.65640969133078,26.737737925925444
3,95,240846.55264819268,40.45773332206579,26.91789189624791
3,96,217705.5475966484,49.76081250989578,26.855294947107538
3,97,196714.18093231195,68.08776127734932,26.73740776602316
3,98,234369.40083864995,41.42890131898136,26.91373875997148
3,99,248663.56378614594,43.40116866470195,26.827537717124066
3,100,212116.07849551982,68.94516462987183,26.6398463823309
3,101,245519.47229026209,43.56855266360605,26.748170477523438
3,102,240759.4478820745,46.323017281202475,26.775780300760367
3,103,204153.44512697225,57.99647005219101,26.75196007978679
3,104,210942.94669257966,50.31221140137121,26.766311719921625
3,105,222268.51118828868,50.89125700502587,26.754046595882507
3,106,197645.63346201635,65.72425187787675,26.707379004557005
3,107,251492.7546558778,45.44153773682364,26.746118144562814
3,108,207649.99047254462,52.08653018858291,26.856335778920403
3,109,231115.9846317583,48.85622312701237,26.75112396385518
3,110,227857.80772774827,49.78502888295979,26.82247526513273
3,111,212710.04318944702,50.28319375229957,26.756875319410177
3,112,212045.928498466,54.58642857357363,26.708047118599097
3,113,240823.59003559756,45.509926727506844,26.820059651326304
3,114,194250.56913135335,68.2492609860403,26.75926191087362
3,115,247020.21807946582,38.048938785112846,26.83930754536651
3,116,247020.21807946582,38.048938785112846,26.83930754536651
3,117,204906.05931083194,70.78283051808546,26.665692615768194
3,118,234739.20631342893,47.73889081645854,26.80471809655284
3,119,235110.9134995443,49.77965226222709,26.74304552483529
3,120,231156.02960807178,51.328148069369384,26.713271241351237
4,1,299733.43861981254,33.90699749541603,27.123538450289665
4,2,190676.4618136235,88.33170121072742,26.760526389186765
4,3,175572.19189703098,87.86364470692035,26.845272334926
4,4,229694.65982687788,70.65794422651159,26.694145166222306
4,5,219123.46490014924,47.56399029954964,27.00517278932942
4,6,264340.93360440404,35.09275996532893,26.981516392286494
4,7,264340.93360440404,35.09275996532893,26.981516392286494
4,8,247359.96618243732,41.31203973886198,26.9192281795252
4,9,249994.96076759865,39.509449963517156,26.91918230595322
4,10,259943.7826333625,38.95499419882101,26.949368175204285
4,11,231562.59113913646,43.78223030848887,26.97978800192223
4,12,245175.11763718544,37.42648399288668,26.95319645937456
4,13,218306.14053418758,47.98765408843141,26.99372269840063
4,14,239540.57793847148,45.303806549277525,26.859370738703028
4,15,178210.05808465718,82.20035687057118,26.88133068244663
4,16,179895.01154709794,86.76131067618321,26.827311977877287
4,17,243068.73357054457,40.62182419101281,26.930420554407853
4,18,244065.53489844434,37.88347505799503,26.95987674296432
4,19,261783.05831189002,38.16298687863216,26.939433565088862
4,20,182320.1837931762,84.63583429445738,26.80798641344265
4,21,185099.11372231707,74.21082918497528,26.836504565921253
4,22,200102.1931285586,75.58227543963517,26.708841391684366
4,23,228422.3381417361,58.99628944857673,26.769267337876236
4,24,186771.60005822545,80.23145199057416,26.778641678243396
4,25,236174.27341116886,56.38665566088128,26.771701115605623
4,26,240830.75351018086,57.183461338916885,26.758875913702177
4,27,188334.7703081312,73.95437017843885,26.791002648400806
4,28,205244.48680144903,72.13988589934918,26.711724767713
4,29,199276.98896410558,78.06824868670411,26.710582617467736
4,30,209930.80612595487,49.09160439039308,26.976318912521386
4,31,181436.75123730814,79.08617603293952,26.820782184600162
4,32,182364.1615314373,82.40746763789056,26.770635335064803
4,33,223656.66654891334,49.21412936306865,26.875201788794392
4,34,183288.69238276064,75.00227570991349,26.80952236397075
4,35,232422.4116761048,50.03323703070294,26.869232986171646
4,36,191118.03893251528,67.46668942761067,26.897384041472776
4,37,260127.2070951237,39.45655112049009,26.935356441949473
4,38,214984.53610583526,54.05983989545975,26.844293709279285
4,39,194258.06243223313,68.48580416719719,26.78173396512048
4,40,183454.27692455286,78.79532902952417,26.789646979647422
4,41,214733.3847460652,49.033812297274906,26.942049589305974
4,42,213297.11471920504,51.09849118644346,26.918670533273215
4,43,211121.9575233304,52.357069677378355,26.95544905648945
4,44,191959.6689668981,65.12283925886932,26.909004819876195
4,45,217808.0426847317,61.00169806391797,26.76486562865407
4,46,198781.41297608378,63.371629985179496,26.86084531473974
4,47,243869.73297994287,40.5190724607061,26.94612546208581
4,48,222564.95117381928,60.38360683992027,26.753820200803638
4,49,212097.2020808373,54.68095745138963,26.890119300952698
4,50,189551.0980688065,71.30893856156779,26.78141864210002
4,51,198798.69184105287,67.78899324097463,26.737288763292618
4,52,180512.58129862213,85.34136041348198,26.85678728384432
4,53,207924.9650834518,66.86467266762584,26.709273352673705
4,54,205920.26201467874,70.91288254765273,26.7261752026833
4,55,206797.91924280996,62.072295007547346,26.721631170885075
4,56,193286.40246635175,75.45364423871746,26.772868019039834
4,57,223282.60806083938,59.10972810970774,26.755210904739542
4,58,195543.7086668322,71.76853122083149,26.72884792266261
4,59,210208.83827608716,57.381308058065,26.91559552954226
4,60,208657.39659992696,70.128336937899,26.69760400800265
4,61,206328.35376902722,55.51081878542713,26.946486677039026
4,62,234407.64400897728,49.259761498323876,26.83701613950837
4,63,196540.295416312,66.23939011866715,26.793192539726043
4,64,192206.46148687333,79.95632731840978,26.704121736110793
4,65,201425.35005945916,63.005485440539225,26.879926914933158
4,66,211687.44025386233,58.145406327206764,26.81550378998581
4,67,235891.25973400415,58.203443857198,26.749068585780755
4,68,235928.6290449553,44.483707752595954,26.869361667727425
4,69,198278.98542682716,64.58655604295481,26.874439740849787
4,70,216613.4527767921,59.9003480546283,26.769998292651877
4,71,212335.15637159883,55.801175854566445,26.851798798770545
4,72,199363.4494375841,63.86219801363189,26.849947371607662
4,73,203863.71598749864,61.85589992057493,26.842339168417922
4,74,216145.68788852217,52.966296787365934,26.779718865525425
4,75,212425.26771794862,61.80089854462145,26.743630278546412
4,76,186612.0939590452,78.67687928700406,26.80411405066038
4,77,214083.53038595026,50.12244475717878,26.874650994506055
4,78,201221.43441516688,70.34628263285981,26.73448195004581
4,79,188029.28173498827,71.83499971866192,26.80167607138064
4,80,204000.8599136375,61.13897392489249,26.876991039732587
4,81,239599.0023108755,47.87563899526011,26.85528674888645
4,82,221008.02955031264,62.47462436167875,26.706519057226274
4,83,205409.5252809722,65.60569519900716,26.731378251979294
4,84,202795.1389751223,59.90575879787355,26.885210055845178
4,85,180550.23527208038,85.95102254650011,26.84607982674062
4,86,202068.38264058065,66.24475830347474,26.780233588123913
4,87,194879.8957484736,64.63637532052206,26.902667675080245
4,88,220461.41035687478,65.6323226481696,26.702047594738715
4,89,212725.48559610944,54.5534529099036,26.903860050596165
4,90,192499.64812891447,68.68255254444455,26.87337698310221
4,91,220779.9246713607,44.872618851407175,26.89886358704382
4,92,208816.004889056,58.60595903430206,26.84780421205432
4,93,211613.9840217393,57.92264326305809,26.889336572560154
4,94,202851.87607834447,72.02869608381009,26.720056392141323
4,95,209396.58622166113,58.95040998552774,26.82616746126974
4,96,214249.40225298278,65.7049905154142,26.69961745786658
4,97,212094.16973177533,51.45208451982947,26.95335614764023
4,98,208107.16788137477,61.134847713117765,26.822928942174187
4,99,233859.69795368923,52.919015255514985,26.779908874435925
4,100,201309.96632444227,60.002362907065496,26.905984117358514
4,101,229322.7755774896,52.5022821109047,26.84586973902489
4,102,200487.85912340367,60.86433191609532,26.899418187559945
4,103,211751.45288140135,57.59503098383954,26.795849472739135
4,104,211461.3536215105,58.837465457122605,26.83741536433172
4,105,192223.3384526931,68.74972195574047,26.802865248624002
4,106,215834.75694607696,58.70263068050599,26.793634375259828
4,107,205277.21860753658,69.43629985096388,26.73722745047337
4,108,205277.21860753658,69.43629985096388,26.73722745047337
4,109,220980.70419021,61.48373505539213,26.7163659497471
4,110,186928.3952253323,78.12659148677405,26.803239362958223
4,111,210506.66596644965,60.28515606919042,26.79655892291707
4,112,193849.16055062914,75.51033009979562,26.748895460936197
4,113,233050.6057774122,52.460834164295854,26.856029790387247
4,114,200614.90368334114,63.74833899483456,26.860156808527847
4,115,208686.50773270975,60.59265349231249,26.7974252681585
4,116,211250.54044146067,65.96053068176154,26.71606992414297
4,117,206664.3872808581,59.092314379596516,26.88136486283335
4,118,191844.49940914245,78.34253126899647,26.74563185874102
4,119,191844.49940914245,78.34253126899647,26.74563185874102
4,120,198281.7663361578,64.86163428088201,26.80642053033681
5,1,182985.38556813996,64.28761201954774,26.809278798789222
5,2,265509.14031579456,34.095029958559024,27.349222804759926
5,3,250674.38042370637,34.54557329288329,27.07264725975817
5,4,250674.38042370637,34.54557329288329,27.07264725975817
5,5,250014.42877110848,36.020284642375195,27.052867878721862
5,6,228491.1929876911,41.021187958798556,26.92908528114564
5,7,227657.05718762352,36.07408970019284,26.998180696783365
5,8,213949.54776135317,39.13587775688906,26.943663328055514
5,9,225066.1877000375,40.21263358929669,26.93249550512016
5,10,216707.08656306914,42.48321693371798,26.92943665533153
5,11,195031.69374227553,47.62778498640639,26.928502466686133
5,12,185828.11881975242,51.905369836906836,26.891196395077287
5,13,204919.45542241904,41.22849349819431,26.968486856339574
5,14,212009.0883627927,39.74175362302716,26.98003664937474
5,15,180785.70296040605,50.29369561121026,26.929699515172146
5,16,180785.70296040605,50.29369561121026,26.929699515172146
5,17,178895.4357150445,54.58553555390102,26.990585037575926
5,18,184647.639789159,56.08339237311393,26.838161067862714
5,19,184647.639789159,56.08339237311393,26.838161067862714
5,20,182336.5025383531,58.14470109637255,26.839889889903894
5,21,208121.952326788,46.33038989864597,26.837934391843454
5,22,190605.13117302596,58.86824399910792,26.833466488153235
5,23,189449.41321378294,48.47937902805088,26.983149049668107
5,24,207804.95102089865,40.64212426517692,26.995838443638696
5,25,186398.30567618317,49.248123508118375,26.94688373991997
5,26,190888.236477266,49.39010387576129,26.904257642014997
5,27,173431.66802053407,57.241632122580576,26.859232523646043
5,28,161740.97262195044,62.74905825574728,26.944840909522476
5,29,183637.85499860486,53.47175499178696,26.875225495698004
5,30,193315.7556407158,50.291154878060354,26.873525554694012
5,31,193315.7556407158,50.291154878060354,26.873525554694012
5,32,162148.01057591476,67.89957227744988,26.884788566212073
5,33,162148.01057591476,67.89957227744988,26.884788566212073
5,34,162148.01057591476,67.89957227744988,26.884788566212073
5,35,162148.01057591476,67.89957227744988,26.884788566212073
5,36,165890.88963582204,63.13121665674945,26.929401165532653
5,37,195232.52376390676,59.737956188725676,26.82257532460487
5,38,181866.78261041074,53.33997920201654,26.924352988348623
5,39,210882.41606928257,41.163853036976356,26.97348814153949
5,40,177796.039268326,54.80154481612224,26.903912529565368
5,41,189761.06059525462,49.873251320586775,26.92971252474502
5,42,185740.53868407957,53.39297551427947,26.91148270622461
5,43,210989.5612600628,45.38632953671458,26.85964864712038
5,44,180320.67000564965,61.93986240887849,26.825413136075255
5,45,180320.67000564965,61.93986240887849,26.825413136075255
5,46,180320.67000564965,61.93986240887849,26.825413136075255
5,47,180320.67000564965,61.93986240887849,26.825413136075255
5,48,163263.02848715647,66.00405671332216,26.908007574882987
5,49,182630.91968723686,54.01107049757979,26.899596967377896
5,50,212279.45068655655,41.21116594050614,26.971144113445646
5,51,196957.1071659357,46.24898260100322,26.89792914702666
5,52,196957.1071659357,46.24898260100322,26.89792914702666
5,53,185806.1266100431,50.1397978916898,26.917430786492908
5,54,166063.92875267903,62.36749800626704,26.932407448601197
5,55,166063.92875267903,62.36749800626704,26.932407448601197
5,56,166063.92875267903,62.36749800626704,26.932407448601197
5,57,166063.92875267903,62.36749800626704,26.932407448601197
5,58,166063.92875267903,62.36749800626704,26.932407448601197
5,59,193565.52995715043,52.50765302563924,26.824747080365114
5,60,180415.89054968033,66.14217272936179,26.819174892609603
5,61,197370.84392533114,42.61320430993522,26.86048591353387
5,62,195870.48506403517,48.13951629412994,26.92838600781303
5,63,192976.486608428,48.35201940592903,26.90144895850468
5,64,187530.619934851,52.89829266233815,26.84770918530957
5,65,153661.79385405043,70.09079021454343,26.907518473767666
5,66,184426.9119585306,56.80748467655283,26.83851508333752
5,67,184426.9119585306,56.80748467655283,26.83851508333752
5,68,184426.9119585306,56.80748467655283,26.83851508333752
5,69,164371.00707022162,64.46779491071446,26.89596074829847
5,70,170745.99782123047,62.60882628078199,26.83393890953797
5,71,160805.08080175883,68.19184094960622,26.906645894842548
5,72,160805.08080175883,68.19184094960622,26.906645894842548
5,73,160805.08080175883,68.19184094960622,26.906645894842548
5,74,185293.5710962402,60.79230183631046,26.82540095938044
5,75,171979.55804906014,56.84443134968692,26.912979042564153
5,76,176476.2499077866,65.11700803941707,26.833118862245534
5,77,191740.02560594343,60.05118043282216,26.83011987048056
5,78,179162.6531517335,55.87411412082155,26.88721837831401
5,79,165467.70146506265,64.57240505657981,26.888503085435957
5,80,194717.90726659552,45.27540091849408,26.97103040428827
5,81,221088.71235624875,42.56500552499633,26.923835019003157
5,82,179289.47738872952,72.75679464852408,26.825004152361963
5,83,205441.86504359607,41.61035296571146,26.96161661361714
5,84,180114.2353769086,52.26504470688368,26.967482533882475
5,85,156886.22405458105,67.18071303650069,26.936074840703746
5,86,197904.8237017934,50.84685759559791,26.838986683379787
5,87,164396.97525164206,67.62518393568567,26.848365181994374
5,88,189720.2496583003,54.210527295747895,26.844216098319066
5,89,173295.15869927514,68.63952217726543,26.82531916227908
5,90,197992.86479508842,55.46335100163787,26.80811619323064
5,91,193535.2350576452,47.270984166357415,26.967460905303746
5,92,185133.64857935038,55.964243404188025,26.87318446698154
5,93,207153.98729911205,40.60735723567533,27.018027619128702
5,94,196564.46919402396,60.61102455452472,26.808519762690274
5,95,179830.0361867289,53.14600001857865,26.96373709001403
5,96,156538.58702828095,67.31097693922403,26.92341647186428
5,97,156538.58702828095,67.31097693922403,26.92341647186428
5,98,177904.3075219663,57.90727557533211,26.85104852057431
5,99,181278.98631133896,62.25530319236823,26.814607710450282
5,100,205171.67667376559,48.57089597524975,26.816828750519626
5,101,164768.62379751605,65.25308932824939,26.879941302217638
5,102,203124.44214497507,57.55665510968594,26.781507432270907
5,103,159796.11654361506,69.29676624356848,26.86776437495338
5,104,188439.8810965104,70.48554769088737,26.798851182532033
5,105,185787.52797436708,54.43597265491533,26.857403261131104
5,106,158351.06068475085,63.98675188397608,26.950041311979398
5,107,172341.65430832186,55.238127337459645,26.94998156612015
5,108,243862.90816785622,35.58783640704864,27.084005931871687
5,109,192023.94532252397,55.34356898578521,26.833063875345438
5,110,186369.64424136397,51.09852946552112,26.90145196602687
5,111,161281.32820786713,65.57873788684424,26.91023436851527
5,112,166327.78289636134,58.611249649028615,26.837965587951558
6,1,317437.5869324716,38.42795400882825,26.863586687287835
6,2,320796.79399167484,42.73517012616355,26.734697162551257
6,3,227269.23381827172,77.26718401494277,26.53618351338426
6,4,227269.23381827172,77.26718401494277,26.53618351338426
6,5,297759.11595572025,43.563845159931454,27.036728674020267
6,6,316483.6581411826,39.87649101525306,26.882257356859085
6,7,316483.6581411826,39.87649101525306,26.882257356859085
6,8,314178.4979525004,43.502606263722775,26.790342754696162
6,9,316927.87782353576,40.86125413225419,26.833427123959744
6,10,307947.4180211472,43.873693212756024,26.722264125296554
6,11,292906.6330545196,44.847542158625046,26.651228745206126
6,12,289186.6066042883,43.925593922117436,26.724406964114884
6,13,289186.6066042883,43.925593922117436,26.724406964114884
6,14,311507.64275622903,42.60941897597713,26.835309663013497
6,15,281447.84940034314,44.197098790095936,26.725636995355963
6,16,312789.345377772,42.101767896030445,26.87900047884535
6,17,274688.44036980346,46.408596431152795,26.776583023569778
6,18,253131.90084993478,51.02485026925736,26.75449641212107
6,19,257514.3497103823,51.19191638758386,26.702357397502446
6,20,261583.60310510578,54.69657589433606,26.641003076996725
6,21,262214.3835671921,52.64307830578783,26.618856752870812
6,22,268570.5757192637,49.72139185521253,26.64496319090683
6,23,252854.23861902085,58.83263525054942,26.587718860387575
6,24,256340.49243493009,54.18212039966837,26.698079693850204
6,25,261145.1616924086,50.31527047096179,26.7202900048148
6,26,228240.33646399796,72.35346757081025,26.5788605324933
6,27,251255.46891583828,54.020713284042195,26.71509771364049
6,28,218725.2649700751,70.04879652021205,26.633833648397598
6,29,313727.0592372124,43.840224461929736,26.720158313321633
6,30,256679.81109817186,51.442333430776216,26.705373459053014
6,31,217472.29725199836,66.2590850435437,26.675946898942904
6,32,260719.83320785017,54.3457526253435,26.69039499379867
6,33,260719.83320785017,54.3457526253435,26.69039499379867
6,34,228640.4523812401,55.24589825682805,26.67500705064765
6,35,215556.4015004806,81.64867935146364,26.616510640213924
6,36,243788.35730159766,59.96176935991144,26.618034960879612
6,37,240042.69472064014,66.21987688709038,26.579942049141458
6,38,240569.1273782069,66.1877252539901,26.566818843870145
6,39,240569.1273782069,66.1877252539901,26.566818843870145
6,40,229923.83975852793,57.97492395860442,26.67444375226824
6,41,229923.83975852793,57.97492395860442,26.67444375226824
6,42,249673.86090452527,60.6028122261038,26.581753064632593
6,43,230192.81474233273,66.64636113177569,26.587347796359467
6,44,243392.1516902462,60.32523933508705,26.607028593556947
6,45,240252.86398326402,67.96302656172688,26.563554347181366
6,46,240252.86398326402,67.96302656172688,26.563554347181366
6,47,278710.2640673255,45.6826855968916,26.720899839426757
6,48,282394.77446624887,48.89069359860111,26.601940636584146
6,49,216123.3953708818,68.03272723328948,26.663768493569904
6,50,234234.21813843824,61.12463137966145,26.627535191733635
6,51,247245.91499430046,63.56434777885635,26.572152583589492
6,52,236109.3879215516,70.46751904354305,26.54920782078954
6,53,217072.55214829024,69.68251208650628,26.644781518441143
6,54,278322.4949151931,49.79562026646456,26.614758288746778
6,55,278322.4949151931,49.79562026646456,26.614758288746778
6,56,228731.9089068023,72.69359779334374,26.576990398237278
6,57,243796.65495199183,64.88193844004248,26.565074907314283
6,58,224163.58036275668,90.77921335939173,26.53052904996334
6,59,264012.80226751097,49.69512185710195,26.74652993124174
6,60,228038.13730532388,62.39981206583482,26.630453367137378
6,61,219264.35865377338,65.59548510470125,26.61299777742127
6,62,229274.86444498436,70.85943014561221,26.573367648779268
6,63,231934.7487194039,64.20332865001555,26.587773573313044
6,64,247916.167564251,61.689334461025496,26.586478532001344
6,65,219151.11153972003,76.51606489836342,26.56562018261664
6,66,235776.3363112244,53.33399460925272,26.721280588701084
6,67,271983.8325495042,56.20363213677886,26.57716208210862
6,68,224476.24438010697,74.8910168712457,26.5964861389404
6,69,271219.0223854626,49.84206154859811,26.63393354554435
6,70,267205.04822176864,47.46306693873821,26.650652659357817
6,71,275017.1670206102,44.595557417412195,26.733299989718027
6,72,221929.6416610233,64.66739574742489,26.617978799720433
6,73,265936.61054089287,49.302829413316765,26.7070495407891
6,74,279526.91827255447,45.74696078971307,26.70767183400423
6,75,238638.07890235324,60.6473070576784,26.58744412299012
6,76,227659.51299768224,70.50049869046723,26.581968921145233
6,77,225304.2633580414,72.8164512128001,26.586283866279885
6,78,219646.3460005488,60.52340365507515,26.638433280431016
6,79,248457.93744404448,54.74797335887595,26.59688317785418
6,80,228360.9779715428,63.472327340408214,26.595666801157428
6,81,254507.53002040013,52.09887402881879,26.737881766414638
6,82,222878.5504871824,73.81787195615905,26.60106340541295
6,83,231165.6905217576,74.17464395284671,26.5538158220805
6,84,263488.3958557149,52.5156541314314,26.59576898429186
6,85,246264.07360451744,72.12473735935593,26.54121183988827
6,86,237687.2024157666,61.10183352479633,26.62765005757869
6,87,283270.6301388627,47.08747243801614,26.706936233964136
6,88,234333.6184958416,66.82100103741172,26.569324754898297
6,89,234333.6184958416,66.82100103741172,26.569324754898297
6,90,231941.67783395806,65.92406075371214,26.586954330532464
6,91,266115.9841465132,50.59783243889061,26.623506644895315
6,92,299508.99339722143,43.14339565422182,26.847375016065506
6,93,236722.6960871977,69.00369829790277,26.543396876842344
6,94,236722.6960871977,69.00369829790277,26.543396876842344
6,95,210967.2135229573,71.94781027759277,26.61948517879771
6,96,237323.53299779506,60.40114341289363,26.651354058444902
6,97,240223.00074154194,56.498916995356325,26.630184600264172
6,98,272792.32841494516,60.34238825044191,26.565301719783484
6,99,281930.03385130485,51.28838064923691,26.610003468280247
6,100,233133.65890117825,71.42030956436541,26.562451974794378
6,101,244650.75398073895,67.90084072898561,26.56470296610825
6,102,317301.7698478599,41.37928613530293,26.80975834325956
6,103,229941.05442303792,57.66275680461173,26.66072306619288
6,104,234914.14299684248,66.64636898218116,26.57826398941701
6,105,229735.45427890366,66.9487834834563,26.565412215775268
6,106,231879.21959052613,62.07614283690773,26.630766828733883
6,107,267149.71235372673,50.256627696733084,26.670760816280264
6,108,232525.25824124957,62.462116258276424,26.595920868028827
6,109,265780.93630145525,49.684238997783766,26.696729337588437
6,110,210704.4863435954,73.03091947450376,26.647093925170537
6,111,260975.18084772571,51.644039902695695,26.64264699603641
6,112,238356.68562128214,64.21994728317489,26.58395469396725
6,113,252743.1942094425,59.80435649178216,26.566991871370178
6,114,236036.39257019886,74.61038720786667,26.54320809503801
6,115,227727.57221149182,74.65787817762275,26.533728480518086
7,1,418455.6700651847,38.78991883330664,27.18701345884866
7,2,234793.0210222234,87.14955803114957,26.793893263156335
7,3,271868.34646920743,74.13059893420044,26.603443045554364
7,4,406096.5543931818,39.03687119259195,27.265491144129015
7,5,409510.31523401116,37.17416057798311,27.201230296121906
7,6,360326.6593387825,48.400962314259935,26.861244822870923
7,7,413176.8341721732,39.19851120445176,27.164525657001967
7,8,385293.95548402186,41.70677319730564,27.043639666197343
7,9,385293.95548402186,41.70677319730564,27.043639666197343
7,10,384802.56188522646,43.36017884520393,27.23398492626155
7,11,384802.56188522646,43.36017884520393,27.23398492626155
7,12,389897.61939503293,42.24484248329033,27.01956591004899
7,13,337630.65551911114,48.49392062878979,26.82743469558342
7,14,296259.4617926941,48.248660217451935,26.896036929158285
7,15,291042.6567286833,53.4845743589361,26.98200357901058
7,16,396507.339108664,40.055977799915965,27.20493149703961
7,17,303019.5735154705,47.906763438159935,26.951369295090096
7,18,303019.5735154705,47.906763438159935,26.951369295090096
7,19,236491.20893945277,87.91590569095415,26.77755665609689
7,20,399049.70547654195,40.0316266592425,27.252679630172437
7,21,407562.8523113483,40.6103412731117,27.175303417836275
7,22,285096.2976773607,55.511661070244614,26.734386675915914
7,23,253217.62589376312,82.2514944562974,26.65659267742719
7,24,314583.41406609,50.70885545245303,26.783386808734782
7,25,314583.41406609,50.70885545245303,26.783386808734782
7,26,332290.1512114317,46.189258743379405,26.87539229273979
7,27,254864.2463088836,69.20819271964913,26.677578985355538
7,28,329747.77244496933,44.172333681287505,26.87604523928232
7,29,258122.66814559363,80.47178766369588,26.665357897910376
7,30,332763.0458058314,44.00741021040336,26.888603797965764
7,31,250719.89839874615,74.75704651434351,26.71219861954534
7,32,235387.09096041645,84.27800550902269,26.813543261888178
7,33,328320.2379468218,47.521734925657064,26.87500573838603
7,34,337305.3630259192,49.368298447057036,26.837567610277183
7,35,309680.0187975686,54.21302637297466,26.745230729802955
7,36,310458.26181003905,49.80592528327468,26.844065523434132
7,37,293137.5727050869,58.49871566101396,26.707010361731257
7,38,308256.66736383934,49.584261813952914,26.85278033342702
7,39,320269.2586496117,56.708212317264824,26.718971100032917
7,40,325423.26121204166,46.693089567684005,26.881045435004637
7,41,265626.3245674269,60.04446344748846,26.774126852616995
7,42,304552.85582371097,51.3642583118416,26.879328544804665
7,43,406927.54008760385,39.95830153884196,27.253303805378025
7,44,300750.5532808848,52.82731196870705,26.834785304461917
7,45,243240.58586348177,72.05482377202965,26.770093325933587
7,46,245495.82128312445,77.87040688997222,26.699034190884078
7,47,310517.83221610094,49.13403881403408,26.869139429974602
7,48,241150.10718066938,72.34051309245736,26.800736180226636
7,49,320181.4456992155,53.17521592933476,26.77000667527504
7,50,246421.01574912015,80.09465215132286,26.686940801131364
7,51,295296.7993342177,57.41396794730174,26.714805791174904
7,52,313271.83183847193,57.74047020619551,26.713814990186428
7,53,299750.3903428149,52.22317152609241,26.88834947530271
7,54,237387.2839078888,72.83497289136234,26.7841145215141
7,55,248172.87938069418,70.27652671166216,26.787218173468013
7,56,248172.87938069418,70.27652671166216,26.787218173468013
7,57,257917.189034688,70.63209072127002,26.670773969964074
7,58,253228.62682079314,71.18379861303367,26.75162979508262
7,59,324192.64446483576,48.47581911015837,26.880469699450565
7,60,279633.2443938039,56.289294743217546,26.751368634088905
7,61,255764.31630902586,65.17440153875435,26.77681502638478
7,62,239841.60114340606,76.9248667688056,26.763329231366775
7,63,273510.65719091427,58.38599428224557,26.74903617174253
7,64,299971.398996737,54.118622666463644,26.863802160759185
7,65,295694.603767616,53.54699398864476,26.886929763409597
7,66,305778.2767245391,52.94055332618075,26.81843650837626
7,67,239018.74013708695,79.9175809687665,26.699646455347796
7,68,314569.56356352963,51.04100006672618,26.820985219992437
7,69,277334.473654069,54.19435699204403,26.767458927737778
7,70,307331.68180873437,53.009896920572,26.78471570399175
7,71,275346.46490731754,55.99633220051461,26.770185274597267
7,72,275346.46490731754,55.99633220051461,26.770185274597267
7,73,268007.94985334633,63.17435332073746,26.740780509096915
7,74,260724.88546044726,65.85500684553232,26.7245969272742
7,75,244883.4848253219,72.63977072475072,26.736726790043136
7,76,260823.2998494298,62.92022263387984,26.816006997823216
7,77,265872.95552087255,63.199094836680864,26.755058903600172
7,78,300599.78877896984,53.259281001818245,26.82734825908586
7,79,300599.78877896984,53.259281001818245,26.82734825908586
7,80,254593.17185521405,64.55034220546364,26.78849842635217
7,81,268983.42955239984,64.62138147408224,26.71795302684218
7,82,313800.0279545184,51.053890042144836,26.80383069577295
7,83,240246.3529757501,65.06650394330703,26.804578040769172
7,84,250861.85598500277,69.95081153338693,26.794334053102894
7,85,250861.85598500277,69.95081153338693,26.794334053102894
7,86,314573.89392643125,46.88035334388785,26.88784804798685
7,87,245575.98538370093,70.37536075681696,26.766162347779435
7,88,239961.25281024247,79.27129086637352,26.759808821551104
7,89,329929.5756972814,48.41589420011858,26.8688748604687
7,90,263947.93363443174,65.77461818061154,26.72050628988044
7,91,251193.96573547658,98.12269341556892,26.686465735420356
7,92,252578.31916461835,87.06950867420835,26.639199621475385
7,93,258787.98917474254,66.59264928702785,26.614685114721034
7,94,257728.79474429725,65.93044837657666,26.710719425555396
7,95,266600.1921296842,60.14018982517979,26.76968753571788
7,96,239825.432239905,70.28314746105973,26.80230630607268
7,97,273098.34381592297,61.28824475963296,26.73171616615258
7,98,278803.95405211404,56.12684993872888,26.7582313708752
7,99,315011.08523007383,49.20629669606525,26.864848974960786
7,100,267579.93012088037,59.67619525644715,26.814991606123264
7,101,267842.7858980765,60.39867831998099,26.760150891894796
7,102,262232.6409227007,60.28844021190637,26.767790201524022
7,103,300057.3334503353,53.99837784015972,26.843679662349622
7,104,248032.178539958,68.09757841638287,26.800338612767703
7,105,297548.0720451363,55.244295104622466,26.73645873537688
7,106,249962.6996329321,71.24658884096829,26.716354087487886
7,107,272120.0012309388,65.33298185434002,26.717852671336992
7,108,251234.8560073639,87.3051055320307,26.64042972537282
7,109,235103.41267194232,84.94204274020699,26.796702183970808
7,110,290690.0395520125,55.3437490950474,26.766315854064274
7,111,287531.5430177416,55.8853630212175,26.7314087027816
7,112,251309.62788017726,70.3278112824905,26.776577640300985
7,113,275091.35344776406,58.656171646900454,26.678421391506973
7,114,259384.46417781347,62.79881296474654,26.848329132164594
8,1,271391.45016671566,39.884857769142066,27.568881849840153
8,2,156825.16270610408,90.86029669744205,27.008231048889364
8,3,154891.51399522994,79.54783324717877,27.00845986911255
8,4,198555.01828146627,86.3268075860533,26.920714827214844
8,5,268583.1187467574,40.13605222700615,27.467900645952405
8,6,268583.1187467574,40.13605222700615,27.467900645952405
8,7,239893.41895683398,41.003433642749584,27.315983289681178
8,8,238578.70891735516,41.6936527565966,27.315983289681178
8,9,238578.70891735516,41.6936527565966,27.315983289681178
8,10,226880.19497337588,41.85444016809883,27.14806999850712
8,11,164580.99516898033,85.70295917397083,27.006380070205765
8,12,164580.99516898033,85.70295917397083,27.006380070205765
8,13,186876.5117070585,54.336593516742546,27.256549511580403
8,14,215777.75454043047,49.004073693204475,27.011913779126573
8,15,185758.55894240344,78.3136831503911,26.95531119227376
8,16,210027.12726642963,42.564058141234455,27.215739953393737
8,17,205001.58623930564,47.793941802241534,27.23547167237607
8,18,191232.80362252117,74.1245446538585,26.922280942566474
8,19,205979.53376472965,46.19402347324227,27.079942031425276
8,20,214436.17749450737,42.23616723375694,27.094438327992997
8,21,188734.16930378645,53.77718957592002,27.245294431385418
8,22,204417.1786645583,48.04122885026115,27.180515288529662
8,23,212396.18539000803,44.04487516469966,27.15713786499041
8,24,194016.9751980624,65.35142910930651,26.959441321497017
8,25,169474.51189641995,76.7001574888285,27.002444840956656
8,26,166534.80404338395,63.202630711824554,27.08450341961204
8,27,178760.85856068373,72.16476742352252,26.98050535437494
8,28,210278.8226864384,44.5286384929651,27.19294396662773
8,29,205441.4274930281,45.649422812397916,27.14434522076511
8,30,173817.8893534774,61.35618539869002,27.209193693275132
8,31,208439.09291703656,50.839779850863025,27.026249439082477
8,32,171719.6181982249,74.97122715892594,26.98798298723976
8,33,177342.06163080272,60.034047931010264,27.188018194188558
8,34,198127.36495690356,51.68601038366222,27.122265734266243
8,35,184575.8885291841,73.15279345318126,26.968930608540518
8,36,157513.53575643527,71.1319084622951,27.115603982206274
8,37,183572.64680813224,67.27327466187444,26.986480403697023
8,38,167522.04363873383,68.15720068443888,27.059506590552473
8,39,163216.08428066538,64.3691109494505,27.10622683714211
8,40,185250.2430289595,68.66783017474866,26.978390789129243
8,41,211238.2062513062,48.3623309119516,27.07921524533149
8,42,201769.48480137117,57.23069111335656,27.004919758952255
8,43,164197.4023302123,69.45224510507954,27.048051051292063
8,44,182115.39914640118,56.99787688646727,27.126859139268312
8,45,213324.69280375054,54.90349268776519,27.00134332225528
8,46,172520.46102453067,77.6342893627704,26.98341015044757
8,47,161937.52361831994,66.16927732652515,27.066392984701956
8,48,180990.0205757673,60.094666045377615,27.011715751948145
8,49,183591.46600118856,56.33384948757505,27.036619160156995
8,50,196593.88750347166,51.884747148820395,27.01139640487569
8,51,189861.85366741888,53.91415147584393,27.170274141815277
8,52,192087.1772319478,51.15227592874843,27.154811650720433
8,53,193301.06341448292,52.50039474618136,27.069578802603694
8,54,158763.05489551162,79.3195696516498,27.016953287819668
8,55,158763.05489551162,79.3195696516498,27.016953287819668
8,56,174540.2889689164,60.64766880441246,27.05425552505588
8,57,194389.07887568587,50.49955997201685,27.161101948697038
8,58,195852.01209953666,48.18671844099297,27.195875186768006
8,59,189896.49130725447,52.70977556995168,27.16156686231016
8,60,170080.43676439207,63.502482292956444,27.08068568559002
8,61,199053.24697637005,51.32400954571274,27.06926190186836
8,62,182243.2996994438,57.32138084040409,27.08916629390174
8,63,193006.24549000154,61.84684799260666,26.986035412311196
8,64,174763.84587794906,71.791583251298,26.99630815198045
8,65,198142.65619386124,49.21899136105578,27.17148294311737
8,66,171443.3791431768,74.62664866292613,27.01552459989221
8,67,176302.228230309,71.42800309946344,27.006565633984344
8,68,204994.08609438073,50.05456245395651,27.111547497155023
8,69,186419.06506278575,59.152776401414286,27.016622807546845
8,70,210149.92893932,44.27303263541335,27.206546699700965
8,71,200474.2381065289,49.72785070044172,27.11353860152432
8,72,157771.2269548796,73.77288451488053,27.05126139209254
8,73,200958.96557479218,50.837264780985215,27.109324639265765
8,74,183920.65201405215,56.131251135576356,27.14443725967108
8,75,187052.62180774086,57.563922990369825,27.023037732978686
8,76,186019.47239518864,64.41053682900328,26.989963748803994
8,77,168023.6229911739,66.52089883288158,27.062266291908912
8,78,191024.56387138847,51.23323713570596,27.19722060631632
8,79,160763.10859317574,70.27812655782499,27.077424266393386
8,80,173936.78829935822,61.56796002955981,27.139710627471537
8,81,205018.17019032402,49.42343344482244,27.13913650223249
8,82,205189.6112151122,48.96751287656339,27.028599845159803
8,83,167071.29021882932,70.48109050729362,27.032738875834816
8,84,181854.45596548432,63.80401194212527,26.996970068706638
8,85,168381.67736079276,69.87106335049279,27.015589725724034
8,86,190728.92101453178,52.988354813372986,27.033861551800562
8,87,183259.70314327066,55.38523006366884,27.18651738225585
8,88,176614.03814757286,62.56807520445198,27.002496496057717
8,89,182888.90464665488,77.3151907364869,26.964833342185898
8,90,161273.44321971232,74.88782383888153,27.050719038805127
8,91,171444.19536145765,62.50224616944715,27.20677054020954
8,92,160800.84223379788,77.6972542778903,27.00858706100867
8,93,187623.10378612805,54.5538135894149,27.06043733597115
8,94,167355.59798375925,77.10660642752318,27.011290914678227
8,95,189200.10961938914,55.55669743035203,27.05637810987958
8,96,200221.7361188684,50.863356022112924,27.07494944610601
8,97,163788.48859051394,73.41663545628124,27.04491298389857
8,98,201639.88424714538,57.74138300800265,26.961133386368765
8,99,169913.33943303826,66.35827085692725,27.030806879140627
8,100,171758.45342160945,61.823936627135495,27.015171618665782
8,101,178176.0263554673,58.76009079017306,27.07738609610552
8,102,184988.3070902089,55.19506094362729,27.132129005271032
8,103,184988.3070902089,55.19506094362729,27.132129005271032
8,104,163196.44943136696,71.61719625837264,27.057962152974383
8,105,186533.2561964616,57.88561629452378,27.002823718104246
8,106,193230.7184223844,58.22132120147964,27.000044642453034
8,107,212237.81414995127,55.54591265314251,26.979896948513158
8,108,187853.48639336237,55.78974145488,27.016622807546845
8,109,169147.0215317526,77.2961362511633,26.99548323460607
8,110,182907.44649978614,71.60092742919603,26.992345421758408
8,111,163405.89976782905,73.47626409972352,27.04243631424243
8,112,162072.04020495305,77.27973506042368,27.032515630617716
8,113,193284.64890781,58.41183226600584,26.97214733747259
8,114,181603.12965115963,73.93060054993278,26.973725538394774
8,115,182018.80756196694,60.396080794297944,26.997652959897664
8,116,183302.562798686,70.23313242747872,26.97021899594192
8,117,176486.65640991076,73.4859108007765,26.975610683377667
8,118,186436.0042904008,69.67123920422279,26.97704763014466
8,119,191830.7350242444,70.42497272548718,26.969947498460535
8,120,163816.73409919042,72.14657348034726,27.05712865739313
9,1,391557.9497267144,36.09503937299024,28.192883163935488
9,2,391557.9497267144,36.09503937299024,28.192883163935488
9,3,246926.3586550588,87.8586094680976,27.056840149466638
9,4,246926.3586550588,87.8586094680976,27.056840149466638
9,5,401811.1092713044,39.0718590892859,28.020515728707
9,6,267351.2726414466,75.76004418772222,26.77382394064713
9,7,376557.89668249525,38.19064154502247,28.361239024364817
9,8,376557.89668249525,38.19064154502247,28.361239024364817
9,9,258987.7242664101,91.36782265774553,26.893145338203695
9,10,356978.3377767129,42.90822480905422,27.89003371081966
9,11,263692.79940680077,80.89089902449295,26.834746191253743
9,12,349032.832898021,43.37487543005547,27.703351810162324
9,13,334739.89620250044,46.4360869960561,27.82233569249076
9,14,302536.405773657,66.62470496810188,26.778276234957794
9,15,400256.10573616176,39.840288026294196,27.808558906260917
9,16,340951.8307200557,46.356552677940805,27.748411591584308
9,17,306260.54055487993,54.08783937719651,27.435596701068388
9,18,249888.89495631657,84.79161767786334,27.05355427526674
9,19,366078.89939237095,42.80141479433942,28.146092723193156
9,20,325155.0114882853,47.52520362280606,27.578459589555287
9,21,394490.8792581796,40.92561091804876,27.97155724119859
9,22,370707.25044653035,38.92940229164696,28.312740042819982
9,23,380900.8464296327,39.95083039631816,28.06234877482998
9,24,327954.03988856496,53.72899517141734,27.193774845784862
9,25,309892.033303432,53.16595235800451,27.467167978901703
9,26,350731.7627273045,45.93967643323326,27.193838525160697
9,27,254137.76163923397,79.51820204556084,26.990168654185418
9,28,262304.05667953996,78.38782017046641,26.972546408077665
9,29,369451.432632028,41.47506052395657,28.09222524963065
9,30,378451.30737753544,38.436679680579935,28.153438811574038
9,31,342613.9574416215,45.44420553741131,27.6428352253018
9,32,263473.52286526986,90.7808043417659,26.878375242415203
9,33,291067.98108424747,55.93930066121762,27.134195608984683
9,34,396543.5281557234,40.542160708785175,27.71628683263529
9,35,255807.90502351843,76.32334546629325,26.990168654185418
9,36,318754.4099254156,48.956417865978835,27.28599149868153
9,37,313661.3804073315,53.8182877593866,27.344707143024685
9,38,260194.38936247767,86.52853614910458,26.913761166254016
9,39,301185.63641928055,72.7589024016114,26.84780736824902
9,40,338564.7014140097,50.416521064167725,27.1779169372327
9,41,294849.97978833236,57.0551117144578,27.03771442939704
9,42,375304.82181852,40.82007242455384,28.235938733750753
9,43,303879.662875422,60.392115420635285,26.98237387609683
9,44,316739.0025671775,53.24508647272315,27.248652922550995
9,45,309468.27564942074,53.95019304732114,27.365555484944387
9,46,366960.0126829675,43.661697852000124,27.596863201050773
9,47,374322.96628342697,40.81695654718447,28.30520524899128
9,48,386689.11076683237,38.01027906748264,28.080263356814903
9,49,309385.94172031916,51.47506475396381,27.61599250286086
9,50,342749.19470518903,49.04787586923386,27.120214189900004
9,51,384993.19740470813,41.834159096858876,28.028949653466366
9,52,356205.79015151295,44.99395195366291,27.539609942209527
9,53,317206.01112497924,48.779585577360535,27.543042625283572
9,54,279785.54728800885,64.21410671302642,26.879562146589933
9,55,279785.54728800885,64.21410671302642,26.879562146589933
9,56,395039.40735620185,40.41652392015092,28.00986415205795
9,57,284820.7276187485,68.55199380912359,26.85869207265559
9,58,269095.2840339883,67.38362478508829,27.059121981671655
9,59,387799.4174269406,40.963387887305394,27.817673633690017
9,60,356383.804900156,44.76181131650903,27.524933167026465
9,61,310450.52226220636,52.19281481064863,27.528629200918576
9,62,293242.1218346859,57.638510469453855,27.097263976438708
9,63,321006.1257946066,61.87110369184128,26.9683566430946
9,64,287322.0047526713,59.498815438364645,27.00696183457498
9,65,277518.797204962,70.61828076941038,26.88238084160426
9,66,391712.4016191985,40.84837224434792,27.977756285549447
9,67,337093.53006315115,52.484703322920964,27.12524482002019
9,68,366545.1680813022,41.88044327740867,28.143902529095502
9,69,391429.5543710232,37.15999743490967,28.265415990117
9,70,391429.5543710232,37.15999743490967,28.265415990117
9,71,291632.13844913675,54.92225587576197,27.225630007993104
9,72,288038.8275011113,58.978057644573155,27.07249548907331
9,73,262966.952780991,85.45814224870205,26.95014737086738
9,74,262174.17103026615,71.45724645840232,27.028156020324257
9,75,256310.58930673506,91.31942671166388,26.92154411993534
9,76,325969.43720059877,58.373131161694076,27.017174922560223
9,77,325694.52000119933,51.614104937497494,27.210515237028783
9,78,321850.9543745655,54.441154510158135,27.088226442890686
9,79,391251.79493598494,41.809716771301886,27.70593701956589
9,80,303341.92510280525,54.87428211336481,27.164840581628663
9,81,335717.9203910375,55.30188235496521,27.081249860155804
9,82,356408.83705132664,44.57096864551658,27.358554774147244
9,83,284118.11054056097,72.3448722843788,26.864098341147486
9,84,326418.4798726486,47.97120434740337,27.326211861835386
9,85,326418.4798726486,47.97120434740337,27.326211861835386
9,86,267613.63061995443,69.21048373012754,26.963723226402323
9,87,303887.24246893806,54.254246150243276,27.266739800782858
9,88,271339.71924584446,67.09422570050118,26.948818931581574
9,89,264493.81473765237,69.77593242637496,27.005231995824253
9,90,264493.81473765237,69.77593242637496,27.005231995824253
9,91,366528.38865225215,42.0981064828588,27.61703117881765
9,92,317089.7092599512,49.443710187080015,27.53628205934015
9,93,280899.4002856665,62.89047953446355,27.068536523613915
9,94,302098.26345750026,57.00878673431999,27.119651671006977
9,95,320791.4468639805,46.77514107034184,27.63987920650479
9,96,272561.4205053224,74.5707616402704,26.94117007055236
9,97,259853.01401680594,73.54419215804832,27.099081631523866
9,98,304740.7127555051,56.38865483707877,27.11989358558302
9,99,269058.7521873336,73.07858374244228,26.954037548696284
9,100,276795.21389388276,74.1551755393829,26.876549110477598
9,101,250566.90304997144,80.28857305326675,27.05342790358128
9,102,250566.90304997144,80.28857305326675,27.05342790358128
9,103,273573.3073860503,66.99649711357138,26.92697319143947
9,104,374618.61317003955,40.822365646697705,28.043582667041033
9,105,249037.9686087454,80.61260819094694,27.091987582572344
9,106,264082.2664599412,75.13329230710357,26.911304403616935
9,107,274073.2544449375,74.73827746055196,26.85019830503871
9,108,275845.2382250997,66.9985129633285,26.904127395294644
9,109,282273.00540360354,71.10614126484685,26.869189486153473
9,110,282834.39331781166,62.38883199319873,27.068714459470844
9,111,368261.37842876214,40.92629619417975,28.305824659024417
9,112,272681.0669646314,72.42118496151207,26.883402063964667
9,113,263125.9429373865,73.64194868103414,26.959069197637078
9,114,284768.1335936484,74.78743215776672,26.84134327417378
9,115,338593.21278820524,53.22812635947543,27.05393805507779
9,116,309876.3622129306,54.51476755927492,27.168985807530845
9,117,282704.64956982085,63.442839856641946,26.90541632682619
9,118,263947.3976587866,71.2561881461243,26.99772124030062
9,119,282148.33327123267,63.41052945157569,26.96340572820839
9,120,305799.02904172265,55.05182412022055,27.11990549234398
10,1,277571.76362963737,31.056294580691834,27.19048555168282
10,2,277571.76362963737,31.056294580691834,27.19048555168282
10,3,277192.22347546276,33.39335932865968,27.212656048675093
10,4,277192.22347546276,33.39335932865968,27.212656048675093
10,5,160538.57790808092,79.93897823080643,26.9110550419095
10,6,160538.57790808092,79.93897823080643,26.9110550419095
10,7,189286.9948682622,69.24049195256192,26.737168704274204
10,8,259459.23587271257,36.89257585237638,27.17022372389625
10,9,258151.02003187296,38.36546536968227,27.06247372794384
10,10,258151.02003187296,38.36546536968227,27.06247372794384
10,11,175029.88111048492,72.8084894546327,26.78291286195357
10,12,250032.6048176562,39.096334393536694,27.050378983415193
10,13,270953.2632498842,33.615630443258894,27.172420091253223
10,14,240511.2028859898,39.86239194696117,26.899396200920258
10,15,267159.295497083,35.039993693770455,27.20339991754453
10,16,192097.80186814984,52.99625431350298,27.03998322411534
10,17,262244.2969464003,37.654068334246936,27.022908997968877
10,18,224656.49807715113,47.27760272025921,26.817415201089155
10,19,167546.68347365444,70.34291613604086,26.93303641703988
10,20,231173.5313235899,41.45251144880881,26.883813177110603
10,21,196438.8561431557,49.16593085320206,26.85597379854638
10,22,161692.49692082737,72.59320213662315,26.892167331990912
10,23,237158.5107645196,38.05921378777404,27.196519700696953
10,24,254446.7307824887,38.23394301731043,27.18129401860874
10,25,239858.45241891142,40.58273571280416,26.90344566462906
10,26,225284.59226982473,43.69177839113702,26.867962371107694
10,27,234357.09961444966,41.62558764695554,26.844226025762573
10,28,223452.80412560105,43.49161900970979,26.919702898047404
10,29,221678.45559171936,44.28091821140453,26.983126363764356
10,30,229344.75875933908,39.103207939347186,26.99432349277445
10,31,219620.45146553236,43.036037874025155,27.013282600819586
10,32,211508.88599308013,66.94297452755964,26.750893996911778
10,33,225965.03558262062,43.32004654829067,27.0062207728878
10,34,200391.0544276456,45.410170348550935,26.84749822677476
10,35,264515.8131048581,35.10725404846175,27.02190416391783
10,36,264515.8131048581,35.10725404846175,27.02190416391783
10,37,256965.7038937578,36.681087558992374,27.195423059980683
10,38,256965.7038937578,36.681087558992374,27.195423059980683
10,39,210114.44974649997,54.16322985478662,26.758333389166296
10,40,253379.89553165372,37.20934061625763,27.193922090204573
10,41,174193.35434943237,71.73343233443633,26.798332145194557
10,42,168816.34381959413,68.59370449767125,26.943966312025424
10,43,172157.0718021411,64.40467820859655,26.955441242523115
10,44,214675.46085457227,50.68482648862862,26.802121011389424
10,45,219363.63796377004,58.30421105317534,26.741959465007028
10,46,189982.49575141628,62.52188055786658,26.768911622103346
10,47,258819.97090501478,38.69146097787511,27.053603677972397
10,48,205814.39251689147,45.04860789695836,26.828840544728138
10,49,214558.7350387978,58.0269413994839,26.74568132836165
10,50,228520.26081612887,42.760537173290686,26.97486517635577
10,51,228520.26081612887,42.760537173290686,26.97486517635577
10,52,175871.7832999365,71.18192516878918,26.78906984814786
10,53,202163.15494315737,55.361757766748866,26.752089550452368
10,54,164858.0452334105,72.49703388268173,26.823706318069256
10,55,164858.0452334105,72.49703388268173,26.823706318069256
10,56,198153.50694479997,55.14882002421485,26.779857807542584
10,57,201321.6780230501,49.84541569589151,26.814867625693047
10,58,175055.43990934998,60.601831802635736,26.85811744855331
10,59,208821.18044739868,58.628230836936034,26.75160233294467
10,60,231828.3850025245,42.93262641485537,26.84503416456912
10,61,176426.20615072668,61.6984182241865,26.82975446675774
10,62,211894.16357957944,53.09220866769974,26.805297252452917
10,63,184751.47249562552,64.77762809746565,26.75122732257573
10,64,169113.69415542838,69.87181326205888,26.83158829897352
10,65,200252.1223334104,50.55522717288564,26.839158969264822
10,66,231194.45319827538,40.52838561485646,26.939585211683877
10,67,189038.1658117238,58.79173287647754,26.786182910150323
10,68,169649.82704597554,69.60306882173343,26.940619394454686
10,69,200599.40746215673,54.96451035747742,26.753896140347656
10,70,170593.97998686985,64.44939662913087,26.846931868584853
10,71,186262.27751758485,56.30810820301699,26.819820212614182
10,72,229898.2796992902,43.863940070619314,26.853374826188485
10,73,181257.38156001607,65.90047315402734,26.75687224689726
10,74,253540.60585591514,39.170578546130706,26.977638217865376
10,75,175993.3332464238,59.83048021125592,26.963026175591757
10,76,193314.71609170316,56.62377705967737,26.770931492150588
10,77,167839.6533552244,68.35821820334455,26.9580343496051
10,78,206170.05363663443,45.02011509935999,26.85232261562996
10,79,182455.85987519522,60.544843575520595,26.792126018619854
10,80,172163.23870202777,66.10046579882754,26.837542756171864
10,81,227043.9517784525,42.308451250233084,26.978984703957515
10,82,227043.9517784525,42.308451250233084,26.978984703957515
10,83,179044.29063571597,61.13394153425113,26.836772196891197
10,84,219578.28798811647,43.60076934258205,26.984018932729924
10,85,191673.63225576415,56.88525389655895,26.755178034460116
10,86,190846.5379725718,57.49548986427895,26.782332928123907
10,87,189885.76559275473,62.05877898525944,26.77438532401778
10,88,194082.1364997347,50.66251497997962,26.810868853572124
10,89,178837.1715650905,59.59362178565861,26.841916324038415
10,90,216343.98686369802,57.658100929791516,26.74568132836165
10,91,216343.98686369802,57.658100929791516,26.74568132836165
10,92,201739.26674477255,49.330806320316,26.82243040345469
10,93,192257.2057353703,53.514481102153454,26.806101572795804
10,94,180999.9369907444,67.66272605211907,26.80012410357658
10,95,184678.48828338206,56.43358375128777,26.805584657501512
10,96,178552.00922302995,68.34006604607097,26.784410796087457
10,97,196927.9586930456,55.83767287485836,26.785444807994033
10,98,210172.45066744092,53.4418716115178,26.80255127489361
10,99,223638.0965562112,53.899528784073226,26.79635177200702
10,100,226268.4612095036,44.939823437432665,26.851331605649413
10,101,185461.00350281002,62.883719362029716,26.777818335853006
10,102,185461.00350281002,62.883719362029716,26.777818335853006
10,103,172688.7899802677,61.954934218779094,26.80185845964617
10,104,190969.49031115434,55.84793916678537,26.8256584934651
10,105,200336.56422421994,50.20694494570876,26.826480523330034
10,106,180558.96895990334,68.22900219693486,26.78056024262471
10,107,181524.54327890082,63.50076013125545,26.784952159489706
10,108,180539.43695333524,61.811332730174456,26.80868909438675
10,109,179057.62843519403,67.69441210601892,26.80170189984375
10,110,188048.96276535175,60.26682569869751,26.77642797223323
10,111,188261.81565136672,63.72757012363131,26.757181779774072
10,112,181802.18453241856,60.91961304987343,26.783688952370568
10,113,179794.28202897694,60.16978997537049,26.821094803750306
10,114,182289.11336246188,57.70634651369982,26.804240471501444
10,115,176167.55081215606,68.97458736861876,26.7958641914233
10,116,214954.51126588907,59.73013005776663,26.743443006308176
10,117,181003.83087514425,63.9448370901118,26.77658236794295
10,118,181480.6691490829,60.159660767919696,26.79240969237611
10,119,191734.2740354931,55.42989081658859,26.841690839943823
10,120,181195.2961074485,58.58948626843515,26.79542003800526
11,1,408775.0753221298,40.79423834470169,29.521044241733644
11,2,388648.39917330764,42.16524778050372,30.045940200185594
11,3,308568.25465691753,75.92109989733629,27.437223155758087
11,4,269355.6486098931,90.40142915213768,27.646752866896136
11,5,263996.7706096981,84.89201932948296,27.725624474115953
11,6,371619.6681026943,44.63147939755384,28.62907552494067
11,7,405409.7993895412,42.92746495778677,29.445259160209456
11,8,405409.7993895412,42.92746495778677,29.445259160209456
11,9,389172.58528687677,43.64229905823802,29.586661399531295
11,10,402860.0191813674,44.63090391447433,29.557304410885827
11,11,338751.234432782,50.894584913735905,28.152815490295662
11,12,359763.333015272,47.07472320808665,28.4017058699606
11,13,354418.82613457675,48.491047476844926,28.204596894915014
11,14,365105.26180883637,45.271952506168134,28.386459341177446
11,15,365105.26180883637,45.271952506168134,28.386459341177446
11,16,309457.16637001076,56.79511550569562,28.46973781061127
11,17,309457.16637001076,56.79511550569562,28.46973781061127
11,18,309457.16637001076,56.79511550569562,28.46973781061127
11,19,270534.8289422303,88.98510770663587,27.685832071414538
11,20,337162.1025077179,52.426794943519454,27.920971711422848
11,21,337162.1025077179,52.426794943519454,27.920971711422848
11,22,267993.36321678135,83.47057586860535,27.78509754912354
11,23,272771.4766280204,72.44534416557836,28.073695894894747
11,24,273340.1732658782,74.83506549272525,27.76629139447462
11,25,317422.69201826386,56.43335109865775,28.019895520010568
11,26,317422.69201826386,56.43335109865775,28.019895520010568
11,27,323913.67363922903,55.50759117879239,27.74861751201845
11,28,323913.67363922903,55.50759117879239,27.74861751201845
11,29,321632.28151615296,54.561085700275626,27.89250456886278
11,30,322007.93136146513,53.426758312263644,27.76141438316232
11,31,407291.7161184308,42.40734052457364,29.446462303818446
11,32,407291.7161184308,42.40734052457364,29.446462303818446
11,33,309610.6132414514,73.90315454856979,27.53491855975376
11,34,312790.1043294919,54.8770651856283,28.368653803362864
11,35,311847.8453380345,57.49754152247072,27.842142319542205
11,36,406440.6855473924,42.54654003345353,29.521044241733644
11,37,406440.6855473924,42.54654003345353,29.521044241733644
11,38,306037.63279237924,57.393299517872435,28.43570643437991
11,39,320898.1166366367,56.10073880962638,27.78142906101562
11,40,319881.06514968217,56.3410247184524,28.142963186411972
11,41,309383.4172361592,59.214582660353955,27.853538823678885
11,42,361896.9253885664,44.805556170025326,28.38941118417889
11,43,361896.9253885664,44.805556170025326,28.38941118417889
11,44,306460.4699018381,57.37542536340194,28.326086136650016
11,45,321460.87004743534,57.22114049856675,27.76141438316232
11,46,321460.87004743534,57.22114049856675,27.76141438316232
11,47,349298.8778584335,47.815272231495946,28.27336382803226
11,48,349298.8778584335,47.815272231495946,28.27336382803226
11,49,297882.79443555506,85.08460942452194,27.552099774061286
11,50,304882.2601589999,75.658451887372,27.563537541742146
11,51,271949.015543534,84.26342726569949,27.749058654069323
11,52,289002.75897120725,62.78594551499096,28.032109732469905
11,53,298080.58788086934,57.45108977081665,28.128972059649556
11,54,275164.9546712586,78.93107432081992,27.641511289872817
11,55,300579.7079431887,76.02093864594801,27.522949567656273
11,56,319136.1005388176,58.28339841859967,27.82254917597894
11,57,289989.9386127472,59.302337991514364,27.796351549830113
11,58,282329.9941676974,74.65624469918572,27.570702262239593
11,59,259958.17441482097,85.67997122126481,27.728372396184824
11,60,259958.17441482097,85.67997122126481,27.728372396184824
11,61,276594.1404166681,63.78469303681236,27.634109668370265
11,62,276612.6995940467,84.20553131667917,27.565215980415395
11,63,323836.99258597894,57.3230357850886,27.76057367296476
11,64,319500.69169865974,58.616251361762124,27.76762012026683
11,65,321918.55541127495,59.86733438797436,27.476573058706858
11,66,329189.76452130405,53.16832132435658,27.79070751045189
11,67,272512.82061531104,75.59085340924504,27.82359884715909
11,68,307603.7242973343,69.84239720161494,27.547957270940866
11,69,323213.6851345751,52.56635570532092,28.00897885366027
11,70,312080.75676037703,74.48893136348528,27.47455754566982
11,71,404764.0720819833,44.2451447794434,29.222841684623962
11,72,333252.0921329669,53.09654815986943,27.949639685466437
11,73,312716.856586383,64.98488321224883,27.408861948175865
11,74,298781.73421747825,83.84476383586423,27.5650351639016
11,75,319211.87128527387,52.354091283462324,28.19441941364337
11,76,312641.87930284656,71.22019330863345,27.476563102702407
11,77,310326.89344068215,59.75767339103179,27.768712651723238
11,78,274565.32144353836,86.88618617991592,27.639687729068136
11,79,324264.0191976533,55.22585644038797,27.704939670592253
11,80,273148.1181905891,75.52017480960927,27.80400930360863
11,81,312018.0260264526,55.356666265894226,28.148388822910118
11,82,273723.3253108129,73.2831512339059,27.892523264343268
11,83,317859.8274318245,59.777443806242275,27.564618278693047
11,84,330594.08722367877,58.51315472617032,27.6678231882587
11,85,279893.3414687442,75.44881889155795,27.5729616397997
11,86,262652.58926157694,78.38370422489639,27.810264013991727
11,87,304899.9894852489,59.28397735986939,27.97857653830653
11,88,309313.4429349139,59.46103232760144,27.794477669130785
11,89,273440.3188867669,84.77798614310369,27.72059326845573
11,90,302099.23786228395,59.86564537103693,27.584304548449825
11,91,319360.03717873886,58.032722341438095,27.770248350539323
11,92,317574.21349855245,53.847435535664616,28.218310340528475
11,93,310337.0559356668,72.52699989756026,27.517023177657506
11,94,301529.8342681331,82.17263759642765,27.47420402219828
12,1,270467.74572984385,30.81686949103337,27.09267369129254
12,2,255720.81739818907,34.807165604435305,27.133241884236995
12,3,156648.025604736,73.37573079189302,26.782974843104405
12,4,252505.19544616868,35.605286974785464,27.062113947902454
12,5,217914.99394204846,36.69292847143793,26.92994919264906
12,6,262347.60823600454,35.29456612474843,27.10744240145973
12,7,266357.26923430216,34.861108892928044,27.117330620035283
12,8,200915.8520580817,39.894764598848525,26.834624177047587
12,9,215047.54461165314,38.66419414101204,26.88705985663796
12,10,181700.20348211183,67.77140901431297,26.737826383350303
12,11,181700.20348211183,67.77140901431297,26.737826383350303
12,12,181700.20348211183,67.77140901431297,26.737826383350303
12,13,181700.20348211183,67.77140901431297,26.737826383350303
12,14,181700.20348211183,67.77140901431297,26.737826383350303
12,15,171813.97799191947,56.96937991096244,26.909925570552815
12,16,171813.97799191947,56.96937991096244,26.909925570552815
12,17,175725.03389895384,56.62616653335442,26.906252726845743
12,18,165297.0574269479,71.01492802872751,26.781528303940668
12,19,169077.979372081,61.248417324574746,26.902303911171323
12,20,169077.979372081,61.248417324574746,26.902303911171323
12,21,172448.80700829474,64.55189947602179,26.780030658483504
12,22,187062.45367140917,55.468454313412444,26.77606820974713
12,23,183670.65258475725,59.99644086081048,26.75807199237446
12,24,179397.10588070014,53.16001634376984,26.894453905230655
12,25,173477.7362799271,64.5284173509671,26.79792247198747
12,26,265197.163596345,34.86667969997964,27.098418239502557
12,27,265197.163596345,34.86667969997964,27.098418239502557
12,28,265197.163596345,34.86667969997964,27.098418239502557
12,29,170677.04883912584,67.44477018740051,26.782603914594844
12,30,237652.47373551386,39.813644565588326,26.837694672499133
12,31,237652.47373551386,39.813644565588326,26.837694672499133
12,32,237652.47373551386,39.813644565588326,26.837694672499133
12,33,210024.16570014265,38.745480814906266,26.879259680189193
12,34,210024.16570014265,38.745480814906266,26.879259680189193
12,35,190971.38529491043,47.28425843104069,26.867427563676117
12,36,188958.84959727785,49.310005604423374,26.87583934880069
12,37,167657.3752474981,64.49837859704806,26.845720734512362
12,38,167657.3752474981,64.49837859704806,26.845720734512362
12,39,192526.5474360254,47.62405054170023,26.850632133072445
12,40,171227.6890313439,62.489178501647785,26.89107782392653
12,41,168282.0084930362,70.68208629485669,26.803247527400785
12,42,194549.58734811086,47.8691924622284,26.831001331337177
12,43,183451.8111632989,61.83792719701432,26.768579263489038
12,44,190294.71226993503,49.350229432091844,26.87348099875463
12,45,212920.90734512566,38.94579100164534,26.87100805862459
12,46,182903.48106053338,59.901391249699024,26.782641873866083
12,47,181792.5870975403,58.34132302169486,26.80744887821104
12,48,181792.5870975403,58.34132302169486,26.80744887821104
12,49,181792.5870975403,58.34132302169486,26.80744887821104
12,50,181792.5870975403,58.34132302169486,26.80744887821104
12,51,183001.91529791296,56.53824560085174,26.783427025784277
12,52,178575.5043658795,58.152682787969965,26.879433107215547
12,53,178575.5043658795,58.152682787969965,26.879433107215547
12,54,177172.8184929135,56.01504434715397,26.88503202711678
12,55,184666.02566384443,59.48230200317497,26.745668316992713
12,56,174617.0825027812,66.2383036333781,26.755466420388423
12,57,204332.99154051274,42.39172774375118,26.813362412760817
12,58,195599.14009699065,43.648892254312756,26.783581983840705
12,59,195599.14009699065,43.648892254312756,26.783581983840705
12,60,181473.74827815444,54.509909347258194,26.832960880309408
12,61,179688.8217531242,54.28665963172738,26.8833381366372
12,62,171245.18751188144,65.18631838701181,26.807881584148973
12,63,201716.28132121495,47.9090936010446,26.779156103000787
12,64,188769.14876199202,49.67836643234678,26.82284257805484
12,65,177824.91663101636,62.34005772288295,26.775216194111017
12,66,185770.68473945023,50.346998268918824,26.77918948488935
12,67,174309.11524695193,58.37760409138441,26.819779390036736
12,68,215599.3989374795,37.42465792888222,26.85002674370515
12,69,180652.26586246592,55.66309983063452,26.83651619419959
12,70,263570.49603238155,36.1695739977573,27.034786475869943
12,71,163389.0348928303,71.40371228344584,26.794498401507283
12,72,194734.2553012204,55.66892634020415,26.738738339948497
12,73,198759.31894296693,52.56922758191192,26.76192284922783
12,74,182148.37750607618,52.59152576318191,26.79764286749176
12,75,167124.88782740931,69.03990812464954,26.81512976973618
12,76,180841.05642134155,62.10370496113626,26.762142232425774
12,77,156644.35635998112,76.95783951383608,26.789534141349478
12,78,183052.91742478506,60.584609182981715,26.776403019261778
12,79,190453.68987785224,48.27591654961365,26.762210199950715
12,80,201609.91199337348,49.34965344017205,26.76180789295706
12,81,188501.01001364633,49.766612646117046,26.843538496853647
12,82,155960.42831945472,71.25637673801047,26.79926626875308
12,83,196155.26425763857,54.22172057803457,26.75926968290868
12,84,185947.47270275766,56.1617115942664,26.70506550152917
12,85,174600.2082733618,72.29581688867724,26.772475415587444
12,86,210247.2576540844,40.687555826483326,26.817544492177205
12,87,170024.02133410232,67.37767536409986,26.833077550505806
12,88,170024.02133410232,67.37767536409986,26.833077550505806
12,89,176586.41872408811,70.15985978425473,26.728791305470885
12,90,182394.01838945123,52.18800618162373,26.810555763869033
12,91,168103.53233755325,67.7222532768345,26.8163194658552
12,92,182638.6290754049,61.23746280554827,26.796362553428573
12,93,182921.58587878133,53.33392481076729,26.79742248979612
12,94,185241.10815373287,63.5031432926432,26.737207161177885
12,95,167427.47374337495,68.31586687053698,26.819351967892423
12,96,179680.7778159174,61.33063169798473,26.793351735959625
12,97,179065.49217495168,61.65126157797242,26.80744887821104
12,98,169619.6726575053,63.35520234722483,26.87385137072257
12,99,168022.81508934728,69.72261977261455,26.81273808494658
12,100,214271.13417781724,41.16464401255941,26.79205728968828
12,101,190310.61200695374,49.27228210490669,26.842575042400682
12,102,179726.85318798965,56.732624602752324,26.818394078218475
12,103,161191.37189137648,62.741473906506656,26.942139580574235
12,104,183237.58112633953,49.450055365712075,26.85696028988567
12,105,165413.11540189912,67.05014214104543,26.93862849153843
12,106,166573.58416368574,76.46393804078699,26.77450328854676
12,107,171351.6519301413,59.37251072165837,26.813096962895244
12,108,202486.56402878184,46.43929916840756,26.740307703746815
12,109,178711.4764302367,62.16108787451904,26.75627054863618
12,110,182872.59083029753,60.841984665191305,26.786015573787978
12,111,191910.44407827308,63.866732355642455,26.694823138768847
12,112,162660.90372054995,72.6989171702044,26.799161418697672
12,113,183725.27789774194,70.99293527582725,26.71659313298182
12,114,154220.73532525112,78.31424016612985,26.799102969555605
12,115,201284.3823424307,49.981740352090185,26.753640890787395
12,116,183429.98924572638,50.04163112786635,26.798418105517392
12,117,169221.64552699655,68.90431474906136,26.80469298576707
12,118,195576.92833959978,44.94458174279666,26.834624177047587
13,1,221204.63154637103,76.2963581349379,27.12325348667867
13,2,314789.7323829505,38.55473039686777,27.77903400005821
13,3,311418.04940302536,39.922017400819016,27.8438687602415
13,4,311418.04940302536,39.922017400819016,27.8438687602415
13,5,186419.55517992427,90.59931496041132,27.2759456279378
13,6,207702.70129106622,66.02671126261276,27.531711778422256
13,7,314355.9209477117,43.24361097121565,27.711257794066967
13,8,192972.85528984893,88.91161936902716,27.200215537843377
13,9,301243.71183365723,43.122382640734045,27.77141726567958
13,10,301243.71183365723,43.122382640734045,27.77141726567958
13,11,285151.5737462829,43.58208491812723,27.3739570193785
13,12,195020.38713377144,81.93310178695204,27.209627640424273
13,13,277675.6917724214,51.72797782442213,27.24609097249423
13,14,305653.15406524396,40.93944657622874,27.748107385910778
13,15,220799.2461941136,77.57208871527702,27.130528642265233
13,16,305149.04598974285,41.25410204361157,27.755401908060556
13,17,267605.07220577856,47.387377270117625,27.25404110453519
13,18,207765.80690537873,80.90371325376161,27.146156521532333
13,19,197123.54320686084,74.41368281229201,27.165506691791947
13,20,235371.75499839458,53.352988964250684,27.446644366047657
13,21,234413.74508454316,52.578717992549045,27.483198551574958
13,22,210874.02931257308,65.55988431358959,27.4126311905017
13,23,305461.2404117501,39.97942282603298,27.806321290682362
13,24,209761.3583296826,66.44391179117356,27.49163663838118
13,25,263992.7127807687,48.18150667533738,27.272704856694794
13,26,262564.36808258505,45.903952492006155,27.347093766408328
13,27,267300.0722102864,44.9784471379643,27.30655687429234
13,28,219990.20851990097,75.84015391777763,27.137178653194255
13,29,212755.0145373877,55.35774955956455,27.434363355189255
13,30,216287.08811604555,69.91209773339573,27.197855241648995
13,31,256201.76342778205,62.59544590880834,27.125577709602112
13,32,282800.7625866377,44.16082901853688,27.38478513673381
13,33,282800.7625866377,44.16082901853688,27.38478513673381
13,34,231266.85381155746,55.972604506625395,27.286764605955838
13,35,314285.6243074494,40.30388266454132,27.786328522207988
13,36,204149.94181010526,66.67609817694411,27.37421630858841
13,37,260948.9018439501,48.638670365412054,27.290250107386164
13,38,247232.9135158212,47.171287059042854,27.298506992872404
13,39,218209.6168392324,63.97639619217467,27.233327989313565
13,40,245349.39294437028,50.647723239924126,27.35304629604488
13,41,218591.87362339537,59.35403913996803,27.361456873957437
13,42,203766.01267251692,67.3982061600108,27.260927621873037
13,43,257176.0505196013,46.54209208726788,27.316143773577323
13,44,257176.0505196013,46.54209208726788,27.316143773577323
13,45,232558.09629826943,55.126896513508704,27.33397367414843
13,46,225215.8539312595,60.82341013071412,27.259425800511153
13,47,196152.8571639825,81.61799839896021,27.266761038076417
13,48,226568.5386107751,66.38439447647684,27.174213343806443
13,49,260160.6143257622,51.04799730251968,27.273378142501784
13,50,207869.41954610904,71.62351829533634,27.237111851118158
13,51,212888.2938938021,68.1901082295291,27.198093106720258
13,52,212888.2938938021,68.1901082295291,27.198093106720258
13,53,221181.9013892645,61.11648438393943,27.236275609018932
13,54,253690.50410991235,50.031688917481894,27.291547910776963
13,55,253690.50410991235,50.031688917481894,27.291547910776963
13,56,213621.57799783512,64.08668264369226,27.302400506250834
13,57,201452.55691976304,72.99467856504933,27.256131137680995
13,58,201073.98898540868,73.60113734048888,27.151089170654544
13,59,201073.98898540868,73.60113734048888,27.151089170654544
13,60,215377.32073536504,67.02799640517834,27.20635328880097
13,61,250324.71518286792,56.063165191419785,27.184810694175262
13,62,228578.77912765357,56.07043063878778,27.34430730170115
13,63,236778.35378459893,57.198611572250655,27.269073817725356
13,64,314338.78072246414,40.1549351511914,27.7908691919993
13,65,222454.59658535663,64.72783512354431,27.183362770438464
13,66,257065.49244310614,59.86504036544446,27.151223494544276
13,67,260781.78146112568,44.73680965491408,27.383241281109882
13,68,228938.60116684096,55.135838028524034,27.326305082799678
13,69,238899.7397301358,51.411785136110915,27.325637316673387
13,70,240194.94613146287,58.31745508911879,27.234570442391274
13,71,279907.3677345301,44.33168207291872,27.374184010059494
13,72,279907.3677345301,44.33168207291872,27.374184010059494
13,73,219121.51240202744,65.67112055678993,27.227542971598616
13,74,213350.87129335586,71.76208654689025,27.190315534919883
13,75,251396.4891393802,53.42523431885622,27.253752606286312
13,76,252277.9992446468,50.26179542780312,27.29530697740752
13,77,211067.53499194726,72.89030438133597,27.21859639762502
13,78,223331.52496567694,56.57038920401661,27.299955216958416
13,79,226339.3584636388,57.75405776588992,27.240476457337095
13,80,209234.27610063954,70.12711917847076,27.220363647447144
13,81,228728.42779946388,72.32839907880859,27.148690127761654
13,82,212545.12100300688,70.29617783584959,27.213201549023715
13,83,212545.12100300688,70.29617783584959,27.213201549023715
13,84,239798.98901654483,54.53332895339732,27.322041065754128
13,85,239798.98901654483,54.53332895339732,27.322041065754128
13,86,243910.0725190734,52.291731763139815,27.30576189939827
13,87,251393.85056407083,51.21034449079199,27.27647304419751
13,88,219720.28010089556,59.82866659523763,27.332180016976167
13,89,226324.3714686025,59.49908038860524,27.216243113636075
13,90,252430.82734718025,55.310970743413975,27.162558327509593
13,91,250597.39049243202,54.01674009725688,27.25605031302093
13,92,234537.44325603452,59.39693575741398,27.171743115825976
13,93,250551.09745523855,65.0747144589773,27.148138023431237
13,94,224682.34672089422,56.86258892844689,27.298730525496048
13,95,236869.19538987693,55.97707746595268,27.274574106946368
13,96,243713.71373094246,58.74430251650526,27.213792446629654
13,97,241366.12775104106,56.839289117993715,27.26337857239122
13,98,256320.7476163274,53.062306459380004,27.24137679387359
13,99,246570.50299335606,58.52197142872691,27.162780087750363
13,100,220356.11322861508,64.6770311625254,27.197005155416548
13,101,221129.08830055283,63.02030839369645,27.21924420929257
13,102,221129.08830055283,63.02030839369645,27.21924420929257
13,103,254524.4546306892,52.52256648874229,27.255478817911694
13,104,244389.90021083443,56.085956357996956,27.192559811993505
13,105,221843.02299000695,66.94418236267246,27.192552904338093
13,106,223620.31699330718,73.47630829293114,27.156894589910124
13,107,223620.31699330718,73.47630829293114,27.156894589910124
13,108,241383.12083557356,53.03618735845559,27.289770101196318
13,109,244409.06326723576,55.04313004551845,27.25386025343029
13,110,210924.58060864112,65.95845757745468,27.223300962021078
13,111,228773.43529026076,58.96126013336864,27.237630581585258
13,112,245826.10718388602,54.57432678121419,27.254410280575385
13,113,246167.996392692,51.463558830646605,27.268134047137366
13,114,242232.81233555576,52.498330066814916,27.276309687759394
13,115,242232.81233555576,52.498330066814916,27.276309687759394
13,116,241975.7781902331,58.738960671158736,27.219092896398813
13,117,250689.30873822188,51.30271302725276,27.29058350825582
13,118,210131.75505346124,65.57420613764658,27.260943142561466
13,119,250628.4961262793,55.35218699771524,27.204658876248693
13,120,243827.1724874309,56.02858362770473,27.26249381840308
14,1,462184.80888194253,41.19461879601064,27.061932031613175
14,2,462184.80888194253,41.19461879601064,27.061932031613175
14,3,462184.80888194253,41.19461879601064,27.061932031613175
14,4,462184.80888194253,41.19461879601064,27.061932031613175
14,5,462184.80888194253,41.19461879601064,27.061932031613175
14,6,462184.80888194253,41.19461879601064,27.061932031613175
14,7,462184.80888194253,41.19461879601064,27.061932031613175
14,8,462184.80888194253,41.19461879601064,27.061932031613175
14,9,462184.80888194253,41.19461879601064,27.061932031613175
14,10,462184.80888194253,41.19461879601064,27.061932031613175
14,11,462184.80888194253,41.19461879601064,27.061932031613175
14,12,462184.80888194253,41.19461879601064,27.061932031613175
14,13,462184.80888194253,41.19461879601064,27.061932031613175
14,14,462184.80888194253,41.19461879601064,27.061932031613175
14,15,462184.80888194253,41.19461879601064,27.061932031613175
14,16,462184.80888194253,41.19461879601064,27.061932031613175
14,17,462184.80888194253,41.19461879601064,27.061932031613175
14,18,462184.80888194253,41.19461879601064,27.061932031613175
14,19,462184.80888194253,41.19461879601064,27.061932031613175
14,20,462184.80888194253,41.19461879601064,27.061932031613175
14,21,462184.80888194253,41.19461879601064,27.061932031613175
14,22,462184.80888194253,41.19461879601064,27.061932031613175
14,23,462184.80888194253,41.19461879601064,27.061932031613175
14,24,462184.80888194253,41.19461879601064,27.061932031613175
14,25,462184.80888194253,41.19461879601064,27.061932031613175
14,26,462184.80888194253,41.19461879601064,27.061932031613175
14,27,462184.80888194253,41.19461879601064,27.061932031613175
14,28,462184.80888194253,41.19461879601064,27.061932031613175
14,29,295899.3115405513,73.41470178853005,26.54179589717186
14,30,269366.4832569266,91.58455340829775,26.6483191718983
14,31,264980.1943836254,91.55883703982337,26.724486602722955
14,32,465503.2229508288,41.36558129452883,27.054662853911545
14,33,382089.7877637644,42.16956859137779,26.789951622760533
14,34,275629.5308803749,86.14637436722433,26.63774838571669
14,35,279598.92340094154,78.16505593421321,26.61814397476907
14,36,363549.0945095341,43.28555657959803,26.780894615223907
14,37,344180.03853334853,44.27578033772231,26.717267105326194
14,38,274610.81070674566,87.88480724318553,26.632612822502637
14,39,355648.01768897055,44.03702727344523,26.779992466710922
14,40,296813.3076806847,58.45469004673623,26.734340764718965
14,41,359305.9420784502,47.48720978555321,26.67605178066362
14,42,276511.96246387064,74.93564745912595,26.621343459707397
14,43,312595.04358400876,53.67083146562465,26.66807500015217
14,44,276386.6133727337,77.39957874988552,26.635427695044022
14,45,316026.1098704012,63.11017035098202,26.570172162129346
14,46,338679.00591980224,48.2937590000862,26.727658147505856
14,47,295064.82214351936,70.1724850482658,26.587307053689607
14,48,352560.02943960804,49.54122239605009,26.68154408205261
14,49,326744.4701436145,51.75822172341507,26.64743481993188
14,50,269871.6538717591,72.62764658950285,26.639225513824726
14,51,338020.7100436429,48.792876168837225,26.727934816865343
14,52,349110.9187212345,53.25102119301078,26.58967055836277
14,53,330064.2342748022,55.516499122382356,26.56087186323286
14,54,330064.2342748022,55.516499122382356,26.56087186323286
14,55,360083.2898742483,52.68788100585225,26.645012630650676
14,56,288155.8985532468,68.71760366423578,26.59187189573297
14,57,297963.24701953074,71.80624588331695,26.576564713687276
14,58,306494.7625303711,54.398471404241974,26.66134252265524
14,59,266505.41448535514,71.24951717369926,26.68861177979697
14,60,320191.34727576474,52.171476917271036,26.69547763972909
14,61,276274.6693839154,69.49393190368552,26.648762536401094
14,62,285543.50821314746,67.2350210362055,26.61668166586057
14,63,285129.6298124353,63.96005723671156,26.68779866410634
14,64,299676.2257319283,57.0407899472181,26.66240013357345
14,65,283947.9629858002,72.00949591802862,26.592485855362817
14,66,356443.40719853976,49.60312333040184,26.661054674675512
14,67,334485.4705408209,50.54999729481172,26.69883880554312
14,68,273494.66941085825,70.5348932940837,26.645492961413673
14,69,295553.73771572683,59.53611743634974,26.71192350241602
14,70,321018.9178611505,50.80146886341272,26.697830156114875
14,71,305195.70645682816,62.54608016403329,26.571663393898902
14,72,282848.79631434096,73.19750774245082,26.60260853346354
14,73,291423.99028378585,66.88426807070428,26.590509009144817
14,74,321492.9703273077,56.31288795906476,26.612041165152398
14,75,303916.9423517107,57.806585382394886,26.62688913803254
14,76,321733.41575651104,55.43611962082728,26.65374226524181
14,77,321733.41575651104,55.43611962082728,26.65374226524181
14,78,306013.25816095946,61.19646995346935,26.625176241285267
14,79,303947.3938815013,63.71445256129784,26.562760550990035
14,80,297777.7804135087,55.44297049542448,26.702690824495697
14,81,302087.40342605795,59.49960887056411,26.62688913803254
14,82,289127.61856724357,66.96768446465641,26.605669855500715
14,83,295230.80270982505,66.14378101715157,26.612366648263944
14,84,279903.58758040506,70.85186429647945,26.60511919118764
14,85,298718.3828646538,59.84811389690368,26.659066563119104
14,86,296511.59633827285,58.54151120133528,26.69169969165464
14,87,279039.70624312805,65.33563444405596,26.635655771713907
14,88,299303.02443670016,65.06597026536262,26.57087446811572
14,89,299303.02443670016,65.06597026536262,26.57087446811572
14,90,287875.9752288234,61.87992997684628,26.68447805753754
14,91,278333.0529330734,66.51466039465265,26.676569273483196
14,92,303796.78870740853,71.02072760344001,26.56445445555167
14,93,334705.4159510154,50.38767410141597,26.695605753994542
14,94,334705.4159510154,50.38767410141597,26.695605753994542
14,95,314523.85573180235,56.76024341442713,26.591932994798356
14,96,300688.2632349325,62.097624366270715,26.588015582815835
14,97,286511.89743473136,62.28519411144131,26.617249923032524
14,98,309059.90300471487,59.92033351206588,26.571481427695836
14,99,322391.0009622157,53.02857925963104,26.598549683171605
14,100,322391.0009622157,53.02857925963104,26.598549683171605
14,101,324588.31936948706,59.01085229543784,26.58945417127726
14,102,324588.31936948706,59.01085229543784,26.58945417127726
14,103,295670.5629975056,59.999418121072175,26.695369589908346
14,104,290035.1385800817,60.55547635603992,26.63564605170518
14,105,290035.1385800817,60.55547635603992,26.63564605170518
14,106,288363.529899013,66.6617009934082,26.613857431300936
14,107,282924.47147621674,65.32777712671567,26.621670131583116
14,108,313507.7127704722,55.50307858533414,26.633481427154166
14,109,306091.3860824309,60.46932386330479,26.61342258065008
14,110,307915.8921014754,58.52746601541339,26.624690879016498
14,111,302141.8875124868,56.55357522665635,26.645557012073454
14,112,308669.5047002369,61.66236503933493,26.589444621049374
14,113,308669.5047002369,61.66236503933493,26.589444621049374
14,114,297241.9775836931,60.5243667924149,26.678566250561595
14,115,303403.4019654843,56.373088420650824,26.698830447523605
14,116,298175.99564585695,61.920775586250905,26.616577929683913
14,117,297345.74968484644,66.53747403108069,26.60484039132409
14,118,308988.5458757249,58.52185514039563,26.60032071168095
14,119,308197.669377598,56.497712658464565,26.602070597307275
14,120,308197.669377598,56.497712658464565,26.602070597307275
15,1,237041.54157956532,69.23289431743027,26.678953264318437
15,2,263199.75195034244,42.848240859366356,26.835675591242442
15,3,256438.38075052106,42.798798311006585,27.01133422318582
15,4,266443.50751814246,42.27576892448173,26.81933128305956
15,5,286206.73897250905,40.84926662756585,26.88190786215275
15,6,235805.61322128313,50.30704189942439,26.851694706482526
15,7,234653.44887873175,48.94774360108942,26.884580799770077
15,8,216584.77433738686,79.36936350956884,26.7302078082647
15,9,216584.77433738686,79.36936350956884,26.7302078082647
15,10,247515.15260012235,44.753051055881045,26.928260901318993
15,11,259466.5866930242,43.682957539281546,26.851590183388545
15,12,251432.10854809455,48.620916618842934,26.739026512323875
15,13,255688.60173932445,48.057469081414396,26.766566663770234
15,14,239424.1897794432,48.69882447242506,26.766136928033376
15,15,235063.61493612267,54.4743235063814,26.749537104712317
15,16,220874.19598871298,62.01206199601704,26.7985511709835
15,17,222316.65825152583,55.93020022541588,26.749454444894027
15,18,236949.13108896287,54.1485200081101,26.739883452458983
15,19,233978.15415024542,50.08081033962519,26.900306560447653
15,20,256629.6063215792,41.09256414130462,26.919483752707265
15,21,260987.23371565598,43.557180343805506,26.809152006308175
15,22,232686.20465242263,57.01803424980585,26.729574411981673
15,23,232686.20465242263,57.01803424980585,26.729574411981673
15,24,233214.78050446627,75.14752270584086,26.67029033170111
15,25,201170.29771306066,68.05106004112844,26.83988905273374
15,26,217974.07850178826,84.580914771586,26.727342596694044
15,27,230252.8875029956,59.322774676724826,26.724659136387416
15,28,231858.72912679234,60.33008814207928,26.70541434251365
15,29,231858.72912679234,60.33008814207928,26.70541434251365
15,30,231858.72912679234,60.33008814207928,26.70541434251365
15,31,231858.72912679234,60.33008814207928,26.70541434251365
15,32,232264.02488670632,50.41017419949524,26.807970299664078
15,33,239767.85099821334,76.87486678036828,26.659921464431847
15,34,225036.1278155813,84.7203825718351,26.660501829582834
15,35,238979.1009285536,47.460191269798095,26.7771547274492
15,36,238979.1009285536,47.460191269798095,26.7771547274492
15,37,211392.54552755138,63.52971642897257,26.791943853503305
15,38,250223.1391786051,52.568077006746805,26.719516971412475
15,39,250223.1391786051,52.568077006746805,26.719516971412475
15,40,225217.3367075598,74.96487091882,26.68007831358578
15,41,247737.31051159347,43.76523127752386,26.828208478202903
15,42,256666.29301015098,46.686291335455685,26.737991256938358
15,43,220935.47967854605,50.95543412575798,26.75597657376842
15,44,215768.2591096306,56.4967534746772,26.804949603320722
15,45,235476.50883818968,55.2455012619737,26.68460427563035
15,46,257488.09049318684,52.29985249151936,26.714757992117868
15,47,238434.257420862,49.57809572589885,26.804189367659994
15,48,287404.8246644475,39.04038316459358,26.792288419423365
15,49,232395.57377658042,59.28438967272555,26.74638747794105
15,50,209519.966060206,68.17375532687988,26.830306268646474
15,51,235318.06341244213,54.37115620993229,26.717442264973535
15,52,206406.9751627754,68.93765061496313,26.77094873693607
15,53,220386.2446886717,50.36730545000722,26.896742573116327
15,54,240094.18378846315,49.95764826951859,26.76589140467791
15,55,247873.54125608603,56.57857389508023,26.663998308126217
15,56,210469.99153462754,68.19870423890737,26.81561901561914
15,57,229793.6121688454,64.37712622939738,26.70904061754249
15,58,233772.98665177517,48.514132004694545,26.907694208613513
15,59,233246.82550130365,57.73091597945856,26.711223021354144
15,60,206732.34947932715,67.46419034367807,26.85297747670171
15,61,212832.94218264447,61.85318432526922,26.8296035515174
15,62,213151.58124734444,70.41485192507338,26.751400815575984
15,63,223504.6734865518,77.23501798876714,26.675109091746577
15,64,240044.31903610204,45.741806261562466,26.77188429021094
15,65,271366.83858603897,42.102922229609284,26.851008020124027
15,66,227430.5476837114,85.25995765635193,26.659916767459826
15,67,236495.23280133496,46.16429230103362,26.85554572739688
15,68,260302.1559669946,45.66349545674792,26.789108781031587
15,69,216514.45248138014,62.90863690238964,26.794794162401708
15,70,237965.59252970925,51.44700263579971,26.732221605024392
15,71,219651.79364484875,64.11584162153164,26.751777925641548
15,72,256298.9708606558,51.98719028033345,26.71487348862067
15,73,232676.1581606487,50.30654948603919,26.885115478890363
15,74,228342.86892114714,62.539350451865744,26.72033471729784
15,75,253171.68623257306,48.141718447947724,26.73489262300059
15,76,214064.15308978906,63.898740758631234,26.779358501125806
15,77,215885.89928708214,63.333744560740065,26.75234318350398
15,78,238729.94562920666,53.13908285009526,26.713882476529903
15,79,231460.02261480482,50.77540607827918,26.816908170403316
15,80,214860.02718953195,63.08841783244468,26.753114919150313
15,81,215830.17506619132,87.05242032120599,26.7442504766827
15,82,201108.23843381126,76.91617747802077,26.811034258314535
15,83,234276.8021585732,74.9218409313461,26.68007831358578
15,84,220010.83132172786,62.71090746323236,26.79820788801092
15,85,236162.4405230638,45.06473700823889,26.88254403310328
15,86,235258.7889278007,72.84566463101373,26.677374690156206
15,87,218757.26223873073,66.90534160571919,26.685336177789218
15,88,211016.29623548794,67.03962845940868,26.766052964780542
15,89,252227.29280570522,46.50870675828444,26.767457251443588
15,90,238414.89019120188,65.22617097465886,26.68071384971239
15,91,220653.59715164462,62.141478184366704,26.773404931857044
15,92,265421.2387046252,48.03077173685058,26.7003977058422
15,93,220233.7821583414,55.1107041401125,26.823649282933005
15,94,205978.07259564713,75.77243794501484,26.83322036534917
15,95,228200.74666939283,59.74072563305045,26.721458925910397
15,96,236504.6502496471,47.479818444051084,26.853988045979186
15,97,269695.78672650916,45.38100603772583,26.756381335837702
16,1,288595.0097061374,37.62976665225662,27.446056658274074
16,2,300499.31497566646,37.40028451764512,27.39856589088253
16,3,300499.31497566646,37.40028451764512,27.39856589088253
16,4,281505.4095327739,38.229227658322046,27.29091238343549
16,5,284168.6038015871,38.03067675435377,27.412006646686343
16,6,284168.6038015871,38.03067675435377,27.412006646686343
16,7,243361.6015823981,43.05864466232711,26.98143702032366
16,8,243361.6015823981,43.05864466232711,26.98143702032366
16,9,179301.34926548184,62.57865186825344,27.04471356402869
16,10,198229.92882270121,51.30194107251625,26.892333688973515
16,11,169481.34786332055,67.7170414127027,27.041584808858218
16,12,240771.75929141114,41.62129538342827,26.983602210127152
16,13,218202.1814195312,48.23113993450273,27.029267631534303
16,14,217754.75367216376,48.457875307826555,26.997098873190467
16,15,217754.75367216376,48.457875307826555,26.997098873190467
16,16,195885.7550506707,53.69503503555502,26.974315467177107
16,17,195885.7550506707,53.69503503555502,26.974315467177107
16,18,162169.2576387194,72.22862661080865,26.917452168459477
16,19,162169.2576387194,72.22862661080865,26.917452168459477
16,20,179405.1513729387,57.93253150599357,26.910851494157583
16,21,178419.78377502627,62.71570865781841,26.942324354517382
16,22,238279.09307247336,40.6945754761072,27.060697251661423
16,23,207415.83666951192,48.76333022645537,27.04992957332606
16,24,207415.83666951192,48.76333022645537,27.04992957332606
16,25,239701.8869757383,39.80199409223933,27.0494082599511
16,26,227953.04303167702,44.14680780668461,27.03863976220464
16,27,227953.04303167702,44.14680780668461,27.03863976220464
16,28,234434.8466546847,45.365149975077166,27.01960327960453
16,29,191585.53382786975,55.51843500257384,26.92830492031925
16,30,187915.54146559507,56.70160655710052,26.96137946020589
16,31,187915.54146559507,56.70160655710052,26.96137946020589
16,32,225474.03424342794,43.35714459452131,27.057300885131745
16,33,172812.156539273,69.5644585118437,27.04067183942181
16,34,209091.88987774067,49.150856532510915,27.03762588852075
16,35,245434.93438740523,42.07250087032662,26.9549971847771
16,36,185951.75594562496,55.0125945668672,26.981479146573818
16,37,235761.83857580984,44.96189360986688,26.9708317148394
16,38,249423.9275935915,40.65541865337992,27.00083794869154
16,39,249423.9275935915,40.65541865337992,27.00083794869154
16,40,249423.9275935915,40.65541865337992,27.00083794869154
16,41,185809.88571671076,62.08206963986182,26.89085991617175
16,42,253482.82066747342,38.83947449022152,27.02756882597012
16,43,183834.28296495322,60.896161058997095,26.905543698373002
16,44,223637.8049991843,47.95365301310218,26.943081969981876
16,45,236006.65765438837,47.02557024670798,26.941443732004366
16,46,187369.9634422509,54.55676667178533,26.98374405719691
16,47,197371.57163611002,52.0124759468473,26.96518847496356
16,48,225238.20598989623,44.07389282554896,27.044955805042477
16,49,236311.6094613722,44.377430148339606,26.997656514440912
16,50,175866.18619418296,69.37296632777526,26.86680987545246
16,51,216384.09283329317,49.83619245409759,26.930098649292376
16,52,242402.56115398594,46.64852903663904,26.943286992158583
16,53,200053.67181522085,50.44040098964302,26.859877629562526
16,54,206352.27241867283,49.71146750329182,26.934113919887643
16,55,218534.27552763536,47.10702255491125,26.969056978618575
16,56,193492.0454224714,55.84591412286903,26.87991875622881
16,57,219548.08458087116,45.55303376138175,26.9484254140336
16,58,175038.58541779694,64.55219567021321,26.871494655939543
16,59,190851.44322245865,54.95152289405102,26.97783429398293
16,60,219522.2553947556,49.36315504582752,26.96835481859064
16,61,238333.6942669678,41.899152339195254,27.01997444148965
16,62,215127.2316034724,49.03160524158216,27.047076512138958
16,63,211754.19969865907,57.66934811782379,26.845662714344748
16,64,195019.70224592226,54.591850583961126,26.976878615435545
16,65,186064.11224860582,57.703362741911974,26.976348996194297
16,66,218486.09995885103,48.058632005525986,27.03549726074573
16,67,193151.5224421584,54.60350528242036,26.966445485698017
16,68,213842.92343697112,52.347089916066174,26.85106280954829
16,69,202379.8609598747,49.41665140629634,27.051314300459808
16,70,227425.42990767185,48.41173842922555,26.92693651340698
16,71,227333.10093670146,47.89746486846393,26.9476049732677
16,72,203520.8478230102,49.42003858460364,27.03833730104739
16,73,191404.3039168344,57.33525394416044,26.948542482756423
16,74,186225.6348834014,57.661169849174875,26.97727046457721
16,75,183968.86557766,68.90401824923815,26.859463966572697
16,76,236169.0378295416,44.54402803701246,27.024634782617
16,77,186546.9730107863,56.53764306254717,26.964165180140753
16,78,215232.13302030164,45.785290983200404,27.05938194377495
16,79,165110.67119686297,70.81458466987169,26.95159675429143
16,80,174917.0094479329,67.45343668456348,26.99502394044822
16,81,200572.0153632784,47.17046587702552,27.060849560023108
16,82,240131.85357991708,41.0106008922135,27.004300521745193
16,83,179348.1973253444,64.05049926754734,26.88334353604273
16,84,192095.7661103215,56.21366205512806,26.918787026330577
16,85,195934.6877851674,60.406644688266454,26.876587234607392
16,86,205606.853330821,46.91164440959613,27.103156669936247
