Cluster,Solution,Distance,Turning,Elevation
1,1,144019.55925855628,61.76506197161934,32.75674340095211
1,2,207884.89223319892,17.361996760003922,32.94171790381074
1,3,207884.89223319892,17.361996760003922,32.94171790381074
1,4,207755.3764684236,17.53962124992209,32.942665814896195
1,5,207755.3764684236,17.53962124992209,32.942665814896195
1,6,99087.16067227171,117.06362255483036,32.81221750155228
1,7,99087.16067227171,117.06362255483036,32.81221750155228
1,8,97897.36588442052,116.58570376971792,32.81280293208607
1,9,193800.95939206818,17.652256778553447,32.919923395244865
1,10,193800.95939206818,17.652256778553447,32.919923395244865
1,11,194732.88034825338,18.069934104340707,32.915596701717746
1,12,194732.88034825338,18.069934104340707,32.915596701717746
1,13,165118.96129533497,21.045563580101746,32.89954788331648
1,14,165234.339850255,20.48719489820074,32.909856289118295
1,15,165234.339850255,20.48719489820074,32.909856289118295
1,16,181807.31740967586,18.73700003368834,32.88955219359509
1,17,157892.69744917,36.64230253877481,32.767201456756894
1,18,143404.06730088158,32.23112252834781,32.85341242732214
1,19,101860.48111853571,111.1138042272604,32.800160748219604
1,20,145108.26349971668,31.22921531438291,32.86033380669717
1,21,126964.58586042025,46.09133204100656,32.81616344121124
1,22,189681.5122624968,19.401504683336768,32.87852946773241
1,23,122674.63399776157,59.94369821976452,32.77946571684081
1,24,103447.9553677256,95.01277126360266,32.847640756397695
1,25,121357.80030286527,54.55381393296866,32.842496609710096
1,26,174292.64637309493,20.403248438064324,32.89238600180685
1,27,141696.51377121103,31.643311235399374,32.85741024948338
1,28,170316.20667067866,21.137940906866728,32.868691320903075
1,29,145831.7883616312,27.80184583246571,32.85507305371442
1,30,129067.96023689018,47.11112099099565,32.81044774388028
1,31,104614.75980550595,92.29852455613796,32.83504796004903
1,32,138125.72274308666,37.970865482272934,32.779281101436084
1,33,134512.3614128054,39.71469157210617,32.81403993030386
1,34,181022.34975879843,19.408092643770047,32.88288680484135
1,35,178961.0137279749,20.047015191734143,32.89118081124703
1,36,99662.53473830575,115.03548216850538,32.8451472354431
1,37,114219.45883690694,78.7135383111639,32.78429454079566
1,38,190522.3198620396,25.009459913891895,32.82586389259526
1,39,192404.5991733696,23.614607755508683,32.82388340973533
1,40,131066.27424820964,53.35279332324227,32.76546401202499
1,41,129802.95999713012,43.98478014312443,32.806080734196456
1,42,155843.38131319804,22.004093369393072,32.87166868243228
1,43,99812.61264489862,112.70747652692427,32.82805345272143
1,44,185966.19609347355,20.129144057927192,32.873775124965405
1,45,185966.19609347355,20.129144057927192,32.873775124965405
1,46,161899.03623002765,30.925955174757327,32.80307226936061
1,47,177059.7145031992,29.153124452519485,32.79493632372841
1,48,130848.53128720363,81.17402678075642,32.76401711424515
1,49,119493.05689882442,55.94773514051655,32.83706888490035
1,50,102274.01997464531,108.0664181941986,32.80415467429537
1,51,135269.7100316221,65.73297259265969,32.75949043261873
1,52,168680.78266995333,30.396401767366164,32.77964451292985
1,53,109309.06275267815,96.95954993523554,32.78139359253618
1,54,177878.44677734288,19.853233553392062,32.89808825565931
1,55,186758.1909173231,18.371377053236568,32.91735157236305
1,56,186758.1909173231,18.371377053236568,32.91735157236305
1,57,99799.54394830833,114.757958672837,32.825105025068055
1,58,149780.4889698323,26.63725364300898,32.86966166187781
1,59,173717.92835293515,21.84495267499373,32.86246936916204
1,60,120259.0873894417,76.55038289676239,32.76814633664117
1,61,189551.9964977215,19.57912917325493,32.87947737881787
1,62,103783.63668838167,98.65338593150632,32.80501574035341
1,63,192591.36343215322,23.226261895649557,32.834596697064306
1,64,120868.42546788618,61.36332446274358,32.79540308584956
1,65,100739.43317797355,104.23005085322515,32.83953088292409
1,66,160313.8289997191,27.401107576060078,32.82291776689924
1,67,127033.73323099526,48.464147244394404,32.79757042782202
1,68,155435.2163793128,28.56197566435509,32.832653420298726
1,69,100370.16526215509,109.04113400628535,32.80914139470917
1,70,151135.66166443954,49.39253975332137,32.7661143558196
1,71,167851.46437706813,27.318090066399296,32.82628335049128
1,72,141218.15742897493,33.566464720095,32.80259138158729
1,73,100946.18775803992,115.59544372180693,32.801595947449634
1,74,108564.96274869607,89.8964328026085,32.78882319658511
1,75,130060.54610178576,52.216553692822146,32.76875015496766
1,76,140675.38957930956,62.635098085168956,32.75693316594627
1,77,171850.34632582005,29.73008572217515,32.811583717720744
1,78,125965.96093456836,49.24632713294299,32.82734292874978
1,79,116735.53647494345,63.67387690449686,32.813843395690014
1,80,150209.4374610172,24.363942851460767,32.8333874919335
1,81,102427.48015139303,109.01830206982315,32.79848542103721
1,82,163223.24706976087,30.731417074070418,32.79168732440649
1,83,175849.58527990142,27.221926080989224,32.819560885450926
1,84,184006.14617065838,25.479710902230636,32.821893938229756
1,85,100447.11495712269,105.83996925694746,32.83953088292409
1,86,163797.4468527663,30.53376271114415,32.80093219896076
1,87,132654.1940561426,41.29191236345473,32.86477451823498
1,88,173169.6936041972,26.547378456989424,32.82052449620684
1,89,132233.51751519437,41.92225879992842,32.839266606174526
1,90,101469.03300675852,102.28622501764721,32.83953088292409
1,91,102758.64045370164,99.87320744185462,32.82930321728359
1,92,142574.11999864204,40.182333604700865,32.77701555316224
1,93,120213.79516861791,70.72596311551048,32.77618473428813
1,94,104511.37180489209,106.053483808802,32.79080025350324
1,95,147824.7102211675,33.24986593117748,32.781454788905684
1,96,127912.29403813665,51.32954681485112,32.7850016679351
1,97,125177.35781766835,52.64169277607136,32.776052415224896
1,98,102621.92586620562,103.33813098856066,32.79684484868404
1,99,115706.55574612459,66.95313354359445,32.80775243011374
1,100,106002.03588241187,86.97600341529245,32.821896385653965
1,101,139147.0829915501,65.18332494121493,32.75949043261873
1,102,152618.9007170274,22.940019422536174,32.86384623005919
1,103,114187.1644511275,83.63855409857138,32.782660245998606
1,104,108203.3350655551,84.63942799438358,32.813208649640885
1,105,133725.2630449511,62.22574101261326,32.76072296295834
1,106,114644.69575371048,70.87620043216188,32.84338540265758
1,107,136690.6960611903,38.872855844516984,32.78734291912667
1,108,188580.6169135367,18.690158011294184,32.88181561067508
1,109,105277.85704510409,93.54489643030878,32.79728169077977
1,110,114445.39486970103,85.66174637185583,32.773000358521216
1,111,184121.5247255784,24.92134222032963,32.83220234403157
1,112,124032.16999710468,71.40198271950727,32.771711474634856
1,113,101318.91396113063,111.94055305559115,32.79372790713186
1,114,125732.71655304264,72.31935050592922,32.77102181364712
1,115,120427.68623993306,58.03895704247674,32.831106755248264
1,116,117889.71724338333,74.64005433123432,32.77897231599893
1,117,156594.44929188458,40.035158825205166,32.77147326497654
1,118,109899.05668509963,79.35334240898361,32.80264567085732
1,119,104873.37483433628,96.0381242431858,32.80337308695426
1,120,178029.0927717897,19.629337865946876,32.89550750477415
1,121,178029.0927717897,19.629337865946876,32.89550750477415
1,122,116235.3583298691,81.89449516760655,32.77656946395278
1,123,148829.4467424086,27.166976172294167,32.865835359742135
1,124,148829.4467424086,27.166976172294167,32.865835359742135
1,125,153487.5264126417,34.5004103561993,32.778045238732
1,126,107661.78311537899,85.79891671532224,32.804320998039714
1,127,115373.08664274667,69.02369034298452,32.79417408258311
1,128,154464.57750744242,36.268658575481815,32.774258207219795
1,129,103505.96949569401,99.09765783397872,32.824824508056054
1,130,107305.81824704462,84.66618979088031,32.807580282830614
1,131,188219.35964124915,18.145781226891717,32.886911716619636
1,132,188219.35964124915,18.145781226891717,32.886911716619636
1,133,133678.11622887038,40.853853834396595,32.7900491490903
1,134,136844.19858790384,36.004106906644516,32.81785258734703
1,135,131906.44972851287,42.90086224862531,32.83225368949086
1,136,113845.99953084497,88.51137173562418,32.77315810394014
1,137,175890.56156372846,25.80922633156923,32.82986929125274
1,138,108480.3227521167,83.6262672244895,32.80830769892755
1,139,159619.32550454864,29.98818779274548,32.813981031078924
1,140,104754.75323880061,94.71489762430289,32.828502203008846
1,141,129315.697615458,57.41234863666862,32.76813824682142
1,142,151230.6244033995,35.982315118803484,32.77437935736488
1,143,166190.50790546965,31.75771845816899,32.77509599067927
1,144,120494.34500872117,57.08270466579443,32.821781524343564
1,145,129530.32115643131,48.609307767011984,32.789043083757036
1,146,106922.15879579773,103.02288556735141,32.79215905324433
1,147,128242.63974978025,56.22255643713459,32.773224934016454
1,148,114958.16564475426,82.42495109187335,32.783109739179835
1,149,150215.16644203226,34.903277730233945,32.776717589222095
1,150,105672.54825678014,94.02588846235186,32.79369606949299
1,151,152867.04802519284,32.69442330615359,32.78755646211018
1,152,126535.80001427827,55.590785207427054,32.77562099380271
1,153,121997.1287565072,63.03204145041531,32.78467170744087
1,154,100366.54298116565,112.66245651539975,32.823429697885665
1,155,170355.4470621314,20.905641180323745,32.8862702931386
1,156,109290.76500342294,93.01083255537202,32.78589210105422
1,157,128424.98760847046,52.9198314824102,32.77365635543864
1,158,104032.94183493889,100.8062932365081,32.79294266310588
1,159,166870.00223109065,21.29259525523335,32.891389828966844
1,160,139252.01224323406,50.685768040742445,32.761951803085786
1,161,108814.70690659211,78.97211210972354,32.83079243944729
1,162,113806.2674315458,67.61228233771551,32.847296404754175
1,163,103456.49643825158,105.6105342124662,32.79215905324433
1,164,185107.04151961848,26.19105757427322,32.818607795287086
1,165,103783.9575129936,95.76852855235404,32.84324764635898
1,166,109176.4119461517,80.54955139946269,32.8190842008363
1,167,106144.22476619447,90.34947799499639,32.80830244916991
1,168,131820.2095449407,43.74675132155159,32.772023515638935
1,169,171734.96777090002,30.28845440407616,32.80127531191893
1,170,116824.37763788461,62.9460048539155,32.806624478951704
1,171,147789.18284095547,50.61763089134896,32.75778579911318
1,172,114990.94037424968,73.37348391016245,32.79037609523028
1,173,111414.58534165646,75.3259896229987,32.82075267602428
1,174,124157.97039541473,55.78857478910886,32.77783287704111
1,175,119066.20035687856,72.81058878264784,32.77450940710574
1,176,154296.86062323366,32.02784613507792,32.77591151036276
1,177,110871.48100315682,75.99116583949647,32.818962229685134
1,178,111886.29236457497,75.69778905203022,32.79219553574075
1,179,109970.14888443355,87.37812587910364,32.79544461680941
1,180,115316.60956714948,66.07304823334582,32.80902053873796
1,181,113632.93052357076,74.22405795315743,32.79417408258311
1,182,133786.3571476967,39.9976435428157,32.807166246115116
1,183,110553.74243695568,76.33877880127707,32.80518422304436
1,184,117464.65839464567,64.57074891847881,32.79586407985352
1,185,117464.65839464567,64.57074891847881,32.79586407985352
1,186,106613.53095351219,90.8377566330129,32.80337308695426
1,187,186375.89921130284,21.94471124367336,32.847081833734194
1,188,160045.90329854676,27.580184180232198,32.83135709793106
1,189,137082.53970694402,46.29615161538475,32.77138884645875
1,190,170849.8155124531,20.95309802005803,32.88426011589023
1,191,166826.0706787839,30.54831581373139,32.78805097055392
1,192,132235.73146973446,65.31313043525654,32.76177326833977
1,193,188695.99546845673,18.13178932939318,32.8921240164769
1,194,165472.3154812176,28.33685915440673,32.81291178443763
1,195,101132.73296288596,106.93949617276509,32.80572809309326
1,196,147191.6581955245,27.51147411618758,32.842605883512995
1,197,104080.59537272682,100.2510782246367,32.7957404451991
1,198,152295.1526072212,22.497768671207464,32.881977088234095
1,199,121455.89755182134,55.26485999589216,32.80531581556359
1,200,142180.75423444214,31.121959130859164,32.86432229361693
2,1,240164.2081929173,68.35148972084357,32.61045454701068
2,2,377553.55330895813,22.800464566229774,33.627079827114635
2,3,377553.55330895813,22.800464566229774,33.627079827114635
2,4,185689.64687946753,100.05731896273068,32.651614037896806
2,5,157332.56088924783,93.3332000333324,32.68117304554874
2,6,388307.06747767556,22.286823136163676,33.58528560207911
2,7,281099.2860239305,25.80116264255578,33.04932592286187
2,8,371235.8135322253,25.743038470192623,33.471773323271265
2,9,305345.4515754202,28.605086688583608,32.89615888293725
2,10,349385.24831796513,25.561655390141432,33.57200422562319
2,11,186809.71003803806,98.540322663213,32.654145176461576
2,12,161784.11299430297,94.93903168035622,32.67994855056033
2,13,352860.1493651143,25.172571518990374,33.568057323277266
2,14,352860.1493651143,25.172571518990374,33.568057323277266
2,15,360529.3762476309,24.62240630708644,33.52377425665902
2,16,176880.45764990064,69.43994632543767,32.718695387172446
2,17,366829.52894383424,24.224922157644812,33.53303563098113
2,18,366829.52894383424,24.224922157644812,33.53303563098113
2,19,378683.67402601143,22.900848847585397,33.6081029788941
2,20,360690.6554139342,24.67403114583607,33.518007307206325
2,21,382783.85254950443,22.67035458339467,33.57357542192571
2,22,302677.74697451724,29.24492370851949,32.87146980302752
2,23,273446.9515150488,27.73318100941885,32.902575297837515
2,24,294657.48080145754,30.202306020191806,32.848556952476116
2,25,232550.2958616326,63.44437232949283,32.6276795921472
2,26,378060.8273653521,23.77147630683804,33.49600203265878
2,27,181230.17683873416,73.38853741414424,32.66990875918824
2,28,205597.9908542345,84.00365014253705,32.63643847249519
2,29,256301.5983233496,33.05686917473878,33.02451697591531
2,30,256301.5983233496,33.05686917473878,33.02451697591531
2,31,177165.65420460122,77.95586653306208,32.656589075700516
2,32,168548.4680523592,86.29419008623702,32.67344689943408
2,33,173572.21605039758,85.02368660014768,32.676581499973814
2,34,203307.08848668772,55.5774274845701,32.71099475896546
2,35,166397.3868613688,87.68767975581969,32.696484851588025
2,36,190004.40806648319,56.42457003582554,32.805432105231795
2,37,368779.2004102411,23.989487870108647,33.5098061070775
2,38,226406.44253505833,70.99740614153663,32.616584753409
2,39,242262.15995721356,36.771494034223096,32.81135743530621
2,40,278496.415443756,26.171612889760098,33.008864351906595
2,41,278496.415443756,26.171612889760098,33.008864351906595
2,42,235057.19057734238,61.9804076147256,32.630287999822514
2,43,227810.9223110271,42.138246033511656,32.76391450032421
2,44,267161.56966321566,29.533081330857904,32.980407989817344
2,45,280334.2006290119,26.839120832623735,32.98979352641325
2,46,280334.2006290119,26.839120832623735,32.98979352641325
2,47,250785.40843734302,36.03568371735377,32.92827453747739
2,48,245632.91410626343,35.07115906812603,32.95635629519512
2,49,240813.910025489,38.16508163534946,32.82668622871054
2,50,197946.8554708761,81.6333992095564,32.640067521870726
2,51,200927.21105628504,54.28145077892652,32.73948921023573
2,52,219251.03208819716,46.318376331934445,32.77276718027651
2,53,381306.2343534768,22.290607159505942,33.58377875388814
2,54,290697.1397607848,34.07032588560687,32.822398242266246
2,55,169681.00157751713,80.62362132129181,32.729356402974595
2,56,188986.2812276759,94.69685649892702,32.64596066416768
2,57,211431.27802225805,53.44441237529528,32.716749696122235
2,58,220270.03636341717,47.00365687790218,32.72710872479133
2,59,191658.73202227638,93.05168495726195,32.64509543745621
2,60,246906.66952155603,40.09654885935712,32.76154516541237
2,61,284945.30391409365,30.24646351055488,32.88281655953037
2,62,284945.30391409365,30.24646351055488,32.88281655953037
2,63,298334.0855628718,29.298897901657043,32.87437945747463
2,64,298334.0855628718,29.298897901657043,32.87437945747463
2,65,196161.0036115481,83.00399100324613,32.641328370541984
2,66,165137.40103270597,90.235796210656,32.66540898083251
2,67,253570.08838862475,33.52546791246234,32.97444806381021
2,68,214025.67708261617,79.20465878907099,32.62751775628284
2,69,251792.91393307585,34.778593106282834,32.91071482413801
2,70,248816.54387792016,40.54552586524104,32.757414417487205
2,71,204286.5775592285,58.675445302783395,32.65346687963014
2,72,262140.37257708644,31.531326154476506,32.98852541265167
2,73,230880.10806299548,72.96832688076873,32.612584362382336
2,74,225442.57838118827,78.34130880051447,32.61901367089757
2,75,253266.38953885963,34.758884566873185,32.9604709928678
2,76,278178.1155327984,32.40826633671625,32.859637384211084
2,77,185460.775028086,67.22863210955916,32.81855220956872
2,78,180216.6735787709,71.53241755695987,32.67260197741411
2,79,373680.54244185553,25.006095651086003,33.50970184944204
2,80,260000.473913692,32.53475038767879,32.92122830194197
2,81,234271.3360534256,41.72460680878887,32.79799349482056
2,82,221147.8182176649,45.30364668342869,32.740564474318326
2,83,223905.99713929388,50.23583260257574,32.70119878069971
2,84,223905.99713929388,50.23583260257574,32.70119878069971
2,85,198567.86894461693,54.667648009332495,32.73856590950227
2,86,232674.93229607152,48.38748945679912,32.7147342851092
2,87,160992.99833194693,89.19646428976736,32.705901350580135
2,88,160992.99833194693,89.19646428976736,32.705901350580135
2,89,243812.6430889409,41.27731098066651,32.75095539399224
2,90,375486.6499901811,23.222953919202862,33.527747736587465
2,91,293752.93763426,31.92564323481682,32.836633103003905
2,92,255419.70538090434,36.2307982598724,32.793376846421275
2,93,211809.2967397772,82.65676786822266,32.63606721376639
2,94,258461.17839018264,33.27381292625508,32.86548380561196
2,95,221698.32035422645,44.519749879841235,32.74519935658602
2,96,186619.10352296522,65.57895354941891,32.71170522659122
2,97,215608.5780885567,75.91472203091737,32.620913370887656
2,98,288471.00885232567,26.083086457392625,32.930417176161825
2,99,288471.00885232567,26.083086457392625,32.930417176161825
2,100,243357.93539372482,42.89832865198667,32.72969024682421
2,101,243357.93539372482,42.89832865198667,32.72969024682421
2,102,174461.63536524936,76.72042099693816,32.68508181114018
2,103,213001.18302795623,49.564935281987324,32.71861519025521
2,104,167872.0446778064,89.85418338716144,32.65562649236898
2,105,258355.55760546937,38.79505842522946,32.76302353188151
2,106,162246.81039504686,91.51446023001651,32.68966141718895
2,107,162246.81039504686,91.51446023001651,32.68966141718895
2,108,248900.43653266702,51.25736402008622,32.64674114407259
2,109,269286.5038717192,33.58442756075627,32.8432628645806
2,110,169680.65245268986,76.77903428356746,32.776394197715426
2,111,166939.74797468178,88.23999015786852,32.693965760252254
2,112,268535.61154653603,27.450312998239365,32.904499311422974
2,113,188466.653429788,60.28349351441328,32.69182804714055
2,114,256286.7066054675,35.33464346677725,32.79230035210599
2,115,194410.88224350868,81.28667403852218,32.65147708822611
2,116,254107.9275424901,33.68057944241245,32.831092212060106
2,117,256097.67079921436,37.30603642308061,32.779482155662215
2,118,235444.61750245723,59.74117067530773,32.62602621490125
2,119,229138.4785029009,66.58830935214901,32.63079871906258
2,120,272649.1502063686,39.26046877341251,32.75367728463151
2,121,282509.2124149195,34.54009515393357,32.81977358280438
2,122,263868.6367723149,32.23944491296688,32.87048941785175
2,123,206609.9362900321,56.970297791914845,32.664678805459566
2,124,170476.39196261478,78.93496885720252,32.70417485746335
2,125,189983.1924400749,57.510352639469716,32.69182804714055
2,126,217483.73356798547,73.97098075700977,32.622536382417245
2,127,230188.6642874191,65.10924631607627,32.63522341960772
2,128,218238.67874997246,72.55785098458206,32.629216666007004
2,129,377516.74878794816,24.19414384202927,33.482596244710464
2,130,377516.74878794816,24.19414384202927,33.482596244710464
2,131,270421.5857397138,33.41185153950838,32.858830169189986
2,132,230382.79642582338,64.4252592092817,32.62979699909289
2,133,223103.59774306833,47.666126417768076,32.72159548550332
2,134,170706.24878064485,79.16682447228655,32.68688300989926
2,135,271212.6703889077,29.44544521629567,32.89835447212555
2,136,164346.336745446,88.58442327619512,32.671525753674686
2,137,214135.73318665847,66.3539531168188,32.63764276300356
2,138,293007.19495460595,32.578591115896415,32.82463431305663
2,139,270155.1232839927,30.745747806434096,32.9014968928396
2,140,263117.953970838,31.19698979867342,32.94461724480832
2,141,263117.953970838,31.19698979867342,32.94461724480832
2,142,196367.8664858011,74.48270508432803,32.64817398064108
2,143,196612.12424231996,64.69767903552201,32.657394671372174
2,144,262343.0351444687,29.788986798764608,32.958963999752235
2,145,249293.54717267552,38.857857208748754,32.785203204245285
2,146,281391.77237995894,30.355613142143074,32.836988099045634
2,147,222072.390897033,58.07169161456853,32.636676320780275
2,148,187610.54699710125,80.87325789374954,32.65178169423039
2,149,254439.827757201,39.75757072419011,32.76049239331674
2,150,233804.79822106013,51.548657422702654,32.69812928544022
2,151,217328.4009125615,48.25194317005169,32.776374813156565
2,152,209984.2242916001,67.25474796518218,32.64037994994418
2,153,220560.68949499814,52.71106474638243,32.69905863150095
2,154,265117.7896377416,41.03953648317622,32.74824076750284
2,155,290274.85839550867,32.70563719423905,32.82463431305663
2,156,195351.2662696799,92.39859124277226,32.646513324927675
2,157,195351.2662696799,92.39859124277226,32.646513324927675
2,158,378721.3719983521,22.998985286025288,33.57993163722795
2,159,180918.29717651143,75.40162029538304,32.662202533353664
2,160,193319.61506538422,67.13053332309774,32.68749090111967
2,161,163375.68986154385,93.23766502368188,32.6753584514393
2,162,220741.21702677777,44.67928681528261,32.743095612883096
2,163,254497.42604984672,39.205535798988656,32.770410984484315
2,164,281384.6263337872,31.012185854709806,32.87967296294776
2,165,373484.9531189763,23.388567179216732,33.527747736587465
2,166,216654.08006022483,52.03027418663178,32.71445008531146
2,167,260711.27042383648,32.92002392726939,32.90677531804152
2,168,237536.1124475598,49.40656736218928,32.68098779144978
2,169,212149.80073947215,55.136595377163005,32.66497163939916
2,170,261066.5302950902,41.58609509830793,32.74824076750284
2,171,268241.39495072304,35.063448439371754,32.817348619915116
2,172,371994.2493181441,25.153665593232816,33.47515602779961
2,173,265512.42970942345,40.81370620669367,32.75367728463151
2,174,214794.2230556105,72.26264826324933,32.63386572918348
2,175,237562.01999276652,56.533650025253976,32.6243703534441
2,176,165706.03664845144,90.08658107888418,32.65809770305265
2,177,223178.58205558488,53.07524317194021,32.694153069562724
2,178,282940.23391035316,30.34605746395529,32.8928073357032
2,179,282940.23391035316,30.34605746395529,32.8928073357032
2,180,239974.69781863174,47.616768939185214,32.71179175109797
2,181,235876.33246428936,59.27227156953248,32.61921855274195
2,182,170574.59270007716,88.83188870930222,32.66028660556959
2,183,207307.94325101242,55.33276930080525,32.71390257877933
2,184,193778.2244492882,71.95700680922825,32.662089346194165
2,185,192624.907412951,75.43787578406096,32.65292909101931
2,186,169380.81649096988,85.46325246110547,32.68697623776497
2,187,174504.35392844054,74.30205417022636,32.664769519926644
2,188,239351.065678762,54.58862566363926,32.6204767662571
2,189,241273.5238157463,43.692888473108646,32.71179175109797
2,190,241273.5238157463,43.692888473108646,32.71179175109797
2,191,196259.11751015947,61.17815331343564,32.66347602118566
2,192,240927.4486275337,37.25587305142466,32.935953487296146
2,193,173590.69507463014,75.74110195995785,32.71272654679327
2,194,207263.33938818576,56.62029161141429,32.66637995797407
2,195,199762.82600992869,61.480866352916074,32.65243949140832
2,196,230536.38181547757,67.6098076065432,32.62095236518613
2,197,208956.44877195344,54.567146776482325,32.67922712896759
2,198,263467.468511411,35.1692250309614,32.78077960982933
2,199,374238.7753822792,23.077169365458825,33.52871553567629
2,200,216639.7590482902,72.25656833199605,32.63169721711854
3,1,216913.01011646434,77.9113275337831,32.65079918032134
3,2,312899.41739292647,26.61013512865456,33.22759491523152
3,3,307110.27374619234,24.520799878687967,33.594701766042604
3,4,307110.27374619234,24.520799878687967,33.594701766042604
3,5,273279.9149863227,29.01016462090442,33.7147147111008
3,6,198740.3148041978,95.3641566498251,32.73231790761286
3,7,185821.76378151047,91.58538977444967,32.9135572490417
3,8,185821.76378151047,91.58538977444967,32.9135572490417
3,9,277479.7831756404,30.012834087188967,33.405745937697205
3,10,274718.957682509,29.39525497711341,33.685379376605255
3,11,239286.35861874343,35.0725920820175,33.074090720718615
3,12,222974.78676851487,44.07518461256111,33.05670058293087
3,13,252359.42776631113,32.74080003158097,33.61550507685948
3,14,252359.42776631113,32.74080003158097,33.61550507685948
3,15,282206.92767791386,31.804095091996153,33.1270933964944
3,16,300251.2550879679,26.709691222838504,33.35791913573833
3,17,297133.9635264931,27.957173152979408,33.17528655862715
3,18,271131.68475552264,29.43608769443577,33.66352049951756
3,19,271131.68475552264,29.43608769443577,33.66352049951756
3,20,259640.156454559,32.049376842017914,33.263453646348154
3,21,308718.6775624036,26.010518096736966,33.334622143997535
3,22,256217.86905692873,31.138254273151496,33.46823908231552
3,23,256217.86905692873,31.138254273151496,33.46823908231552
3,24,286363.0239813852,29.485221448843518,33.2810606132969
3,25,295115.97484686255,28.61885503975859,33.181518582386715
3,26,245879.05578100315,41.374921877340505,32.8410203158278
3,27,223745.07578251456,42.97844778333952,32.86952430063285
3,28,265800.47365773265,29.753057116504124,33.44137534467197
3,29,196800.72124813858,70.3775860931654,33.021518547040245
3,30,225312.04432385048,40.01088869462145,33.140557926713484
3,31,234839.81273532775,46.207375326073716,32.764805767871515
3,32,251800.51496746074,32.80632622651674,33.57369943914138
3,33,251800.51496746074,32.80632622651674,33.57369943914138
3,34,205287.66261705145,68.76670523336344,32.75923121639543
3,35,249670.81567875572,33.40365295734636,33.54978262252402
3,36,249670.81567875572,33.40365295734636,33.54978262252402
3,37,286486.7863224748,29.189654367900847,33.50660531837654
3,38,286486.7863224748,29.189654367900847,33.50660531837654
3,39,254280.26503861306,35.67004510019343,33.06834933483886
3,40,297606.2338434697,27.86866369283298,33.21169266338423
3,41,221877.06328951824,60.61531510369201,32.67830483266555
3,42,213403.65355406134,49.16951285760568,33.034012728346454
3,43,279403.64179680677,32.12220547412768,33.028684588897235
3,44,243057.77007332674,33.80191924990967,33.079806669161655
3,45,195570.4400768448,78.21044969229239,32.80079571786039
3,46,210177.61678368654,64.13927536414448,32.721847493212266
3,47,262053.3565085017,33.146583979095325,33.07149394871395
3,48,269294.3362144068,38.36690487021404,32.90372867639905
3,49,256514.35793605284,32.33547946290873,33.29767849000027
3,50,202900.99816327007,62.23973961999306,32.91628042076209
3,51,253496.2739004012,49.8008762923344,32.702643715890005
3,52,278161.7710417363,29.368500156413294,33.418537012693704
3,53,207598.3153893234,55.68884587319435,33.07797130441524
3,54,205847.03215250256,58.80976341224893,32.81752054268396
3,55,237661.26553369555,35.79667304355292,33.12001057044711
3,56,275915.1861551107,37.73493540999876,32.860431268003104
3,57,289409.1123166587,29.75306093647274,33.19922071826379
3,58,243313.34238654195,41.262782998914794,32.87460653293957
3,59,289841.8736260921,28.096401313837294,33.2349425068428
3,60,212953.64662772446,75.70475880900298,32.70152873475298
3,61,199512.22712157475,94.73741266922552,32.72545768095802
3,62,208271.93729694324,57.15529344060623,32.969905286153576
3,63,214855.7423727617,74.16354241510459,32.712464684383924
3,64,242261.58691429562,37.99811655313329,32.95543780552774
3,65,247806.79123712226,40.72468498317525,32.89706998663511
3,66,301644.2686513991,26.498370564041636,33.448592084661854
3,67,285244.67356453027,30.70848888051087,33.11047689753815
3,68,285244.67356453027,30.70848888051087,33.11047689753815
3,69,221116.7589629524,44.502337742473095,32.979810313255264
3,70,213904.45992583892,78.93507231681095,32.6672481970336
3,71,191898.5167811056,80.03277086156065,32.920097498457615
3,72,198813.67019334147,93.73687460705416,32.72596566503582
3,73,198813.67019334147,93.73687460705416,32.72596566503582
3,74,216868.64613611056,51.0815223078305,32.84352390270101
3,75,303591.1344345227,25.855391192706534,33.35389430796269
3,76,288787.86368315556,27.753796081176205,33.423732375258055
3,77,203785.34696666565,60.909842808248015,32.96712731363638
3,78,257690.174605858,33.7291904172806,33.25010667608676
3,79,253840.3468040771,33.44950191621883,33.30974792928656
3,80,216317.56651938142,79.50560753764633,32.66321200708714
3,81,215386.67815849767,83.13120042116985,32.65915121907324
3,82,200627.90852162486,81.30294777041526,32.776435124566596
3,83,306087.3168365342,25.211857236858542,33.58866711443045
3,84,306087.3168365342,25.211857236858542,33.58866711443045
3,85,188932.04396868093,87.65685380293534,32.854998529884526
3,86,218114.87046999382,46.51873207868602,32.991694432436574
3,87,188019.30162099554,86.51358822565344,32.90766179648796
3,88,270492.97433251643,36.790712381915135,32.914734557009616
3,89,215461.44348289378,47.084456083736264,33.113923031331296
3,90,229714.32640354874,37.26937747242081,32.998957009695175
3,91,311557.87177828164,24.89863616257294,33.332015522812725
3,92,311557.87177828164,24.89863616257294,33.332015522812725
3,93,219447.90584766478,45.40532835580945,33.14574504757968
3,94,219294.3789122891,54.41101101385681,32.75651335143001
3,95,215188.18558635272,47.91171203823817,33.06051245309807
3,96,211011.8338632162,53.183095143788464,32.82431574240145
3,97,210068.78862164484,55.05487361646706,32.860448859700796
3,98,304562.3295178484,27.624892396824944,33.098875804318396
3,99,190463.01491885763,83.17334529423174,32.894955481333554
3,100,299978.8459534327,26.885462783307222,33.33130415659076
3,101,192930.34419506797,85.36927804931315,32.807980782012294
3,102,197224.31615504177,72.90753318292172,32.88573109685328
3,103,198111.02136574883,67.17066742687449,32.88670916560456
3,104,194407.1467640195,77.60980272515458,32.80817576269988
3,105,201352.56325522758,88.94668040068768,32.75526688187738
3,106,192005.6420146632,80.74049111980038,32.87852714077838
3,107,185833.75045724394,89.49605257551327,32.91314415137054
3,108,218441.23244525824,46.71087501099055,32.95777956372917
3,109,191329.67205373163,91.55374526192796,32.78773239497784
3,110,207414.48649145896,65.93582899041408,32.805717994051626
3,111,223215.8139199788,45.005239608637176,32.92904490330933
3,112,262830.19742631156,30.06900109357388,33.252447765737585
3,113,295837.3517766114,26.76128418542404,33.44663250731553
3,114,238555.1995827462,44.53662709335494,32.810902895055214
3,115,204331.79913655587,59.86033686462267,32.925640543520345
3,116,206627.14605641487,57.790295851901845,33.08882524815358
3,117,206627.14605641487,57.790295851901845,33.08882524815358
3,118,209059.31860076485,64.79158632100435,32.800385198130286
3,119,194126.14679235595,74.31240378882067,32.81349321584704
3,120,192817.8744307258,76.53463272570913,33.00334976080226
3,121,225664.97727657206,41.66594342626863,32.98399085424079
3,122,219492.27544788242,45.77508996851498,32.95020228900336
3,123,198883.86754609027,75.30431708869497,32.79081140062243
3,124,290462.1320668093,29.028408496652183,33.13206047244641
3,125,217460.25962728495,67.6082707001641,32.67218132781025
3,126,221617.18164940877,52.14124829920254,32.7819077021752
3,127,187996.21972442273,90.55811693917357,32.821077493133146
3,128,187996.21972442273,90.55811693917357,32.821077493133146
3,129,227802.65321962867,52.73330693557584,32.75100584204824
3,130,272077.1313325935,37.94349957912333,32.8539723754043
3,131,264223.25861842226,38.62542642828382,32.86516596032598
3,132,193869.0533965965,84.6346271270598,32.82041993662931
3,133,191089.42309234495,81.73437048002663,32.84916825898098
3,134,226227.06061290373,40.40049913700776,33.02674128524329
3,135,287653.6779432859,28.245200107039892,33.526226414216396
3,136,287653.6779432859,28.245200107039892,33.526226414216396
3,137,300790.9180632651,28.895565228932778,33.09315985587534
3,138,213726.25251743942,76.35079820083968,32.68974928491142
3,139,192573.64933133946,86.05741293078795,32.824689937258974
3,140,288524.1108848671,28.820852954972587,33.2623418037047
3,141,230656.66694731475,35.90638836477753,32.999721620641566
3,142,203516.19438957595,73.00515281506836,32.737494739464
3,143,248566.7823860753,33.770904866650845,33.535887116804346
3,144,248566.7823860753,33.770904866650845,33.535887116804346
3,145,287351.61462948495,28.846592660762905,33.20476842584529
3,146,226498.77847038262,48.53966395487634,32.86905521738858
3,147,258181.38068602196,32.18621810728306,33.34175771839459
3,148,189577.58056318483,89.4264520023688,32.794385633423246
3,149,283283.3864598431,32.657582556534194,33.01608797332017
3,150,283283.3864598431,32.657582556534194,33.01608797332017
3,151,258506.00036048034,33.489246927980346,33.10214073298374
3,152,293854.90772034583,27.0372434553111,33.30746045927498
3,153,293854.90772034583,27.0372434553111,33.30746045927498
3,154,204035.91115527405,68.03663356340914,32.854267428065434
3,155,302392.849988026,26.21779795872852,33.35791913573833
3,156,304754.37878751464,25.49030080120939,33.34782631666519
3,157,191088.7494121456,84.20114121796712,32.88991295033504
3,158,231447.24823217417,42.45651370947899,32.82404179403514
3,159,236189.0017722064,52.45042547830276,32.69625474138728
3,160,236189.0017722064,52.45042547830276,32.69625474138728
3,161,270145.7022386305,39.04211230419243,32.832339591624276
3,162,264150.90172930824,33.6087784614318,33.00811606272013
3,163,201687.30662491184,64.38647425317346,32.94235911691436
3,164,208883.65333296088,56.66027883510171,32.83128268956979
3,165,205751.12960056867,59.88330807915584,32.837289388204105
3,166,192014.82071312284,88.36021171869157,32.829081672065016
3,167,292220.4824899312,27.69229818573451,33.220357321796385
3,168,292220.4824899312,27.69229818573451,33.220357321796385
3,169,202921.4683995016,72.27080397200845,32.774765885705875
3,170,202521.9839317551,59.425908890788534,33.03155613382884
3,171,299878.49099775625,26.95921363708116,33.354796506310905
3,172,202407.62685169696,89.74023934466479,32.7417482112605
3,173,201535.8777721399,62.926084898840614,33.00679466356823
3,174,201535.8777721399,62.926084898840614,33.00679466356823
3,175,266721.5628779331,38.06138521402298,32.90901860856657
3,176,192572.23604939392,84.93560840798362,32.847321008954964
3,177,302026.231094418,26.4459079836496,33.29951762140401
3,178,263096.45391927107,38.58509502196242,32.93966539283636
3,179,198507.06654600214,83.7065690685575,32.791666864169464
3,180,231833.1642942215,49.17218835790105,32.77241111934468
3,181,266474.7769781654,42.04188937792653,32.829130571919265
3,182,203812.47406793621,69.61133562218991,32.77182390942857
3,183,213090.64970699226,51.50396284863794,32.83805831533272
3,184,267609.6040035775,40.95577218033493,32.84817846247052
3,185,194608.2127309887,73.41557302938719,33.002397413353975
3,186,219895.1765602964,66.76053355373328,32.65600897062497
3,187,200274.47010384826,90.14905058609062,32.74846070605776
3,188,199443.22699826883,71.1930244464328,32.82343735338428
3,189,262469.1266822112,37.7774534764642,32.96450035248028
3,190,291198.1220168428,27.706830501662495,33.25027236441842
3,191,230927.81246997946,53.700917455283985,32.745503014082324
3,192,228355.28759764953,41.789415102810956,32.86920036562314
3,193,209610.4665881311,57.001723801392856,32.75692975306279
3,194,233912.6881607527,40.69697104230871,32.95543780552774
3,195,196902.24029742228,71.23246870998904,32.933161543993506
3,196,216038.03230312915,66.3113210087177,32.674484199983624
3,197,226766.09611865866,51.258151533839,32.75783129582974
3,198,230270.9082478964,47.96876728028912,32.81539929279129
3,199,219348.46482543802,45.405328355852,33.13837105163145
3,200,201926.9956647451,90.02675738863834,32.71486906367628
4,1,160347.07554016024,116.37270907054823,32.88202939850469
4,2,160347.07554016024,116.37270907054823,32.88202939850469
4,3,303169.8875587336,27.030944513061232,33.49552738568267
4,4,165599.0385699444,116.48067106458038,32.83595075427569
4,5,304232.02366375003,28.987842962141897,33.44357912858786
4,6,304232.02366375003,28.987842962141897,33.44357912858786
4,7,304212.8356191903,26.915749238614897,33.49552738568267
4,8,194369.95830213302,90.63136545872831,32.79481206272348
4,9,281621.02718283393,34.383818596592185,33.286262721362284
4,10,281621.02718283393,34.383818596592185,33.286262721362284
4,11,201805.70468139093,50.88267521636357,33.03665130663511
4,12,279856.37698070885,34.24209208188508,33.296825645350964
4,13,279856.37698070885,34.24209208188508,33.296825645350964
4,14,261320.93023548205,39.03880757816733,32.91253857201639
4,15,253622.25525138833,35.74686784788687,32.98080607449494
4,16,302403.72175172385,27.04522411696313,33.484094000588634
4,17,162424.42990455453,113.13018487455567,32.8475325157323
4,18,260948.9606281714,39.20721055271596,32.89273821688742
4,19,292214.6307217392,30.656545276641552,33.41524068271977
4,20,298272.32328172727,30.182567078037145,33.44329260154133
4,21,298272.32328172727,30.182567078037145,33.44329260154133
4,22,296160.2390910824,29.716262620983134,33.46016131749479
4,23,294539.68622141983,30.401838503519922,33.40800295514855
4,24,162157.29150309323,116.34421598467704,32.8846745924019
4,25,220984.9561822974,44.10632135971865,32.92402749124306
4,26,247260.2473169882,35.92743865226071,32.99317792823048
4,27,165482.3319283962,111.89572366205564,32.85471996374265
4,28,250004.61373793127,36.018800778445815,32.980935725887164
4,29,288406.04209368007,30.93151047921055,33.386835883903565
4,30,288668.9833436233,33.15102276324466,33.28973549414935
4,31,291594.0428399411,31.934587432414748,33.32345250806558
4,32,285350.6995922772,31.602859106175764,33.34364956065245
4,33,229047.55378717778,39.56062072862955,33.02754372449022
4,34,243260.3068888398,40.59792219259359,32.94062061175757
4,35,225396.34251029423,41.61318250291288,33.03391904008111
4,36,300396.3894762501,29.442524448308284,33.47287575551982
4,37,300396.3894762501,29.442524448308284,33.47287575551982
4,38,169736.27217550654,97.0025699864982,32.84865602910207
4,39,165927.87381440488,109.1577820600826,32.85599160496499
4,40,282909.74492617324,33.557249281247586,33.326290676858044
4,41,283745.09337735677,33.64377596686333,33.31584587534078
4,42,283745.09337735677,33.64377596686333,33.31584587534078
4,43,219323.3592927978,42.46489845550543,32.97983592195999
4,44,165317.53218245972,97.98729577625387,32.88010895920755
4,45,170727.2421459065,95.2967163966698,32.84195988669258
4,46,234966.86762184044,47.69518022407618,32.82141845116088
4,47,213072.47298697234,46.26642089925401,33.009714154985325
4,48,232324.447961285,36.78791509375051,32.99765835903612
4,49,196936.10797389364,55.75206675517125,33.01355670773018
4,50,187412.39697683178,74.69677671965276,32.865853465914725
4,51,280743.57937751774,32.93464516977689,33.35735509971189
4,52,280743.57937751774,32.93464516977689,33.35735509971189
4,53,284909.58780315745,32.253500232951076,33.362666957716506
4,54,169167.04981653715,101.40885964704373,32.85931713093899
4,55,200581.53052260648,51.56228944001099,33.01720182800882
4,56,187531.2701541958,64.80090102317304,32.92957264997837
4,57,202261.3495173117,87.79279769950872,32.797433792758326
4,58,292748.5798746605,30.622138594562436,33.40800295514855
4,59,227609.43217249843,40.0104136160243,32.96320420219039
4,60,218225.56147506676,54.96725971376494,32.83012718210611
4,61,215070.21741571737,48.401704368881994,32.95365925272202
4,62,182724.58090735832,77.58081783888102,32.86290514111176
4,63,211145.5212188937,48.892677583705016,32.94250304600197
4,64,188951.78216511325,76.67494362608375,32.85377284635325
4,65,237345.03350485975,37.49844926791598,32.99643253108344
4,66,237345.03350485975,37.49844926791598,32.99643253108344
4,67,181570.73516268434,94.23495536617187,32.82428203084835
4,68,168181.55500946968,103.90672099007367,32.84503735869599
4,69,186710.60278055415,65.49612058922102,32.89995691133885
4,70,195285.63768917674,70.16083707546177,32.841220572388536
4,71,167667.33127901042,104.92149348010459,32.848909136579024
4,72,189510.2233384686,64.09832154723107,32.90939298695069
4,73,288404.0675377416,31.000990906579062,33.37311459215953
4,74,213250.11136882397,73.88564880357633,32.813429321926975
4,75,190985.9502363124,70.88295644576814,32.85417101265999
4,76,239912.76532642238,40.73021585310511,32.93485085436042
4,77,241176.8359393063,38.023459437829516,32.951298884763894
4,78,163741.4095508432,106.05089196298088,32.88481565203535
4,79,178212.3676300742,91.41549660861442,32.84433312663522
4,80,223555.9955238026,42.00321183958652,32.90711003709921
4,81,282376.60911098873,32.526208257502184,33.33749326747396
4,82,234190.73210962658,34.964621048633475,32.99765835903612
4,83,195443.77124454262,67.90039788475701,32.83352795834757
4,84,223135.09698670986,48.158640198973096,32.82898733906616
4,85,186180.41960931462,71.77139722231128,32.87186259562987
4,86,207900.58331111114,53.32165939947151,32.9143322333396
4,87,217408.35875112456,49.71642406936952,32.90218958768547
4,88,205393.6119944753,56.82498681147388,32.89731318268337
4,89,165323.30268554427,108.28516150341957,32.87809903573607
4,90,287854.7598318855,31.000990906561505,33.37762889896656
4,91,171548.18396850518,92.35211609631796,32.84509954593784
4,92,174526.4236353543,89.55904854606489,32.865036458775506
4,93,241877.04206528634,36.96083216494374,32.98940433103849
4,94,216079.24643462198,47.2942171005492,32.95097282929401
4,95,238171.43801712338,41.25221110625919,32.937713066779146
4,96,193107.01390870952,63.04836403513915,32.88592224387494
4,97,286257.6672861499,31.26015898321828,33.337186763080204
4,98,175632.22942585795,99.4999725573743,32.83759394193549
4,99,171133.5563235714,87.3525422330542,32.91029412775979
4,100,208359.61626991458,66.93365796343583,32.81559041140794
4,101,188823.2547833208,81.285821832796,32.82768023367182
4,102,185945.0796174037,81.82694830997438,32.82626581720472
4,103,209731.26338231802,60.77076729659323,32.83155498090366
4,104,164732.37952124316,102.26453283824455,32.87811950962586
4,105,291951.5427800612,30.386697537944606,33.449570859957056
4,106,212382.8149396011,58.36581503953113,32.851943079536376
4,107,203328.95920600946,51.14781496680282,32.98340770769108
4,108,184837.36230797553,73.3267559017049,32.87141267287052
4,109,216633.4490438598,47.56396677117851,32.920064337732946
4,110,248787.87578370492,38.85764329368388,32.93866273913814
4,111,188457.71014812653,79.2357565963935,32.83647042703049
4,112,200694.55850438197,66.16268164541627,32.856505071962424
4,113,180358.20952188896,86.04613964345424,32.851457032152396
4,114,220880.68140454756,45.546917795693176,32.92402749124306
4,115,164178.60282312686,104.21242626859805,32.89397594191809
4,116,166686.1253967857,107.05445188478232,32.85599160496499
4,117,166686.1253967857,107.05445188478232,32.85599160496499
4,118,188130.92482517628,67.54474500255776,32.88268525516703
4,119,228245.5193433389,41.13084441267761,32.943222004376835
4,120,193974.45930720412,58.61386918801598,32.95746458002914
4,121,178837.3490023541,82.77990404899197,32.880907313957145
4,122,226431.44133239673,51.90515428379469,32.81985706772351
4,123,170350.5892148839,94.81537058805436,32.865493528543304
4,124,233711.30901497547,38.275936082799035,32.96687257890085
4,125,233711.30901497547,38.275936082799035,32.96687257890085
4,126,205848.52687071357,74.6956360723919,32.80572615235882
4,127,295666.7836324574,30.149585258742672,33.45365904798784
4,128,295666.7836324574,30.149585258742672,33.45365904798784
4,129,166427.82665245797,100.70807612516096,32.86909656890252
4,130,286073.64539198834,31.342232353235474,33.38102792338779
4,131,219740.21973238775,42.41591080489539,33.00038406521043
4,132,191528.387628523,68.66339838934799,32.8798689258596
4,133,230441.56177599233,50.673570550972606,32.82565341696812
4,134,180959.6915878835,80.23399833492621,32.86512770865773
4,135,230692.98002105815,46.423465397870196,32.84830787995785
4,136,183862.88261278783,67.73737796197885,32.88934290906535
4,137,219504.95310319605,57.705732279919374,32.81893867031199
4,138,191428.464863293,80.15852249967021,32.8238290268907
4,139,185242.6368325732,88.26175047398753,32.83879220167904
4,140,242330.3334563151,42.377277419387475,32.846661002805945
4,141,183458.8422905556,93.35829176592598,32.82770575897599
4,142,206389.35963481228,53.62918940778801,32.94480087403067
4,143,179021.78311312487,92.6579897233981,32.83648835033525
4,144,172829.32000828642,86.6651910614284,32.91424686257319
4,145,204137.8091083148,83.95243829063772,32.80723708062845
4,146,230599.57737886376,40.28402479501319,32.94744839863123
4,147,192650.97456926317,61.680599374254406,32.90165357007248
4,148,248657.66974248594,39.05542330444513,32.92857863834161
4,149,215900.28452804527,48.61033650650112,32.90621721990881
4,150,183361.69453233757,74.10152085421669,32.86731552799426
4,151,231261.62212717783,39.594470053484784,32.954553487616856
4,152,201042.43747739223,54.00319024622558,32.90704705133291
4,153,169332.8586662778,99.96024190782812,32.84771465454151
4,154,174835.1665579933,86.60352291046907,32.850026528803376
4,155,198137.90226484797,77.423951003725,32.82522503504358
4,156,193861.98751322797,59.591401927099156,32.97695221564149
4,157,202573.79998661883,50.91429503640487,32.9854800385269
4,158,170597.5969072779,88.90671758536392,32.912332003120135
4,159,165910.8718984109,105.97763861459488,32.85609630619601
4,160,223393.8537753847,45.80113374691858,32.85968305101242
4,161,239542.45929206556,40.67408223764896,32.93922405724125
4,162,199790.62278340998,72.98783011196694,32.81701821020549
4,163,209495.41428591602,59.37179284055776,32.88199208671255
4,164,166573.42858298004,89.77409633871767,32.86881173472934
4,165,208047.5589216623,71.44536965782358,32.819863657535656
4,166,185801.0028718708,83.52748979293264,32.847020602621406
4,167,164591.8577666633,100.48599009949116,32.88622901169937
4,168,197064.36147317573,55.2086937245082,33.01339915231417
4,169,206552.7669513428,51.6098965123662,32.92354850568855
4,170,193683.56572447307,70.28652927800056,32.83170706756807
4,171,176161.30866318653,84.6637864040975,32.86750694404079
4,172,172297.6274787272,85.30270462802348,32.92219037906219
4,173,193759.61538282275,61.32173569198208,32.92163045814605
4,174,284996.62190760253,31.864535732815817,33.362666957716506
4,175,191682.55874685477,63.58078815614462,32.878734539684395
4,176,179739.75871387718,78.32812351129124,32.86731552799426
4,177,194776.8725278683,56.559660225813715,32.98797261198771
4,178,194602.30302138306,57.28001858909643,32.95758916573924
4,179,209116.68518372564,50.32857830159325,32.894295893333755
4,180,180979.98011203943,70.23042190862343,32.87639214484735
4,181,172211.63963101397,84.00692136199373,32.94214848533025
4,182,205815.75109539236,53.05260632587624,32.97365434858145
4,183,167479.0370533088,102.83080584509403,32.85599160496499
4,184,167479.0370533088,102.83080584509403,32.85599160496499
4,185,203979.19753398633,63.69042382503849,32.835089341784936
4,186,180190.67697640168,73.61894350111851,32.8879005149118
4,187,179998.25003119188,90.97871727822226,32.835710695964394
4,188,209153.12413805496,47.93683198745637,32.96358393637549
4,189,174657.51563162098,85.48766342629091,32.899618797627205
4,190,197052.67677304734,60.571330405139726,32.892007913256705
4,191,181454.1933362374,88.67390139182065,32.837354771557024
4,192,216862.1377667086,56.47913941517158,32.88061539023202
4,193,217722.58378000717,50.32522595814157,32.86733739574673
4,194,177365.98690065494,77.16075238901048,32.894163314481425
4,195,176619.923392051,83.74536087784456,32.890605896501675
4,196,162253.7447260851,108.900561744577,32.8786515141829
4,197,217027.4529282535,52.86865124566998,32.85965686675458
4,198,176341.8968572098,78.20527641735858,32.89113817954367
4,199,198788.3351595034,78.86783276410641,32.818290877782026
4,200,188823.48747358817,72.596066933401,32.867947907042044
5,1,149456.91326057882,103.3435848665079,32.90299346824969
5,2,216610.00630467647,64.48519088486336,32.81668396605645
5,3,216610.00630467647,64.48519088486336,32.81668396605645
5,4,158523.37992829867,117.08011718425037,32.8620421019422
5,5,329241.3300954501,22.685368437306508,33.27500037334342
5,6,329241.3300954501,22.685368437306508,33.27500037334342
5,7,329929.4362886812,23.659498666902564,33.18526102167948
5,8,319208.4739877683,25.191496024897596,33.13756912317436
5,9,317485.8302170028,23.341595058239832,33.25643649495025
5,10,318856.0423226978,25.24355930825796,33.1092583076573
5,11,301119.8347993239,27.494712740422617,33.18592612980614
5,12,292684.81426461646,29.00755892502304,32.967123616628825
5,13,268422.18427257024,29.932125534118676,32.949023198879274
5,14,277174.2088113716,33.66108457493217,32.88852845583897
5,15,163354.84572801637,70.68149563057693,33.08594263847173
5,16,167996.57424868413,110.08038989366756,32.85120213112222
5,17,151443.40529685328,113.89326732833031,32.89054514522527
5,18,151443.40529685328,113.89326732833031,32.89054514522527
5,19,288390.1339755172,27.985068250429006,33.07842706405007
5,20,202242.931575709,46.18022290101646,33.04050856319834
5,21,328054.87925339956,24.864213960056436,33.171381814391445
5,22,323287.783446663,24.44789668614636,33.18118852934804
5,23,256927.69437847377,29.463004530780367,33.016085524076125
5,24,312386.5469086773,26.803097386463882,33.16355178527443
5,25,219323.61572729444,38.725053421673024,33.04543172869064
5,26,325608.559779067,24.285115667049862,33.20139118737921
5,27,173256.07552899307,96.59154383661836,32.868729254235774
5,28,313623.4898725781,27.589592523895945,33.15207723148745
5,29,313623.4898725781,27.589592523895945,33.15207723148745
5,30,314776.8106875867,26.55580113528336,33.10217621672248
5,31,303616.39155037113,27.285107977762042,33.236576791609025
5,32,178601.1674530879,53.58752557555721,33.071374300235426
5,33,162207.49841130877,93.69150594788917,32.9132206387938
5,34,186095.50588866213,71.7247812514434,32.89313099029663
5,35,246480.0665906465,42.99064407381757,32.883448796118955
5,36,177051.70978341272,53.96244188604935,33.05699494857107
5,37,159286.7899985166,115.1015508839567,32.85310222545037
5,38,152432.6079249815,99.20836544728256,32.896456849228635
5,39,152432.6079249815,99.20836544728256,32.896456849228635
5,40,192157.69952399773,52.40243921682838,33.00623291136149
5,41,279214.40677175357,28.17506345944626,32.985687957227434
5,42,310175.4722665374,27.319866954873014,33.192449395788785
5,43,165145.68070804115,82.70529917965075,32.98921427004106
5,44,165467.1178943553,80.20951333589423,32.88857951030349
5,45,253201.53816431333,30.79478951137951,32.990400649738405
5,46,318758.18659281824,26.338579190493775,33.15983035630989
5,47,325224.2451106611,23.784614682622998,33.2208177842738
5,48,154363.6707611514,95.69919929304955,32.90317504476917
5,49,323435.8771924209,25.098496517337388,33.17376636006327
5,50,182398.40784815748,92.5067482603932,32.856915172633954
5,51,170577.09938530816,105.05224895197343,32.845981625919066
5,52,305755.15890997584,25.486740978570435,33.21237972587557
5,53,305755.15890997584,25.486740978570435,33.21237972587557
5,54,169021.3787649821,73.272933461408,32.9653321892821
5,55,179293.65157831754,51.831102872400024,33.09933680648461
5,56,177022.43853142677,84.66534850534883,32.86846694174451
5,57,155911.4868347546,103.88671771888473,32.87356442994271
5,58,309345.1411986549,26.512890600031785,33.206105239303554
5,59,309345.1411986549,26.512890600031785,33.206105239303554
5,60,286353.0363270539,29.31660523740336,32.93881894204995
5,61,171691.67281705062,100.08769662643643,32.84351873650055
5,62,156237.97725812366,94.5489607155932,32.91004026457595
5,63,184729.52139067778,63.95618897632842,32.977136500064134
5,64,259146.7676715509,35.48821231759134,32.91631430525232
5,65,310914.0376696467,25.331738912747806,33.22305501983131
5,66,262631.20073000324,37.43095264090318,32.874927071526265
5,67,226247.16396625605,31.30883084279541,32.96229824726451
5,68,181132.4452767765,65.759135096334,32.99847019382251
5,69,304767.510699516,27.28448006592135,33.21516728878467
5,70,158108.11057602876,88.6784752632246,32.9465052631843
5,71,267111.58354118746,30.28561239931725,32.932704105106
5,72,205980.54411058413,57.13063585821979,32.93171759853479
5,73,303860.99974130373,26.378462890912903,33.24624659913243
5,74,303860.99974130373,26.378462890912903,33.24624659913243
5,75,213599.32721221217,53.22253634639456,32.847637849700796
5,76,168279.1074173707,106.80221345210346,32.855383859675065
5,77,179996.81287989387,86.5576865671447,32.867170229821966
5,78,229092.03751434572,60.136017420823514,32.82233281943176
5,79,289712.2728334197,29.024369497672758,32.93305885264488
5,80,175274.5921217911,75.22517216696772,32.936859774038645
5,81,159097.2234237714,116.8001087831196,32.8620421019422
5,82,214343.26939072716,69.77755723700372,32.81668396605645
5,83,197006.33396959552,59.27743061651256,32.92607835665067
5,84,170264.20548791526,79.22022521629194,32.90593256656729
5,85,176915.1204665211,53.958188419374196,33.065414193780875
5,86,189137.57757347755,77.74524000636293,32.84204569310061
5,87,204812.2230411628,57.99901411958719,32.932208903798255
5,88,283928.7644241716,30.7948342318239,32.93183978357792
5,89,283928.7644241716,30.7948342318239,32.93183978357792
5,90,264582.04963501776,35.80836192745841,32.87820210050025
5,91,176675.96832771527,90.23614187763285,32.8609849652193
5,92,171873.00439545352,58.607299148432496,33.02647828542309
5,93,162419.67984380067,91.60714530335086,32.879297971684935
5,94,240990.78512395738,32.78008393867333,32.95349985596181
5,95,224625.52814972747,49.028786999257996,32.88155552440429
5,96,170374.31074705097,109.55651282459395,32.85310222545037
5,97,192944.88683762675,66.37643503745252,32.899053056011994
5,98,159937.20059372185,89.39948975577722,32.94261884316724
5,99,182827.71436374748,59.767721241769436,33.00325735458957
5,100,171193.03335931606,60.11721248720545,33.061983962115015
5,101,188167.90273481188,78.7757787677614,32.839863202772115
5,102,157216.19200338097,90.15499850008001,32.941248792337284
5,103,221457.42232137866,56.538115393205246,32.83124914841309
5,104,217434.85083772123,41.087855281177966,32.974303545691
5,105,242946.67408139125,46.57383363170285,32.870054071064935
5,106,154422.4189141384,106.64268590093762,32.876775065779654
5,107,160717.92254405146,85.40241767496295,32.97087479536384
5,108,289152.96996522776,29.808131557501092,32.92733214277768
5,109,194666.0918821208,63.272490143254096,32.98787749914157
5,110,208122.58052192375,47.31775405320334,33.021298655453144
5,111,203351.36214775135,78.63280364149588,32.82903688543721
5,112,169827.7953817467,105.81611831302568,32.86042269451051
5,113,211576.57873975876,55.745294172716505,32.83713791398514
5,114,160270.25812361002,87.58165117067944,32.93491344212314
5,115,196345.05005372886,68.23748853037551,32.832416694539205
5,116,178115.86974310534,61.7929360263694,32.999101513614
5,117,238816.57548219946,47.80010349262762,32.883889940856115
5,118,264286.8114353135,36.465829831353844,32.888453089004045
5,119,311256.3925635037,25.063588243751358,33.23555756678799
5,120,183545.7229290073,81.47330869680334,32.87923138245172
5,121,221215.65330408717,40.446671033466714,32.94716384367868
5,122,186640.73884373935,51.88113005089793,33.01231257256296
5,123,208471.55549064354,45.91598932762583,32.99503228808521
5,124,190529.7774786999,69.7647941054395,32.87203015248073
5,125,232337.21614747954,55.52442033229315,32.819808744231665
5,126,235336.20401088847,38.10975371182776,32.91427594379652
5,127,317011.3693340613,26.178184235561666,33.18263106205261
5,128,261612.46935724793,31.99714297587505,32.915141075153
5,129,261612.46935724793,31.99714297587505,32.915141075153
5,130,220821.49540480511,50.72773232211107,32.88551607733147
5,131,239646.8169348538,33.89581006615778,32.93935256562701
5,132,225966.36716377974,62.00265793485045,32.825229007802065
5,133,227993.07886438305,61.4917736072545,32.8255500702704
5,134,236392.61726288783,39.528037580037584,32.911079878450494
5,135,215576.3930831326,50.38287153569684,32.89763474685387
5,136,231594.6170929661,39.406847490039006,32.916076522454205
5,137,174448.47242462635,74.34050573451626,32.95893775983828
5,138,183692.254774233,74.22458556284712,32.88048086471988
5,139,165107.06440855516,102.70394214413135,32.8789325384772
5,140,236100.55842454958,54.84694593431274,32.82200119915202
5,141,240165.96934100203,40.93449893236846,32.89393424942636
5,142,195339.59213490415,49.95188899190966,33.01666228555571
5,143,253106.79920278586,41.91853371834829,32.86644034636631
5,144,151805.9962208821,107.96333101488428,32.870568691834265
5,145,151805.9962208821,107.96333101488428,32.870568691834265
5,146,198016.4917732262,62.4576350012323,32.83713791398514
5,147,162621.103307705,73.37079650541428,33.02212131699945
5,148,181137.04810920963,66.67827474459952,32.97063855566543
5,149,252002.32073227817,30.252343255337568,33.05040248664305
5,150,252002.32073227817,30.252343255337568,33.05040248664305
5,151,226227.3548127276,42.453752401332906,32.91828741423981
5,152,194523.54921043105,48.98097968251847,33.04933184606921
5,153,203364.0660994576,51.15678682443782,32.982318146493654
5,154,325346.54571461846,23.63005271007638,33.23073640950483
5,155,178599.87055248782,101.75634075794602,32.84290501493189
5,156,203225.08344610446,51.73926748054836,32.98512193627655
5,157,250424.08590313332,36.85637494137713,32.90248374998826
5,158,250424.08590313332,36.85637494137713,32.90248374998826
5,159,193411.24085814718,47.97868214026254,33.085617363100134
5,160,169241.17577575464,61.18517734669643,33.03384953615657
5,161,169241.17577575464,61.18517734669643,33.03384953615657
5,162,199211.81688349342,62.42251528167249,32.89150717190024
5,163,234072.84249754425,36.20228083874894,32.916733888496644
5,164,242600.21696317525,45.121404147097856,32.88589503387859
5,165,216095.1193538924,43.70937735951334,32.97360365095333
5,166,167266.9370349929,75.8138965739164,32.993114419613065
5,167,233773.9733832903,34.586216627627934,32.94548774937505
5,168,185682.16099780842,49.69619591265154,33.01895501258648
5,169,175677.47694646474,54.521034636138126,33.10121870897047
5,170,204404.0446041302,60.5865538718811,32.83713791398514
5,171,184969.36581596415,67.73912833936808,32.967411407037154
5,172,166755.03589787436,76.95722645611525,32.98011596224547
5,173,167520.87847783745,64.418922465842,33.025795418746334
5,174,231931.65775205774,35.08751471633116,32.95603543527504
5,175,222767.29782997366,42.16711383652707,32.94678087385396
5,176,223879.15661068205,47.397374061508685,32.90783186255842
5,177,236923.17657844414,33.17972056780591,32.9447928566044
5,178,212841.00416218897,45.623394574227746,32.926209339230205
5,179,209709.1990106999,45.3531431108619,32.959227772895616
5,180,159298.52581915443,82.03554809098398,33.004507754294096
5,181,211566.9161161861,44.31134304318189,32.96013078190258
5,182,304682.4446968442,27.40833518125349,33.19760110237393
5,183,172105.9369501102,96.06768872290337,32.8689040229138
5,184,244597.47506579314,44.56630948024584,32.859111564978306
5,185,187191.74276966884,66.97814100923698,32.967411407037154
5,186,212089.58988785153,48.75966287928034,32.93765747304759
5,187,279045.6061695752,35.4802795438377,32.8856933325359
5,188,163466.55117497104,87.16817362937957,32.90695709260155
5,189,160548.61103423891,85.49185027738363,32.93799159966628
5,190,248864.99896424284,38.13623707053037,32.877680639722136
5,191,194830.90100506405,68.36806436841118,32.85028585479836
5,192,175528.09293405525,68.64288888197552,32.923945826169096
5,193,217959.5960523726,54.547671514740905,32.843814053658946
5,194,173789.4961902597,69.5084946817165,32.98052822774243
5,195,159609.0129698967,81.88511972588658,33.019053430711736
5,196,164242.40672572382,69.28855807279011,33.00969857889812
5,197,166947.95825722843,76.5339756228598,32.97400564765801
5,198,233519.25997577523,37.25379700301331,32.92317288175017
5,199,189224.60250740373,69.46001757477026,32.88963814223884
5,200,164667.75715782476,69.3081610236946,32.99751374057756
6,1,293883.8766780718,21.46892587291489,32.88274200977698
6,2,293883.8766780718,21.46892587291489,32.88274200977698
6,3,214215.69003091683,83.65587763416326,32.63974547112296
6,4,268078.9279747848,26.294587710935065,33.22936561961507
6,5,163205.65236899615,114.22236598521955,32.67587895187081
6,6,159015.97136845245,112.04815919460323,32.69006856216324
6,7,276526.357653356,26.17393024788003,32.93482124525209
6,8,262113.9669752632,26.518067398210455,33.10504946987798
6,9,262113.9669752632,26.518067398210455,33.10504946987798
6,10,262101.53389075855,26.880498284048294,33.1746373805227
6,11,262101.53389075855,26.880498284048294,33.1746373805227
6,12,254217.18447295582,33.799896758057336,32.712635810490504
6,13,159043.27015397866,110.87970305148191,32.695017155473906
6,14,274593.2692768884,27.70999823270778,32.818432210064756
6,15,269771.1797863076,37.97908125009959,32.70616777073714
6,16,289832.89314194955,22.909529705096986,32.92260148469595
6,17,289832.89314194955,22.909529705096986,32.92260148469595
6,18,262978.3021182016,34.666149915984,32.707800189719016
6,19,247305.4990435228,33.45279794120369,32.756451789011
6,20,253792.21498958996,34.867221756589935,32.72552157727157
6,21,248943.27106019342,39.724800318769304,32.68840203744282
6,22,267850.8298131279,33.65465326746689,32.7316349283935
6,23,285422.8896560887,24.477033429504843,32.909325413245725
6,24,187415.48617466807,100.48994286137882,32.65937635285971
6,25,285931.98930310627,25.74065078789581,32.85377701985009
6,26,189180.20403713116,96.73172264084019,32.65524929453062
6,27,280308.35516777245,25.79559992784905,32.8668517878783
6,28,164090.73215572146,108.0709210924943,32.67581139241872
6,29,211584.68248985012,82.98936351275482,32.650391803881234
6,30,160556.9302870335,107.82187247527412,32.68852673361725
6,31,209926.16341741534,32.36677429907932,32.80036134660575
6,32,169983.4991404521,86.69890405786296,32.68348693249333
6,33,233182.64850486047,27.20136002789456,32.84106199829323
6,34,205792.06277635752,32.385185789161895,32.79009090882668
6,35,292619.7642893153,22.057098023420053,32.885665286170735
6,36,238011.32534282573,28.20377196815249,32.79363248293048
6,37,167901.48320601182,102.5268274202906,32.66932097056207
6,38,285254.4519593728,24.73771038274408,32.92929771560621
6,39,241918.2535812152,34.46743924484189,32.74948831992292
6,40,182752.7455851935,95.55938576080489,32.66726478231684
6,41,221028.7259829411,32.024862414556736,32.76458365769999
6,42,207070.1848829953,37.18492641462418,32.78184079937019
6,43,274762.0760096231,27.035519502936282,32.84314301077493
6,44,183897.03702594983,69.5021979974446,32.69858691752612
6,45,291094.6510065535,23.838748226180293,32.87295332649674
6,46,180798.8490485627,60.4783100094559,32.728536189668596
6,47,225359.75079261107,28.970562896226944,32.769474706608044
6,48,200892.71562559597,51.17550417307532,32.7360734256269
6,49,276397.40230540076,27.57274271985218,32.83396350911397
6,50,174903.30185760086,73.68430418783124,32.69738095593236
6,51,290528.52986206743,22.662277222166193,32.92929771560621
6,52,177711.85853563287,78.72318385209715,32.687195020998836
6,53,230544.1295495603,28.765825282556374,32.84863080365069
6,54,195526.40651042177,48.20860877437179,32.7434114689594
6,55,276853.2641735679,25.955024891414105,32.9022158641138
6,56,276853.2641735679,25.955024891414105,32.9022158641138
6,57,199438.57255760493,43.709077475299615,32.77267043906002
6,58,162351.20775414867,112.37640689801992,32.688423089980965
6,59,175386.41882429342,79.97094996361224,32.692349550604426
6,60,163448.16763380164,104.31494154663974,32.69131669029587
6,61,224022.6067763856,41.127032981121694,32.73547229160322
6,62,202118.72856687426,40.3440244944262,32.82652255089599
6,63,239587.01954625026,27.82912931782268,32.82391725719806
6,64,190380.5548126197,92.10441857798962,32.652298110363255
6,65,227474.7707745867,67.4144902115466,32.65403964309117
6,66,169570.1773982579,88.32993514167181,32.70691895391082
6,67,166713.12919446375,92.48637314306137,32.72106387057734
6,68,231278.79255235268,56.751263262653836,32.66200456709368
6,69,217282.46586349327,63.63241379812093,32.66722926689311
6,70,176901.16586197724,68.15129919825507,32.72859843719398
6,71,226909.9765476255,70.11846658134304,32.647295831306245
6,72,222614.7653771611,59.56129371741764,32.65802616520532
6,73,169505.49500015573,85.07967372880259,32.711812185061625
6,74,282964.102123152,24.758123995126244,32.865568112146384
6,75,178591.0573773874,62.92109529110902,32.730171140885126
6,76,193466.71491890974,80.37167402087088,32.66239951961606
6,77,282510.62743249635,27.54028218695448,32.83180381449609
6,78,163839.11332945345,103.2528918108081,32.69408759435799
6,79,241345.0077047517,39.59622145909219,32.713682284020194
6,80,215740.62469533074,36.5106771534685,32.76085061798063
6,81,292171.0990216957,22.896894448661744,32.89097630314248
6,82,292171.0990216957,22.896894448661744,32.89097630314248
6,83,233177.6152237855,47.75300095456844,32.67543382574725
6,84,218016.0996168415,61.6174048025787,32.656887047094905
6,85,203326.0284278497,81.8705079926435,32.652476626968074
6,86,223285.9966223872,31.03175800315985,32.80687039626281
6,87,223285.9966223872,31.03175800315985,32.80687039626281
6,88,187932.7884750576,50.59697927624415,32.74160774875694
6,89,291757.71643025737,25.152000386939935,32.85767796375925
6,90,184396.92607680865,89.95240453044453,32.66176433053854
6,91,178739.3329701594,62.29480253289312,32.743222941870656
6,92,202891.83826687624,39.14954453078985,32.81664038704046
6,93,204575.98035928948,71.48771074142024,32.66832271484778
6,94,197419.3333282473,73.54804224713946,32.67336614263864
6,95,171281.62683776254,79.02122100655924,32.71695569399352
6,96,165962.86688279937,93.45627356481174,32.722282766304176
6,97,280744.5216434703,26.021017628809556,32.86312775227581
6,98,234710.73143456512,46.7480682243079,32.679598435152656
6,99,214732.58813861842,56.39692826368601,32.71431114013861
6,100,239971.1319242132,34.99801350231383,32.71536901311881
6,101,235194.33729720942,44.79234018283488,32.68777811655747
6,102,293052.0558104622,21.583932340487504,32.867189173235204
6,103,230355.5412949132,61.67830651064668,32.64203448496572
6,104,245096.18812679232,35.59831809261133,32.70811404064503
6,105,245096.18812679232,35.59831809261133,32.70811404064503
6,106,200344.13501558077,51.880017797951346,32.71979507588029
6,107,164675.32343110317,95.64816492665521,32.733986868085964
6,108,201271.11183093017,67.847010990706,32.67072467935897
6,109,179659.68164156916,76.03682910534238,32.696886453816546
6,110,162808.4488343319,106.39276995995783,32.7085199220983
6,111,173545.169817517,76.77540089943237,32.70042086975484
6,112,198360.22637802147,55.61523859839544,32.72508057051219
6,113,172041.08034770665,77.74969965351937,32.72810055486337
6,114,197391.90107098664,45.26677749250856,32.7928355070723
6,115,206216.89817737788,68.72214691124798,32.65871323286085
6,116,213442.26577525953,78.05664844852129,32.644689897787934
6,117,192214.92986337782,49.589997381719975,32.772818787851
6,118,229413.0063692457,59.15755617720463,32.65484286114663
6,119,185331.07552977075,57.64965291008624,32.75756222573704
6,120,212390.32955218863,77.00940232274804,32.649166382457146
6,121,168683.09437198914,84.5725774077249,32.71872785649495
6,122,167928.8577631985,97.72345685106555,32.67827306055578
6,123,214047.15096077372,72.64959162922794,32.64725055988713
6,124,171090.38750727702,89.10880920731037,32.68146118214101
6,125,162479.07896910465,107.41216459938045,32.702314089546334
6,126,291783.9301440719,24.327209760390396,32.85192285823281
6,127,173184.83726192574,81.03863198133055,32.67403513686545
6,128,238780.8258947573,38.130869418679346,32.71993935858373
6,129,162901.17204019096,104.96731793963886,32.69813621560419
6,130,189974.95077084005,98.08301114149054,32.65236411960831
6,131,163341.8746644983,113.16050530313669,32.68035543654002
6,132,290783.6465714175,23.83864249376857,32.87667736209924
6,133,225685.49534693832,40.508816197490894,32.732218829117826
6,134,185410.69715900463,66.0621040514513,32.69209649566947
6,135,192520.7941017696,65.62911063918365,32.69360140523325
6,136,192152.3555292336,53.11651375730957,32.74093325970598
6,137,236185.94545967053,42.22859992593256,32.69353322208391
6,138,224718.38207858795,47.16845763549359,32.70430483551075
6,139,236557.1327283425,40.615123432430416,32.71220837775135
6,140,165348.35885746777,106.41050167442681,32.68392697315014
6,141,191739.66863330314,94.3247909209519,32.64823706127922
6,142,166954.47504526048,91.00030338940316,32.728037871830615
6,143,176135.89431467318,65.33245124149133,32.74594872634783
6,144,220548.97927335778,36.15416143224274,32.767856868378935
6,145,203709.29809244492,45.972083285390546,32.72426318598967
6,146,180413.01901408203,74.72504375149158,32.689291495712666
6,147,196147.09675974204,58.12440552367328,32.726807436821574
6,148,212928.84541595628,38.94383609619401,32.77225067904738
6,149,276505.9730154331,26.845573926432987,32.90225610712539
6,150,222199.99994102126,76.4997788708937,32.641694915325424
6,151,168917.44660412017,89.36695847666475,32.695620814262405
6,152,248120.49395914524,26.95743040090587,32.85394022827473
6,153,220784.82664466315,29.999921920261457,32.80904617147155
6,154,220784.82664466315,29.999921920261457,32.80904617147155
6,155,181159.6634739896,58.41218168297453,32.723373148614876
6,156,186293.5248698494,64.64734669293874,32.70914738640292
6,157,194607.8338379436,64.30691357591931,32.71239377813731
6,158,209764.77756270426,53.69422222942631,32.71549752980399
6,159,215698.45650942193,70.7279407532938,32.651994211733694
6,160,187260.20176838356,54.56982910971916,32.73969423388457
6,161,221316.12881981337,54.42660554327701,32.669014054518996
6,162,218288.6815777932,36.10501769198331,32.77478205658226
6,163,208170.0900018601,65.24353457501546,32.66366484982934
6,164,203152.82463499886,40.069373282598086,32.81179489497415
6,165,168532.94639493944,91.36766751442023,32.67989220146787
6,166,213065.8870576268,37.130755549941505,32.75882366048781
6,167,213249.4380841029,37.951323759527035,32.75062785610791
6,168,208679.63774855869,42.69321063356494,32.77843563629203
6,169,212030.75349584606,52.08464538992116,32.71520887415432
6,170,235015.92253820697,41.98765002091252,32.7051946457621
6,171,221690.38158059772,51.94396079902511,32.66408827042862
6,172,191666.55743599604,86.22400172395349,32.65818395065384
6,173,172402.36360506335,82.47391712854143,32.6852325323566
6,174,248518.30157682757,40.7921253173019,32.70128780422389
6,175,281077.08744849596,25.429475247084937,32.85733381878089
6,176,243238.5966046616,38.53018913600948,32.70811404064503
6,177,243238.5966046616,38.53018913600948,32.70811404064503
6,178,164575.28410078812,99.22523050383063,32.715357166446836
6,179,162451.16665365605,113.83712978717676,32.68035543654002
6,180,188315.8508172711,64.81805266437304,32.70715494020806
6,181,219408.706521445,58.91347889034596,32.65884661307128
6,182,220067.31482916346,55.446950824950754,32.663465979584686
6,183,228423.63668068033,66.96664296580745,32.64080540944959
6,184,228423.63668068033,66.96664296580745,32.64080540944959
6,185,166088.06285907625,102.83673302070996,32.67581139241872
6,186,213703.50405038043,75.34544823532194,32.65236392504324
6,187,173332.8420500845,72.8507670289313,32.7235346264833
6,188,181707.51898851624,71.84935687872161,32.68384126784512
6,189,208809.28534490455,42.104412057511034,32.73382172507947
6,190,194232.04935198565,75.59859978895896,32.674695573957
6,191,187044.49981044696,53.68842973856065,32.751703629577854
6,192,216497.3060010815,52.63870804314736,32.71018408180952
6,193,203113.53544910665,40.23152514436337,32.81404066419185
6,194,235318.66998198145,38.53838579845081,32.720327856869304
6,195,199308.14392626294,64.59925226808434,32.67645180477429
6,196,216282.96698039985,48.85108232350195,32.71553305560981
6,197,168070.6453402694,90.47526509285483,32.70291774833483
6,198,207048.9776051169,80.90165044986587,32.65852068438344
6,199,164552.83100139786,98.58177502118517,32.718435328940636
6,200,201660.86126549542,42.86555926824931,32.72477499290103
7,1,340879.95910680405,19.889535808177722,32.97156310774691
7,2,340879.95910680405,19.889535808177722,32.97156310774691
7,3,207409.83633979782,61.97473435132462,32.4106843950033
7,4,338428.82520482654,20.65084294380604,32.97156310774691
7,5,159627.13736604166,97.80746262137544,32.478986768588726
7,6,159627.13736604166,97.80746262137544,32.478986768588726
7,7,157972.2627711171,91.2982945168473,32.532879410630876
7,8,347823.68717863323,20.42584637753268,32.96475248587408
7,9,328385.32546783943,21.96432962020157,32.86297761005167
7,10,255191.5392985008,26.361938594375797,32.663576390967414
7,11,288946.8915251824,22.90572531643516,32.652755448819406
7,12,288946.8915251824,22.90572531643516,32.652755448819406
7,13,320172.43007893756,21.570761727782966,32.870909002428505
7,14,320172.43007893756,21.570761727782966,32.870909002428505
7,15,338779.2236305138,20.9740977293893,32.94115408833551
7,16,338779.2236305138,20.9740977293893,32.94115408833551
7,17,233387.713214922,28.808471579850767,32.61601651672512
7,18,277821.51436841144,23.917743805145797,32.55766846072814
7,19,268112.956421684,24.073329364605414,32.484831437493995
7,20,288898.98119735834,23.26338022984813,32.65902325511607
7,21,160976.43057084113,92.57586419100265,32.482721559615484
7,22,160976.43057084113,92.57586419100265,32.482721559615484
7,23,159694.42826751614,96.66353292742615,32.48038622207342
7,24,159694.42826751614,96.66353292742615,32.48038622207342
7,25,282309.5944381742,23.28075638852996,32.64617036628106
7,26,282309.5944381742,23.28075638852996,32.64617036628106
7,27,201961.83628279806,37.42010990048048,32.64181959174597
7,28,201961.83628279806,37.42010990048048,32.64181959174597
7,29,162232.9545093776,81.76883880660509,32.48684333318907
7,30,161568.30261850447,84.24723739970175,32.55300710931222
7,31,209952.27136818273,34.76649356448558,32.59861651274393
7,32,320753.5250983844,21.34809333952427,32.86640257739363
7,33,320753.5250983844,21.34809333952427,32.86640257739363
7,34,326668.4776643277,22.348230386068813,32.86297761005167
7,35,326668.4776643277,22.348230386068813,32.86297761005167
7,36,185658.47443014756,67.10883776491148,32.43481698489209
7,37,246039.75549503675,28.15283465805837,32.53002995299966
7,38,261453.43998375395,26.116067418604217,32.577071367403384
7,39,265524.6408826025,24.700551484079142,32.584575986121735
7,40,170818.8843406132,73.49241218670709,32.47231852103242
7,41,204456.28753295797,35.3284258232711,32.58109448736096
7,42,195089.35229090106,41.78993890737221,32.595549296263535
7,43,243516.9690671831,29.195088217948882,32.49559625249599
7,44,172324.02366668882,75.0535180546662,32.451319228950666
7,45,217399.7804835101,50.73654593382151,32.42049343045656
7,46,177003.07994327508,72.02196456120616,32.432056668056426
7,47,200744.9318617343,49.69112301202898,32.429287447531316
7,48,163745.0559523524,88.65515234376822,32.478518627066464
7,49,160315.4740862705,86.98431616320954,32.502168058945784
7,50,264322.3675040413,25.658379001216282,32.576322372774975
7,51,264322.3675040413,25.658379001216282,32.576322372774975
7,52,201542.5614144223,46.295869090795094,32.46495218380129
7,53,168743.624762821,76.97569662565778,32.463997003584375
7,54,232211.82450392368,38.9068327112181,32.44202156976794
7,55,258631.07697934104,27.003408137732787,32.48676391919956
7,56,216073.92858370667,52.27409945409545,32.42094128528254
7,57,188682.71982100973,68.45806650800064,32.43075309505719
7,58,196441.8337563997,44.322260499858125,32.53779963636732
7,59,186860.31927960075,78.61884082925397,32.42619258931231
7,60,167710.35543031135,80.96316376262588,32.4758937854007
7,61,175423.27073193097,57.42504508312029,32.512551697148425
7,62,160092.4888399446,90.41896294206043,32.53809067681234
7,63,252001.4029101294,27.325928772153723,32.48426905388871
7,64,161351.6168248353,87.74970318113671,32.47882503580828
7,65,223215.48341455316,30.775510839836837,32.57343294616047
7,66,186418.4235355687,51.23023863076461,32.52705766805652
7,67,220238.1558833546,33.71308016679506,32.57075240631571
7,68,253679.7824503978,26.905768524604426,32.50102315465133
7,69,206570.91052380332,55.26015965049278,32.42662155536473
7,70,170249.82108458766,76.38879092803711,32.467491217246405
7,71,279484.06283907854,23.67261005433722,32.59380923798076
7,72,279484.06283907854,23.67261005433722,32.59380923798076
7,73,193891.21755369427,65.80316733609484,32.42655163003065
7,74,173270.31599572994,70.47864222737637,32.43954537366223
7,75,198827.0253828902,40.72727820761107,32.553336517900604
7,76,248133.64861692616,32.9170649910968,32.476701616729834
7,77,228410.28178646724,30.254606235657086,32.54609532610439
7,78,213032.03631309792,54.447583329357236,32.422632576882066
7,79,164492.4006971164,70.10582468331266,32.48479721109066
7,80,171050.30241699883,60.853983853092075,32.527305460433766
7,81,161073.10678213608,75.67239433489141,32.562910713775274
7,82,225916.34541214688,31.510951097076248,32.56599767245819
7,83,162422.75577787595,79.60627447781512,32.520988422502306
7,84,265284.36915560346,25.14065151432408,32.663451204200065
7,85,226654.38077154302,39.964372572405175,32.43722049193598
7,86,186199.68213936337,53.272238443459266,32.46973408480506
7,87,189582.02033808408,44.50699978873104,32.48013201762607
7,88,257096.49792222364,31.285828179862335,32.45471243618801
7,89,193019.34501233493,56.581144845512235,32.44240759826471
7,90,223355.53130667168,41.395788671286425,32.44473423672157
7,91,209578.21477965865,45.342641186936035,32.45171815909639
7,92,242195.5280180829,29.23949476951727,32.51297943881651
7,93,162741.97421283164,78.32418051086991,32.48091459079088
7,94,191595.54613089986,66.35315975614309,32.42816449356352
7,95,224764.54507338622,61.657299045494135,32.413400385658576
7,96,162121.21021286596,85.65733551136255,32.48892750797132
7,97,159384.34057056508,89.46898156907302,32.5473097752627
7,98,159384.34057056508,89.46898156907302,32.5473097752627
7,99,207854.16687699163,43.92091471271115,32.46200157305977
7,100,166197.32819460036,63.42557920903857,32.50444892537377
7,101,208582.32644019468,36.51364602868988,32.51143457955387
7,102,215296.9364832933,58.09981878149251,32.41367072528826
7,103,173071.40770075505,72.87204358762767,32.4650830123484
7,104,224018.17002402566,29.049857586330656,32.56945694149393
7,105,226277.9545033066,45.214430289982324,32.433274267239156
7,106,179718.15919236385,59.89845207811279,32.497469096146276
7,107,241151.86858545418,36.9350606358848,32.440718417665714
7,108,228697.35520780686,37.88675178135623,32.44752793326122
7,109,180998.93908300495,59.00562954414911,32.49980968833912
7,110,179486.03201473283,69.52031642477417,32.432056668056426
7,111,205420.04878199537,57.04646479436446,32.428797342799314
7,112,190575.33781836787,43.21630334389207,32.543463356649966
7,113,230158.08868823625,33.88622712238761,32.447399893693074
7,114,222018.37119257805,40.41842590222677,32.47496716152259
7,115,176572.40114759532,63.660090560105985,32.46853906299044
7,116,162065.11165103357,86.2738492714612,32.491093426652874
7,117,166733.23967068904,63.35462170716645,32.50608340604137
7,118,179072.4731501444,65.04686273551903,32.454435968187724
7,119,340566.1283907492,20.056528377980687,32.97156310774691
7,120,214233.23493475805,34.40653431338997,32.58856484817943
7,121,214233.23493475805,34.40653431338997,32.58856484817943
7,122,220395.62206891296,34.63262064911362,32.54194764600518
7,123,214125.93333942693,43.54381890306297,32.456356250847705
7,124,188663.70006116037,47.34041129995227,32.55516071163299
7,125,185123.7721604138,63.96171584233786,32.43658564775948
7,126,202715.56502318755,42.74455517528146,32.46605341238825
7,127,236990.61120899906,27.850639597800956,32.56334852575364
7,128,236990.61120899906,27.850639597800956,32.56334852575364
7,129,163931.34167141034,77.58097733286367,32.54930332596428
7,130,256595.14382963208,26.363907001249515,32.579504479885465
7,131,255219.80273109727,26.599823954379612,32.662150549598806
7,132,210030.95026710426,48.17662024686513,32.45148072911407
7,133,210030.95026710426,48.17662024686513,32.45148072911407
7,134,174423.56811402156,55.984790840155995,32.521807076866736
7,135,174423.56811402156,55.984790840155995,32.521807076866736
7,136,199676.55535363153,61.785625050785086,32.41772952369993
7,137,215549.84178834135,34.11484588926287,32.58391160187866
7,138,195851.97506566456,48.58802339958897,32.47453335905655
7,139,238228.7724119412,28.39206719871182,32.543176255796524
7,140,205678.4973363481,55.448475392254025,32.41405029426861
7,141,242465.84506242408,31.95624986110507,32.49000911269307
7,142,229085.94148417702,29.950918070755563,32.55061730212762
7,143,169365.1089124399,62.63590612204425,32.51635385918816
7,144,231981.7956952282,38.60218110398731,32.44289664096672
7,145,204167.623321976,40.10495505021994,32.47709509940193
7,146,222889.78813493933,42.61215141885016,32.47146889445638
7,147,183986.27415309614,50.985147205377416,32.53263547792435
7,148,249780.30843159894,29.72973871749518,32.484430242485345
7,149,208869.7103651042,51.8766912965619,32.4265370287042
7,150,177068.37634916516,62.35161411245173,32.45567799996074
7,151,197582.3484942118,64.32098953666492,32.4319497152999
7,152,235075.9739427761,28.240427049013924,32.55533366773275
7,153,190763.0971212632,68.81938832978351,32.42502527674605
7,154,229702.58837880887,37.02073401479859,32.45904147259663
7,155,184642.30073032662,53.39279897668035,32.481836532546055
7,156,199871.80772785834,61.3955832707089,32.42191956152932
7,157,218932.0555291383,35.05005358351105,32.55982931150082
7,158,218932.0555291383,35.05005358351105,32.55982931150082
7,159,227408.82711493107,32.45465919953712,32.510926896792164
7,160,223423.26893025945,46.86915606686684,32.42195609796435
7,161,177994.3805784657,68.91638059686166,32.43695968082097
7,162,167857.6580671824,79.90557438852196,32.47039540183367
7,163,267290.96609152347,26.22702550933051,32.508817038172815
7,164,182858.06554127333,59.80181405209716,32.4548708257845
7,165,183249.63213198463,65.4164824350768,32.44337462775545
7,166,237856.51752891106,28.410062672479388,32.55410084085829
7,167,250482.82328458485,33.083571235759734,32.47317551226099
7,168,173583.5459170892,60.32587571393363,32.5180872841404
7,169,203050.9256127523,59.41993786943001,32.41445192585742
7,170,191681.2977334878,42.15929444292495,32.540019292009674
7,171,181808.04048312816,58.37288676106656,32.49169110243966
7,172,203037.39798811596,38.07033545332638,32.55183335195826
7,173,189182.3044968631,48.84255180202897,32.504676907036995
7,174,164466.3620458934,77.64990431339054,32.48239166795914
7,175,178126.0192909807,58.76683378247986,32.5020489176168
7,176,181169.70921857085,80.16167598284615,32.43183642776564
7,177,222086.6244708667,43.64128211694561,32.43781298281751
7,178,240129.89988531463,33.16800351820594,32.49805750424051
7,179,240129.89988531463,33.16800351820594,32.49805750424051
7,180,249277.96997620666,32.47530427631804,32.47457959195645
7,181,216644.1251432061,35.32752871496043,32.519883531332056
7,182,184427.29873331625,62.876787823984344,32.452616021161866
7,183,186298.73725335248,72.38664747289026,32.42898537773631
7,184,160192.36589100154,90.94269083336499,32.53269680904971
7,185,201884.75348005936,60.44830840038933,32.41565175523266
7,186,161093.52818791574,86.0215780234909,32.49870708618019
7,187,170534.75451498805,64.52331157279771,32.472570073652406
7,188,226601.66052438313,31.87941688494251,32.544406793802374
7,189,170563.82778127794,75.24428649376875,32.46055293894408
7,190,167295.71952480206,84.96164416028091,32.47468389594293
7,191,167295.71952480206,84.96164416028091,32.47468389594293
7,192,260412.9489138598,26.559762996476664,32.51853311296856
7,193,209028.66124145937,54.536210225303044,32.41565175523266
7,194,200403.59674358473,47.15462430901103,32.46514161532532
7,195,217218.64903384016,48.27370013589995,32.42957931872433
7,196,251345.01387097547,28.063605819842756,32.47914516886939
7,197,187644.6285820306,49.132443143474184,32.52865912902057
7,198,192814.12706628366,42.132274738360884,32.55256064845992
7,199,223132.30204986164,32.32625804889668,32.57992869109486
7,200,251484.47265641787,32.804574430786936,32.46441101947849
8,1,292958.05813499476,17.36725958252303,33.65889773686993
8,2,171374.57451944763,83.74043053613376,32.690599514040755
8,3,181351.5098267934,88.27893751334504,32.567440895438814
8,4,244477.25051324547,55.58073427054603,32.39213438477362
8,5,317728.7061398241,16.69264318581075,33.263640247682225
8,6,293701.42160957406,16.987443138505416,33.65889773686993
8,7,293701.42160957406,16.987443138505416,33.65889773686993
8,8,264177.22578529414,17.418773649859734,33.526682000206435
8,9,281194.9084795796,18.441992113193205,33.37507364663053
8,10,304878.15585572174,19.24209018464006,33.00541229392964
8,11,304878.15585572174,19.24209018464006,33.00541229392964
8,12,286510.88412239205,17.85131871024412,33.519851735911864
8,13,309872.64342855016,17.933976738771765,33.003839359820375
8,14,309872.64342855016,17.933976738771765,33.003839359820375
8,15,233753.12771077576,28.987677778223027,32.79640286764938
8,16,215991.84008028504,26.96024956248708,33.20459191258996
8,17,253601.18354345905,27.27144383160414,32.82651839877382
8,18,221089.14818631473,26.416507887100924,33.31112503613597
8,19,282060.35707157577,18.369983712134616,33.41842509935511
8,20,229600.81222931907,23.538195510764183,33.34323282616316
8,21,291186.3808146741,19.722234371595018,32.71237968460681
8,22,291186.3808146741,19.722234371595018,32.71237968460681
8,23,272171.17680703034,33.03930272890245,32.440608859346966
8,24,281386.08015569963,18.389730867502088,33.43181248628493
8,25,263616.65897732775,17.893792381615356,33.47359007528341
8,26,263616.65897732775,17.893792381615356,33.47359007528341
8,27,223467.02120907896,30.998814857984723,32.947432878735356
8,28,276332.9240964604,18.971974697273826,33.23219636606602
8,29,276332.9240964604,18.971974697273826,33.23219636606602
8,30,228297.06095471315,24.24176693820634,33.34323282616316
8,31,211569.35345141176,32.85428671301578,32.91337386210751
8,32,209884.42984277598,37.32080248298897,32.86008465404139
8,33,286910.88273931167,23.59585217020478,32.54599501483856
8,34,273983.3071731323,22.093822717341812,32.59598586949501
8,35,270813.2440600278,31.955193585886438,32.46835728871007
8,36,224007.3729410267,25.817902665718176,33.19483990725785
8,37,204993.39671959786,41.87774723435612,32.83559315765413
8,38,260166.7639991496,47.84846823792711,32.40827467185668
8,39,191833.83845274436,46.0236482605892,32.84987207555333
8,40,183400.28640569115,76.37723996694736,32.57114964061545
8,41,249846.98441127146,19.305392792624012,33.22500894901298
8,42,255030.87939522834,34.202498396785195,32.467777893632544
8,43,251088.63761318434,25.398392125270608,32.939200675356496
8,44,196710.76147620595,66.32813455332439,32.472488624627644
8,45,207723.73927217658,47.31621841468736,32.539272438517095
8,46,231984.46287303208,33.350055164314995,32.76125173396822
8,47,240422.1986975125,20.855781898237858,33.239293481228664
8,48,253023.93095962575,49.41484119472121,32.39873224440247
8,49,174946.5587221668,74.82376485879914,32.67683483559009
8,50,172920.07740110753,81.55882251970283,32.67465475790445
8,51,248330.23419967963,29.916272171778424,32.733786905441654
8,52,175218.61319224586,84.71659609126722,32.640297017128816
8,53,193842.76516170363,59.89714722630256,32.600299106860355
8,54,236839.54172285896,21.824186913751802,33.14494976051287
8,55,174586.6118254233,82.69586347532993,32.64559590319724
8,56,203795.3279775955,46.55485483570182,32.541863892826655
8,57,232491.57563416276,23.818242231020193,33.08998832565298
8,58,225890.01723829145,26.43575295436623,32.959311996990074
8,59,214497.3271590374,38.63058188020027,32.66172984685793
8,60,179925.2322344221,64.47238953876555,32.745508219049604
8,61,237024.59333987866,48.76743193844775,32.46129990111199
8,62,179566.3995844002,60.924423832477814,33.010986683959686
8,63,246930.60563121166,20.195601819801194,33.17616789177377
8,64,178074.31462087543,68.38158122109574,32.887849613173096
8,65,200365.85881741537,51.30867204449348,32.49682995979404
8,66,188495.102436604,80.17557795612025,32.49629490157515
8,67,213550.303437714,37.89870608242895,32.69267991297263
8,68,241718.12296686496,36.27807292424669,32.50695305424528
8,69,178029.00013380358,65.55114152526475,32.97199376997875
8,70,225348.26274428936,39.424347452086856,32.48352227242741
8,71,268490.2081510762,23.93582624370776,32.527035015700996
8,72,243838.25211161113,21.947449166120343,33.05344478688884
8,73,240207.05713625468,52.50459594600985,32.41380715003858
8,74,234676.35437668947,25.481949028730366,32.931556135842506
8,75,179166.00183534942,71.15523809796325,32.74066076180493
8,76,181785.55781401246,70.1347415148505,32.627561204933215
8,77,245625.87886125693,20.87038298811593,33.117193899365304
8,78,186751.14229900553,57.70662261396305,32.90029481068357
8,79,178626.84110436277,70.58374762545104,32.78533162222962
8,80,175494.44950450916,80.67639957994348,32.6538610966553
8,81,266908.6255664782,28.133055085580803,32.52860794981026
8,82,173394.2442103709,79.363734186157,32.69815187708036
8,83,173394.2442103709,79.363734186157,32.69815187708036
8,84,175035.19946090432,86.95032512301971,32.64368649936907
8,85,174999.47840459438,73.56777808111299,32.704608750139954
8,86,198361.99717863317,54.93926899749985,32.50450345432925
8,87,246878.6908697071,18.832633235448384,33.290569754982805
8,88,227104.96350829117,43.691789218108084,32.47010985783996
8,89,180066.42129145135,69.44779689874429,32.72014987243602
8,90,213545.32922509935,31.26696102980029,33.12827275525514
8,91,213062.24520608544,33.67351440774556,32.900341425669865
8,92,177568.72921098984,72.4584801205388,32.69789615106215
8,93,242429.83669367427,55.761528061837105,32.39495296947947
8,94,238131.13869137346,32.61338851254057,32.77512439345699
8,95,199931.10185953992,42.8921084375783,32.87012214927221
8,96,186631.30971684094,63.39879359420722,32.72529465767275
8,97,219033.48658942146,28.912514530565034,33.05125384042322
8,98,190385.78240045847,59.14728115263775,32.68816043732132
8,99,190974.45215793513,50.2292157823647,32.985114267229186
8,100,190933.32853676,49.44492172021982,33.11188813627038
8,101,182984.93292040698,87.63686823519728,32.554285576436584
8,102,174805.34750394063,77.43704100312652,32.71932341443788
8,103,189606.32709127344,52.58252798464435,33.07831846470113
8,104,203840.39435652568,45.15717811049852,32.57650929778618
8,105,202338.5578263938,45.47877263182944,32.57285875014272
8,106,264193.29768022004,18.385401813079895,33.459925420438665
8,107,264193.29768022004,18.385401813079895,33.459925420438665
8,108,182341.33945843577,60.06926733797803,32.758788161865944
8,109,250372.78750067565,43.130979278902494,32.43578611177553
8,110,244441.01985928166,20.63457672087469,33.135104706152916
8,111,175153.53820463023,72.83363616332734,32.90756030094408
8,112,185358.90477898705,65.05805722200728,32.68385032210638
8,113,214444.8316189212,57.14835749581429,32.48098193058519
8,114,227165.28753891052,32.444496490454476,32.87246934987464
8,115,180707.63427636126,75.33876941114131,32.62699201341637
8,116,265532.8072929381,28.235861163191917,32.573202748914696
8,117,187622.33925227655,67.78201025818261,32.55046373076893
8,118,197253.05587889435,56.351224774477174,32.516941999960075
8,119,224040.42600371438,25.80498068583807,33.322418154299534
8,120,205364.1622717153,35.399770595475054,32.88481351287201
8,121,245202.4460774411,30.37991702251218,32.52156787225526
8,122,204387.74417863408,41.39029572465296,33.02578382686715
8,123,235823.25075991492,22.908744606318653,33.092263314567916
8,124,185889.32709249103,67.28939202779591,32.61369594963772
8,125,217249.10593560647,31.074415333900582,33.167671006403204
8,126,205512.00583942153,44.305030775601494,32.54840537658364
8,127,201731.97870739864,42.397408502403685,33.04494648416145
8,128,282673.7133135748,23.603875880717244,32.51564963527833
8,129,175447.58132286306,78.40297829323127,32.67635400130479
8,130,187200.3869508853,69.07563312012267,32.55791936291245
8,131,218344.21497422864,34.85191719884116,32.8769520313366
8,132,179436.87734770105,81.9763512735995,32.61073838011256
8,133,203180.57015321558,62.045627319228686,32.466240719896135
8,134,184005.13575100765,86.26543466287987,32.55606381562704
8,135,184005.13575100765,86.26543466287987,32.55606381562704
8,136,218279.16771922365,30.264083780952536,33.02448058151408
8,137,245076.24033425713,39.80571780011112,32.455219442587094
8,138,222012.08745386486,44.255908173785016,32.50078848830224
8,139,185797.2943272901,85.24729570990816,32.55639811522544
8,140,265705.0600651841,27.5530649540978,32.584916599036
8,141,195742.90027683083,56.935562474311055,32.511593798787175
8,142,248808.52693477285,20.182960483084877,33.27649983777733
8,143,238774.5929598501,22.293622560304097,33.10355643273148
8,144,261355.8563086252,24.78197133429151,32.62241950380444
8,145,261355.8563086252,24.78197133429151,32.62241950380444
8,146,174807.16742998068,75.69203359407837,32.737045652801285
8,147,183004.88246756827,58.40324046104605,32.79063143943056
8,148,236317.52530508133,52.180024942044355,32.431197163080455
8,149,194684.04761220695,56.06408687037967,32.57350825469501
8,150,193135.83401445716,62.75890579723237,32.58180578085102
8,151,235916.1570335349,22.50823800745735,33.15366633669335
8,152,199091.29804359673,40.78642853674577,33.073154132492995
8,153,250224.82679885457,18.817420280035133,33.26422406602605
8,154,256227.7651642118,23.136736732534484,32.9259968937223
8,155,256227.7651642118,23.136736732534484,32.9259968937223
8,156,179631.1914768887,83.11809608665328,32.60786011446748
8,157,268079.90778027504,21.100574356303028,32.87121019800774
8,158,205079.040323916,33.76602282853545,33.03198310773729
8,159,224805.4443934771,38.35811672271441,32.486618309019406
8,160,209041.40397317993,31.75864776678959,33.13130665204918
8,161,253358.83273484785,37.136553099886555,32.42405544200334
8,162,193174.30456861592,68.93408899374796,32.52579180437135
8,163,284537.1104955583,20.355375542127714,32.55353853460765
8,164,284537.1104955583,20.355375542127714,32.55353853460765
8,165,257796.10569990706,18.484514137381687,33.28494240239318
8,166,257796.10569990706,18.484514137381687,33.28494240239318
8,167,191313.68182333486,71.80870852922054,32.496057514542485
8,168,179049.00645384015,73.73845563033612,32.63079586727937
8,169,205324.1127982012,35.81994848724483,32.921452729539546
8,170,197678.81462784085,54.6444456475826,32.552666876250164
8,171,221798.87034210516,27.394727734529454,33.0946223104688
8,172,189628.0030720433,53.155403927223986,32.760260893852234
8,173,201374.61770199143,63.073804367169906,32.466240719896135
8,174,190680.51959911833,52.69939513563025,32.990466954237895
8,175,259106.4359446388,19.247487266936876,33.176148468652464
8,176,224703.0190878758,42.57897330920555,32.47760336998713
8,177,187824.274910692,53.65293177555958,33.06146000464407
8,178,177244.76517028862,88.14990405429265,32.63022675353767
8,179,262647.5138777474,21.278273393673043,32.9287746033359
8,180,234157.85541028227,41.16304174582669,32.47489755649331
8,181,197936.42029883672,55.88036746997186,32.492608710883204
8,182,259166.84666423098,25.05840025258251,32.752949846915946
8,183,179011.18481959455,61.82719351770259,32.981307715975625
8,184,206434.6212287395,44.00426065094592,32.77854884843833
8,185,188460.02437786775,61.52229193756502,32.65556815938057
8,186,176833.64035410152,78.1450799791928,32.66013381126599
8,187,219808.13986137073,33.74565294247759,32.617571356960504
8,188,249564.15798756352,44.26769987539118,32.41923246858295
8,189,217632.9042009004,35.75262872519047,32.85696198384553
8,190,206314.52371726185,45.96006930634015,32.54836008677358
8,191,219573.13017738174,34.705027178294614,32.617046653113924
8,192,282308.7164883793,27.80866461716621,32.49796261209125
8,193,196605.84811598278,50.488973798893504,32.76629228473112
8,194,218639.5361711069,36.16656943398884,32.790192577543856
8,195,196186.5725282947,67.39843346928035,32.48386876296162
8,196,189928.38102309208,58.555249274961525,32.73593176500153
8,197,176163.1734838594,81.35480399113337,32.64678968754611
8,198,186164.03201753384,58.92028453770118,32.78287206635398
8,199,186279.89341750776,54.00168989388581,33.04061232696695
8,200,176617.67300906434,83.25258536633224,32.632062105762365
9,1,328701.24620694557,21.555281538479743,32.64164719929459
9,2,328701.24620694557,21.555281538479743,32.64164719929459
9,3,233327.22782557743,100.13084005212372,32.40154180232744
9,4,233327.22782557743,100.13084005212372,32.40154180232744
9,5,311683.0695709237,27.54157679957047,32.772637066816145
9,6,311683.0695709237,27.54157679957047,32.772637066816145
9,7,201432.1334564599,98.50503259477674,32.52794944992009
9,8,287334.1211783582,69.62488952978572,32.36399039277139
9,9,330300.3487979856,23.689190780858922,32.60740743629896
9,10,322194.0181281092,22.428093785121405,32.63900230393958
9,11,257590.42699744191,36.62383127104594,32.5653293082729
9,12,272684.8548682972,52.17575012959825,32.42945383435096
9,13,314437.45911727985,25.502987341470334,32.6482723032186
9,14,314718.03553908586,24.347867669622442,32.550729352447426
9,15,282196.81486635463,65.19299458604637,32.37477936492964
9,16,294377.29400670965,29.701514170655457,32.721763023785705
9,17,275967.5150831376,45.2611811612906,32.4407279432124
9,18,329612.42002734373,22.227260723588966,32.62579379831728
9,19,208458.49689592124,78.95420280605397,32.484161106249964
9,20,321371.45199890196,23.980138238084898,32.60061287774493
9,21,284391.3892545727,32.51285928910761,32.60938117895785
9,22,233911.6615415982,51.73827303780829,32.517045595051144
9,23,211464.12962718942,80.44076115011214,32.47277786953133
9,24,241717.3965471065,96.7011569029772,32.39517890473757
9,25,293718.35569789354,30.83382878495897,32.74252297801907
9,26,253924.00645312667,75.02187673305244,32.391498847879845
9,27,252797.1919849243,43.267327822400034,32.44696890792817
9,28,270439.1783417579,68.76481930822655,32.38245645110957
9,29,311459.83912471705,27.90537802235235,32.76393478014212
9,30,204557.07068628556,89.54300316160638,32.507070342579
9,31,286186.0350622863,34.35736968397736,32.59112782609708
9,32,287867.20466438023,30.845864427857798,32.695397139781804
9,33,226310.6026598502,87.95027817150304,32.41037896750287
9,34,296500.1031041627,29.141966180408282,32.70783935535694
9,35,296500.1031041627,29.141966180408282,32.70783935535694
9,36,223868.14249133156,56.333773473966595,32.49024835948512
9,37,307478.9392872711,32.25270026194288,32.53417521293992
9,38,260437.38710076135,42.102991972936884,32.44492821528795
9,39,203758.1560163909,92.69213657827746,32.516769866076714
9,40,308907.5208843877,29.1414755250734,32.660093396501544
9,41,290740.9028097933,33.0164379246344,32.560060879404816
9,42,278767.6456577058,62.697437725849156,32.38864110836252
9,43,239770.1478820367,45.72126367282561,32.540540728434515
9,44,255264.90141472477,65.87824494214964,32.392953083484045
9,45,287060.6953794704,34.604746394039836,32.58907614306069
9,46,291859.5192599222,33.41015676590389,32.54677417071011
9,47,286117.4548349934,33.64283478789801,32.59930404646893
9,48,319310.7649107373,27.105224055140216,32.530621198965925
9,49,319310.7649107373,27.105224055140216,32.530621198965925
9,50,204530.19736120035,95.85741841630553,32.49967287656921
9,51,202168.20491281635,98.54558493203798,32.505940667773636
9,52,217462.4560301921,71.55479120540782,32.487517570180266
9,53,298567.3868260802,28.624018229884967,32.74100976835606
9,54,245070.80405950546,89.41395650775505,32.39193594695008
9,55,313893.0360407322,39.561231667553976,32.42821473962425
9,56,216048.52706580708,77.89306966648152,32.46166106747221
9,57,267005.3138461709,57.79103014648086,32.41223214038321
9,58,232870.11044766125,88.1478489101282,32.40267480756397
9,59,245689.9042255091,50.26453349886751,32.46455188997226
9,60,221973.96217518393,58.46035299920864,32.5167254499306
9,61,309273.4681580636,28.775961977570976,32.63317113188689
9,62,226901.4055337599,83.23541941733276,32.423327723790514
9,63,300741.41832377826,28.44641935774967,32.754205703756526
9,64,300741.41832377826,28.44641935774967,32.754205703756526
9,65,304080.26716748526,37.04416364414025,32.458776445252234
9,66,210505.11505928822,80.6611873287836,32.48348394384562
9,67,301765.3437560639,29.175973784492772,32.6949797198915
9,68,230420.7176673822,68.76052579220911,32.44247257560703
9,69,251285.5359851932,39.700191829940515,32.57716691119542
9,70,251285.5359851932,39.700191829940515,32.57716691119542
9,71,234813.150704425,53.02308810017593,32.499381343133884
9,72,209210.2110141755,76.33648519669381,32.49648279985827
9,73,293643.4112834881,31.75482052952218,32.55531255971835
9,74,229806.28776090906,63.912883293450655,32.45128450703691
9,75,228563.91712703032,78.65469008012391,32.4142406553888
9,76,294975.4641759386,29.294769462925526,32.7300586878697
9,77,294975.4641759386,29.294769462925526,32.7300586878697
9,78,306708.5084717836,27.967744308336158,32.759503671118566
9,79,243919.8929060495,67.81852054365353,32.4171028889286
9,80,300062.8473390461,66.22508258409782,32.36806117423378
9,81,300062.8473390461,66.22508258409782,32.36806117423378
9,82,212745.00952830975,86.0162942213333,32.45225538070718
9,83,259307.27194283018,69.77654814512539,32.386846472047594
9,84,202830.84006946383,94.37874933664094,32.507070342579
9,85,202830.84006946383,94.37874933664094,32.507070342579
9,86,268549.0832745604,40.91418847679908,32.50310905714191
9,87,330083.6558555378,23.68879036611578,32.61799574201387
9,88,330083.6558555378,23.68879036611578,32.61799574201387
9,89,213463.27867890114,85.46456238085376,32.4409714119225
9,90,267733.67501666804,54.59734499208167,32.41951976639495
9,91,237053.81023417716,48.16184551800378,32.53214638180732
9,92,303013.7617516541,30.58418149338846,32.65281248454075
9,93,303013.7617516541,30.58418149338846,32.65281248454075
9,94,235434.19820074487,92.1151044738454,32.400169862409825
9,95,317124.1899492186,37.933956766758534,32.445612949013366
9,96,214290.15467844385,78.19017974135738,32.46384506002405
9,97,302007.93512158573,30.137976759814862,32.681939088006125
9,98,238990.09648378327,46.603640503356466,32.57944466341476
9,99,218109.56508508546,75.70826855342294,32.472442865476076
9,100,295444.8122455003,35.16252697517446,32.4882903885629
9,101,248572.518766134,47.83545588581214,32.43656750502291
9,102,250621.9341294688,42.68334044481151,32.47183511367731
9,103,233423.73486901453,84.76284169259304,32.401257542583515
9,104,305660.58382108103,44.984791419947996,32.41010766391226
9,105,222957.65362105746,72.5393240529406,32.434815475065086
9,106,317571.9177840669,27.12542150680041,32.52743832925404
9,107,251201.15263791944,41.24208281350374,32.51243218480578
9,108,281190.7033749817,67.64656861464233,32.376886841360275
9,109,235441.25945060846,49.87118300377744,32.47074688077909
9,110,277072.4125002584,38.51394784425462,32.480883505009864
9,111,222928.41741866153,69.11902216304553,32.46818760948534
9,112,298999.6791562336,31.248879307224147,32.67650526747442
9,113,264070.92534845957,60.12988132887308,32.413606888537196
9,114,206920.53765096708,82.98848160614811,32.50348957932294
9,115,257359.9557003106,61.228641140296276,32.42589180618873
9,116,233154.79102350032,54.02594226778125,32.50276289456519
9,117,201933.09427426127,90.8489242938107,32.54251875857009
9,118,279554.21682527504,35.79452840341994,32.580544348723095
9,119,279554.21682527504,35.79452840341994,32.580544348723095
9,120,285151.7252934798,38.21400936741892,32.48557316284378
9,121,308868.19905031647,29.508226777823243,32.666433240531354
9,122,203449.12453422975,85.87749516075007,32.520792944878195
9,123,241158.21724388655,48.95094460970622,32.492158639215404
9,124,221024.51492300577,81.76692007085798,32.4376381283657
9,125,280016.1894675506,34.61074052261439,32.559841540987655
9,126,265716.72983625246,33.51702136210562,32.60485262784915
9,127,237747.80703270074,58.98487202456918,32.4664220928665
9,128,300690.2081346374,28.19923133343089,32.758786895083965
9,129,206934.50214546197,82.15394679782177,32.49327829006565
9,130,249271.0002813259,44.10570238875317,32.52518074128319
9,131,249271.0002813259,44.10570238875317,32.52518074128319
9,132,262644.5739273961,58.85091010068561,32.420482787504
9,133,204459.3973319023,92.18099814105533,32.512716094740085
9,134,286566.469335381,48.27623266863212,32.43334836440474
9,135,316157.57704862417,25.997139857753808,32.53133230614643
9,136,316157.57704862417,25.997139857753808,32.53133230614643
9,137,266129.803256552,70.47910570577895,32.37803635517093
9,138,293422.26238621166,30.903310159557012,32.687283433337605
9,139,240859.3401534253,55.47971030239898,32.45473047448778
9,140,254088.69821849017,76.64483672568363,32.365219368892895
9,141,246479.22598789103,77.1240218473628,32.38530578982971
9,142,308660.805684824,29.655519280126477,32.66777346570303
9,143,329140.3837272558,23.29546766962264,32.62931434819751
9,144,329140.3837272558,23.29546766962264,32.62931434819751
9,145,202103.11416422128,90.92045797728495,32.53381588812012
9,146,308716.2489539765,40.46715934722768,32.430160877889556
9,147,242884.6481577739,83.93889452202296,32.40165489344273
9,148,277740.89801933814,70.04679964759758,32.382453110720526
9,149,221260.53245135007,72.83481284061908,32.44892872775522
9,150,308381.38356706215,28.964791801150206,32.681652462151135
9,151,219177.37706200976,64.78428002801418,32.49409689409629
9,152,256090.0953208888,39.20509535455802,32.50960358142863
9,153,309606.7199885954,28.71488658591535,32.54348873975386
9,154,280306.49267156277,52.06658969193897,32.40815028950587
9,155,289420.75271598244,31.192548735826374,32.67841656869043
9,156,256762.75083614714,61.993574744215344,32.42610278705052
9,157,246878.52655689977,49.26673202159507,32.45966101930906
9,158,201800.1364086378,96.42064856888024,32.50963228904708
9,159,258316.9254867793,57.46407936193677,32.42716862875016
9,160,288408.62412055937,31.9250406008815,32.68661848351677
9,161,283511.2190473664,47.09089352326573,32.437985060414164
9,162,262773.6663292461,61.59615359276746,32.39617803468912
9,163,242596.44169957825,46.12188951543016,32.50240004388667
9,164,258081.9887816836,47.30227251103463,32.438698781375976
9,165,288471.4671699532,38.715192996506495,32.47426965102457
9,166,225609.90752389946,58.549347883826826,32.47909119126203
9,167,248035.7061280255,73.55296966127744,32.406456524679804
9,168,238258.42744436365,59.86336820634764,32.448244365805294
9,169,295100.35879714997,29.140867506823053,32.723051876926995
9,170,225343.92555390584,71.21863279248682,32.4485421827922
9,171,240720.73349811946,56.827097766091136,32.45598349444766
9,172,256074.4563944657,70.64153429672876,32.38486844188539
9,173,261182.4608750858,60.64232379398991,32.4194169452388
9,174,297480.2162224806,33.75095837596529,32.4882903885629
9,175,214197.19847849628,82.35270431872887,32.452285496121156
9,176,220460.81096116867,67.40312452246123,32.47566027488209
9,177,216796.3946395652,76.6514595491911,32.46622398671131
9,178,227783.90207243385,64.86226383275302,32.46576569352332
9,179,290164.2177010818,36.889958933990826,32.50406201425354
9,180,251811.24237158458,76.33754458859397,32.39463199981966
9,181,231837.12652500992,56.87255306878394,32.480443350765974
9,182,250763.7952356339,63.124034459749474,32.39787761823958
9,183,304236.69776427944,63.5412309604587,32.3839562690397
9,184,268100.01814106037,55.7887419851076,32.40348364449298
9,185,289471.96290512336,31.439736760145152,32.67383537736299
9,186,289471.96290512336,31.439736760145152,32.67383537736299
9,187,247252.3892607428,73.50315047541869,32.4138875616858
9,188,310542.0403065388,30.07491101153312,32.525738340081176
9,189,263802.2331549171,73.9094150364522,32.382135950225894
9,190,263802.2331549171,73.9094150364522,32.382135950225894
9,191,226460.5801793753,83.89031745218676,32.41344638924015
9,192,292120.5675868147,35.841719267060874,32.47656325505537
9,193,292471.8206366334,38.08103927769084,32.46712214179986
9,194,249679.49420422886,46.19799048663405,32.474278104603925
9,195,228083.8798784719,82.82735473597803,32.4187575137665
9,196,284661.9557796044,64.40410305609329,32.37753965080319
9,197,311405.26010821207,30.071544966920055,32.526166247372004
9,198,241108.8838374837,67.90733020635126,32.41922080193763
9,199,219373.99855284806,66.93614837136138,32.48305190028976
9,200,223283.4261768434,76.42378906106485,32.431803703652434
10,1,206328.66578037292,94.35239325629047,32.46021285829086
10,2,197988.5278241524,85.2817986736339,32.6933033349553
10,3,270489.32703549013,67.21686374095869,32.329870293396425
10,4,362417.59276441083,20.461226537824587,33.117284633958306
10,5,353166.1595076185,18.569528391370397,33.58388914230498
10,6,326923.918546292,22.16216827972036,33.490543962761535
10,7,336761.93068986747,24.72434621631409,33.028951559534114
10,8,344138.8070360212,24.60370723493223,32.93426361249397
10,9,260146.50410998415,38.97924914842126,32.913155999957276
10,10,240123.81108322757,64.15045362031503,32.399700671946675
10,11,348504.41370643885,18.972894070007055,33.58388914230497
10,12,359389.53674378764,20.758726544381275,33.05725852236947
10,13,333502.7693409275,20.590284044633524,33.44391619917782
10,14,342251.8513956485,19.35780858390092,33.5742148917561
10,15,317626.03010513075,25.35355366280854,33.314417119348946
10,16,329061.91904780513,24.381230015285603,33.32172922459149
10,17,341599.15812123136,19.672350456469964,33.54570142025189
10,18,201526.29212436662,75.7798067602147,32.67119281786212
10,19,315630.55629583664,23.289832324882664,33.49879437900678
10,20,354448.013883067,21.245425380087724,33.10518192458152
10,21,275516.0962930706,30.797567267302178,33.119584274011395
10,22,259531.64141376712,42.420038956663774,32.523501127638625
10,23,231262.9654734746,46.337721354275104,32.620340739279804
10,24,311171.0139377715,25.944592248811755,33.23389874514076
10,25,287545.77301954257,28.6306272743361,33.270831169188675
10,26,351782.6813775739,21.557554813539383,33.09240233839768
10,27,235509.14050502295,85.62487504680782,32.365330288579656
10,28,307937.98195385584,26.88896964292806,33.16682413205659
10,29,224300.14687422023,68.62552666105465,32.51327433017671
10,30,249323.55488154513,41.03908928352709,32.76976898345924
10,31,349170.85049185966,23.460047854285236,32.98819165885315
10,32,308935.13722206187,25.488146213227296,33.28495889505933
10,33,308935.13722206187,25.488146213227296,33.28495889505933
10,34,262601.29096561077,36.79226370677572,32.584187020514435
10,35,231709.13346344494,83.25144461926918,32.37335077171534
10,36,305443.9980656632,26.531361697562,33.20000298620984
10,37,335698.5419357205,26.07020348449383,33.00690468621489
10,38,299188.43372038414,26.229900403185077,33.42903989783217
10,39,200168.98016913555,89.82995063600016,32.542280222419514
10,40,349816.02565432043,24.047704523876895,32.974432618516374
10,41,199424.5457355509,84.73007024500212,32.745767358104914
10,42,314332.1054165312,26.042784701416423,33.217019529767455
10,43,327681.5132032456,24.413317399815355,33.38527779403215
10,44,294526.3384477686,26.70507026341826,33.408514224309954
10,45,325579.8387746664,20.41105107757994,33.53070339516411
10,46,273985.3282434851,38.27757614939916,32.57975716982723
10,47,217356.52766963135,61.83439854477492,32.62952239528191
10,48,219385.48629285872,60.425093664891065,32.72754059962235
10,49,321950.691782515,25.85307413468313,33.18135643364093
10,50,213954.72061098437,70.89687668410632,32.52755073763841
10,51,264236.91923069506,34.85714154874112,33.06522921356727
10,52,289064.76720722194,33.439955224622736,32.738798104892496
10,53,298053.9337620581,27.387164422630992,33.01530613100428
10,54,286255.80289515643,43.328073553792606,32.49634927059445
10,55,323479.97281245166,26.444638893878768,33.02373021031085
10,56,266235.78892735153,33.83599443259263,33.05157229893737
10,57,281497.1837198775,31.041846293472368,32.85483877936504
10,58,236993.3212427374,53.29213658051427,32.5455377670183
10,59,276846.9289992121,37.239925114255406,32.53175321809404
10,60,319356.26420230145,24.935537831369174,33.34622620829582
10,61,319356.26420230145,24.935537831369174,33.34622620829582
10,62,207888.3804045553,82.21054637446483,32.59324015179864
10,63,271837.53966821503,34.47799161367496,32.80719320095092
10,64,212564.27036116022,77.30904638622228,32.5536770937527
10,65,242877.79407122463,60.93155898512133,32.33780488089684
10,66,290914.2140303132,28.295927466402357,32.826583426168725
10,67,246306.10717917455,54.947962175233705,32.485222575027436
10,68,202549.43954389472,86.21791501521928,32.52868840062831
10,69,330597.3689804495,20.03017222653834,33.524341983321605
10,70,330597.3689804495,20.03017222653834,33.524341983321605
10,71,212598.0524437677,65.43407733054474,32.60799520860536
10,72,280602.0229320031,29.516666722087535,33.155262294603745
10,73,292836.79830248636,27.683079910530058,32.899252646338
10,74,266153.0185760708,35.935904645761134,32.76489558846255
10,75,252368.68290966266,55.667670482723345,32.451358679258405
10,76,205522.79127139045,73.05966659626327,32.68229028263723
10,77,207251.21693686146,93.25627847349472,32.43770760386488
10,78,225663.7263191711,54.663420313591466,32.65476303892243
10,79,252957.9782065911,40.072781908635186,32.704727513186306
10,80,252957.9782065911,40.072781908635186,32.704727513186306
10,81,207225.77585276158,65.76313357490473,32.692356101341204
10,82,234741.1241755529,74.73289010473485,32.39703883699448
10,83,238209.27531837247,47.79431060914643,32.56300952914631
10,84,270605.60687948536,32.91812137267427,33.11716794744637
10,85,331729.7029593037,24.13712183769961,33.2526784487371
10,86,219886.10644482548,81.33430478006473,32.4462217203953
10,87,355927.4207023525,22.605354715804964,33.02849102506585
10,88,208279.99819722376,91.21719892226967,32.45240095127323
10,89,206056.98314299918,69.51198395977632,32.719229102038284
10,90,312125.06914328993,26.3201489515625,33.209893643081415
10,91,287962.94287805236,29.729955802294164,32.85544084237094
10,92,231440.8532221351,45.02438745384271,32.63851175235025
10,93,242545.63148817612,50.98371043190554,32.534538057589884
10,94,333804.63383265794,23.9983984751878,33.36530805705148
10,95,333804.63383265794,23.9983984751878,33.36530805705148
10,96,333539.05397460697,19.806463484887935,33.55169824948027
10,97,220910.402819062,69.53555662502836,32.451761912624136
10,98,215770.31806138673,59.62312796830938,32.8431660336868
10,99,247950.4411680508,49.34508306502179,32.50200318013012
10,100,247950.4411680508,49.34508306502179,32.50200318013012
10,101,227024.46771023923,54.23065070355196,32.59143097025482
10,102,316145.4874594498,26.57515262383281,33.139189405186
10,103,299217.82395558676,46.994680416484954,32.46877809151211
10,104,238291.4135424245,51.94327421942038,32.48830800155699
10,105,224891.561615742,79.31411187932352,32.425615602331106
10,106,335820.1505517417,27.23938915417772,32.92399035852451
10,107,268845.7256543507,40.85191526400105,32.573061025376575
10,108,256441.7457527988,51.552868047884445,32.43549832122677
10,109,266718.4670938366,71.59841946004477,32.331798392510166
10,110,267939.29476016416,34.7835855064089,32.80891377680568
10,111,235158.83685892948,44.504985938099686,32.63190054226789
10,112,212002.89234978898,87.03218158913333,32.49406541034948
10,113,208576.23311946425,90.41696722579184,32.44787416676931
10,114,204206.89058867234,73.87339917957084,32.67218986987427
10,115,227410.34989534813,89.2681108673116,32.381583715452976
10,116,332761.3919796584,19.92719715611791,33.54465483509561
10,117,289641.5008800547,29.892795122240624,32.82886661468936
10,118,296298.9517494062,32.150603070699624,32.55713619476799
10,119,208358.00917750786,62.84677113557542,32.79551321456028
10,120,342076.8757387305,26.860770936092823,32.963647723367586
10,121,250939.69073240607,58.030492014818904,32.38508908090303
10,122,357704.69270867057,21.738211639608245,33.02878363415394
10,123,284591.1075494028,30.125977968124946,32.87342942215706
10,124,284591.1075494028,30.125977968124946,32.87342942215706
10,125,326670.90723558504,25.78964924797863,33.23971873999114
10,126,220773.5564630176,87.56772922519899,32.43028632598016
10,127,256380.64929475705,51.63363902793593,32.42210022970869
10,128,244303.7760222627,41.16352807103195,32.73056054317981
10,129,269696.6626807953,35.34701042106873,32.8012675997642
10,130,278390.28019899875,31.747079831773664,32.84270277966621
10,131,243947.94426335656,42.14310416620589,32.631278922266006
10,132,227375.4902479997,63.500651359682976,32.522975620867236
10,133,292909.5969283731,31.491218094204182,32.79635058559306
10,134,317730.5317758576,26.56806942052276,33.19172358171299
10,135,211283.33882053036,77.92128842546994,32.59536998076447
10,136,236299.0626163007,50.34751259321249,32.54963995074628
10,137,209088.25734415077,78.7327816844691,32.53511820421929
10,138,302112.156008921,50.088164480700286,32.461613277616806
10,139,320396.08011706197,25.52462815089764,33.255579567950875
10,140,295505.7323017702,27.450652791723765,32.96500774493168
10,141,206933.4119050202,72.63204779809493,32.6853507624177
10,142,325688.1551244396,23.570338173288995,33.3900188283948
10,143,227888.82251225074,77.78051539120905,32.414205026697246
10,144,273133.0828681499,31.893573698437745,32.79271895202071
10,145,207372.5080401518,84.4715683807671,32.563925536854704
10,146,222194.1970156448,75.4823176021322,32.436092413713354
10,147,210022.39789456688,87.4010331331434,32.453655013945834
10,148,254661.19325965043,46.46357231139775,32.491329229592125
10,149,227549.49039286707,53.70402626121698,32.613695012856894
10,150,237270.36484455713,58.67035902924068,32.441378765881566
10,151,269764.1108091847,36.04054673515605,32.753891361137576
10,152,261093.86446962738,43.64782678786463,32.486299284604016
10,153,208931.07189412505,71.94902915639,32.63730217627259
10,154,301656.49122731807,27.749641382680235,32.889400847301104
10,155,242934.94508845825,59.63568223567418,32.33780488089684
10,156,278915.84996721736,58.620370558191,32.366936610013624
10,157,204714.5538522614,73.66456182303965,32.687407661446784
10,158,252925.82155737965,41.25859863377214,32.588216815572785
10,159,220215.11697031534,74.90441896990258,32.47565077325923
10,160,208368.70607590553,79.04009223821139,32.64205113530819
10,161,232691.31556073017,64.87162399920993,32.40623413340798
10,162,273568.3815258677,30.12548091780444,33.137620165364005
10,163,207701.5999939188,92.25121671574503,32.46454583611377
10,164,264268.1104651214,33.76458419175705,33.082698563364524
10,165,237021.54722279304,56.57350559227094,32.46169161765559
10,166,238320.57460545475,56.558162692798994,32.469558207413556
10,167,238310.6243465594,57.811696433427834,32.44129694556155
10,168,222604.28717153624,67.19894571717337,32.572294266515286
10,169,313145.05085865874,24.26648930871343,33.40811018485307
10,170,290892.25789698155,28.84441779496125,32.94115346609178
10,171,223389.20719641313,61.59676320570971,32.63939343677653
10,172,223452.86963303701,88.3680063300193,32.39419905863201
10,173,223452.86963303701,88.3680063300193,32.39419905863201
10,174,280101.1363310333,29.965048337464125,33.15617787176912
10,175,215856.4597061893,80.23424628839155,32.49481539525582
10,176,207075.89980879187,92.26284693193888,32.443379678036976
10,177,266317.684264765,48.86745326367786,32.47712264189146
10,178,270847.0646375055,35.635761003770064,32.78661426088357
10,179,214443.49569083715,78.10714880570042,32.51769233823777
10,180,229217.35837199847,68.01003137217066,32.42506329566584
10,181,273616.6159627167,29.072888579652364,33.16274150340735
10,182,300375.2174904837,25.65331795320327,33.44102107805661
10,183,251314.1471853747,56.230317041699145,32.46606359158382
10,184,246043.8108925309,56.30735352151422,32.465784365489924
10,185,227924.794956727,51.443538918919316,32.65785994006795
10,186,222479.1717793651,64.78800076027659,32.57681014119011
10,187,355119.4863799589,23.10904300853074,33.02563328098428
10,188,286444.6493249989,28.96561664568573,32.88695049320977
10,189,203037.46966548095,78.23563599718021,32.66675108507455
10,190,303126.97019574343,27.277479461837327,33.18362173995506
10,191,277583.72017859,36.089901687207984,32.5544172538433
10,192,205070.37687651464,74.17673516081074,32.655506358848214
10,193,282900.67062225717,29.83861479684889,32.88134379849481
10,194,218552.87051697864,65.05512539182081,32.5725915795791
10,195,210739.46906636248,67.98902598384562,32.63123361216377
10,196,352325.56193848344,22.94685627226861,33.0785564924323
10,197,304600.2625019896,26.62112044183421,33.18362173995506
10,198,254172.00695972005,48.30401021904103,32.47826936669219
10,199,303442.4769761445,27.048032156651796,33.40449181759342
10,200,218035.58787312085,80.26519756860029,32.49176719406428
11,1,438854.510810946,24.605375919198746,33.426287244412
11,2,439336.89519053575,26.22117398959825,33.418796782201575
11,3,433070.61100658745,24.97159242734524,33.55306329308909
11,4,433070.61100658745,24.97159242734524,33.55306329308909
11,5,216093.24849468362,66.45047943265516,32.364707400742354
11,6,216093.24849468362,66.45047943265516,32.364707400742354
11,7,203667.6320995932,94.55140279989246,32.39936181812613
11,8,353747.9012656162,29.369947287441978,33.01799882598931
11,9,353747.9012656162,29.369947287441978,33.01799882598931
11,10,403419.8233436946,29.08010622518393,33.27134049588535
11,11,302334.7287851585,31.15110371918,32.662530845141795
11,12,339827.6745882259,31.00179763168187,32.86732064839846
11,13,360680.134169506,29.14211420277109,32.98211709489387
11,14,360680.134169506,29.14211420277109,32.98211709489387
11,15,397958.7629204207,28.95665359888913,33.322147394887814
11,16,305455.0575674288,32.161186594495135,32.66070462971867
11,17,305455.0575674288,32.161186594495135,32.66070462971867
11,18,334376.9498285757,30.77423342913152,32.882812994204414
11,19,334376.9498285757,30.77423342913152,32.882812994204414
11,20,416601.3162423664,27.364042778902466,33.32742033748858
11,21,204773.43372766863,92.9669261276249,32.43287521302972
11,22,403928.34661063,27.86428560904841,33.317435732143466
11,23,403928.34661063,27.86428560904841,33.317435732143466
11,24,354783.7317360318,29.087678984804366,33.00476005348858
11,25,430724.2816982593,25.82433624961441,33.47559417614992
11,26,402582.7619018745,28.093511188010194,33.30432104485148
11,27,432640.90642853326,25.69962704024342,33.52774110853428
11,28,423413.3095595252,27.324698460121724,33.37254070413307
11,29,429480.31477233523,26.128256947692982,33.46955999196045
11,30,429480.31477233523,26.128256947692982,33.46955999196045
11,31,285317.3336778879,36.20711741065417,32.55229498436062
11,32,285317.3336778879,36.20711741065417,32.55229498436062
11,33,210355.8671102749,74.56941632924476,32.38391652467644
11,34,270882.0330242098,37.483456659546846,32.527833037195485
11,35,431070.33561812434,26.79915771597774,33.3719199469243
11,36,431070.33561812434,26.79915771597774,33.3719199469243
11,37,209913.94898952162,76.47061215973054,32.374324862003746
11,38,261352.47271326298,39.928882744947906,32.44945913393756
11,39,418219.54548332794,27.323354853612102,33.40623227136153
11,40,260667.66376454677,41.33844012653185,32.46920501790521
11,41,346660.6978387863,29.473294358803507,32.96225848253226
11,42,399776.78543518047,28.686714220771115,33.274183070336925
11,43,348070.72613132733,29.830338735038115,32.92484543913689
11,44,348070.72613132733,29.830338735038115,32.92484543913689
11,45,206061.80902634189,90.59572822502004,32.393427619242274
11,46,206061.80902634189,90.59572822502004,32.393427619242274
11,47,422840.96851160424,26.594230110828477,33.41581284349057
11,48,205195.46644853108,88.86805559533016,32.412064068468105
11,49,435230.225964511,25.788190910126538,33.426287244412
11,50,217067.73247126277,62.90354440258554,32.36794046554125
11,51,342295.887442503,29.926633931154115,32.90744341007546
11,52,342295.887442503,29.926633931154115,32.90744341007546
11,53,266581.3641760337,38.97353777044953,32.60305463582115
11,54,337305.6385147815,30.572874767973595,32.90008835561437
11,55,337305.6385147815,30.572874767973595,32.90008835561437
11,56,233169.17548947857,48.42489043437596,32.45929222226553
11,57,438083.1579098296,25.61501834652709,33.54385627385904
11,58,229120.91315902604,51.47229936690401,32.41402148340381
11,59,277628.6215744136,36.81573762169168,32.58382557067942
11,60,274918.2624681222,37.57518563771439,32.50445032944101
11,61,229962.34178508117,48.95348404359382,32.39293049645767
11,62,258350.0353644839,41.7034688011525,32.56478533266677
11,63,231423.2770874067,50.52728806025743,32.39254855897453
11,64,231423.2770874067,50.52728806025743,32.39254855897453
11,65,218619.64966803126,57.49261471510024,32.38807412455456
11,66,215322.9140060703,64.59423003301237,32.389754377828964
11,67,214966.07529494088,64.05897626102168,32.40002945089133
11,68,297895.5239621366,32.505078841613354,32.63595894096098
11,69,228080.40110479132,54.96179415760926,32.39414961114265
11,70,220687.01466341774,59.32848601592476,32.37932593811367
11,71,248845.68469182687,46.94247088397593,32.40416568993377
11,72,212588.19467812937,72.3877367419175,32.374324862003746
11,73,434996.7089256253,25.796015530698085,33.44738715112761
11,74,280949.27169172367,37.03093891896846,32.482459680456394
11,75,280949.27169172367,37.03093891896846,32.482459680456394
11,76,246731.0809359147,42.91760471023833,32.5140636942767
11,77,295614.8838791156,33.085952288373306,32.600654013467484
11,78,242705.70936676394,43.96545070888458,32.51866787734833
11,79,223958.830227068,60.40384050577053,32.36761632736309
11,80,299728.01441303,32.654791571337846,32.62816604329971
11,81,344945.156887308,29.697860832724256,32.95139165199063
11,82,344945.156887308,29.697860832724256,32.95139165199063
11,83,287527.1142367333,35.808712849559285,32.587570614842384
11,84,287527.1142367333,35.808712849559285,32.587570614842384
11,85,210996.52434507897,73.6164906254545,32.37297259614304
11,86,207636.12255296946,86.37796653250939,32.385290971740005
11,87,400580.2466524775,28.67644532254027,33.274183070336925
11,88,230288.92444240625,55.854308826019896,32.375303599492284
11,89,213009.61319394212,69.93979029780704,32.38914281458861
11,90,297816.7774915338,32.99604484990713,32.62839452244217
11,91,245237.7252083893,44.664145160925855,32.4157410365674
11,92,253939.7799981984,42.415655730020546,32.46492571665126
11,93,241517.22175167318,44.920229438272024,32.43881208393755
11,94,208186.36662305464,83.47357544667635,32.37060474038107
11,95,214944.94128331283,68.10069869505719,32.37228431638788
11,96,434014.6692564937,25.698137181118803,33.53286554055693
11,97,279893.87715363246,37.2648123820344,32.509725597707785
11,98,236600.0641154069,46.317450744987624,32.421252675230825
11,99,300818.2790405971,32.395030433313025,32.64517914592287
11,100,300818.2790405971,32.395030433313025,32.64517914592287
11,101,251113.6982043717,47.382184851136934,32.4003269996486
11,102,206932.78431105523,84.51809986743947,32.40798573311513
11,103,211884.98354036355,69.01516217836623,32.39476243946551
11,104,438543.02017920796,25.677332631013627,33.44738715112761
11,105,288207.61434445175,34.85422645186567,32.56231966169931
11,106,288207.61434445175,34.85422645186567,32.56231966169931
11,107,289327.6531958948,34.407619764382936,32.606109247956056
11,108,257131.6794323932,46.05598266862965,32.40187797461963
11,109,262529.01817903446,39.908745532486435,32.46511023523475
11,110,219849.29851459595,56.4617209604976,32.394073915397264
11,111,237781.84428234768,54.44054262258849,32.37974566350413
11,112,206768.64212083048,86.80232352399112,32.384990627020926
11,113,227758.2308168277,56.7033815032991,32.38125508027655
11,114,211712.09688214574,70.91712264535266,32.39523894907495
11,115,240718.83730733162,45.60100753412274,32.43911600238601
11,116,226031.56250576852,61.31374353530449,32.36549368556384
11,117,226031.56250576852,61.31374353530449,32.36549368556384
11,118,224282.0422378353,52.48100794499624,32.44296680548154
11,119,224282.0422378353,52.48100794499624,32.44296680548154
11,120,209134.85253175476,79.45126229036246,32.38391652467644
11,121,209281.488800861,77.36363825104006,32.39135263769371
11,122,217884.66580848873,62.28945433004279,32.38388698931952
11,123,264801.1110834645,39.72375506141958,32.499485535400524
11,124,278197.9650262777,36.46772556383706,32.587274104566376
11,125,268905.1601996872,37.926021684909905,32.49648508164147
11,126,268905.1601996872,37.926021684909905,32.49648508164147
11,127,212185.82383115595,71.7661845324961,32.38611800053074
11,128,216863.6041949525,65.70043564528007,32.3706174100138
11,129,226502.19438191294,50.824567922119236,32.44389433492424
11,130,338412.48100909917,31.121069676499324,32.88199717723542
11,131,267500.4120929278,39.79061865133981,32.485247845699064
11,132,208870.40137354415,80.68551655871826,32.374324862003746
11,133,208870.40137354415,80.68551655871826,32.374324862003746
11,134,269950.819303504,39.04348436611755,32.49337809128912
11,135,347034.8956609117,29.44827115283899,32.938084211637616
11,136,291863.2896729766,33.12044448361342,32.6113339379254
11,137,419372.9744595099,27.065521403193962,33.409319732796334
11,138,419372.9744595099,27.065521403193962,33.409319732796334
11,139,207226.70519531216,83.21628888927988,32.42240225810376
11,140,227496.3986944709,53.597973378693595,32.39440630049464
11,141,291591.3879962295,33.87369935401514,32.605423928653956
11,142,234344.7709754684,47.411894458582765,32.478402588880726
11,143,213178.48851909116,69.38071429672729,32.38220545178465
11,144,273447.71543757635,39.258756321964114,32.47355142959465
11,145,273447.71543757635,39.258756321964114,32.47355142959465
11,146,235466.79528086924,48.30241987444989,32.46310602222603
11,147,347346.1531078754,29.382061629668666,32.94086126206294
11,148,243203.55037933053,43.589484315561144,32.42261388448111
11,149,208850.4583180181,81.40861552930124,32.38471539716899
11,150,206538.49554547534,87.85294206738917,32.43062109170684
11,151,213412.58676106672,73.31260824150856,32.372093850792524
11,152,205339.80178973285,87.6251985239213,32.43343639592402
11,153,206656.55944749486,84.51168241608788,32.419583387365584
11,154,223014.84721897432,53.13367554618613,32.41944993354895
11,155,208143.30772006162,82.53970315037697,32.428592514541826
11,156,339448.1305740961,30.311793374827776,32.87481677644438
11,157,339448.1305740961,30.311793374827776,32.87481677644438
11,158,249309.86761537578,42.08165510067159,32.523483382870715
11,159,249309.86761537578,42.08165510067159,32.523483382870715
11,160,295181.73729070363,33.14179053079262,32.600654013467484
11,161,290364.2419182828,34.09130770086498,32.61006954406408
11,162,417574.2712448599,27.260995956901162,33.409319732796334
11,163,240371.87455510275,45.76839585599696,32.43360903218461
11,164,212871.18399906973,70.81066908494472,32.37873155048057
11,165,214371.72980550118,71.8402577959154,32.37693184136989
11,166,208632.47634757942,81.76072682201223,32.37895644283146
11,167,292844.3928712835,34.62038261304778,32.57784514549512
11,168,292844.3928712835,34.62038261304778,32.57784514549512
11,169,247672.9973491998,42.729750647778424,32.43550915156991
11,170,221955.85950352458,58.55188961721268,32.373209781324064
11,171,206553.01896074045,85.50249189137217,32.4022267787776
11,172,215407.88832676984,67.40599488020656,32.372093850792524
11,173,205493.7877620964,89.7520571212682,32.4022267787776
11,174,205493.7877620964,89.7520571212682,32.4022267787776
11,175,206395.52020827177,85.53218086542722,32.43343639592402
11,176,218027.37128940804,60.541007421780826,32.420925728078906
11,177,403361.3832326277,27.61117162258809,33.322147394887814
11,178,222436.28519838775,53.94260051690328,32.40162111849241
11,179,244787.3897044064,52.70952447388063,32.39198662093062
11,180,269172.5555519323,39.24597268766303,32.488669301159426
11,181,213854.18898117024,67.66296225881568,32.39258480498581
11,182,216854.34654252694,65.71595694474765,32.37896911246419
11,183,208929.65915453213,77.75435302983323,32.39690289579525
11,184,209777.67217998355,79.2915115495013,32.37788234048697
11,185,209910.4362094165,78.62715973113245,32.374324862003746
11,186,221571.79865076515,55.962659184699945,32.40320482823219
11,187,208792.94010115883,78.68136782022142,32.42803073488024
11,188,259155.5287483673,44.8524771031212,32.40298707600855
11,189,235963.78431842584,48.8392176157448,32.42011593402039
11,190,221634.8373262293,57.9115006664197,32.38523594738512
11,191,221778.3925409819,59.218831179342644,32.373209781324064
11,192,208470.6929677033,82.39300755323393,32.37895644283146
11,193,247712.83826181458,48.053812980004416,32.39883846326281
11,194,252339.960925794,43.17441710931562,32.4248360736593
11,195,279254.34944300324,37.56701109879443,32.50138507722148
11,196,228924.8087711689,53.13222985712335,32.3979507064065
11,197,255380.2370820986,45.81823350732954,32.412191370656615
11,198,398052.17896828504,28.807079610370682,33.322147394887814
11,199,290430.88428481796,33.919863309533994,32.623663850004135
11,200,290430.88428481796,33.919863309533994,32.623663850004135
12,1,299411.0782298028,32.543284040250114,33.5239708131249
12,2,299411.0782298028,32.543284040250114,33.5239708131249
12,3,295234.82312139357,32.80001791041674,33.52812853360709
12,4,295234.82312139357,32.80001791041674,33.52812853360709
12,5,162591.83975956184,111.87978762565906,33.06683664514784
12,6,250280.09908716875,64.97197237954641,32.93100244360865
12,7,272890.83220891334,33.38591742188083,33.40388659493437
12,8,272890.83220891334,33.38591742188083,33.40388659493437
12,9,236546.79814356973,38.98988287579962,33.287043008096504
12,10,286540.9754604669,46.99379898567962,33.03518255308636
12,11,273041.83775168104,33.02095830119762,33.35512283721716
12,12,266427.7911689349,33.461227745499805,33.35512283721716
12,13,164669.27369270354,108.32888759184978,33.06683664514784
12,14,278353.03145062417,47.784715213834886,33.01565136412853
12,15,167080.4042413462,100.51886247792216,33.09004071929382
12,16,254665.8998985704,34.67611721461355,33.25088797475229
12,17,241033.74863670825,38.38222303519888,33.16587685873142
12,18,256035.53394985478,34.28317010689634,33.282501009061384
12,19,256035.53394985478,34.28317010689634,33.282501009061384
12,20,205687.1244051044,56.366704046847744,33.06130917306917
12,21,175810.23976099442,94.15604620774742,33.006180445135456
12,22,254639.02678160986,34.303894885918155,33.259715677461074
12,23,239220.58112255944,36.64299108224144,33.18290040462362
12,24,167547.67493007827,103.56770399996667,33.06880309333225
12,25,167547.67493007827,103.56770399996667,33.06880309333225
12,26,166079.125614206,96.29645907903948,33.12786914354013
12,27,194590.30901922745,80.43925215350073,32.99746670802215
12,28,235814.6714616881,39.10714573510918,33.20700736077481
12,29,235814.6714616881,39.10714573510918,33.20700736077481
12,30,261067.2795999358,35.786575858930576,33.242008748415195
12,31,190878.82449065236,69.3030258742132,33.03645982959859
12,32,257627.69800189175,34.523157694511674,33.244791237000776
12,33,214631.96665846783,84.07447056874152,32.97160577571491
12,34,244972.5831986879,68.6824708962951,32.93636474530167
12,35,193187.10145835005,81.55289885679862,33.003792067879424
12,36,259213.80812114332,48.95053744078635,33.056590854566245
12,37,219747.07893282073,46.549098887129425,33.19151179976869
12,38,168928.58264020857,90.65386055344412,33.090732118562606
12,39,171783.22288847496,82.10470430301488,33.0828721315214
12,40,196053.4799125515,83.68322451179182,32.99320966944417
12,41,213087.29476581185,91.53619950206951,32.950659515247125
12,42,171159.89173315492,86.82494830648825,33.05368810257855
12,43,225555.20023589506,44.89757452187412,33.11494262968689
12,44,221452.60295272095,45.63430645092931,33.15516540914885
12,45,242399.32767943706,36.53711882341892,33.217348500163865
12,46,169461.06347628322,89.12851885338394,33.11885774196454
12,47,230926.7118426267,43.80485496863417,33.085407696233865
12,48,174104.312372631,81.82931225141371,33.10308230375763
12,49,182346.34134170317,75.92460187400555,33.106788168112836
12,50,232028.77532008797,43.45032199619114,33.106854231755776
12,51,167362.30900050479,99.0494846872463,33.09305221589516
12,52,204065.590979593,58.46559878231783,33.042558626404656
12,53,236267.25290616867,41.907099266892004,33.18461584284073
12,54,219572.42905139655,75.11328314047591,32.97588509881783
12,55,217225.4618502575,85.6159357064515,32.94184851214371
12,56,208115.07965050344,51.58409392828309,33.22570444752634
12,57,213798.4625133104,49.815404261710256,33.26616023974628
12,58,213798.4625133104,49.815404261710256,33.26616023974628
12,59,211819.55585860982,50.258117514397284,33.22098826684774
12,60,164755.17610980434,106.6590009833897,33.061897820481775
12,61,164755.17610980434,106.6590009833897,33.061897820481775
12,62,172199.6855564948,84.73462243572878,33.05368810257855
12,63,163266.9868413391,98.76712022316975,33.09946823680436
12,64,247655.6050494637,65.738716943296,32.94072041167871
12,65,220698.39285008787,74.06327685338954,32.964290676811494
12,66,210755.19131426857,50.667282507821284,33.23964379127707
12,67,177855.51434056417,98.52044520508666,33.000696933737
12,68,165857.5403796329,104.55699929453901,33.06683664514784
12,69,165857.5403796329,104.55699929453901,33.06683664514784
12,70,208618.03462022,54.13058396291593,33.10497576478477
12,71,174721.18045789035,79.63718268740244,33.11052107339943
12,72,276734.7439226878,50.15907488499232,33.00299268774463
12,73,167646.21900173443,92.9199091099111,33.04952346692898
12,74,237344.6257989878,41.19761855504559,33.15376767775456
12,75,295885.5481945409,32.70767346841147,33.52812853360709
12,76,295885.5481945409,32.70767346841147,33.52812853360709
12,77,273799.78960810497,53.587790384985375,32.98180389987882
12,78,166822.81522126266,104.40759179860105,33.07031749436899
12,79,186656.12201282947,86.18335267483123,32.980888185853054
12,80,207942.2414698287,55.33758038520054,33.06763543427249
12,81,244787.5268001215,37.28478864258555,33.14809435032914
12,82,201601.83762519603,59.21983159592973,33.0147332699486
12,83,266052.5416796665,37.97223988192493,33.089060995197684
12,84,260208.4179104364,60.677618014566434,32.95804272713149
12,85,223959.40175161161,46.43697093921937,33.14727273408076
12,86,247293.0425886937,49.68665174034615,33.07517293429692
12,87,243727.38541977317,67.54141879510142,32.937541243815716
12,88,176814.2599133212,90.18732879159356,33.04605512147149
12,89,211143.5002904361,84.87369772084533,32.96624430029074
12,90,232191.62294380445,61.46238131453967,32.98113476575923
12,91,178932.22058296084,93.11619386797268,32.99951319024713
12,92,183945.32317040526,87.73370667542959,32.98873567993512
12,93,237807.33171968657,65.60602941239239,32.96137542078146
12,94,209289.39080716914,51.02745317126625,33.22570444752634
12,95,198302.6406451057,58.84842777378094,33.12313006727541
12,96,271533.2983585708,48.36807896326526,33.04554841680288
12,97,220296.33636525754,46.553626627194554,33.14232007416797
12,98,184131.96571039784,73.49739339156042,33.047453792967744
12,99,182392.20859285106,73.14366656410283,33.054319885023396
12,100,278199.5611272976,47.76244298379912,33.01631003879456
12,101,234035.45832146684,63.34376596465723,32.968297145473095
12,102,244278.42335995336,36.50037104904926,33.16524035410608
12,103,178111.99675248106,78.1711939190569,33.11052107339943
12,104,264685.69075288007,49.431909087870864,33.028598354141344
12,105,229857.88875819408,42.36561194013621,33.13293426495625
12,106,229857.88875819408,42.36561194013621,33.13293426495625
12,107,228730.05805650257,67.90491440289973,32.95627830046567
12,108,189356.81617859192,59.32399633315136,33.11399533266538
12,109,204167.15827991758,57.80595850262759,33.04330284594965
12,110,187297.12766726725,60.10684258629904,33.08550796844073
12,111,263012.3791263783,52.64722849350285,33.00812494409092
12,112,238848.77035896073,56.790431848638896,33.02556318757022
12,113,217666.79849610612,55.0331234532016,33.06266101726094
12,114,224369.4597526701,68.25222050563112,32.98070473571598
12,115,226325.4141231619,46.99029320676305,33.112180799331256
12,116,248714.56649544757,52.51831805094891,33.01638798189615
12,117,227192.4445289332,53.43204661264094,33.08289256108207
12,118,262081.82907170564,57.42357187733312,32.94967182694055
12,119,175426.7838892858,79.21193543243768,33.04995777166232
12,120,210178.01523439537,63.92006813400653,32.98910250992294
12,121,249110.97643273152,60.6942551584954,32.95678533423396
12,122,233298.4286781126,50.27884548510577,33.039493813241414
12,123,250676.93953945185,64.80674671609887,32.942518471720376
12,124,185900.19866515257,62.86538747634276,33.080377037962585
12,125,180927.51276106996,80.6166373280071,33.032618363132876
12,126,180794.5253927109,92.07217290816196,33.006180445135456
12,127,268629.59284165845,53.65276284624231,32.99047591502215
12,128,261274.4630240647,60.04262580774272,32.95712044989751
12,129,241798.8555798396,37.065525833992034,33.16301879078944
12,130,167033.92573036923,93.13401882697774,33.11803540735236
12,131,232932.9459735024,39.2116529054801,33.18967666214114
12,132,222234.5574281146,69.6017358900355,32.9783303866761
12,133,249993.30367134354,45.51267362718884,33.067345690966455
12,134,228749.05862195743,55.571914621036434,33.03324822482398
12,135,265460.2258691356,57.811554230748726,32.947291263410044
12,136,221353.54927851705,72.71114772262997,32.964290676811494
12,137,181233.32234421637,76.84780938299,33.06227962854804
12,138,275585.14572654647,47.04817191175327,33.06163497365587
12,139,275585.14572654647,47.04817191175327,33.06163497365587
12,140,176173.5281796635,79.02518979339952,33.10315131028051
12,141,164237.80722758255,96.60444473518989,33.12286388011489
12,142,164237.80722758255,96.60444473518989,33.12286388011489
12,143,252599.5104438459,59.09563107318339,32.967820612765614
12,144,252599.5104438459,59.09563107318339,32.967820612765614
12,145,269977.46770544065,51.16082160054275,33.01189769896298
12,146,268890.0120044143,48.63726201132579,33.02938989367188
12,147,216241.7667486715,52.073848377886854,33.108998693557524
12,148,240332.06599358664,64.19855701011141,32.94460127719756
12,149,189450.80339700473,58.85316288197107,33.11399533266538
12,150,219347.10000345332,78.4968359309426,32.9631583946225
12,151,185246.9969705979,65.23209708219964,33.08008074459859
12,152,199075.66273703426,62.9911251220582,33.02002990844136
12,153,192239.5608951745,70.99766157282508,33.03216640070309
12,154,164489.4371174468,97.67508456577916,33.11659820291698
12,155,164489.4371174468,97.67508456577916,33.11659820291698
12,156,192170.03637783777,62.6465805421108,33.07920352797753
12,157,239531.4873316729,40.53253579708467,33.13489863910083
12,158,184649.01579252852,70.56567454795865,33.07489585735912
12,159,196753.27870873426,72.22154342348261,32.988024372843725
12,160,184905.68987085923,66.87825497924473,33.06282150344074
12,161,184905.68987085923,66.87825497924473,33.06282150344074
12,162,264051.2427544699,57.049025804713125,32.95712044989751
12,163,195691.28969519996,76.92361998981087,33.01049562793012
12,164,183407.32261973937,71.45917974908538,33.07317178474478
12,165,219206.12398411953,69.68380092786828,32.97739175559919
12,166,213835.37478754422,88.40655801473733,32.95559833991319
12,167,201330.23015272425,60.344664917244636,33.07506741124922
12,168,229317.47102053792,53.34440201897656,33.045352100677576
12,169,232724.7791964983,62.993160548596734,32.97434556883526
12,170,223532.73253843834,49.769170178323634,33.09672100558438
12,171,217899.82167099993,77.33916936040923,32.96924355371827
12,172,216171.87941186051,53.076992077258645,33.11551147209085
12,173,239572.1049973224,62.048059752184145,32.97015020247708
12,174,256711.15146298415,57.86132055453679,32.99213937162917
12,175,269238.7065283938,51.81218401801094,33.00640351606107
12,176,178498.73953975504,77.3219663387155,33.09375461103459
12,177,200153.87260793438,70.72660684583812,33.00555448145747
12,178,238471.9137828501,40.73122278048597,33.1890629467603
12,179,273679.85316685686,49.06737624079332,33.01351704351848
12,180,241751.32535665765,40.044143276588734,33.13041930693974
12,181,270961.2233239345,47.82142317188688,33.05223769880149
12,182,218540.1354414243,62.17200727830676,33.011079942467276
12,183,272732.9075506806,50.57037539219047,33.0265750144159
12,184,256733.1413258203,53.05326931906222,33.00944690452842
12,185,248126.143467357,37.19819345691332,33.137255124073015
12,186,197044.87162676503,63.70212876272844,33.0781765528573
12,187,183899.5799023791,91.72801821634106,33.005139907144695
12,188,250469.09137484035,38.792280838429896,33.10389381793156
12,189,230496.96242739796,57.44464947713272,33.027224292021
12,190,222958.11182781454,68.66563700384117,32.96761050433992
12,191,198556.94239767749,77.09481513005593,32.987483001468085
12,192,269179.35364575294,41.11560812266766,33.07561570848104
12,193,224957.18238060983,71.93959900368051,32.95674711631441
12,194,233859.79757021932,71.82590846777585,32.95615507648976
12,195,267503.24112622254,56.57107653725686,32.95374299937215
12,196,267503.24112622254,56.57107653725686,32.95374299937215
12,197,223336.74290288,46.77103039816953,33.127105239791554
12,198,239964.90891551325,63.43641379947172,32.96473101237698
12,199,242766.97536951592,53.46443767034375,32.99360408890596
12,200,169911.188255991,89.99533884053197,33.06211628449093
13,1,352328.37741402275,23.918335489736705,33.288319357715096
13,2,352328.37741402275,23.918335489736705,33.288319357715096
13,3,243676.43885610043,69.90148291064735,32.62071601500627
13,4,361847.39677366853,23.24947087376587,33.25840369072208
13,5,366546.3567620105,26.0562134591315,33.10806750993607
13,6,169103.46367410204,114.66213132796805,32.78704976999415
13,7,316838.7751062047,36.349950734391115,32.73089758586887
13,8,303554.53213013604,42.14784557017228,32.689012242538794
13,9,200290.20938305967,54.23841947414428,32.96734775657076
13,10,358522.3294880914,25.129013839504765,33.210143876829065
13,11,328499.96443615685,28.742709353517657,33.16942700466787
13,12,350538.54594473954,28.02061374831005,33.02097354154563
13,13,174748.67056052637,85.6087192031499,32.8003615358585
13,14,170958.77681213134,111.71142680226883,32.772792236933014
13,15,319180.4408723594,28.399824977806997,33.24429382485716
13,16,170154.33584575966,98.98680725201389,32.77823651313129
13,17,351030.19737002684,27.61321514129045,33.048445780471255
13,18,283735.5316520264,66.27474945626508,32.62525929369216
13,19,206695.60205491894,53.09277858678752,32.90839770561413
13,20,244793.24329600207,37.526963884027886,33.08707094579783
13,21,347482.58691447484,30.028070364442076,32.99213455895905
13,22,335127.91641681595,28.638807198030356,33.16607472977965
13,23,213040.68576065797,77.36076911010231,32.7127309971694
13,24,341835.59113361523,25.561242509505394,33.28231776165361
13,25,344842.2270872586,29.749682990254538,32.993682713356186
13,26,347246.4993631355,28.652481066557062,33.03185438743057
13,27,169423.11399279753,113.65546652859898,32.75122467006614
13,28,336407.73915849533,28.609559769013934,33.14738271131371
13,29,341217.6442969307,25.92972212978587,33.176985032333995
13,30,338601.49016652466,30.302289143585895,33.06157817650646
13,31,354580.1204739801,23.31029851483163,33.24951210280122
13,32,365258.73658367293,24.114220356189186,33.23268400126401
13,33,200732.4006163213,59.98715532854463,32.93951666305004
13,34,171233.53679047964,109.60103561144585,32.772792236933014
13,35,248558.74269166833,41.61175859253652,32.84147326578511
13,36,299113.84948577883,35.78431237803485,32.733595232047605
13,37,292448.933631258,42.75401436195235,32.72894453242191
13,38,246463.58282786162,44.569339632507415,32.80533573984402
13,39,343679.76836619084,29.287901733955383,33.115266679830185
13,40,173563.63549300304,105.37912033757901,32.75122467006614
13,41,272030.04974447953,32.3032124825277,32.766131878702865
13,42,184375.82088779102,100.69808353859052,32.71730206693992
13,43,221732.11000065654,48.171387448318114,32.9527012924005
13,44,182471.36046104477,87.14912281718453,32.74236004349984
13,45,270632.64206567424,32.940897361527284,32.776316272093105
13,46,236273.26439201867,47.71675860178808,32.884647120269776
13,47,202576.8498863802,57.483682098622516,32.91522574079113
13,48,340036.40777200094,26.706526217681716,33.19546453212502
13,49,340036.40777200094,26.706526217681716,33.19546453212502
13,50,363035.4706840016,26.147026607597756,33.09682572576931
13,51,196114.0869634783,92.60769402971705,32.662039096561514
13,52,257874.2288047394,61.85984034037342,32.657906230101744
13,53,268445.64373347344,33.41204624988188,32.765508154248884
13,54,172290.38473017063,104.27596167442697,32.77024729728728
13,55,209025.6978289347,54.92862196799187,32.82141229748807
13,56,341971.91135337565,25.43479991725625,33.26766079450609
13,57,342050.3164989772,24.400817458604905,33.256523283555495
13,58,227284.30500906863,46.026513757447205,32.935665702382124
13,59,251155.53828191332,38.374946061951405,32.857335288442975
13,60,172829.0043245273,107.42087086065705,32.75122467006614
13,61,272257.29478718335,30.45525104542464,32.78424550445142
13,62,240744.66914348284,43.72253023583803,32.85629842427586
13,63,194339.61638136994,93.162347008526,32.69758740818919
13,64,226004.74311491454,46.720861210571734,32.92665036534951
13,65,215457.31904773123,97.89307548207707,32.64556433702393
13,66,211564.9122534171,88.29423477807374,32.66174415866643
13,67,326747.3971278274,29.436465370317517,33.13324500936446
13,68,254712.2091712207,62.97335767019927,32.65036520500171
13,69,364590.9079404854,26.138182766465665,33.10295453457372
13,70,262610.3202891607,36.59655787434965,32.77435555775647
13,71,203599.8541747189,81.48889920768701,32.67930598284644
13,72,224458.17223122597,48.812042605763985,32.84854309472541
13,73,243173.2784318159,38.48699782247068,33.0507840074622
13,74,296079.99129899184,40.76853068069854,32.70797456115508
13,75,220153.73712407594,75.1901959584368,32.687958871282795
13,76,336373.198451984,29.241506792589636,33.15617989593709
13,77,206624.83697733196,60.92252410766579,32.82474611337138
13,78,359381.92388393433,26.17375719080231,33.06527008092987
13,79,240525.965867859,71.78713539423008,32.67383009552693
13,80,258673.41220474287,45.45082676012477,32.72171242292274
13,81,183294.44594167528,84.33241866097373,32.74715965126111
13,82,277117.44069937675,56.461123556958846,32.67557673868498
13,83,299478.29709642637,39.657883906007775,32.70739369736116
13,84,344183.30554684566,28.984762347853373,33.122285576504076
13,85,209551.81950167895,73.284778916991,32.748245769533334
13,86,173400.43947536638,103.29811752247444,32.772792236933014
13,87,206185.7889477142,56.17974639472663,32.832194892507275
13,88,323383.7334882937,29.438146685820474,33.133568380280224
13,89,229647.51004462913,74.26209439461412,32.7113876268997
13,90,197571.08395071726,57.75137841910258,32.96195915502962
13,91,182642.89911055393,75.93964921111777,32.866237198365674
13,92,257013.84341022937,51.949480851156196,32.70738009720424
13,93,265647.2071800823,35.23762515731719,32.82143362082348
13,94,273841.762497234,38.67853638089847,32.75422564661028
13,95,188605.18075542594,95.8663939163161,32.70930176052042
13,96,336476.02676542173,30.2083836135065,33.077389387695085
13,97,251525.12448222865,67.7356963057225,32.62807677656231
13,98,354161.83883096895,23.93475076558685,33.26557276783328
13,99,176583.52476319598,101.99273962973076,32.767502336187356
13,100,177183.93531069224,91.15521807006391,32.75865785120543
13,101,189607.73065029926,62.92586813975904,32.899540878450935
13,102,214040.43435051345,100.42767418012082,32.63841394989625
13,103,216388.32478448565,93.69173657437442,32.641507914022796
13,104,197363.24215970992,91.90474885348824,32.65489593198599
13,105,172170.85995410188,109.01624725076749,32.75122467006614
13,106,262566.111190978,34.61777277141739,32.86765731972023
13,107,302743.1070224803,41.41397358636439,32.6909672057343
13,108,193116.9567676159,102.55123759610586,32.68501639464449
13,109,241937.69727324235,55.697298291963875,32.75705858609994
13,110,339584.52420927695,27.09233805229365,33.2289437042401
13,111,197630.07208928655,58.943822030020016,32.955850728023876
13,112,229229.09565902848,41.97005604190032,32.948520245049515
13,113,225173.35880102828,48.69882130767961,32.92589754131732
13,114,227736.63374029266,94.54650901226015,32.6299100141728
13,115,282984.09391987737,40.14579205637067,32.74254591353789
13,116,324981.36787063984,28.295482381916703,33.18598344987135
13,117,324981.36787063984,28.295482381916703,33.18598344987135
13,118,229211.43040247008,62.08763300025403,32.75142702655928
13,119,271690.71618890227,53.89814143067938,32.700737250671345
13,120,218660.79959092662,80.44512741641714,32.687116816733294
13,121,239137.13910180668,39.34838274467625,33.01103907748324
13,122,239137.13910180668,39.34838274467625,33.01103907748324
13,123,287753.6541345812,44.13588313039791,32.69434146107957
13,124,287753.6541345812,44.13588313039791,32.69434146107957
13,125,323644.8541318765,30.240465942093273,33.09148926608942
13,126,185155.11215898,72.69201374391307,32.76187156267573
13,127,204904.03698915578,79.67348739869212,32.72131684721425
13,128,358610.1128778894,27.037806982893517,33.06910612698679
13,129,179032.33971837803,89.68212559265802,32.73919642338039
13,130,188925.6537579586,64.39182197790461,32.838928435508315
13,131,193379.83187416222,96.92079275562165,32.70424442765927
13,132,237259.82530446866,47.39021805825912,32.87932688061993
13,133,274548.4010813553,45.005637215430966,32.736614751302504
13,134,357853.74199144857,24.20067235294605,33.221825177404796
13,135,227490.727707324,78.82757413572955,32.63541940303951
13,136,261215.63569413972,49.81180467915415,32.71395488083915
13,137,172035.88665050187,106.35155893822885,32.773015449674595
13,138,277749.91834394354,52.51457666832784,32.70297292113355
13,139,235311.54253570846,52.60988368951956,32.758757919542006
13,140,239285.70096956953,47.262618175231026,32.90217045234658
13,141,356440.316932868,27.130752362213624,33.063821898929966
13,142,237873.1541976448,40.070086579296486,33.004409104484935
13,143,237873.1541976448,40.070086579296486,33.004409104484935
13,144,222249.02398397084,50.385266414353936,32.79475677294002
13,145,335246.78205617284,30.26344069575963,33.077389387695085
13,146,216272.70663850172,70.93777698748532,32.74219807451813
13,147,247053.95689974175,37.7559851024747,33.06743708588905
13,148,187372.9032761612,64.78080999772463,32.877571570825374
13,149,230661.5521984018,45.42340834119489,32.91360020910189
13,150,322685.0209447375,29.133250436806573,33.17120723431345
13,151,247838.4870226832,42.68157598207521,32.87132126911582
13,152,294116.7932628904,42.16050699461496,32.72783325337714
13,153,279000.3249662108,49.78693321535336,32.700254326430375
13,154,322038.7479419339,29.45914456946848,33.12630121993749
13,155,322038.7479419339,29.45914456946848,33.12630121993749
13,156,266994.71377349255,57.113022832319245,32.6828209575838
13,157,227249.43597547337,97.28243068273106,32.62232978559644
13,158,178836.13772668777,72.11851850992883,32.888254305513456
13,159,178836.13772668777,72.11851850992883,32.888254305513456
13,160,188915.6469151283,65.49090228007647,32.83423068700733
13,161,198578.78714512513,56.746715560292294,32.95724102335219
13,162,233810.83001610672,84.21364664499825,32.62841727595964
13,163,186215.55214308924,81.88769868256229,32.73453070788736
13,164,266664.396048922,34.1496716670186,32.785710159528584
13,165,222786.39317593907,88.56195781033618,32.65239143323358
13,166,232472.29449014828,58.50574126523799,32.74858889190338
13,167,180803.54271755408,78.28099230639565,32.8754001078134
13,168,336343.004542166,29.377767548423037,33.16510283071965
13,169,217261.11900307587,48.888017277882575,32.795766477711325
13,170,226645.6845049905,83.68429923918065,32.66802175982518
13,171,193636.1202466367,74.70888512280423,32.76071047261962
13,172,233195.59086210324,90.04384163356048,32.634772047367946
13,173,203894.59430424462,63.24410856075625,32.81241734858253
13,174,190535.43376794536,106.74652421559497,32.68639065932282
13,175,190873.99881399772,68.32357566439852,32.76936313660286
13,176,267713.097807544,33.18328652082213,32.797058442256926
13,177,261533.12414462844,60.52445753105638,32.69672466989807
13,178,280535.15398996754,40.76702116975317,32.748305859923356
13,179,231304.94844703132,90.6803582761085,32.626009740151154
13,180,247700.3574003108,47.25966526019816,32.78410912383819
13,181,293780.61265217443,42.2974607779322,32.706012756267626
13,182,181621.3109569229,68.76571893907507,32.89718412789308
13,183,347913.2374048959,28.357875135091103,33.03137630912509
13,184,215170.26563134947,79.94624546068134,32.68986176953524
13,185,226255.34334657973,83.32095294773754,32.66929326067389
13,186,281357.13108585804,43.85782250854277,32.720236032447914
13,187,244590.92621015254,66.94123982010107,32.64204364855693
13,188,266408.2626632946,49.63018505125319,32.70963245043695
13,189,242313.70690805532,73.17678758403945,32.64495499891958
13,190,197834.56004923605,88.04200370051285,32.662039096561514
13,191,179545.49533489265,88.83066509318616,32.73018108634778
13,192,289887.5677319879,42.04128765896356,32.729651252736
13,193,243477.8985761103,69.56913114049807,32.63274816633666
13,194,205797.23222929222,75.89629868252861,32.73725935910383
13,195,201684.55339913958,56.79375960731238,32.93951666305004
13,196,256281.29391729782,41.744885262087415,32.8186419528272
13,197,179991.19032582795,82.2917134195737,32.801634198498505
13,198,241489.50789113803,68.64667968804115,32.66361746565346
13,199,243488.6241571794,46.37101101958077,32.78833166131449
13,200,192348.1365177198,95.4992833896308,32.71300470418519
14,1,309951.85277418606,22.206271827401057,32.807243872504124
14,2,309951.85277418606,22.206271827401057,32.807243872504124
14,3,158830.2602218613,99.41345772382824,32.570064651470105
14,4,158830.2602218613,99.41345772382824,32.570064651470105
14,5,212287.3907160212,51.833494235753335,32.403014173095045
14,6,299437.44861037616,22.34568298503205,32.81230996460454
14,7,299437.44861037616,22.34568298503205,32.81230996460454
14,8,273148.25541715743,24.317023370474217,32.71778550647008
14,9,248383.23231956968,29.90641261210875,32.75606973537577
14,10,274094.8589486314,23.8296384434067,32.6211034623324
14,11,288324.8414526568,28.690574531011556,32.536167630811505
14,12,286279.2819635681,29.004123131288917,32.533441283952016
14,13,250969.72886276385,28.015809521923163,32.68570817361745
14,14,250969.72886276385,28.015809521923163,32.68570817361745
14,15,286728.94474736694,23.049969370768924,32.675418201665494
14,16,249767.31156302057,26.300500316114704,32.79006059203164
14,17,160230.91294755874,94.54456070234365,32.58286771965444
14,18,270324.73681097425,24.792326082003033,32.656461824556956
14,19,236899.86719703203,33.35964186064723,32.4641201910083
14,20,257692.75738147157,28.439445101139942,32.62450218375038
14,21,270436.55985088635,24.64158230042482,32.64799332513545
14,22,270436.55985088635,24.64158230042482,32.64799332513545
14,23,261428.61053571219,27.10211763424926,32.59136250619105
14,24,161039.2040501786,98.19739691377492,32.54618544507864
14,25,244171.88583496597,40.513387654914354,32.41918916092629
14,26,244171.88583496597,40.513387654914354,32.41918916092629
14,27,251671.78196513746,25.57992622439662,32.80814891722288
14,28,205451.44488586238,60.25041945192079,32.41203211695231
14,29,230753.36836781335,33.07099083078105,32.484784350576064
14,30,172404.87280065738,80.6522848424784,32.48411936291503
14,31,256847.09559636307,25.60209081995088,32.78540299045765
14,32,170707.3545108463,86.33824786899054,32.47490902597487
14,33,256666.0315704107,26.266029636296842,32.77500813138912
14,34,170037.3001254727,92.20022126509762,32.48501709022812
14,35,250839.86288093333,28.34416535996608,32.76404000633098
14,36,165514.9264333144,88.3832708570782,32.50449301066501
14,37,166588.24896496758,78.93116059118037,32.49445914297603
14,38,165324.32504263407,82.41321095388533,32.55450654326384
14,39,171603.858815778,70.80319766428316,32.49904691255617
14,40,164753.68722121656,81.84281688077823,32.57888830110294
14,41,160845.75858549515,91.38128667216931,32.58817998831967
14,42,235757.368394683,35.68754438283959,32.438124502824586
14,43,235757.368394683,35.68754438283959,32.438124502824586
14,44,270976.83832457376,29.663657833752357,32.53087663209327
14,45,159584.44948581952,98.21736425244987,32.539096798796095
14,46,254882.70376858587,34.98065495951933,32.44147540318564
14,47,181789.0684206571,62.23706059731687,32.47755230049639
14,48,160611.86343595522,94.1744699824843,32.570064651470105
14,49,259677.52436890622,25.835366602989648,32.624300144610245
14,50,263129.87020584696,29.13621633304074,32.56695948149667
14,51,172967.42757370992,71.82723273134603,32.48996240740278
14,52,167789.34148784154,81.56802543439903,32.48605283608532
14,53,244323.37007683123,28.9440425608778,32.770545156388295
14,54,245637.52423720068,35.52766805583266,32.444171847322615
14,55,248392.83876337163,29.031467180294662,32.60483259756583
14,56,248392.83876337163,29.031467180294662,32.60483259756583
14,57,255475.70033653278,28.465361320761875,32.668278951620515
14,58,255475.70033653278,28.465361320761875,32.668278951620515
14,59,165830.0892967383,76.15325888559585,32.55871450142745
14,60,161758.76024091203,89.30254389197236,32.58461545072824
14,61,166526.09944527826,78.13076862664909,32.51167076052565
14,62,273353.51944807585,26.287718563528315,32.61024909166166
14,63,214669.0642861743,39.88533240107943,32.45418805500056
14,64,215432.99117700203,45.23718723676929,32.41602838513981
14,65,214763.15843900212,38.50510117458119,32.44023320930431
14,66,169306.36295840525,68.8160865090673,32.51041826506248
14,67,162908.31667905668,85.85999094014099,32.57128797642105
14,68,163652.50401908258,90.33912107900304,32.515520819321104
14,69,219391.64510946933,50.95996103959342,32.407952235550034
14,70,198455.3568012064,52.771185090037754,32.46777471860819
14,71,210976.19280501976,44.41576832917557,32.439704027113486
14,72,190979.99442196646,53.35907021659012,32.47605760968521
14,73,166918.82277441534,76.0040363234649,32.56409211969848
14,74,180472.05940364697,73.21573574504677,32.42952723928998
14,75,203960.6078359487,54.9946930451133,32.442985445714875
14,76,163713.30713508616,85.22513891576047,32.54763510090055
14,77,224388.7259858314,40.45432347541083,32.42493451969592
14,78,200800.65489381214,38.73121380190529,32.482155315750305
14,79,200800.65489381214,38.73121380190529,32.482155315750305
14,80,185397.37583880613,58.87249418627323,32.476211290038776
14,81,217332.19514394566,41.85004720652929,32.41863506539972
14,82,263859.0561538051,25.99383166496291,32.616589086571864
14,83,207055.64692363143,49.624837093355865,32.45713324911042
14,84,226721.61133576636,41.315076298153905,32.41975411497056
14,85,201707.55327022957,48.401603815764155,32.47236440974735
14,86,192407.14388822907,68.1889519858262,32.40899690020791
14,87,187609.62759005735,52.93991689945863,32.55091498076642
14,88,177578.7458581064,54.251493762525925,32.531008601979764
14,89,175388.63684540972,74.20359545701578,32.45833355162295
14,90,212226.00009697003,43.3249755307418,32.42718671503284
14,91,172441.64054147436,83.97265121221548,32.46558322160185
14,92,236777.30474750354,32.62943453935853,32.524714557254654
14,93,250594.1688619006,27.011132104077173,32.77289762634395
14,94,188136.7038466044,47.77515837846969,32.51686054723466
14,95,228326.2894825466,34.09556144367124,32.447248378341186
14,96,261424.2509826044,28.144575953683724,32.61841327152429
14,97,194421.76984062482,54.834154048586285,32.460942967390416
14,98,267466.2580051501,31.10250922028354,32.533409233713996
14,99,165329.1532002255,77.42496332423259,32.53307117977122
14,100,199167.1021563143,51.9783196230864,32.45232083688661
14,101,177336.70719497517,69.86422336559002,32.44942761841651
14,102,213643.41088566833,37.02693007679215,32.5111980186534
14,103,213643.41088566833,37.02693007679215,32.5111980186534
14,104,258186.6380192195,28.52799976418726,32.61972541152104
14,105,179497.4012869005,74.09158841484725,32.43418988510914
14,106,224871.2679832519,48.89294599480502,32.4054218353655
14,107,223252.0610630968,50.54421969757519,32.40989790332442
14,108,174755.33265684455,75.29805266293747,32.45028408337487
14,109,227249.45563344736,33.66057085587334,32.54710265194656
14,110,167779.2333384763,72.3015135634284,32.52059785745243
14,111,214192.75271348437,42.71041376709167,32.4211909642158
14,112,268212.15275193227,31.43178280222774,32.52137364062732
14,113,164322.55840445615,84.47714768289596,32.50541275506785
14,114,196249.94854550558,55.41924158375404,32.43628871710548
14,115,178093.35096892083,66.68186150379202,32.45362103067696
14,116,183265.7019892185,59.363172342977364,32.4701946494134
14,117,266423.25768818316,30.314910140080194,32.554983557843926
14,118,162842.69022615123,86.32586118605447,32.61480177399666
14,119,173569.11923831297,76.88913438851317,32.47814848100367
14,120,199536.1786390912,56.30950434087532,32.41983117497033
14,121,189192.5447561754,54.41479954119341,32.46970382184784
14,122,230262.2410308068,30.00336472470207,32.56837460840623
14,123,226020.36504124128,35.314193653919205,32.445603672938425
14,124,223712.38590495897,31.806619021848835,32.5489250892992
14,125,180957.87598482388,56.816002325824066,32.51391190098586
14,126,166650.11664708745,81.91306129547371,32.49203646863528
14,127,175735.12607503502,72.82957388584718,32.46667978697448
14,128,178994.3305683308,63.84050342426313,32.50239617850609
14,129,162988.39554916412,88.7809662325406,32.570694696657554
14,130,265604.45229131245,27.606402394213372,32.555613603031375
14,131,223741.3667528858,30.619648179002386,32.54926147550687
14,132,228074.30694610407,42.71071194201938,32.414367788837176
14,133,219515.45702311292,36.73867370403448,32.43624404672272
14,134,192739.03415430838,49.41577533922181,32.49941887563686
14,135,221990.34840523172,35.98564071995147,32.50575714031319
14,136,207305.71723678723,67.26657837778534,32.40623673992629
14,137,229639.28584211832,36.50416618572045,32.436524056379874
14,138,222812.46635563305,34.371778188303566,32.54185054347565
14,139,181650.37321214698,69.66118538029427,32.427510503659526
14,140,178863.40209672198,74.7639353905462,32.43423869419068
14,141,186680.40087280291,55.87421318827477,32.49611666311862
14,142,183839.77391744687,52.99190903652344,32.51121242064865
14,143,162860.37530119726,89.51703139781044,32.58388131765799
14,144,176414.24970961272,57.7844275820178,32.51795578159585
14,145,167100.0811094351,75.90221388583822,32.53484253020356
14,146,167641.05658631204,74.7267994363943,32.54117283497694
14,147,176929.65721902408,65.90303164283118,32.47982333449479
14,148,169377.52253301427,76.45432272501137,32.50198039017644
14,149,182247.10473467447,67.72851385042574,32.441022390469875
14,150,193587.71099256148,44.16002915560055,32.485684186658446
14,151,188697.19571879908,45.92328064453771,32.514792635713995
14,152,269300.15091408,26.019565868383832,32.61569415769583
14,153,190251.12850971922,45.28489129582847,32.52668047837338
14,154,202413.9048039888,47.45537186012473,32.467052141082114
14,155,186568.2537435404,52.95017920062335,32.52691813318377
14,156,171504.73789556834,64.96815480812744,32.52454935322201
14,157,249398.4694520256,28.388213311439095,32.77246346851226
14,158,225375.80153527783,34.774014601320715,32.526797648555686
14,159,176891.89199747748,56.70957659151621,32.52239055516046
14,160,216020.8031432487,46.13332948367118,32.41347248632373
14,161,173322.83130928752,66.30250340265839,32.50003146846622
14,162,208542.56734928797,57.24345157691997,32.40402120552374
14,163,189919.34314048832,62.40753522765273,32.449773680116955
14,164,257504.87820586955,31.646848672442367,32.50127426930048
14,165,210046.03836851363,56.177267079826656,32.4111577640474
14,166,236578.4392227524,41.71145785869719,32.41300591094732
14,167,191872.355520203,63.09236106585335,32.4327617533333
14,168,173190.81224570094,66.57813948737409,32.507659455206046
14,169,201782.80031687272,43.61585420294182,32.47163169248483
14,170,228839.22392317408,43.96763590885598,32.41015594449571
14,171,188612.5273825374,47.28996088198135,32.52668047837338
14,172,221418.01344726942,35.58982481773701,32.556378786950766
14,173,179929.18101322305,58.11320872669461,32.499331212692844
14,174,190342.6401472463,58.48250237620483,32.44473269793068
14,175,221255.70720319328,36.35888807311971,32.45388580940964
14,176,171592.6391275643,65.65162041947939,32.52131507034208
14,177,210009.59372015463,56.24390163357511,32.403332407313876
14,178,194544.25335745182,57.44365827058804,32.45629966063444
14,179,186761.79364341544,64.37480747413218,32.423027638916906
14,180,207346.43777712237,51.46622454545532,32.41293206552892
14,181,163622.44880970058,85.78507573944547,32.55450654326384
14,182,173678.9170918268,69.83728521972316,32.49022327544922
14,183,195957.4212051574,55.23817791947532,32.4455407543725
14,184,211387.56952466548,43.70567610917187,32.440334072300935
14,185,174518.5517291749,86.32450214822546,32.44559063229569
14,186,208126.11565281494,46.634771321874254,32.43207233777892
14,187,208126.11565281494,46.634771321874254,32.43207233777892
14,188,206299.20794536732,50.67498665754507,32.44433533133699
14,189,202874.7061921628,55.576417613115616,32.428756069129584
14,190,180282.2564041815,63.14204786493498,32.462296922785384
14,191,181285.93779348975,59.92693348037721,32.495286586168014
14,192,195287.54478153156,44.14863885523327,32.481052882434945
14,193,169181.32105461488,94.27949992686762,32.48057888251088
14,194,167682.69091754066,75.54145709196914,32.51599632502805
14,195,217121.0868219606,41.933518937318624,32.43422764336388
14,196,194993.41557974103,55.02130971325516,32.45582294421322
14,197,198769.26159013173,63.45922190876905,32.410112898449746
14,198,215980.10971996174,51.17575288595405,32.414307987243
14,199,161155.27358317815,91.80591331091158,32.50449301066501
14,200,176064.373768896,58.68251982527569,32.54164388621172
15,1,218045.36031194072,76.70053586775283,32.80332705498259
15,2,432324.1948128749,25.409240998155447,33.96155414022559
15,3,432324.1948128749,25.409240998155447,33.96155414022559
15,4,174216.47981562297,98.17467222276237,32.89181847474337
15,5,436245.6120180943,24.715809741649082,33.92282140030406
15,6,378419.0880978121,27.38613559691773,33.62271495503831
15,7,327955.90400227794,31.303247090823177,33.20442896385574
15,8,380530.9602717762,27.852568562429887,33.59670152767293
15,9,310403.8230680393,28.38452699028088,33.21212924788859
15,10,301188.7347388416,32.602365588327224,33.362596560501935
15,11,301188.7347388416,32.602365588327224,33.362596560501935
15,12,304300.76901187125,30.761953092606287,33.42505341693523
15,13,304300.76901187125,30.761953092606287,33.42505341693523
15,14,399862.30354897695,26.543865797522113,33.67917936035386
15,15,399862.30354897695,26.543865797522113,33.67917936035386
15,16,403479.0538885859,25.947741288449166,33.740293705768536
15,17,287975.6600990215,33.25549475321211,33.09925733791844
15,18,383950.82109020895,26.716823483588282,33.61501191275652
15,19,404601.33237754577,25.880464324375225,33.761933140632756
15,20,310810.2178760901,32.713929519974144,33.17812037275866
15,21,310810.2178760901,32.713929519974144,33.17812037275866
15,22,411116.8768749968,25.858173024105444,33.85789971039159
15,23,411116.8768749968,25.858173024105444,33.85789971039159
15,24,415884.32979782124,25.56828495418779,33.81614821891101
15,25,415884.32979782124,25.56828495418779,33.81614821891101
15,26,321659.9519255875,32.55424571127814,33.194096500665104
15,27,420951.2245138337,25.5430338231532,33.80726172107238
15,28,420951.2245138337,25.5430338231532,33.80726172107238
15,29,271321.4603711384,38.01456357248304,32.952931419141194
15,30,271321.4603711384,38.01456357248304,32.952931419141194
15,31,413348.11087737064,25.44638501609943,33.85789971039159
15,32,289874.1715781707,35.133659992456195,33.012762382792666
15,33,249839.31445876524,50.2993301682904,32.902204034968875
15,34,205120.24920540277,56.5776769613805,32.95217118906785
15,35,212375.01104316823,53.00197251297051,32.98826309977077
15,36,278535.5416353362,36.4388220537954,32.997123208497975
15,37,214101.56116759963,73.64045750619881,32.81725173395837
15,38,307965.37214765896,30.545179461025395,33.41736226112415
15,39,307965.37214765896,30.545179461025395,33.41736226112415
15,40,182969.61604210583,94.34062449449681,32.8756192267892
15,41,213487.0438955232,51.00801274820407,32.882825950892666
15,42,255446.01302953632,42.57437810528693,32.99527850108017
15,43,185997.0266198725,81.50890646955685,33.06561626494286
15,44,414061.6487495349,25.633480200909634,33.79630494002926
15,45,414061.6487495349,25.633480200909634,33.79630494002926
15,46,266064.88038512296,40.189603619893454,32.956589526991905
15,47,266064.88038512296,40.189603619893454,32.956589526991905
15,48,284513.2668214555,35.88633881551947,33.02724615027687
15,49,242378.90734030094,62.27095034267316,32.85776016067776
15,50,182701.8482367539,93.11349822352085,32.87990819622869
15,51,245373.55612616095,42.09530987891151,32.99743012441834
15,52,214848.11123355574,58.25834237017673,32.873800298559935
15,53,305163.08797690313,32.59501969059397,33.392601298676496
15,54,258368.02293741284,36.540773680721735,32.96323436074898
15,55,208462.6345694643,54.07089069090365,32.95388366718992
15,56,310190.19798692974,32.180062797263005,33.39621238197998
15,57,287647.7146309223,33.39472755774953,33.08266651820897
15,58,287647.7146309223,33.39472755774953,33.08266651820897
15,59,235204.65192012044,43.35876253431675,32.99738233091642
15,60,259416.87503283788,43.928775094653304,32.95474616912456
15,61,259416.87503283788,43.928775094653304,32.95474616912456
15,62,215487.66540953823,80.32601023069337,32.80415667629629
15,63,206833.1578735314,55.01866886605667,33.001860085394014
15,64,212961.92384135196,60.92966040399626,32.867384626776975
15,65,266085.23960325413,39.74420575668747,32.952931419141194
15,66,266085.23960325413,39.74420575668747,32.952931419141194
15,67,282909.5639321916,35.014131637357124,33.05870866498817
15,68,282909.5639321916,35.014131637357124,33.05870866498817
15,69,227185.68451824918,64.03429316121648,32.854762355038545
15,70,185504.6058179008,82.18080600894424,33.04658670351136
15,71,208133.8775015721,55.657088691159586,32.93205575276541
15,72,193750.3881291296,79.7361054824601,32.86964502651658
15,73,188742.94317470543,96.71048815087187,32.831683548451196
15,74,258238.47587508682,40.85715536701116,33.00697015800892
15,75,231376.54500613245,71.41401860001025,32.8237418195647
15,76,198022.67310993743,77.49397408632417,32.84961547261594
15,77,289292.62695078074,33.302294041182684,33.087942716463495
15,78,193365.41192271546,76.43665597263883,32.896462386757705
15,79,223386.7076936318,50.065494905208496,32.96053893662836
15,80,214821.66847055155,59.094421384803354,32.87812442596676
15,81,210639.77412773116,75.58781595846119,32.842917911389634
15,82,278665.13210002496,35.69958685571797,33.029203592260814
15,83,240370.47668722583,46.166301789772575,32.92061686588844
15,84,258146.06516911488,41.744815613880554,33.01476375585295
15,85,229486.2855707186,47.23537893475327,32.924850434965556
15,86,212942.36755825664,65.15336583394347,32.868371855160746
15,87,198582.07982249107,74.5738057634742,32.87709576940075
15,88,234178.84808690782,72.19802800138774,32.82300810633147
15,89,201731.920571205,88.41343557428459,32.817950233367554
15,90,319232.76825659274,31.62074476950192,33.201088821800994
15,91,319232.76825659274,31.62074476950192,33.201088821800994
15,92,220737.98196543648,70.65376792547723,32.833645222531565
15,93,204992.00594184306,80.73760994301489,32.84096716563199
15,94,192360.0598334444,82.44479363525166,32.84903069054485
15,95,175054.88117792073,97.85775523328893,32.907789666986034
15,96,200493.1820490689,95.18450225854666,32.812874343834416
15,97,184818.21307601157,83.32578666760254,32.98523515316548
15,98,176373.66418963118,96.18605507697922,32.99727001430316
15,99,179792.58572645305,90.90727889037969,32.96957006310482
15,100,224254.43132038484,69.33474523393419,32.83297937103421
15,101,227835.80609743527,49.33745596908116,32.905139230110144
15,102,216902.5882786546,60.303769014714874,32.86906086179164
15,103,176377.9749752271,97.4758752867135,32.892078370148184
15,104,203016.03459754397,62.716624250638255,32.89347847613881
15,105,221911.5930947702,72.4489031599391,32.81025550710203
15,106,221911.5930947702,72.4489031599391,32.81025550710203
15,107,235011.44333589738,45.159721659784026,32.92542622759826
15,108,307444.63246406335,30.69267816008667,33.41315305651781
15,109,241815.07263423176,58.46967554495815,32.86108519700013
15,110,222255.2002637907,49.209096236817665,32.9645955945042
15,111,315504.5335438415,31.693519906581344,33.19806678801377
15,112,315504.5335438415,31.693519906581344,33.19806678801377
15,113,282299.7649809464,35.41690870455527,33.054729510991365
15,114,380489.0585897526,27.7522805189279,33.610374440886325
15,115,231828.6540490147,46.70724903148586,32.948448344833245
15,116,231828.6540490147,46.70724903148586,32.948448344833245
15,117,200885.52120866772,89.37975513396695,32.81622242410214
15,118,181451.75219722462,86.34338762592671,32.97629022101783
15,119,380379.3363961925,27.009723415302446,33.61200603190692
15,120,190174.97165724443,84.49767334553489,32.886729231253604
15,121,179124.09977372654,91.02366944216006,33.02000915765459
15,122,179575.93505875295,89.79496928619609,33.00779126394
15,123,219161.80845562517,50.965433456595285,32.896101353706264
15,124,219833.84425266666,50.48870818802451,33.02002508497444
15,125,178184.96574046524,92.01646212020692,32.98239626227661
15,126,313938.27722766856,31.97741091029757,33.19806678801377
15,127,313938.27722766856,31.97741091029757,33.19806678801377
15,128,195845.04574479227,66.98059219052806,32.916171649958116
15,129,281489.01868595544,35.388201118046176,33.05626849681785
15,130,241813.82701852653,46.10483591888891,32.91083971166081
15,131,199310.01243331464,70.52298441928701,32.84913052490034
15,132,257348.4634819416,42.056613681961565,32.97289165972987
15,133,287055.7822323794,35.097279710399086,33.02731727101894
15,134,178108.6692291533,92.02415500945067,32.99078468927278
15,135,197257.65746575102,78.52393450970939,32.85486082168765
15,136,197257.65746575102,78.52393450970939,32.85486082168765
15,137,191686.14256514615,95.11447366076922,32.85680630274492
15,138,243877.53502887714,42.75000886265921,32.972844120684734
15,139,230549.04327126252,45.01646333375839,32.98515856911309
15,140,195476.6649293757,66.17400138334988,32.94562634727196
15,141,195476.6649293757,66.17400138334988,32.94562634727196
15,142,192308.4006950806,68.7956266831921,32.900501200369106
15,143,217714.2250743721,63.336715087319014,32.86024453298327
15,144,201021.18891058172,65.70967658581003,32.84550188668689
15,145,206343.36222077793,79.11721625942128,32.837700716015114
15,146,225703.99687288082,48.283772164359895,32.96408700796273
15,147,225703.99687288082,48.283772164359895,32.96408700796273
15,148,197038.62007461864,66.7426469223689,32.921000281541204
15,149,191564.03532943173,69.91584909851457,32.92729560476636
15,150,196208.28242785292,74.71190851266581,32.893732250150705
15,151,189235.08647412455,77.2756974397886,32.89085741461918
15,152,244425.52579490186,44.40288914418242,32.920175681924405
15,153,179128.096011275,91.52181286851878,32.972605561054216
15,154,176782.30439241204,92.51821429007882,32.972605561054216
15,155,209316.76966984835,53.31319440842181,32.96050316426088
15,156,182214.55265035116,92.43536661370993,32.937492713440534
15,157,200578.86038198727,63.93711706775629,32.90823332881998
15,158,199864.44071903723,63.30956738074711,32.91015888610687
15,159,228656.5888627627,48.76616146910783,32.920505668716636
15,160,181307.94263001904,83.6021490748395,33.03339637752419
15,161,197498.24765477216,67.82393437714401,32.889976222942686
15,162,197498.24765477216,67.82393437714401,32.889976222942686
15,163,211130.01762875004,59.82905403002446,32.8778341345379
15,164,199987.74990838225,69.43641070703423,32.85212138375785
15,165,234333.70586082977,46.24629537203681,32.92243536874075
15,166,378840.63838339417,27.58043200882705,33.61200603190692
15,167,183987.24144842968,91.69562695894413,32.8779256183642
15,168,240567.10469638856,42.6006163581995,33.00566048651129
15,169,191135.17892323624,79.33606790576702,32.88326276916747
15,170,203674.98894295574,85.01436531620239,32.834892417940736
15,171,202704.79365626915,85.30125829760959,32.826631905567254
15,172,212511.06753718862,69.76450916904389,32.83800286890391
15,173,378552.7075675913,27.997337613204355,33.61200603190692
15,174,241657.32867741826,44.28915321953096,32.94990944109436
15,175,228094.12843270096,47.69440295999688,32.92378513339494
15,176,255569.45905204574,41.77709271268197,33.00927236239699
15,177,243313.9850359568,45.152414285328106,32.929102440502554
15,178,207602.7819736661,65.4243573079897,32.873072207438035
15,179,191479.00055922623,86.16267846068622,32.86580264716646
15,180,201094.82783210173,89.45717769527123,32.8113307362966
15,181,186019.9952773215,85.79680187092892,32.9004476816795
15,182,182358.95312936758,90.32985754999075,32.88952554746983
15,183,203765.16196966934,84.11906176149857,32.834199911669515
15,184,187377.89059078222,88.04749871441823,32.8731766777714
15,185,193554.91823390627,92.28030129720854,32.84786996870785
15,186,182301.00145536388,87.64951950904472,32.95478973471209
15,187,181904.8077509379,90.40450147773427,32.94624006573201
15,188,190570.06637340784,86.64729905745199,32.86626978314837
15,189,184533.83865591997,87.46592712654959,32.95091520370295
15,190,187459.63529090624,81.58823013834235,32.9118912288796
15,191,244660.04970350803,44.0803284207784,32.9128224694186
15,192,196862.56843297608,68.45494318749445,32.91326705116886
15,193,204930.389366196,83.66808052755366,32.83139161359514
15,194,210072.49892476323,55.29070629705257,32.93375625933741
15,195,211673.21312993066,71.86108183723698,32.83629841431868
15,196,191855.77982094086,87.07259387094744,32.854329368007775
15,197,306992.2948879791,32.202507761203584,33.39499839229622
15,198,180619.7624938359,86.81372145413404,32.95684028344863
15,199,187055.03167174777,90.34652713110088,32.88367611381918
15,200,192058.38258667296,76.8656091628119,32.91941582805122
