Cluster,Solution,Distance,Turning,Elevation
1,1,314639.31443391176,39.40316065349453,28.16999771467234
1,2,216328.90830575788,75.06222004234223,27.718713748937443
1,3,304674.9207258563,43.01672094113328,27.810490507578447
1,4,264847.89409794746,49.5196946175829,27.946956106330887
1,5,278528.2017164738,47.30068115704687,28.0501773433601
1,6,278528.2017164738,47.30068115704687,28.0501773433601
1,7,272768.10855883977,48.34194560476463,27.837246849594937
1,8,262443.5305876561,50.79435195490695,27.766238116350216
1,9,301747.20203158114,43.42784488313217,27.63340621729655
1,10,293274.52353829145,45.4331404227723,27.534853174772625
1,11,289744.4588798271,47.42161303124521,27.607461282575805
1,12,258835.18130899355,64.89857152754706,27.168647292560387
1,13,246686.5695048161,62.939128287317295,27.18586467305698
1,14,300728.29794414865,43.40196710938801,27.676389006108888
1,15,221304.49670121892,76.7806794229313,27.267165785077868
1,16,256844.55302638165,52.69492878260998,27.622722384108936
1,17,221571.16306052922,72.95793811564238,27.277986666665157
1,18,223815.60511310794,76.13937176649429,27.17092355885542
1,19,227068.3632724412,72.08817223194964,27.214405992042575
1,20,265681.78742268507,50.70087794829868,27.806554396097372
1,21,225831.83063266345,63.76435754089069,27.58646292845892
1,22,236564.09312629252,66.3639764970389,27.23985193899797
1,23,270335.2935965621,50.513062051803416,27.59828180745546
1,24,228324.7636546457,66.79252203627158,27.29016844606403
1,25,275228.4955608579,51.51986844622852,27.393660777306337
1,26,297959.8933159312,44.69874104957448,27.570052677855433
1,27,297959.8933159312,44.69874104957448,27.570052677855433
1,28,227335.28630459466,67.08954287288209,27.22640123002818
1,29,220556.26600035676,68.13313106080757,27.529341187491806
1,30,267805.257423476,49.38616466313161,27.655194293036015
1,31,267805.257423476,49.38616466313161,27.655194293036015
1,32,232799.50494709492,70.00380030448413,27.151842425965143
1,33,224906.25735156884,64.72952391686393,27.409401193493206
1,34,230167.81892828966,64.16411057516184,27.25640518354051
1,35,233622.48626162083,62.25939790293099,27.269189058240514
1,36,279764.04407065536,49.2733763522475,27.656199524643807
1,37,258433.97543246555,52.22710757965696,27.832227873424248
1,38,217670.84852348582,73.44108226119467,27.681285137626322
1,39,286419.1516109314,50.888338716244164,27.460755267322572
1,40,297720.97371669445,45.794439457615596,27.48057265560252
1,41,297720.97371669445,45.794439457615596,27.48057265560252
1,42,281663.62571119244,48.03497697885754,27.649244262063117
1,43,284050.6432562956,55.58597214062662,27.220947446262997
1,44,279056.46875677217,48.74236638861932,27.713211312492934
1,45,279056.46875677217,48.74236638861932,27.713211312492934
1,46,255976.0757015931,58.892779864434054,27.24628878093966
1,47,288256.80614312924,49.424673049825195,27.44164277276595
1,48,247045.62492311868,61.587194785098625,27.198969541706564
1,49,239353.95787744084,69.59352830896664,27.22245257065467
1,50,218670.63174283144,70.4093387139802,27.55587464389448
1,51,219997.71273546907,70.28450284223555,27.438727151286148
1,52,219997.71273546907,70.28450284223555,27.438727151286148
1,53,229777.61654681727,61.17154647640681,27.487904802512446
1,54,280981.91379776807,43.4142827050293,27.689042937111406
1,55,280981.91379776807,43.4142827050293,27.689042937111406
1,56,235191.11476672612,61.71468558318574,27.243486549034277
1,57,233487.80153902195,69.9817994925646,27.195209003892913
1,58,226100.70778600796,74.33952874816278,27.25437824947985
1,59,226100.70778600796,74.33952874816278,27.25437824947985
1,60,223518.45382741367,70.5322605373462,27.275180431284067
1,61,266450.74326944014,49.921247138219705,27.82617745466519
1,62,266450.74326944014,49.921247138219705,27.82617745466519
1,63,220538.13062949775,71.72396492356822,27.43167668389118
1,64,220538.13062949775,71.72396492356822,27.43167668389118
1,65,285792.11623858986,52.05890069236438,27.389884802240136
1,66,266584.4961698351,49.66632680108627,27.599622283000304
1,67,220601.73582233232,70.72242921827753,27.322447424648875
1,68,229457.59830307896,61.82210577029139,27.54585114660808
1,69,261570.70728865394,51.75030472008955,27.443905354278705
1,70,229104.71064447984,62.1771834355249,27.373339527261113
1,71,236279.37942776026,66.8740530412939,27.231416183069285
1,72,238272.64686446782,52.96064366912878,27.54309138623672
1,73,218900.88429276642,73.63773372980621,27.35535716501707
1,74,282048.22702369763,56.009585139951845,27.234778347977297
1,75,228461.80479946543,64.3256270087948,27.553567491488735
1,76,286656.06108352664,49.45114739803054,27.3789235277843
1,77,282774.7930360753,50.661281917364406,27.552045992380048
1,78,260310.312046648,52.189686117097516,27.523932683196147
1,79,240703.25269983336,69.2589719156501,27.19732040715312
1,80,261366.83939387562,52.08605307254675,27.71787125859039
1,81,218889.78417843307,73.36935061367689,27.533913462607096
1,82,221391.63316060696,71.14017790810566,27.315396957253906
1,83,221391.63316060696,71.14017790810566,27.315396957253906
1,84,286643.9770975974,49.71023746626065,27.482005364622992
1,85,286466.26369397214,49.10293742363347,27.49897963031222
1,86,239714.69346373389,72.65843054660486,27.139717048403178
1,87,231411.1030558874,58.05923390766182,27.28878786533312
1,88,287429.5106179307,48.73161634171456,27.45993721116068
1,89,250512.57121393044,53.0155396397107,27.26156580139437
1,90,219192.01616799596,79.29719599545626,27.267165785077868
1,91,282699.8673299231,47.71813053977299,27.59899297893881
1,92,267911.7353571366,48.95510268027648,27.96113450306459
1,93,244714.347944669,55.535077006261616,27.262985320857002
1,94,241633.6063102758,65.15851881756511,27.209272553281206
1,95,229728.1734421073,72.8187193724708,27.130392975011574
1,96,229894.60798275447,62.594932125353026,27.366289059866144
2,1,233782.06515605788,37.92678216083907,27.19198392983691
2,2,225370.2559745252,39.557796721595025,27.33068219742107
2,3,241043.90636278543,40.314643454367264,27.09809909326451
2,4,193253.75963382082,75.09500032089163,26.95790607444639
2,5,151396.3779844681,68.3023731084644,27.17948334829201
2,6,171710.39337680954,80.14968841244823,27.01699050617993
2,7,235073.81841888136,39.21018991887365,27.154521434829867
2,8,152717.16495240616,76.98168188859354,27.13766439505043
2,9,228253.05436287116,42.60519518374144,27.043794040041583
2,10,190547.2192817292,46.90227539360573,27.293539258919793
2,11,160608.48686437585,76.3887177864217,27.020446989177714
2,12,156009.261040207,71.15756033842067,27.061867918500504
2,13,179141.8211753951,53.593582663221056,27.24183337152388
2,14,215718.47116174956,44.980283617166286,27.102543269958858
2,15,231516.3733419099,41.98529366390957,27.16135242704621
2,16,197942.0290315797,52.116766970187456,26.99918921653105
2,17,157812.79401555719,69.35579506739184,27.069175697705326
2,18,182517.30704102048,48.36895500589652,27.23178518811558
2,19,192699.2197715281,45.6700626875898,27.261176175540406
2,20,201210.21231906614,47.798552033299224,27.095481132497312
2,21,204933.5712848509,41.67048946314166,27.292080540519073
2,22,154425.37970123874,65.68982330288904,27.15317699721715
2,23,219343.33944309305,50.19983833965896,26.98786621033176
2,24,174920.24244640654,51.225053955477115,27.291799645915958
2,25,176420.22079116793,59.39604608515637,27.084625186016446
2,26,152096.6882127916,80.05208262137423,27.11385901535079
2,27,152096.6882127916,80.05208262137423,27.11385901535079
2,28,212061.83790325568,43.71133645153685,27.147795579720693
2,29,189038.33436280722,54.78728670250395,27.01341175514397
2,30,225453.7017650338,42.731389989558984,27.130150662926425
2,31,193788.33982067756,54.0609793498923,27.07470574690774
2,32,172306.61012423795,73.45173388203474,27.046767803841625
2,33,195853.19441277886,47.03953642022791,27.219605318669927
2,34,174370.72548049068,51.28254412851475,27.277544755549684
2,35,173743.3718636904,72.36886623878546,26.96916695090858
2,36,190471.19684235664,68.01686552247402,26.96634123568967
2,37,166538.14781762785,69.1340346543418,27.058655461272252
2,38,156889.94210952127,61.6971366850524,27.19523429799836
2,39,220257.05159635496,53.82804376069539,26.970630329479576
2,40,212812.0468550696,41.95820072655066,27.194750467950655
2,41,200351.20566696406,48.77117711809302,27.215350788175364
2,42,200351.20566696406,48.77117711809302,27.215350788175364
2,43,208851.59784741115,45.67793989899669,27.099883436319068
2,44,160189.16433067553,62.23748480255098,27.177167638577878
2,45,221505.2106041056,46.118952976266335,27.090968266124868
2,46,223291.79558700463,43.368186982662,27.150692911177032
2,47,206160.91450436134,45.98210306091781,27.206591198994914
2,48,181261.57780194434,51.93358473565736,27.18938649656797
2,49,174959.13264976584,54.395723298327916,27.27668728973196
2,50,156858.62191228525,69.38379728599084,27.09654653841708
2,51,164097.934698794,60.634162074272325,27.178743820598676
2,52,199690.93751030025,46.63399260280224,27.250481536918294
2,53,206896.8061127178,44.56315299076766,27.22846270293384
2,54,223477.05658444946,43.69538701570252,27.112008973556264
2,55,172998.4428079116,63.687358490109744,27.004264361804623
2,56,178273.901947305,54.71477755492664,27.203198749812294
2,57,168208.37394895565,74.79487944773965,27.048841959989055
2,58,233505.3749049133,41.4652407170222,27.15258137871964
2,59,194074.86534107063,44.00129422924042,27.256318504569826
2,60,167789.65452147927,62.46905711909429,27.12442158628997
2,61,162275.70403711742,64.4750915533484,27.14809607659472
2,62,171702.85202102602,65.06439942039574,27.05130949938183
2,63,216404.30775795135,41.7412298269704,27.224168586654265
2,64,164877.7656388981,58.909029616288144,27.17447883756323
2,65,160900.1187129538,68.34366033492847,27.11362826763463
2,66,207443.19318374022,49.082686156860866,27.052064848340862
2,67,184206.22213200358,54.577175333622264,27.122975252544634
2,68,162844.6189866535,66.49247254004983,27.14368343383488
2,69,175875.88154516794,60.10284796909635,27.048327936892676
2,70,175875.88154516794,60.10284796909635,27.048327936892676
2,71,177532.30471148188,51.534573839191836,27.25828997836694
2,72,200432.59249030717,58.3423673063522,26.969062707697326
2,73,177991.8319578886,50.287129767417824,27.257342067281485
2,74,170834.08342644043,56.094224912790104,27.251975676079297
2,75,176243.0378183205,63.0701563340738,27.04583889495069
2,76,186182.88622994698,52.30213545103434,27.17229473569747
2,77,186182.88622994698,52.30213545103434,27.17229473569747
2,78,186182.88622994698,52.30213545103434,27.17229473569747
2,79,163644.93789809925,63.41597123240698,27.159066954766033
2,80,207893.08947119996,47.2973088281769,27.108756734686878
2,81,191856.35746168508,48.941872908713854,27.22942979771083
2,82,208357.97330084807,53.65721623606487,26.98704451559299
2,83,194999.65816348823,47.203735129443416,27.24987417875731
2,84,167456.80229328093,76.038088016007,27.0183110975388
2,85,195262.1872575612,46.82974446048845,27.24576418631389
2,86,187971.02889902354,49.23885950331367,27.1415774021536
2,87,166214.7200505223,61.9670644701956,27.141285346159975
2,88,206262.54942533132,56.81466011971043,26.993784833754553
2,89,172583.090502801,56.29899041756745,27.2309105296969
2,90,168570.63904217264,58.0565412312804,27.095655558692613
2,91,178725.4079089691,49.88069193945187,27.252716497178227
2,92,170800.97554173527,76.13574092300021,27.017110348470204
2,93,192102.14324077393,45.926794990823936,27.258740812214782
2,94,162129.14621199926,69.30522290939676,27.100473744339304
2,95,220205.84369446334,49.0332189505389,27.09500752684591
2,96,178970.6854996842,54.59428651480326,27.24673957199486
2,97,175198.02900163535,54.98371581622973,27.168575696626988
2,98,166432.8188482124,61.82839987757643,27.169328517258613
2,99,163387.77631063765,75.68418483596163,27.048406111885896
2,100,167495.43242800105,63.66167726586074,27.100862490568858
2,101,167105.8286076565,63.225843467542184,27.110605384253645
2,102,220887.57850340338,47.01562663638875,27.090968266124868
2,103,220749.9099050138,39.560564542581055,27.25684323983137
2,104,165441.10131143453,82.4354768934479,26.99930758002172
2,105,164415.973350751,72.61358064268357,27.04950809634221
2,106,214309.30182380567,49.368042341917935,26.990342547401227
2,107,207820.15649374036,45.40735704889624,27.211016030992326
2,108,173331.7469382308,55.550984526577146,27.104682680458374
2,109,163439.44265179994,63.87351413001756,27.06181940091937
2,110,180853.30836350232,54.705301525278664,27.048268517806633
2,111,165080.27762493803,71.47395883471256,27.049582238564163
2,112,205658.02665755065,58.47480662330582,26.952314510192416
2,113,196202.27895696854,46.77623334321072,27.246615067182233
2,114,182000.923355298,64.42890138540184,26.966835788140898
2,115,180028.38728740328,54.307584732844056,27.18536181612781
2,116,214111.77906741537,44.59926742564698,27.106410574864427
2,117,181125.837526189,53.01797451809995,27.13940324039384
2,118,192155.5622349122,47.39084872158722,27.222846047983595
2,119,153571.3999834576,81.56751196135069,27.04564044449372
3,1,192941.35236643272,91.66062550100192,26.794033495615416
3,2,302589.86030951625,38.00706957346204,26.998370914804468
3,3,225442.3943993785,69.54586628235855,26.61562076168549
3,4,265846.91182486835,31.24755881793146,27.00637015702
3,5,181843.22649054817,88.05925670544974,26.872903633250864
3,6,181843.22649054817,88.05925670544974,26.872903633250864
3,7,197360.80126187814,69.78665510683902,26.933924771832523
3,8,274896.50501988176,41.66856715374588,26.709698044306812
3,9,247891.60988351834,39.15322445111586,26.99446365196384
3,10,191270.0944592134,86.34598030195107,26.85765588361202
3,11,210918.7389689053,54.00197989283123,26.88496472393272
3,12,261371.42742187605,37.38159917021704,27.000463292085236
3,13,194121.568877267,79.4230385064465,26.800011121686815
3,14,190915.11075190376,87.69004352807652,26.7992024100964
3,15,248001.77526863606,38.065340767598755,26.833244611504405
3,16,225047.03732674225,68.08624908421436,26.63804897949187
3,17,198375.98083977087,72.34878407955678,26.72929760671162
3,18,232369.3468534562,40.97874955756116,26.846320983180604
3,19,259831.1438174565,55.80893891352144,26.645833545318787
3,20,200648.50117838275,69.95049371446183,26.825946420045383
3,21,237564.46359272752,46.07890881279846,26.747241318175767
3,22,230026.22951725728,44.128285528846206,26.86497183994819
3,23,247772.47465651177,39.912324107167684,26.881430180278727
3,24,196097.1614223802,70.2664261004287,26.811822502406777
3,25,192284.9073300861,78.63200674868806,26.85631907658918
3,26,192377.98612834024,76.10911905476885,26.879281341883846
3,27,234479.19366371102,43.6850148650133,26.762248177530353
3,28,206678.97001512197,68.82479174700049,26.689231451077994
3,29,195386.4788484856,71.15072833076037,26.861672498464692
3,30,195386.4788484856,71.15072833076037,26.861672498464692
3,31,206566.07800418514,60.09993600431729,26.75899414381569
3,32,205369.68137252866,76.59950042932455,26.67847689760182
3,33,214394.2625794027,67.49659792499658,26.641579879451783
3,34,207938.54502316937,65.00948537832055,26.741061613705064
3,35,239464.5883053299,45.83670014028431,26.719620001278862
3,36,260101.2424241065,39.56642872235873,26.829360185581706
3,37,220734.25335253842,52.135567659484934,26.689594136283063
3,38,222389.28223686264,61.396353801742166,26.65131013458754
3,39,226769.67056705046,46.94278179212975,26.683249877108366
3,40,194154.8988671598,76.57617970908748,26.722090860051026
3,41,272171.4703325891,42.87573131889902,26.69558062635481
3,42,212594.4939901091,55.187900655062336,26.803874531893292
3,43,213051.49107663822,66.86036181253125,26.642005556516366
3,44,199454.47790215764,70.76271689995058,26.71059372418187
3,45,201774.9266941369,61.85825072135719,26.80400065982129
3,46,228569.89100158232,45.11997742275447,26.785490658469463
3,47,202183.04835415856,73.48762109790009,26.691798028670284
3,48,209234.67388937206,56.44986934909531,26.71517769174678
3,49,263762.16260928905,44.67388392199957,26.68000033800275
3,50,203436.55876711282,78.81452016750912,26.64510175390197
3,51,209406.65566995097,75.07559247708903,26.673422185497458
3,52,211626.02075137434,66.32584274293379,26.651619072242063
3,53,229061.1007394287,56.986317348940204,26.660908754164993
3,54,198221.22437332768,60.78771090750885,26.839242272224638
3,55,231837.50258209032,60.568273533400465,26.654670955327262
3,56,266331.7220221681,43.35989917837419,26.71271039443201
3,57,266331.7220221681,43.35989917837419,26.71271039443201
3,58,267173.95788484835,42.922985018352406,26.665603158623135
3,59,224947.01603210586,47.881149618177474,26.69877649546423
3,60,219882.72423538024,59.09246580370003,26.673499712614536
3,61,202682.7481094117,62.44052166276992,26.783035213875856
3,62,202682.7481094117,62.44052166276992,26.783035213875856
3,63,220199.01069987906,53.83611859251194,26.700820577709877
3,64,261425.56356390746,46.411487473621676,26.6725823216173
3,65,198113.54342980744,73.83891528721044,26.705129385729137
3,66,226303.58011309238,46.24679814287516,26.790735284316042
3,67,201414.98696311912,65.4911430812289,26.763071861747243
3,68,204598.84022909278,57.606420205459365,26.787665194424186
3,69,204598.84022909278,57.606420205459365,26.787665194424186
3,70,204598.84022909278,57.606420205459365,26.787665194424186
3,71,215843.70885293273,64.7308546483655,26.655634020333927
3,72,223922.70745663298,51.82054941726539,26.703614311160088
3,73,218319.45477112435,63.304660537379235,26.667688267248643
3,74,218319.45477112435,63.304660537379235,26.667688267248643
3,75,225977.47578003636,47.18534225462946,26.800502119093686
3,76,210370.6160972194,64.33494207594244,26.658464070780063
3,77,208957.27425355386,64.0732842001251,26.718352340512844
3,78,208957.27425355386,64.0732842001251,26.718352340512844
3,79,225070.31336620002,65.52869671270608,26.64906803668451
3,80,215559.9064745757,63.369023815745535,26.658129061787626
3,81,232240.12648536472,46.87693479279069,26.665538734713323
3,82,209832.7589547452,62.42594844341434,26.70711419320913
3,83,239872.19060502917,44.25110724954836,26.699554210785237
3,84,209960.3701103022,55.55762069789679,26.770885880589283
3,85,206407.45403749112,60.140032361158816,26.78604977212825
3,86,208107.39122374574,57.39839228563418,26.799106820563757
3,87,206666.5754808939,74.22377454722645,26.679767196888292
3,88,209025.05600035898,58.84073061585237,26.766255900040953
3,89,209025.05600035898,58.84073061585237,26.766255900040953
3,90,215788.4695113391,60.53893962433546,26.676598109530765
3,91,210917.9951969897,63.95352794150025,26.694243409966724
3,92,212739.91618953046,58.421291795112026,26.699019254329706
3,93,209489.54291170792,71.08857107338271,26.671672230568262
3,94,223501.9283557813,58.59839792845393,26.673786660729384
3,95,209524.81760588384,69.69065580597332,26.66104037759949
3,96,212783.06087339437,61.71802358211885,26.69726286529979
3,97,212783.06087339437,61.71802358211885,26.69726286529979
3,98,215063.6845183887,66.08832197157544,26.645666585970616
3,99,228695.3978063363,44.74395646328696,26.76819274134712
3,100,228695.3978063363,44.74395646328696,26.76819274134712
3,101,232358.10529615986,46.48454010168927,26.70910078819898
3,102,195387.83501965727,78.78468606323473,26.70320048996114
3,103,205409.1482074739,65.97374200085221,26.69268245054503
3,104,205409.1482074739,65.97374200085221,26.69268245054503
3,105,220293.4089509425,55.62311614316108,26.694001101534333
3,106,228639.81227701227,50.916618605230504,26.68150214603456
3,107,228639.81227701227,50.916618605230504,26.68150214603456
3,108,202395.82990325338,78.7429663574915,26.679652750480294
3,109,235716.25258230438,43.48012654777801,26.794917293786213
3,110,203372.01365644744,59.543674098808346,26.81657475413205
3,111,195682.65392643306,76.17366998663094,26.72418453272347
3,112,207510.96900518512,75.02657115658087,26.676897519805934
3,113,238061.58066411022,40.038853729753306,26.73629902652001
3,114,213349.29067039676,57.811835103763364,26.698979653051694
3,115,226315.05049082555,67.80684213824422,26.62144671074482
3,116,228280.49965745385,65.43818447248415,26.6413537733495
3,117,193239.72005492751,87.5652888386011,26.80435352736898
3,118,216325.53114793584,48.16928828249131,26.710398359087
4,1,316187.8460948262,37.18077245262672,27.25302428157321
4,2,316187.8460948262,37.18077245262672,27.25302428157321
4,3,316187.8460948262,37.18077245262672,27.25302428157321
4,4,316187.8460948262,37.18077245262672,27.25302428157321
4,5,316187.8460948262,37.18077245262672,27.25302428157321
4,6,316187.8460948262,37.18077245262672,27.25302428157321
4,7,316187.8460948262,37.18077245262672,27.25302428157321
4,8,316187.8460948262,37.18077245262672,27.25302428157321
4,9,316187.8460948262,37.18077245262672,27.25302428157321
4,10,316187.8460948262,37.18077245262672,27.25302428157321
4,11,316187.8460948262,37.18077245262672,27.25302428157321
4,12,316187.8460948262,37.18077245262672,27.25302428157321
4,13,316187.8460948262,37.18077245262672,27.25302428157321
4,14,316187.8460948262,37.18077245262672,27.25302428157321
4,15,316187.8460948262,37.18077245262672,27.25302428157321
4,16,316187.8460948262,37.18077245262672,27.25302428157321
4,17,316187.8460948262,37.18077245262672,27.25302428157321
4,18,316187.8460948262,37.18077245262672,27.25302428157321
4,19,316187.8460948262,37.18077245262672,27.25302428157321
4,20,316187.8460948262,37.18077245262672,27.25302428157321
4,21,316187.8460948262,37.18077245262672,27.25302428157321
4,22,316187.8460948262,37.18077245262672,27.25302428157321
4,23,316187.8460948262,37.18077245262672,27.25302428157321
4,24,316187.8460948262,37.18077245262672,27.25302428157321
4,25,316187.8460948262,37.18077245262672,27.25302428157321
4,26,316187.8460948262,37.18077245262672,27.25302428157321
4,27,316187.8460948262,37.18077245262672,27.25302428157321
4,28,316187.8460948262,37.18077245262672,27.25302428157321
4,29,316187.8460948262,37.18077245262672,27.25302428157321
4,30,316187.8460948262,37.18077245262672,27.25302428157321
4,31,316187.8460948262,37.18077245262672,27.25302428157321
4,32,316187.8460948262,37.18077245262672,27.25302428157321
4,33,314729.95716089016,37.08175889483396,27.268127619209316
4,34,314729.95716089016,37.08175889483396,27.268127619209316
4,35,184106.03255059422,72.82450983024127,26.843564242039186
4,36,198728.0250611968,88.45915344656464,26.753724529453358
4,37,201404.75725314068,69.36156664824745,26.713563937807457
4,38,300847.14018095983,37.71423882963766,27.186325920115124
4,39,216110.57462811217,49.515387228161494,26.97822454723792
4,40,191186.81061955553,73.97702954901679,26.798902989683768
4,41,191186.81061955553,73.97702954901679,26.798902989683768
4,42,239591.91691579553,42.15462161402304,26.785306651065994
4,43,267679.0717241654,37.851270453212734,26.901553167416175
4,44,267679.0717241654,37.851270453212734,26.901553167416175
4,45,187316.84877582497,70.2466685239194,26.939272369618728
4,46,231176.98912948288,41.103557992300594,26.828020169794605
4,47,225452.1276751334,61.43907640634167,26.74182811444409
4,48,234997.7510379566,38.28850909214757,26.804082528826285
4,49,233591.06344642065,42.98159690048281,26.802609260081553
4,50,219163.19959047996,50.37979251941238,26.805873703693244
4,51,198263.21859650157,59.60392316198817,26.8682091573108
4,52,191147.98748233376,64.0052097536527,26.92062059301547
4,53,185981.80382985782,72.63020491238001,26.81955990564945
4,54,221051.18877210462,57.84161645396773,26.763845017818703
4,55,236662.30648661545,49.19176901712031,26.757553700760326
4,56,211775.63973910036,54.334440024204135,26.824909511476193
4,57,215260.76835861237,52.92518069894813,26.79604910629194
4,58,217314.85649062507,61.99294736221436,26.755944551345735
4,59,213770.81282373238,55.20507827946472,26.771082942788226
4,60,226123.09550440093,47.441458520026664,26.80463254677162
4,61,202399.6293621628,56.85519945527733,26.770338630523817
4,62,211528.7099490931,67.78010680025565,26.746755528686926
4,63,208282.13490319176,54.56691535650257,26.77410682447678
4,64,187603.51070365973,71.53503398301464,26.909649458996164
4,65,224336.17230761892,51.57948582627096,26.792117573371456
4,66,207957.83019712855,49.913036335226806,26.926371124508414
4,67,187561.56211107498,62.853047443754036,26.936220692226733
4,68,204586.5218747955,51.88246695790278,26.936721061636632
4,69,229542.26771886728,58.677565753202494,26.750395244434856
4,70,222161.9389529063,47.91381794140713,26.915024872066994
4,71,205609.52901554442,64.54189858227716,26.76324780375218
4,72,192286.48568165436,73.71328505713328,26.76476458416105
4,73,212410.63721793448,49.82707969587081,26.886129570380433
4,74,212410.63721793448,49.82707969587081,26.886129570380433
4,75,200618.67947002786,56.246007229143444,26.84213153407955
4,76,226727.16643602867,45.410043298433564,26.813318545711333
4,77,191494.49746754987,70.20835175081638,26.84414272924063
4,78,197072.62072113267,60.83618071422489,26.831562906193902
4,79,200544.97272452328,64.82662983598607,26.772459163769355
4,80,200544.97272452328,64.82662983598607,26.772459163769355
4,81,218259.92728696714,52.21507352130408,26.853330711258856
4,82,234833.4005567025,42.58498948755683,26.81661778972905
4,83,206980.38001555743,56.62942596381827,26.83418379307485
4,84,196421.29300109067,58.82527536340852,26.920859164524458
4,85,195722.7186049088,63.45056706715499,26.798226091658442
4,86,199363.918877599,56.74961255843266,26.899302532680167
4,87,199363.918877599,56.74961255843266,26.899302532680167
4,88,315836.9073054975,37.68774703319416,27.25396569719217
4,89,315836.9073054975,37.68774703319416,27.25396569719217
4,90,200612.75252523329,60.107389916862076,26.778331204913123
4,91,232036.7180352247,45.376843985594554,26.817597831476107
4,92,214317.236204601,60.52141823701538,26.764566309160998
4,93,202037.0387310516,52.546691193867886,26.855243979801713
4,94,223681.30268859127,49.66540255548158,26.856526118856713
4,95,223681.30268859127,49.66540255548158,26.856526118856713
4,96,223041.74192247505,49.873510961793514,26.885814083260385
4,97,234895.0690466286,48.47227774858823,26.78250957645615
4,98,212243.01840775152,62.99020630707861,26.759540411936705
4,99,199008.1880542204,66.49482073165564,26.76175362769122
4,100,231105.42806493814,48.50682920355938,26.798683244703618
4,101,224580.29514030178,49.748690126354,26.769164621357838
4,102,200302.58494758344,71.50502446612137,26.748999177645246
4,103,221414.23157644976,49.28201829493616,26.903960887512447
4,104,221414.23157644976,49.28201829493616,26.903960887512447
4,105,195101.2046823128,62.95850168573028,26.92494291648225
4,106,212398.71693671716,52.07105623444797,26.88611662142688
4,107,224410.89751026183,49.3606225535908,26.81357944374819
4,108,224019.36220380611,42.86189354320074,26.827883878400286
4,109,205168.2347718744,56.27161590473547,26.841612872789163
4,110,219205.4711547324,54.50183610491021,26.78733555575326
4,111,195899.06446517742,62.577797892734814,26.94743357538868
4,112,200326.20000689063,64.6185980713742,26.795306264699732
4,113,193325.88802239863,66.24858433026368,26.781936126905805
4,114,199107.9028653751,61.78757994608918,26.816033878199043
4,115,204660.3083970962,66.24128574243127,26.7524406264584
4,116,191501.85599039955,66.7143183075439,26.76856694557579
5,1,186634.45880323293,44.73217123053618,27.08093691980551
5,2,186634.45880323293,44.73217123053618,27.08093691980551
5,3,186182.90036104503,45.02186022235075,27.069043727744322
5,4,211016.8101424189,38.77157563617317,26.904088618977198
5,5,211016.8101424189,38.77157563617317,26.904088618977198
5,6,211185.62573818376,35.435961536229755,26.993680910222935
5,7,209768.3891819425,40.28201966520319,26.993680910222935
5,8,204948.77183308627,42.74807925743705,26.94426131808479
5,9,208093.51838622667,43.77962532459288,26.877562655080546
5,10,208093.51838622667,43.77962532459288,26.877562655080546
5,11,193561.00172344068,41.80663603404998,27.01284643198496
5,12,209083.11350574522,41.98993594230321,26.968369552895183
5,13,171954.93597585865,64.79774836511885,26.872110898057294
5,14,197848.0558984308,40.969115728802606,27.078772649591095
5,15,210789.71834761766,41.257636050877096,26.935549445212665
5,16,189935.30148513263,45.161838392371806,27.008564202451602
5,17,189343.80412494775,45.837677183323784,26.95176997640543
5,18,200989.57091142438,46.25929349911783,26.926974612612902
5,19,191481.35414831142,43.18405277775514,26.99939990172357
5,20,207000.14275716664,43.28045650265326,26.891139514488188
5,21,207000.14275716664,43.28045650265326,26.891139514488188
5,22,207000.14275716664,43.28045650265326,26.891139514488188
5,23,202043.78090413453,43.246870630575074,26.92338615440977
5,24,202043.78090413453,43.246870630575074,26.92338615440977
5,25,202043.78090413453,43.246870630575074,26.92338615440977
5,26,209306.54586750933,40.92905590733023,26.979366390905177
5,27,167315.85744611255,58.83440569889518,26.906058251022444
5,28,189425.7621504918,45.22120235332884,27.04673283828931
5,29,195565.2466857609,46.20580757137275,26.94112014244537
5,30,196265.50137234008,46.2151394382619,26.927850363450197
5,31,163664.08079195215,62.115108021834104,26.888869525004786
5,32,161595.79205386125,66.79700857192017,26.915653950485222
5,33,171589.54032680465,52.965180290802,26.929293061126593
5,34,204069.77641799184,40.57935437721374,27.092715342024363
5,35,204069.77641799184,40.57935437721374,27.092715342024363
5,36,214961.87407186188,35.312242925396994,26.984745876531747
5,37,170298.02267681356,57.02680462896351,27.00169042468209
5,38,170298.02267681356,57.02680462896351,27.00169042468209
5,39,164292.8387266031,67.48563007881565,26.859914708784622
5,40,172060.1686815987,56.45820377356804,26.922176417577575
5,41,202697.00353177646,39.16877785573136,27.151433007702785
5,42,201247.18083194678,46.171626836868484,26.87969664123591
5,43,174217.55650249834,56.95547116659961,26.86334139767859
5,44,175931.02881745013,62.519525362984886,26.85507241219804
5,45,202270.17691348513,44.379770220018806,26.870279558204466
5,46,165689.7416159279,61.44334982202845,26.91081474160933
5,47,190483.47388858636,47.349470005013956,26.845854462602787
5,48,207669.03832585242,42.136918933727806,26.98061507540175
5,49,175014.5784442757,62.815717588461276,26.855147937678588
5,50,180599.2128785547,49.112098082526735,26.8585086749613
5,51,170274.37551741846,61.70388324886425,26.89571767911113
5,52,203078.0120667454,43.988641250531245,26.89510428864309
5,53,200795.27111260194,44.83825596749882,26.931102397262322
5,54,200795.27111260194,44.83825596749882,26.931102397262322
5,55,169600.60783037398,63.24411552725053,26.87521995139481
5,56,169537.44014677138,74.25812489781572,26.83436412635409
5,57,163934.30121349692,63.61575177955669,26.87572364404761
5,58,158474.18304054163,70.58644398572804,26.928744645992488
5,59,212316.54125897706,40.52293845300244,26.884815792110274
5,60,179562.06169364517,52.29916248404117,26.885898230823095
5,61,205592.17878087424,41.043892894707476,26.986306448422646
5,62,209540.6820991353,40.01300059898976,26.99847442742842
5,63,190090.77363968067,43.2058273556851,27.047879195509047
5,64,167789.8767050018,55.51016306423965,27.003172314176688
5,65,163084.2960094981,57.94860750770128,26.911742892247915
5,66,206632.81498929329,42.3725052709482,26.972763479590974
5,67,171215.5290138268,65.45062601463391,26.8491086842522
5,68,176790.16809430651,53.51844116802168,26.89130131439252
5,69,183164.58345743865,48.81640682888564,26.868842518389435
5,70,192217.6639463826,41.19045107703293,27.048316877856408
5,71,216676.1835710254,33.884332683620194,27.015817492631328
5,72,195277.86132615004,45.40542515397078,26.952926552016038
5,73,163327.20771190646,69.25934294937363,26.910649404184127
5,74,176145.35074021874,59.22672143240223,26.842713251588954
5,75,203083.38658409833,40.73792062112419,26.988189889655494
5,76,201749.0691894157,45.0951696817012,26.91239742713291
5,77,184257.9845500337,61.231552826357564,26.829648491292375
5,78,175201.75706861337,57.651113298575844,26.855257761687035
5,79,176015.8542747498,46.46105361288255,26.907524045453762
5,80,179391.52936102473,61.610241941857986,26.805850689812445
5,81,178557.17837857612,54.75416788367288,26.86806286723828
5,82,202971.175530569,41.25989521140448,27.04201265650523
5,83,184586.75182128226,48.37831649868983,26.81107771101165
5,84,172831.40677771202,63.63187532397078,26.82266281423024
5,85,191904.88644642255,42.49526299930504,27.027887678107838
5,86,167339.89301876596,69.89468064840482,26.851836480596056
5,87,195548.38860196387,43.62742903841541,26.94373227630657
5,88,188551.07772090007,46.19811602622957,27.064797629154924
5,89,213139.46206341038,38.835084220866726,26.88416428223627
5,90,180924.99741085354,54.40696138361362,26.84410488846411
6,1,272357.04761607014,72.60934117185609,26.559105032778433
6,2,296720.17208457703,35.75555005574417,26.681125607171197
6,3,201718.11261847595,87.47940609060164,26.792585340766244
6,4,199221.7726013057,99.71517986115624,26.723745787788857
6,5,203731.69656839987,92.82741532659988,26.772518927780617
6,6,288381.9032917743,39.01799863656549,26.66118736602383
6,7,204618.2406730304,86.44493126855073,26.74628120558431
6,8,201351.29931196533,89.54876292183692,26.785650849472056
6,9,205229.7332899107,80.64531313479391,26.741540380938204
6,10,205229.7332899107,80.64531313479391,26.741540380938204
6,11,281688.96638723154,39.688870872890696,26.651903847383466
6,12,208189.97497763418,84.10442810416365,26.662266855216174
6,13,277679.20557767205,39.88022667834184,26.651903847383466
6,14,252675.0335949351,65.34222567892317,26.57264735546508
6,15,204508.51225074258,90.59543664709217,26.71539555463292
6,16,261754.28959477675,42.75347284599965,26.626132259258227
6,17,231629.82436315113,52.63378704865609,26.689773042283946
6,18,206068.45141181583,78.6653818204047,26.673489311630306
6,19,255128.34086544684,44.277704994366744,26.67808291173378
6,20,268880.123918698,41.009121107837586,26.67006328351777
6,21,262969.6440995681,68.17863194337065,26.56720427189643
6,22,202011.7073860456,95.90656960266197,26.659131425893897
6,23,202011.7073860456,95.90656960266197,26.659131425893897
6,24,204305.29819207382,86.63617043295305,26.774837741547138
6,25,228740.9300933882,63.82112505049946,26.59450862919521
6,26,213640.33915102802,81.38433898084138,26.615344627759875
6,27,224936.5735298312,61.39568629529468,26.614508271965256
6,28,273479.7530680415,53.78274521812716,26.573418944364263
6,29,261776.28062067553,47.41735299737283,26.598085491699152
6,30,220700.41029083464,62.32697292996617,26.614339266050557
6,31,267484.94995887484,45.91748981714538,26.62355150920665
6,32,221687.7058446158,67.8168180111183,26.591875174147567
6,33,212201.28423112578,75.6980873475785,26.64119146250519
6,34,249109.74147293437,56.20734172422424,26.58863292137182
6,35,209757.69482030152,75.32582182740792,26.709090721050586
6,36,209757.69482030152,75.32582182740792,26.709090721050586
6,37,209757.69482030152,75.32582182740792,26.709090721050586
6,38,259737.41983067265,45.478025385573,26.65181442759296
6,39,266361.05354875675,50.87775219269219,26.583041382620834
6,40,266361.05354875675,50.87775219269219,26.583041382620834
6,41,222654.65158412827,59.33453654276575,26.656079880728285
6,42,213144.81282879983,72.46027437559735,26.686332615015324
6,43,229202.41118282385,57.46464723507857,26.621534763995527
6,44,227257.8414608948,67.20334869542958,26.61226196172079
6,45,205138.5021950461,87.303028976783,26.710398227124678
6,46,205464.32961947727,84.84070156255046,26.715116608501766
6,47,210741.34094684088,85.07614812262128,26.658711895345547
6,48,246457.5067982822,53.336829662776424,26.59486385399353
6,49,246457.5067982822,53.336829662776424,26.59486385399353
6,50,227838.09699827057,66.96698776355004,26.60757190658026
6,51,256517.98403315403,71.18568448912767,26.565090033017725
6,52,256517.98403315403,71.18568448912767,26.565090033017725
6,53,235701.38777717255,61.088436235450764,26.585955731302995
6,54,272939.1914842352,39.37053208803894,26.688274667359074
6,55,210677.9327735278,68.72205520745621,26.69453948688617
6,56,210677.9327735278,68.72205520745621,26.69453948688617
6,57,261403.78061910375,44.41611768941752,26.659879809021533
6,58,245876.4431074005,56.96087096124574,26.60180867589405
6,59,245495.40319244523,44.87534890930772,26.678719367870215
6,60,209548.67476019563,78.86722808405821,26.66987793895116
6,61,251408.45951729678,58.08759896874239,26.577305215454587
6,62,251408.45951729678,58.08759896874239,26.577305215454587
6,63,251408.45951729678,58.08759896874239,26.577305215454587
6,64,218047.98737867433,67.41978358072976,26.695603594470057
6,65,249926.54409085648,53.84239924210182,26.585009314495167
6,66,257325.57644450964,45.807539030439365,26.634121250336065
6,67,269837.61610411486,44.32482067322567,26.611427323820337
6,68,249456.15698878784,58.86259974876742,26.575141661776087
6,69,245179.6518772313,52.78410467828813,26.622359115114776
6,70,247891.76840156474,58.67896697609291,26.584330724623094
6,71,247891.76840156474,58.67896697609291,26.584330724623094
6,72,242536.18351657395,53.575646598137624,26.60556243756767
6,73,252253.75620425498,49.10865844558273,26.617042324199694
6,74,241764.13038424292,67.03673742226637,26.583567704952166
6,75,241764.13038424292,67.03673742226637,26.583567704952166
6,76,244090.76319368664,59.5194229863059,26.57574898321888
6,77,242011.78305051345,70.2061023084378,26.580645456434873
6,78,242011.78305051345,70.2061023084378,26.580645456434873
6,79,242011.78305051345,70.2061023084378,26.580645456434873
6,80,239508.13318508648,72.27654939310408,26.582646338397204
6,81,244437.4654200168,45.78076757955931,26.654641030339462
6,82,220308.03682213352,71.1532716024398,26.58468607306837
6,83,242362.6972308484,60.51925251233265,26.572723146072647
6,84,213814.45134585467,75.59269391181331,26.641967331945878
6,85,214305.88011593538,71.9644366132195,26.657983254734503
6,86,214305.88011593538,71.9644366132195,26.657983254734503
6,87,227842.5229202063,68.98972403926655,26.584801986970447
6,88,227842.5229202063,68.98972403926655,26.584801986970447
6,89,233241.48794879144,46.57590344138909,26.624554387583224
6,90,234830.46271976904,56.65059040470526,26.610193624416965
6,91,233884.86533264306,57.389612637894935,26.614651314286874
6,92,214632.82286030633,67.79629966882848,26.636870637009935
6,93,238729.38519027643,56.95298979740479,26.604136596199062
6,94,211669.78801223417,83.77417727681829,26.66621438607551
6,95,222330.4944206715,59.17701686602195,26.656412999082953
6,96,230011.14391967922,61.524832272967814,26.61097005779076
6,97,254946.4186704322,48.88424031728079,26.588556819689913
6,98,216856.9979527452,73.29549624626259,26.573237543714143
6,99,240688.63049317503,57.43703963293317,26.58998286578918
7,1,416853.5893013729,37.09716231868671,26.99385033566282
7,2,416853.5893013729,37.09716231868671,26.99385033566282
7,3,235251.30112560885,98.19960752592944,26.845136761403445
7,4,345046.34578420816,43.534567701632106,27.01104695743178
7,5,324823.20312576863,44.77707664781578,26.914029143441198
7,6,377708.6922171548,40.13076911102476,26.971645760691175
7,7,335297.2583591916,44.76748297141449,26.94031269666661
7,8,371984.7492132536,42.82090471584447,26.93403310698708
7,9,378630.1446806514,37.218646084616296,26.971645760691175
7,10,378630.1446806514,37.218646084616296,26.971645760691175
7,11,378630.1446806514,37.218646084616296,26.971645760691175
7,12,396631.61037005286,42.21808966945466,26.958401698945337
7,13,396631.61037005286,42.21808966945466,26.958401698945337
7,14,396631.61037005286,42.21808966945466,26.958401698945337
7,15,396525.70206689613,41.34186991562138,26.96571523963486
7,16,396525.70206689613,41.34186991562138,26.96571523963486
7,17,337654.7731454834,45.54085564466544,26.829245540320308
7,18,360139.4268878642,42.950189286347054,26.902348975740132
7,19,360139.4268878642,42.950189286347054,26.902348975740132
7,20,349098.0993445129,45.0852723673797,26.863281516419157
7,21,349098.0993445129,45.0852723673797,26.863281516419157
7,22,247762.58247029776,78.5772856637395,26.724061240778738
7,23,293736.2626141556,47.972548231348085,26.787571662985293
7,24,245783.126016831,82.37352833250279,26.697404415357482
7,25,244236.2363899872,87.71365790807788,26.68780326763769
7,26,243285.82339830504,73.64898261609649,26.815450294540312
7,27,238767.35336898192,90.90182465219121,26.778271911710483
7,28,244484.38659703103,83.32189279770844,26.705219649528452
7,29,249041.59651392684,76.54009999801818,26.79372971431043
7,30,238035.97445489367,85.36117747903744,26.81839146362242
7,31,237463.96005539934,95.2666263121127,26.753010701038562
7,32,288700.14743824274,49.75380864444073,26.925126880198825
7,33,240086.90766345622,96.37367038529068,26.721268720069098
7,34,269733.4430696233,51.788075675239824,26.875873375970684
7,35,269733.4430696233,51.788075675239824,26.875873375970684
7,36,241836.79814412,85.7151654930655,26.727743541331265
7,37,241836.79814412,85.7151654930655,26.727743541331265
7,38,235698.45809177414,94.17058227392027,26.795196506433264
7,39,254938.90445045233,72.16890841437487,26.740788268404806
7,40,298768.5317471902,47.54390460757464,26.773472688089946
7,41,238860.21819029262,89.92084311925528,26.776241641552915
7,42,273986.305066604,63.19733967299353,26.713319392930465
7,43,247035.63318097728,73.34861510990204,26.79831054910727
7,44,255433.5849511598,71.30845229970322,26.756544629369408
7,45,250401.08439185418,65.85890933910926,26.854483340057058
7,46,251849.9807811831,72.80451687651876,26.666736041127137
7,47,280895.1622279718,55.378617176324255,26.744653688074685
7,48,283462.9438611989,52.74193234811583,26.810436244744743
7,49,251546.53661633984,77.54369272226148,26.69550922284907
7,50,284745.4177254985,50.67836322378291,26.826591226495914
7,51,240951.21804909687,90.25606871142584,26.73095382822185
7,52,264141.61362425983,67.1627194958092,26.698278333389
7,53,275789.02165232354,65.29377284198421,26.694575858838164
7,54,257659.4567936949,69.37220711469698,26.753852642137907
7,55,250886.62456774482,65.82893549759872,26.825120976029545
7,56,265238.1116579789,53.70501889607465,26.838427808058455
7,57,239889.927809775,93.01909996410173,26.728111801247138
7,58,239889.927809775,93.01909996410173,26.728111801247138
7,59,300876.9380683923,56.825369401029874,26.690400925933687
7,60,300876.9380683923,56.825369401029874,26.690400925933687
7,61,285486.45582552126,54.999272335159475,26.764819597287357
7,62,289076.23733408697,54.08731367033979,26.776089755777996
7,63,292618.70925817173,49.57955898170403,26.81785307177276
7,64,235404.1460743724,82.76924016095965,26.83411925983949
7,65,272922.21922793135,51.644798479014185,26.849698082477552
7,66,272922.21922793135,51.644798479014185,26.849698082477552
7,67,242439.23030253476,73.62696180873898,26.84284116607494
7,68,251787.5820948843,59.31811179005057,26.792572957147584
7,69,274708.84143741097,62.593429156199754,26.734228874352716
7,70,271661.66443877725,66.08879692515666,26.71502507736887
7,71,262139.2907576824,64.9705493969421,26.760555010443838
7,72,260963.61524615486,57.867888590057206,26.83815819540513
7,73,239793.61230650614,76.79000374504561,26.736115491491404
7,74,245664.50777371044,70.61865998117145,26.835695590713513
7,75,263362.7762951397,64.06426127006839,26.739083319832666
7,76,269604.390283327,55.01226051869948,26.765513150871172
7,77,275173.29172575835,63.05886457022257,26.719746686142365
7,78,267499.61773997097,66.91098449100917,26.689227980890244
7,79,256551.75324382828,69.60672358775889,26.74620640123362
7,80,260388.78855611416,63.16081335135167,26.773672919940815
7,81,265640.04183649074,58.465422961507805,26.827953357403878
7,82,270755.01282290695,61.77064839393983,26.760613687306147
7,83,269529.97010470094,62.28045403978119,26.736687670768966
7,84,256002.29900745113,70.0461935062432,26.683520180928376
7,85,272301.9186396004,64.13378922032823,26.722964840303014
7,86,256099.74986624348,67.61832985890713,26.774914113506497
7,87,262693.0914862406,67.7192751779654,26.743536542709002
7,88,262693.0914862406,67.7192751779654,26.743536542709002
7,89,282712.85486936016,57.054688098246295,26.74458348919616
7,90,247159.58225705623,72.70886474580139,26.834939203988682
7,91,249741.82943457316,68.97657592923905,26.76094645918203
7,92,275260.2588748472,60.24577370404101,26.762723518954424
7,93,262310.29821203003,67.91874007576047,26.727763815632137
7,94,263056.5043900567,57.43046158847404,26.838208096706474
7,95,268890.852493633,69.02696727905203,26.682031857174096
7,96,267926.60253471084,62.42780486187886,26.73952083435745
7,97,282098.7478255655,52.06638120686481,26.83442979534737
7,98,265600.7886268504,60.803894937558496,26.76169028505077
7,99,268718.8572219377,69.37287001651369,26.687033785366538
7,100,255235.55086188024,71.67831049547941,26.72694774337866
7,101,255235.55086188024,71.67831049547941,26.72694774337866
7,102,286245.84777185076,49.783314147548474,26.785826837945173
7,103,278010.9867567438,58.62928450037869,26.651055811038802
7,104,247809.50621989978,78.89502176880008,26.701616587454417
7,105,248530.27947193309,67.67924082939939,26.811286639843637
7,106,268589.52457047324,65.63785285514533,26.73113637983645
7,107,261745.86252172934,69.48049027954497,26.65730263084781
7,108,284838.3121677188,75.61452334028188,26.622333981645312
7,109,274912.7542100309,66.35749042069487,26.69605554567581
7,110,322772.9909897777,47.33884001716253,26.872928161470114
7,111,282989.5255050644,57.4241335130036,26.702512321247283
7,112,250251.87238989625,72.82624686222682,26.753103027803007
7,113,287734.49242271046,72.8011894607079,26.637714109731107
7,114,265121.4421356119,66.441014780783,26.72811463798994
7,115,280883.07531422935,79.00708274587963,26.635079037229623
7,116,250389.9154166772,67.24109973162575,26.804697823433592
7,117,259192.56883926503,63.9005893081539,26.769426872542695
7,118,237820.58631751096,91.59464502311086,26.730210586150633
8,1,202026.07719995803,68.89781662542774,26.966869979484756
8,2,172228.2956712718,93.85102652016883,27.059757238305984
8,3,252017.6238585583,40.00067704529447,27.185293699337464
8,4,158550.37254323167,92.27397563486093,27.122242720846288
8,5,223485.3650667502,45.47804691894026,27.405354649329254
8,6,226143.1687671568,44.21363812247755,27.475272737466803
8,7,226143.1687671568,44.21363812247755,27.475272737466803
8,8,248919.76780897402,44.776975985194845,27.14027071982126
8,9,248919.76780897402,44.776975985194845,27.14027071982126
8,10,224050.94515743994,45.07366114310336,27.34344431487807
8,11,161357.8957632397,84.08657204498742,27.148921510793222
8,12,197078.95825640013,55.75766283577575,27.28265320977254
8,13,197078.95825640013,55.75766283577575,27.28265320977254
8,14,224777.90446949995,44.237640311131734,27.31388085481173
8,15,241467.85617682507,46.81350247154218,27.018242333298375
8,16,241467.85617682507,46.81350247154218,27.018242333298375
8,17,173493.57422555462,75.8703051101508,27.18736956067567
8,18,177788.850081109,73.94532681946454,27.012751715094517
8,19,241382.85038581357,43.21546908560826,27.189370253473932
8,20,230852.8492855224,43.39366365097535,27.31902111392047
8,21,237475.03902860038,44.43918580684763,27.1664915767399
8,22,201979.34308282105,55.189008084179555,27.23965957042916
8,23,227049.95063397626,43.73041443344699,27.342912391100967
8,24,233402.35809055236,48.84643271311841,27.003197077768668
8,25,197041.52777306174,56.68237546143825,27.25797549672064
8,26,197041.52777306174,56.68237546143825,27.25797549672064
8,27,173097.3035746264,77.90292197956958,27.205046954904375
8,28,202113.71958092944,53.37617327105374,27.21880714697577
8,29,202113.71958092944,53.37617327105374,27.21880714697577
8,30,231561.07819743277,44.088926467819256,27.190209171039868
8,31,188157.35055572138,78.98197301527847,27.009757666187546
8,32,217401.9973712388,48.583973153906726,27.111171507962943
8,33,194110.03348704914,63.67529655347832,27.038269919130578
8,34,230275.4197003766,52.48916317207415,27.015143135679686
8,35,182065.10099348467,66.44743384943462,27.092219659552057
8,36,197185.47488393923,55.846844198469356,27.245412514295438
8,37,220065.57817901802,49.390202583289515,27.072916994834763
8,38,222223.5965741907,52.097453333779896,27.033360464580703
8,39,226268.35321196722,47.2182647206065,27.07731137638359
8,40,226268.35321196722,47.2182647206065,27.07731137638359
8,41,190478.70385654885,60.890541381743674,27.10485421198335
8,42,203385.8635678789,53.837222092498486,27.10168779291751
8,43,228380.73446204027,45.559923821607626,27.179177385753306
8,44,205023.58728178314,56.540999108161465,27.07544970352602
8,45,192884.8345059367,68.33289775583879,27.033221418111047
8,46,228315.09803995184,46.06902208215418,27.026859246467268
8,47,236691.02293705102,45.219930965465124,27.120583731765265
8,48,210068.57622472878,51.21262061049049,27.154881223744844
8,49,196307.66663265103,59.02788451028807,27.09128349917328
8,50,196307.66663265103,59.02788451028807,27.09128349917328
8,51,183546.55721590418,72.11837065322585,27.01167411407757
8,52,188485.93138974518,65.73562413721486,27.070165973138955
8,53,215164.3246493568,47.09114844666949,27.152840453760973
8,54,228206.98971149852,50.97786305174092,27.025200660549608
8,55,201813.95570655388,66.27049113124113,26.979815560005164
8,56,197367.8518122082,60.64097050008422,27.05347738793173
8,57,197367.8518122082,60.64097050008422,27.05347738793173
8,58,196603.74802106744,65.40738283597508,27.014236790816575
8,59,194493.79287074163,62.06372770482154,27.055152621367554
8,60,203711.42020454866,57.48265633717536,27.095875525047965
8,61,193939.07971728977,58.50616546699436,27.121269968736705
8,62,193812.14139537246,62.679319119895325,27.05444109497305
8,63,192769.01248203084,64.11593885123972,27.053740452707267
8,64,203425.87936198935,64.81121524214639,26.977394214230088
8,65,170350.52065457994,79.20787408664306,27.077025222068137
8,66,215841.4699729021,48.96310187121194,27.07665656848291
8,67,198142.30428630218,65.78002950720186,26.998274914769816
8,68,173747.11733270448,69.90061198650737,27.05882637134451
8,69,210186.05352522313,49.33949286827212,27.108110850484685
8,70,190485.72997959313,64.52257872247596,27.049347573455535
8,71,220208.96024230134,49.06855008822758,27.069265832725364
8,72,178941.68143929658,66.97974398145188,27.033450447865043
8,73,226561.9540942631,52.38488031315522,27.026511574386866
8,74,210552.30293240704,54.24449359719199,27.082038313130305
8,75,167282.22309851457,88.2367470313178,27.073123020944664
8,76,230924.513054188,39.99777304844146,27.30031514265552
8,77,226711.2890364967,55.890537759598544,26.955241297797798
8,78,195192.31101565962,67.84630628308234,26.99097199570069
8,79,165342.02065771216,79.0952236236871,27.100720738579433
8,80,227359.88836673836,54.56382262440882,27.01607166232442
8,81,215325.10450045663,54.47498674462019,27.076837892450108
8,82,182571.28076864665,72.60190662937036,27.027169486860416
8,83,222887.12635616097,55.463843387750664,26.99490242844844
8,84,201546.09613174334,72.54891682404755,26.97814239237823
8,85,223537.6957342575,48.35668275702867,27.045734405734166
8,86,220376.25436803477,51.83070151505302,27.037169146052136
8,87,204580.48421397683,59.22790888190141,26.9604629174651
8,88,226546.2985399298,45.867054044697625,27.194351422733156
8,89,221093.8237661684,51.70482976850199,27.065465553302047
8,90,197073.34584172064,56.01760546246141,27.321121406875307
8,91,200197.12999465637,65.0011098080415,27.00469710248639
8,92,219887.60356431745,54.90653131524097,27.000621305022804
8,93,229989.57134490905,50.28178953575548,27.024653866403888
8,94,198524.32838645473,59.461399544308314,27.017546740647226
8,95,205355.4631157541,54.672188184081826,27.015643010828718
8,96,162793.8396865035,92.22680293436497,27.098883268383922
8,97,209765.92207553494,56.01193970734213,27.012710491888015
8,98,201529.29039573055,57.48272981994766,26.97996634491441
8,99,189883.10953332513,62.200642035496486,27.055452613307047
8,100,201649.40120508766,55.43264490248019,27.16717779739978
8,101,190519.68717387202,59.92157174498717,27.062444568200796
8,102,228336.3749476053,53.89427666530532,26.99940160217266
8,103,217135.1905208182,47.868317999014636,27.13482722495572
8,104,183031.16546573825,72.65022135887908,27.025744842845207
8,105,233452.0412758963,48.523027922233325,27.003197077768668
8,106,207972.31508287965,54.583903401320356,27.08318127001794
8,107,210855.85314621785,53.51627946859543,27.078835858243487
8,108,185769.4773601489,61.38282622488273,27.073099232559755
9,1,267028.68172285834,73.74605514485853,26.642095849794497
9,2,233143.50696098528,80.12683471032186,26.88528496305819
9,3,315285.44265911356,38.44226672352789,27.50344127315544
9,4,315285.44265911356,38.44226672352789,27.50344127315544
9,5,333753.2453595432,36.037013456996114,27.29004608886618
9,6,322241.2395353918,35.24040099377539,27.367460127175974
9,7,245940.20013573306,86.22384829622303,26.773977343017837
9,8,319340.32166116073,36.348421555097445,27.435311926648964
9,9,313675.31450233166,39.022846119406395,27.315951093374988
9,10,314283.191086005,38.695399280614595,27.148975414899837
9,11,319788.30537105195,37.97371087766665,27.232230054266036
9,12,323666.439778026,37.071258352212396,27.1152094894885
9,13,288863.1226573996,45.98910632174054,27.057116796787536
9,14,300347.7167461894,43.534545124337264,26.985140807257057
9,15,303236.84738944424,40.5615452920612,26.877348430618927
9,16,304856.5961376921,43.02855270331317,26.811488418100872
9,17,306648.52223300067,39.55640915514836,27.058209632345434
9,18,316131.05611470697,37.731135926154856,27.24467610879218
9,19,321775.9953927953,36.613354691740525,27.367460127175974
9,20,321775.9953927953,36.613354691740525,27.367460127175974
9,21,306310.41911182017,39.32005253495432,27.269249332765163
9,22,268851.2978199466,67.60943469813002,26.682175576629216
9,23,234366.39273225763,82.901440561759,26.875522054840353
9,24,287415.6223884573,47.32600548374095,27.101823515918294
9,25,238567.15875307663,78.39218895818415,26.984271517394923
9,26,299010.3019013995,44.459397486829374,26.977687131075985
9,27,241061.73293027747,84.90685720476564,26.816502568192746
9,28,286085.9163052065,47.001752597827895,27.12072816634923
9,29,248697.4694376727,70.01344946352364,26.863360933315292
9,30,289477.7641098332,47.810183568009705,26.847167426147482
9,31,295293.02654554124,45.02152719111694,26.822161384069766
9,32,300698.5428378694,39.58049822909864,26.93728096185576
9,33,268611.6411750244,54.60594750281985,26.783708200638152
9,34,273319.1823508575,52.583641345654755,27.071853462499373
9,35,247420.65337206746,76.84545794110922,26.856014977613164
9,36,236621.7569971013,79.3695248649066,26.892499246797847
9,37,254626.727111738,57.17817652278749,26.965077444335698
9,38,321845.4359659227,35.89424127954176,27.349579920379725
9,39,321845.4359659227,35.89424127954176,27.349579920379725
9,40,296864.5932838079,43.47544292971289,27.11245399353714
9,41,280423.0470796488,50.454528349892925,26.913489041974074
9,42,243131.60767314956,74.92290425652142,26.876205735994628
9,43,247899.2581940776,84.18342371207285,26.765370628578758
9,44,271685.27595899726,56.08270935400702,26.772435851395983
9,45,294756.97035599774,46.903076001330334,26.90513239132517
9,46,262380.5562572678,66.7287503087699,26.690919582533787
9,47,265179.99884571764,72.13703189792368,26.65920360232135
9,48,262245.70806334505,61.52694339503288,26.746042948213248
9,49,287968.70544171374,48.63535323765945,26.930072649942325
9,50,260101.5304233712,65.6004050213817,26.731498955361044
9,51,270429.3815540833,56.56296694588748,26.76108793174396
9,52,239950.5968611281,76.12219561356895,26.909578717384516
9,53,262921.25322555203,64.21399297097227,26.733722167276664
9,54,242172.64942028816,74.2192465847861,26.97422809356897
9,55,284350.72881502676,59.42154792610198,26.664867733231407
9,56,257913.22713985882,63.864469423438756,26.895950439699856
9,57,253484.93373244943,80.67470631034577,26.74483643000107
9,58,291898.5299809873,50.71002288187981,26.758311613943235
9,59,275530.312494637,52.544385352767684,26.80181426580959
9,60,280107.20763118996,49.894623615753716,26.94057645917599
9,61,317873.377288293,36.67462161205017,27.289171056606616
9,62,317873.377288293,36.67462161205017,27.289171056606616
9,63,271394.7232700777,53.32783740635318,26.854628472613165
9,64,263763.45216757106,60.097078609527784,26.78887682875156
9,65,282739.538469792,51.702470435831955,26.750193385893542
9,66,245329.25052413956,82.62578528749302,26.829142843226
9,67,264069.5879336697,78.76599551003366,26.652588841941924
9,68,258730.6108358465,60.30879206012387,26.855714773570657
9,69,256391.59467890087,67.376661913472,26.743722778855922
9,70,277368.9773501506,49.4182895154005,26.95836893777455
9,71,251769.6487111438,64.97242111864911,26.84942394296697
9,72,259232.15126273865,71.3585028443283,26.738915496299395
9,73,258226.4587029796,75.7767268992349,26.723265080738294
9,74,273565.4758841981,70.47079653879037,26.667007324182435
9,75,244608.51821470197,81.11315381315526,26.840311844509653
9,76,288765.1248753968,47.12206086501989,26.95109338641262
9,77,250009.48748866533,73.00419910435912,26.749315461803977
9,78,274731.67348823784,51.28677981156806,26.8709675032272
9,79,277964.8147009053,52.078078406260516,26.863738850469627
9,80,261454.7868846317,62.321333974189415,26.820211017405832
9,81,270630.882084797,54.01873541620553,26.858232757681403
9,82,276862.09926618845,52.628246753173585,26.729630640861277
9,83,251011.4656608446,70.98933605791537,26.745907224987317
9,84,294069.4448738468,47.4834550620206,26.851912917582396
9,85,292868.38897113566,50.71127434809955,26.7533256980999
9,86,322279.5974678931,38.54240336602673,27.111116741654154
9,87,255074.79802191688,76.57717940300036,26.724343535468098
9,88,265849.5860205735,72.0799967234959,26.67720356948873
9,89,285247.1745216623,49.022447799169115,26.978913362225157
9,90,247668.02497163822,74.38022263164412,26.925737226867998
9,91,274186.06853054464,58.29650773938374,26.728874985906607
9,92,248054.02169555117,81.86069763248479,26.816502568192746
9,93,255911.2434390484,80.43241954429567,26.713044372422544
9,94,281647.29563910206,49.276755540076586,26.893270994504782
9,95,279486.7504808025,57.55195730899182,26.700007964886193
9,96,275825.3647099939,63.65069471364673,26.69074262728237
9,97,267499.73834468634,62.86877478008278,26.72688303794645
9,98,250228.0733521779,81.51978110604068,26.69544945043886
9,99,264324.341814895,79.32400688889014,26.643481771982795
9,100,263927.8746048437,73.56029916001638,26.672573180721376
9,101,282172.4857107551,52.12078512587455,26.71910864722728
9,102,273095.3559971226,54.51005980557041,26.76938770874364
9,103,239179.35227611466,81.03556306715728,26.851593064693972
9,104,249075.0453285245,81.77618003742283,26.716410214454747
9,105,261776.66098581103,73.938321468417,26.704482958770058
9,106,245734.3575135747,79.65848971107565,26.831317357935237
9,107,272310.52492939547,58.714537736229936,26.750003975224296
9,108,266254.2294610443,59.05088825184685,26.755297966360587
9,109,279867.04172404064,63.42997756192119,26.679695840242385
9,110,261722.0303311834,73.13106207086108,26.709359142101306
9,111,285428.1879209484,50.918018999278104,26.76364089478989
9,112,264384.14113231405,59.69916328687854,26.762935920869854
9,113,275129.8853111945,62.67731362993648,26.717365600600157
9,114,261238.54757949803,65.43092303178064,26.77180846341908
9,115,271594.03172243264,57.86408476546299,26.758522544325658
9,116,245595.02363514976,74.57151239353627,26.86245880320449
9,117,265938.35370446806,63.0456293541215,26.74275670998476
9,118,266574.7511617128,65.04878335538966,26.6849749267262
9,119,259793.3157912475,65.1438896332954,26.836887607718115
9,120,251611.11655243117,65.35597919827359,26.785258664599898
10,1,262995.55885087425,37.214069665354316,27.199339192003237
10,2,193513.60692429985,67.43203458939188,26.72115549123079
10,3,184737.1999488182,79.11388980825585,26.723671354688427
10,4,184737.1999488182,79.11388980825585,26.723671354688427
10,5,158192.77795925038,70.58056307722256,26.884033434388186
10,6,254759.86604699347,38.426319319643426,27.155819672922114
10,7,254759.86604699347,38.426319319643426,27.155819672922114
10,8,201337.15997489303,43.38804920092794,26.96568760684918
10,9,201337.15997489303,43.38804920092794,26.96568760684918
10,10,246394.66230265473,45.27511850409753,26.865222210395075
10,11,168939.50183937562,74.18798888285095,26.765138747993383
10,12,211544.17008331648,41.80423904942741,26.956851577475852
10,13,216099.48907324352,47.328698000682074,26.88577161696942
10,14,231990.7298257226,43.03945416521073,26.902188454337313
10,15,159407.7596938901,68.68299383568862,26.815022557469064
10,16,235150.79243395527,45.28159924004786,26.89415098478659
10,17,239923.62949625586,46.60529093863585,26.851717934640938
10,18,167153.14990962428,65.26441234183284,26.799451395731694
10,19,239366.8876903574,38.50189608449042,26.899850836740825
10,20,228193.88609495843,40.263005168258836,26.924862982096172
10,21,228219.920135729,44.47220591200389,26.919086024602173
10,22,219371.1077643397,48.456181191402194,26.867430933178618
10,23,211185.38463071478,48.561137605197075,26.860760455812766
10,24,200030.76311869238,66.03180882337196,26.72313676807063
10,25,207440.74191896088,48.852635482767475,26.87198682097356
10,26,211670.39569879,51.22509401769843,26.852740597194646
10,27,198030.52703962786,49.79786687461008,26.87689231828606
10,28,231767.0756397544,44.49979105002022,26.906287508889434
10,29,172053.30455138127,64.11172432878281,26.794994163625105
10,30,217468.08670640254,50.479450295941255,26.856309041701905
10,31,163884.73333669733,63.02724932584962,26.825404066064614
10,32,173639.87454943566,56.38544765577452,26.83969109772621
10,33,162370.49937846462,64.67207091656182,26.862754932971306
10,34,244461.64473892693,40.74499806900315,26.889246130560302
10,35,244461.64473892693,40.74499806900315,26.889246130560302
10,36,202788.77189147865,44.82571583585362,26.941255801703107
10,37,202788.77189147865,44.82571583585362,26.941255801703107
10,38,201814.43748827855,55.545610316629805,26.78103561206315
10,39,238390.65181696584,41.41880823820367,26.890529273401384
10,40,238390.65181696584,41.41880823820367,26.890529273401384
10,41,203960.87703583372,60.05238329743554,26.758981140336182
10,42,198796.85589677095,45.94901225589029,26.926648528191542
10,43,199475.81815878785,49.07683358536075,26.916009816179496
10,44,226422.64939614318,51.050124695272515,26.819715672245188
10,45,224685.25042310162,45.335031198534814,26.861324732721137
10,46,227481.21883842218,50.17422580189717,26.8045998061947
10,47,171863.5626014746,73.92191939884394,26.781972068172173
10,48,185434.50043277626,72.85682699145796,26.72467196948879
10,49,221768.4213936885,48.92988572469097,26.846575750004057
10,50,170245.2831324744,58.89831261886341,26.83494506259253
10,51,176858.45781046996,54.356888791517584,26.813692663903105
10,52,223605.86351700025,45.8639370683946,26.90690629246948
10,53,181994.29079869058,58.196594841338616,26.808806762464684
10,54,187153.8386136898,62.921521005333325,26.74312953768336
10,55,189115.71565289944,52.62601351377273,26.84584455484851
10,56,181408.8702942739,63.07738537927918,26.774911539104494
10,57,174068.84013278084,71.75385007587609,26.76926192656795
10,58,200717.2076903266,45.24314250278032,26.91199267426537
10,59,197800.8147906089,52.27684618388386,26.827503229198527
10,60,176593.39639704116,71.04720063554954,26.772098905185892
10,61,185341.24125235146,65.68324472148626,26.7363978931715
10,62,195275.77082326103,50.047893478283704,26.89963642242364
10,63,196576.6671964911,48.15709878629807,26.922015204436086
10,64,167176.05027475703,72.24854206503572,26.790357012161316
10,65,176283.7836549723,51.81865193048963,26.887303513731965
10,66,188431.99620688564,58.08439270038822,26.775919280721105
10,67,178981.80326082098,67.87971723161125,26.765540925390376
10,68,172219.7052980056,62.43926540426302,26.821278155477806
10,69,171166.42555536336,64.69514454153705,26.824240035095833
10,70,216781.449179972,48.24495017134522,26.872705942134658
10,71,177099.95386573437,61.784587395992176,26.782518541377257
10,72,178039.80810094078,59.56827790042871,26.811001665879743
10,73,223058.85968981488,45.88153238356247,26.893440637632693
10,74,174962.54977403363,64.49443686469628,26.78000183222585
10,75,197007.5194248976,46.68872050472318,26.918994830171187
10,76,197272.12691233307,52.4654714181752,26.850658548488923
10,77,226726.9871906072,40.66056046372474,26.919678864658785
10,78,168001.23247748727,62.2456124634299,26.83494506259253
10,79,172539.0978014048,61.494612302904066,26.81079854192562
10,80,204522.28820754497,53.203464413252796,26.772754509402056
10,81,173897.63118777092,59.4096704285039,26.833311707141938
10,82,171240.40161762055,64.37306341370724,26.81507668119896
10,83,182193.3234792707,51.22592030835657,26.93473789810937
10,84,182193.3234792707,51.22592030835657,26.93473789810937
10,85,173423.66489580958,65.28006587249635,26.79033710452564
10,86,177687.08800658514,68.21645959021552,26.75945564279766
10,87,184134.62408151955,51.75978354449582,26.872391438680978
10,88,207049.18091299693,48.8749313560056,26.865024152145054
10,89,183278.64468541654,68.17684752513196,26.738858931109817
10,90,175242.46847008757,62.14127221105487,26.781211505656103
10,91,168510.34920245907,57.577502886152814,26.846840871247316
10,92,192494.08687475184,48.47806753989622,26.940217608073254
10,93,205602.35044088535,56.06369533116309,26.76270674523459
10,94,181064.0822660331,58.902779359550415,26.7806226137237
10,95,188089.35939921805,50.644635054965995,26.924725585487728
10,96,189719.04791501333,61.23546024698693,26.72880016113119
10,97,183606.60707533898,54.19425612006978,26.825841039672518
10,98,176566.84325937403,55.76632538443275,26.82594773196844
10,99,195805.70393312717,53.47056100472984,26.824245759168768
10,100,175133.25528117607,61.134473483681546,26.832274600253385
10,101,182177.5721574317,53.94281445744556,26.852095815315785
10,102,179652.91493972755,64.64870717578926,26.762629575027724
10,103,191085.431718442,50.65442690500763,26.921198520061758
10,104,191842.79033896295,54.95891779916146,26.80558114784619
10,105,181966.07648152576,60.4569818995656,26.75041924395184
10,106,199757.02589595702,66.1138257046554,26.71882999173821
10,107,192451.18550122762,57.06867639478089,26.787308004878454
10,108,180191.0587635517,76.31099688074646,26.72624995960644
10,109,182109.13653775732,70.14929943302788,26.72664517201715
10,110,175023.26138416893,72.01365618572446,26.766195304442576
10,111,203721.78683673491,44.30301705046274,26.92750347604273
10,112,174495.72077028648,51.9772593874897,26.894634361114797
10,113,178076.34356919868,67.04076869744614,26.766846908718456
10,114,205112.2312982677,52.95244073537886,26.812160264295386
10,115,205962.6591188238,59.14166559565821,26.75779432234203
10,116,176755.44492940756,69.22082181084895,26.72688045520041
11,1,306944.5098024847,52.650570078582845,28.36318728595927
11,2,306944.5098024847,52.650570078582845,28.36318728595927
11,3,379453.27444684034,43.659744909736325,29.506289236662155
11,4,379453.27444684034,43.659744909736325,29.506289236662155
11,5,317046.63779608835,51.62069327024265,28.480115720963113
11,6,317046.63779608835,51.62069327024265,28.480115720963113
11,7,301207.6988522589,66.79754340851507,27.48354245934488
11,8,314517.1496710543,51.81045566928844,28.083217672369354
11,9,281349.1860962132,62.66400788838097,27.665375921844472
11,10,277891.8344320475,63.20257592299289,27.570193378982374
11,11,299528.30580250686,57.59376206396909,27.62591891221495
11,12,280606.93606256385,57.50745126775722,27.91747846080455
11,13,278284.5079720315,70.02581721541745,27.45433332103854
11,14,325585.06823652907,51.626992879067636,28.081420353024214
11,15,321357.88026576064,50.974704900911036,28.322914616374874
11,16,272121.21444140497,63.08297690707585,27.890564869605594
11,17,309357.3186301254,52.55397315839449,27.909661766206032
11,18,287973.22630692134,54.21360128721108,27.76009593913891
11,19,304049.2713895403,60.503137448436,27.536509815156634
11,20,317713.55040513596,52.48705406297332,27.99504562115457
11,21,249560.2500132454,78.14509508521031,27.750914817445388
11,22,314680.55420889024,52.04120725321331,28.061902395704458
11,23,302693.8247038987,74.40079306718808,27.370193449765736
11,24,295585.72808236297,53.39927883340599,27.974682117950323
11,25,269618.5637079765,64.42366374916642,27.596097350265403
11,26,314971.1143628434,53.351296766246165,27.72378468851379
11,27,255857.2798868561,72.15258165183207,27.54587499471461
11,28,303303.5331484128,68.17975170124467,27.362578427435878
11,29,303303.5331484128,68.17975170124467,27.362578427435878
11,30,360422.92512508284,46.99880594969485,29.337990169271315
11,31,321772.77358859906,51.5008158074077,28.158238577252593
11,32,266583.24484564574,68.19466147175598,27.521651469491772
11,33,251344.00432396072,75.88362823142175,27.48288248567333
11,34,260724.78540293037,68.06944870404917,27.61152258966745
11,35,276928.17837364797,58.310377416462316,27.9007137406109
11,36,272650.3252271568,62.58196284128715,27.692321695620496
11,37,260083.21955034306,68.74132718399257,27.468450850338225
11,38,305747.4608033739,64.85348222607382,27.48354245934488
11,39,245943.551669465,90.3971137995515,27.74427195817184
11,40,330486.7791231169,50.21760436936646,28.390074482350197
11,41,246636.66257337597,81.71909572053481,27.65504424401096
11,42,255845.25792649586,74.24889218518068,27.71341785402627
11,43,266105.1026108336,71.39327295990033,27.437932698073745
11,44,300677.2831690294,52.78873045868625,27.939518362875553
11,45,302943.58317168575,73.36112846274663,27.341895686002466
11,46,256039.0034808271,72.14462339043386,27.370262433776713
11,47,293460.931901361,63.80631401818395,27.541398960277412
11,48,286221.35588174046,65.25765896008497,27.49019318139861
11,49,295403.4968584907,61.35811687008014,27.621763330571774
11,50,248755.83961520638,78.4314662450929,27.649237614554877
11,51,367740.68046908645,46.66892365362177,29.26722739196758
11,52,297186.33363327314,62.676463442794024,27.604581194781794
11,53,325160.35186773964,49.31513090384324,28.628160714998835
11,54,264270.40197242744,64.98967238516623,27.5853576355737
11,55,282562.34645766957,56.07590562913249,27.939264000483984
11,56,286845.63899171504,55.50144803137059,27.83259681461462
11,57,299577.3102226469,52.716542013212006,28.0683160522847
11,58,268428.5472514348,68.15239040227476,27.55130619566618
11,59,310327.71218635153,53.54857752939526,27.74534236922589
11,60,285661.2775261689,57.62177390319355,27.669747617434734
11,61,245232.93369121983,95.94063649446954,27.660920467205866
11,62,331004.6863308529,47.66408980751362,28.255281807153825
11,63,284422.4839493889,57.209353774977785,27.830303517071076
11,64,270893.86065174954,67.71581014954819,27.52676982433165
11,65,326417.34016591177,48.563393581840785,28.555068986633103
11,66,254052.2374585668,68.59097998297521,27.719747420840584
11,67,260613.24566584761,68.33712452625532,27.999869605632647
11,68,280378.66374275956,56.85119033099455,27.939264000483984
11,69,274206.8071291393,59.260854459297136,27.693911652413334
11,70,283807.76307983045,58.68849006896663,27.624024382234914
12,1,237984.41440182953,38.72618085881394,26.843283437345306
12,2,222579.36448838358,34.55369972065945,26.946992716711485
12,3,222579.36448838358,34.55369972065945,26.946992716711485
12,4,193948.58011334972,61.22763991579998,26.73864256640035
12,5,175830.40035956603,71.76907459956253,26.78497603456035
12,6,220439.941895814,37.36010442090434,26.989811570312227
12,7,164954.70658606774,66.35469904917831,26.802767440620883
12,8,227841.51062318284,37.31789374946467,26.856151649442637
12,9,233851.67042955043,35.463795466667506,26.88510898064731
12,10,201040.95141868174,38.37567503672341,26.927211035421358
12,11,222127.9293519734,34.821536182233714,26.90902084158489
12,12,184892.18418422673,68.35487031313188,26.74961555394794
12,13,217043.23216866574,37.636421859553046,26.866304163669255
12,14,232026.42551742753,47.29433745490833,26.774251151473237
12,15,179127.8202099599,58.82795057507546,26.76304304266023
12,16,210826.2355693372,37.763113737968325,26.899419818191014
12,17,210826.2355693372,37.763113737968325,26.899419818191014
12,18,185350.7926494617,48.56763181011462,26.885224815982205
12,19,166108.14493232334,71.02978162229466,26.79418393241174
12,20,195287.84851463896,43.9719884044131,26.874289120134492
12,21,198341.62323951328,40.97381666839317,26.923082808327415
12,22,210877.44129608516,49.810671993024975,26.803364267800866
12,23,196922.16074946674,58.746939351379694,26.752744876737268
12,24,187457.12450770213,47.28524014002844,26.84758772155775
12,25,223943.25953687803,39.71374263013788,26.86511578543046
12,26,166475.03571457035,69.70072453792064,26.79605120512109
12,27,179352.96939850223,53.552274567861765,26.800664335133526
12,28,214146.43294698052,39.65115415630922,26.879131489390232
12,29,214146.43294698052,39.65115415630922,26.879131489390232
12,30,207052.363795756,42.17511912094678,26.81539760992169
12,31,176873.53761791697,63.58442535345116,26.782766664793243
12,32,202448.70184957626,39.828205008458205,26.915587936994875
12,33,174740.01127713325,60.46688648076506,26.796904211619108
12,34,190922.24989012675,48.536783615998395,26.842383748973916
12,35,172387.68577491905,54.7137021050675,26.81141162908289
12,36,200041.16609338348,40.08480976348888,26.91425019715728
12,37,168088.22139282647,69.15020315031143,26.78684760980373
12,38,205969.87904406808,39.52557783637066,26.87919075049131
12,39,169001.98515236692,62.363331185199925,26.791056259366535
12,40,177544.87775146266,68.64323673437342,26.777498249776123
12,41,205333.5447255027,45.121871107595524,26.81994075093276
12,42,169359.35587703076,59.88054481407777,26.851483681726904
12,43,167263.23346382738,64.68236491107375,26.801586124144492
12,44,215885.7999372805,47.68903346858123,26.800805374316667
12,45,198025.3267207467,43.857571879952005,26.856181797372543
12,46,191754.3532373014,63.24139142721777,26.746098557223334
12,47,207595.9578474247,44.807343197956584,26.812711247467924
12,48,193774.67094064318,59.608575763910515,26.743023978881112
12,49,178843.62022297858,52.58682191060916,26.81421337863788
12,50,176734.50414155194,57.19276622104139,26.80209959807211
12,51,183964.29367539074,48.69217449135434,26.804691511705933
12,52,183964.29367539074,48.69217449135434,26.804691511705933
12,53,186919.80164873356,47.74581221479708,26.850614601921947
12,54,191846.1139776321,45.84855349375195,26.861214459260765
12,55,192601.71509206633,46.814769332431766,26.84198178093449
12,56,198772.99312743937,57.77628835218767,26.772893700285707
12,57,170731.67466887136,59.416384549891326,26.84735545463296
12,58,193192.41898175856,44.47378462292054,26.847279721761083
12,59,191354.9027547155,48.47268101675091,26.833428656094497
12,60,223273.1258780906,40.22845461649932,26.803418847137877
12,61,203436.85506386077,41.894732282599065,26.84039436429429
12,62,203436.85506386077,41.894732282599065,26.84039436429429
12,63,171860.40394503786,60.187716353144815,26.820961121067697
12,64,165018.45976052104,64.84153295792885,26.823401124830752
12,65,194193.10944761033,55.31442637562768,26.785417766328578
12,66,208769.85257333505,43.022700352027925,26.806522018694032
12,67,208769.85257333505,43.022700352027925,26.806522018694032
12,68,180654.8212596429,52.39963029753797,26.817893613108645
12,69,180654.8212596429,52.39963029753797,26.817893613108645
12,70,196504.3517787049,59.58030714354919,26.746098557223334
12,71,182065.26395192157,50.2846239337654,26.786381267119047
12,72,183605.9482173561,56.39699633470326,26.77618339776832
12,73,171433.69471289645,61.85274476264225,26.805344873973546
12,74,199002.93477827392,45.77183996340246,26.823224449902042
12,75,196633.7134089669,45.89903919157594,26.805897690371914
12,76,208749.58784371032,37.76468204662936,26.88229159803315
12,77,181813.39923998172,51.0421192443942,26.811289916637293
12,78,180388.9538410998,56.34139413812214,26.783592605140726
12,79,204297.54314972562,45.49801442585323,26.810858552229178
12,80,198286.5796103232,43.175824947060974,26.86598128082801
12,81,194727.73057061978,44.109090602386495,26.833991744004223
12,82,191466.92370641677,57.93307352202496,26.769992903342796
12,83,191466.92370641677,57.93307352202496,26.769992903342796
12,84,169006.93405660146,65.73459149929283,26.78811071961072
12,85,191708.67023683214,56.58208340934679,26.77542641412969
12,86,179037.04948520506,51.16972862448308,26.835459902194117
12,87,174065.72177910473,59.82701055281946,26.80913558002689
12,88,174065.72177910473,59.82701055281946,26.80913558002689
12,89,197708.4086422092,45.856395363983125,26.82801066379089
12,90,208553.77068109578,40.04962873926887,26.864002295681274
12,91,203830.5622051721,38.47402361375773,26.881622148221354
12,92,164993.6934941728,65.36134897336504,26.81411703520073
12,93,178225.19578472292,51.56412426679974,26.824996817558663
12,94,178225.19578472292,51.56412426679974,26.824996817558663
12,95,176022.19424786302,61.08487758872966,26.795356186314528
12,96,176970.61246884902,54.02252580715844,26.80873937462421
12,97,191575.83701602864,47.76166332960575,26.837234371947048
12,98,194564.57434472832,46.924893673651134,26.83932900130724
12,99,178264.23246752916,62.10039023532084,26.777096322157398
12,100,171364.81346652936,58.457535498373446,26.826648672385843
12,101,182369.29865153952,49.938217107207855,26.810415828324416
12,102,182369.29865153952,49.938217107207855,26.810415828324416
12,103,170809.67007068786,60.301079571789266,26.8307739364949
12,104,181595.40681046984,54.91714493469223,26.790254834811265
12,105,203723.04759668995,40.66288626682428,26.864028859611977
12,106,202498.10280207172,44.54207578876912,26.82727307114824
12,107,167224.24655572238,65.67571498688702,26.790236529564645
12,108,176197.63343619206,55.773750405570176,26.807514239104734
12,109,176197.63343619206,55.773750405570176,26.807514239104734
12,110,171083.0296510016,56.162146633016455,26.85121878362893
12,111,194507.58992802474,50.171791681034684,26.788845774888223
12,112,203696.65777269698,45.474952882800544,26.82393492479983
12,113,181496.8828058734,49.84755228414492,26.84078551622877
12,114,178228.7757997338,57.851898017879314,26.793200277165298
12,115,178240.51613385047,58.270728001602585,26.78647600033517
12,116,198922.21273197758,40.86275685153898,26.841165808291223
12,117,177746.8733501479,53.92971410951958,26.840170148413755
12,118,178221.84406427416,56.19400513355476,26.79533234410964
12,119,191611.54895995915,48.65124433524825,26.8310752124924
12,120,192744.42338509485,49.90192811652796,26.789745353077365
13,1,280642.9916075854,42.997214799756065,27.476037277794084
13,2,280642.9916075854,42.997214799756065,27.476037277794084
13,3,280642.9916075854,42.997214799756065,27.476037277794084
13,4,280642.9916075854,42.997214799756065,27.476037277794084
13,5,280642.9916075854,42.997214799756065,27.476037277794084
13,6,280642.9916075854,42.997214799756065,27.476037277794084
13,7,280642.9916075854,42.997214799756065,27.476037277794084
13,8,280642.9916075854,42.997214799756065,27.476037277794084
13,9,280642.9916075854,42.997214799756065,27.476037277794084
13,10,280642.9916075854,42.997214799756065,27.476037277794084
13,11,280642.9916075854,42.997214799756065,27.476037277794084
13,12,280642.9916075854,42.997214799756065,27.476037277794084
13,13,280642.9916075854,42.997214799756065,27.476037277794084
13,14,280642.9916075854,42.997214799756065,27.476037277794084
13,15,280642.9916075854,42.997214799756065,27.476037277794084
13,16,280642.9916075854,42.997214799756065,27.476037277794084
13,17,280642.9916075854,42.997214799756065,27.476037277794084
13,18,280642.9916075854,42.997214799756065,27.476037277794084
13,19,280642.9916075854,42.997214799756065,27.476037277794084
13,20,280642.9916075854,42.997214799756065,27.476037277794084
13,21,280642.9916075854,42.997214799756065,27.476037277794084
13,22,280642.9916075854,42.997214799756065,27.476037277794084
13,23,280642.9916075854,42.997214799756065,27.476037277794084
13,24,273851.32586292585,42.47293086396602,27.57396796777458
13,25,273851.32586292585,42.47293086396602,27.57396796777458
13,26,226735.39927403245,68.45954131345817,27.077789337266722
13,27,266547.7918403736,42.68973800864187,27.505531451013724
13,28,249770.43541830298,45.47948856511951,27.3957198720979
13,29,259297.90796419798,43.175823628692996,27.34923940068827
13,30,252586.65163324712,43.304144847075726,27.306603552911227
13,31,252586.65163324712,43.304144847075726,27.306603552911227
13,32,252586.65163324712,43.304144847075726,27.306603552911227
13,33,273512.8688517929,42.737932719627054,27.487097667897878
13,34,256819.55701875596,46.02606545463592,27.265954605093697
13,35,192018.79756284127,85.64891928039302,27.17585555683381
13,36,199130.5602383108,65.54770940637758,27.16852854697082
13,37,243264.80746929438,58.05324948468861,27.115374595321356
13,38,217333.8781148274,64.47294694564194,27.102950493354122
13,39,236011.5935426664,51.02980844599324,27.126664627140066
13,40,216201.99839514168,54.315761277444125,27.22913750610754
13,41,196973.37341041846,65.5306648159389,27.225896092258196
13,42,196448.6685300998,73.07824622645087,27.210582479451205
13,43,214456.45104692632,54.68521310272417,27.341639316881484
13,44,221107.68099346381,59.365697029246746,27.137005086025816
13,45,221173.26333009318,55.16024104177373,27.16986088057451
13,46,196971.76526405566,71.90815548204759,27.154479876833086
13,47,219336.03675931928,50.86021910695148,27.19022457993271
13,48,198643.34479248634,76.52122964955788,27.142976054678662
13,49,214063.1220742533,77.31858021086553,27.07119111747307
13,50,223269.95834637605,50.699545336194525,27.12964541127699
13,51,212713.97416170707,78.1431275963136,27.057304089012035
13,52,213443.17229692562,67.50726155145044,27.094364543238164
13,53,192997.0013943094,75.0313685052244,27.183874182659665
13,54,187809.41770006059,92.45806323705868,27.2016391569731
13,55,252550.31019265423,46.126000096489626,27.273098855578887
13,56,218939.65591158488,55.96369999098054,27.164251775683567
13,57,197040.48371752247,66.84946308649776,27.14660095644652
13,58,197040.48371752247,66.84946308649776,27.14660095644652
13,59,192735.82009909314,82.72987889354161,27.193455477765745
13,60,212215.23284170227,58.02517928171277,27.174569746727002
13,61,202848.98034960518,78.05614308270387,27.126229504526137
13,62,206580.4640682801,68.95600474482498,27.112679671688
13,63,186817.48477353255,94.30763465997528,27.197839440813098
13,64,218994.5905562019,55.29594339134854,27.16985285128871
13,65,232312.4116144239,64.97756531046421,27.06769481499591
13,66,207698.91177423456,59.91482303082109,27.12276291467039
13,67,244747.37818126802,60.42708734366828,27.0916379381515
13,68,223671.2173810487,58.64186305242245,27.126275586558997
13,69,212906.7843379873,56.583324721148315,27.19772148027542
13,70,214607.19573607485,74.46465733870878,27.057775330521757
13,71,197071.18533838115,64.4663859682084,27.21208721913699
13,72,219718.34213969277,57.41019391333643,27.15023090268115
13,73,211881.61094074338,68.11063499305116,27.08377686614803
13,74,221234.6028228515,53.843730654656504,27.164302044577028
13,75,233035.538270488,57.80341831328673,27.123700188827208
13,76,194373.80455935694,84.58736506579531,27.131823699357767
13,77,203059.30233124338,62.281352262902,27.11607423647652
13,78,223717.82367819676,46.65996358469883,27.17649778427628
13,79,230942.96453030972,67.06881214341735,27.084027036140924
13,80,217049.98544442665,55.482410033445795,27.188173380097197
13,81,217529.49141392505,63.884614352669566,27.08436362039746
13,82,196027.79873442888,65.60036860773135,27.259639794529534
13,83,184094.8506807397,70.68031615718446,27.236862138749494
13,84,193598.03554561918,74.03043817719801,27.150007402756017
13,85,253413.17573763264,43.298213659603206,27.305606009959135
13,86,188001.79175418132,87.88109985566513,27.185773139323317
13,87,257138.1099467047,44.96483874919007,27.30445434809237
13,88,207254.19739198126,59.40317786462978,27.132722899568165
13,89,276303.6688023036,39.99220008152534,27.476310928983835
13,90,217341.53529647333,78.0861716957796,27.050181081216373
13,91,206203.62679313842,71.19412988850748,27.07178993571491
13,92,221521.16909462353,62.34933431558471,27.106171010679184
13,93,242179.56212845206,62.66613813736013,27.074518098538242
13,94,202165.55342697195,80.38331524030338,27.090942623842054
14,1,410219.34117668495,41.39365255670095,26.92490681995838
14,2,283087.12682208064,71.30031449711342,26.53739090804492
14,3,245359.1603724826,89.07558047101475,26.6119862888251
14,4,353510.8480557717,41.58949764727272,26.74292467057876
14,5,353510.8480557717,41.58949764727272,26.74292467057876
14,6,357218.803389834,43.71669747080133,26.71996531851967
14,7,248884.82608857797,84.65601031200052,26.612817399344138
14,8,251820.67545289733,80.66802614974021,26.7013755148065
14,9,341145.4120192481,46.29667233939371,26.70005725246262
14,10,252570.94247188445,86.607833760875,26.611699872222772
14,11,336450.3330879942,46.76675323030023,26.713173291981185
14,12,302170.40277585253,49.6752983728052,26.7054978883344
14,13,350959.50570669025,45.88508124335445,26.677763293855854
14,14,309573.74145400064,51.61011094796479,26.64040566810739
14,15,323165.6677654537,50.98628054827531,26.65103235162723
14,16,260564.72782089293,79.52400538445343,26.59415967066589
14,17,271108.0566251262,77.38693326840983,26.565268572715773
14,18,313860.7915670144,53.53435648267458,26.602299528519453
14,19,337097.15285583,46.737205690003094,26.72727874920399
14,20,273414.6507203519,60.10946393673436,26.63729496921008
14,21,325145.6158445357,47.923588556761395,26.73299338309539
14,22,293765.23859810084,65.91312541939773,26.552703456253127
14,23,297911.240711684,50.780878608119686,26.67083162363503
14,24,355338.93376962026,44.898306095836176,26.687215865654082
14,25,290323.7500910484,56.49777852998938,26.619438228601226
14,26,263529.8313521903,71.46885536909444,26.64962423337674
14,27,286385.1684171155,55.28157894990119,26.656051838577376
14,28,306368.01951222593,50.90372124094161,26.657356889752037
14,29,258955.18055952774,67.60397999241923,26.707827623104073
14,30,293247.3350054026,69.32719791773134,26.549633807090473
14,31,308967.6097371645,48.60944673707514,26.662479377777416
14,32,346140.8217484137,45.447798632157564,26.72889105922306
14,33,290583.3053360444,59.26356186334858,26.566793010478513
14,34,327461.3512856056,45.48280084169374,26.736590648502663
14,35,283782.74441937904,60.79378656553206,26.629594397828022
14,36,302890.13204873103,52.412709388448945,26.605849512567012
14,37,331953.47815389093,50.04901633109646,26.639577514160912
14,38,331953.47815389093,50.04901633109646,26.639577514160912
14,39,266450.92707912624,87.77282366262807,26.56879680769952
14,40,346460.3164755526,45.43215275449038,26.736789997507124
14,41,264252.32024982525,65.01879460465221,26.6684405708426
14,42,264024.9329445859,68.66460054342598,26.6066288561482
14,43,283465.5098309209,58.13980342829262,26.681612318574942
14,44,287418.2215390851,54.61407333689056,26.62627231531733
14,45,271517.17747982655,63.15943326059983,26.583747908190894
14,46,272411.5545962084,66.94571422508449,26.57479036372726
14,47,276318.6546051305,62.59347602765656,26.579968156130057
14,48,256937.52201457083,80.15029149146937,26.601653425940732
14,49,259057.5033288351,74.70211069181848,26.63616338090629
14,50,267605.8668225804,67.3278901304416,26.57226660465048
14,51,269584.3751013684,64.49665464876072,26.70386364271166
14,52,331376.94351494074,52.0874445920992,26.601681851103386
14,53,246980.76601942076,88.06787354755603,26.583056058479933
14,54,259066.05789573077,72.52007525386315,26.611599602437586
14,55,285638.2562944736,70.82507100755777,26.56400177775849
14,56,318171.49255991704,51.718871498220125,26.63725821290606
14,57,318171.49255991704,51.718871498220125,26.63725821290606
14,58,297656.4590501163,53.083114258290486,26.6649251545805
14,59,254311.65640913276,80.59956565226263,26.5956139094961
14,60,262363.0109936814,68.72146924573951,26.66058587910385
14,61,265023.21295724815,88.54647921591919,26.565694281841395
14,62,295720.80504986853,52.258908831815134,26.71682740645406
14,63,287930.9863992239,60.9965799523686,26.55388974170844
14,64,284174.8012519823,59.18074756144666,26.617218994506914
14,65,281588.23329406086,71.32699082135608,26.560869430481652
14,66,253983.46067646166,75.477205796424,26.666707929786362
14,67,280796.0639998475,69.61399716459059,26.572147297687273
14,68,258840.67556889745,75.17798315187234,26.620318248991936
14,69,283082.1909767577,56.91213528183709,26.6946019820611
14,70,297529.85663538787,54.43701707725225,26.666990034387815
14,71,272848.1846562286,61.48647963426208,26.69092539359214
14,72,324995.6093543432,48.44795491135375,26.6728886477325
14,73,270714.14987319417,75.96223963047375,26.57013338500932
14,74,279829.5195221488,76.51811285194123,26.55584048018141
14,75,283090.61547458573,61.114809427201834,26.590712444657235
14,76,270091.79755263415,64.23969974248432,26.6670535490179
14,77,271958.001997842,76.80954628890002,26.54748372199122
14,78,354979.47825077234,44.40923482412491,26.69454739136448
14,79,354979.47825077234,44.40923482412491,26.69454739136448
14,80,280309.88853816176,62.04095583718087,26.576855746167027
14,81,277465.77077213174,63.46969312612882,26.579446163557307
14,82,265944.50124578935,72.06516149270901,26.594394184045825
14,83,257063.3057440663,79.62934816131691,26.583624345768946
14,84,255598.7762343057,76.51034685448168,26.627683980849355
14,85,354515.399325544,48.31650474349107,26.67220777446783
14,86,272554.03004954144,61.358042269364574,26.737444880266445
14,87,282209.0838025777,58.5589616870446,26.66981572877586
14,88,277412.03716234665,58.80827045874856,26.665607462811238
14,89,258743.82724374678,73.54657621529006,26.662606430022173
14,90,255636.85645226808,80.42826994913347,26.619183442502226
14,91,259034.86932245054,73.324695913689,26.690755688427167
14,92,261835.19455092293,73.82954553059696,26.578866314409858
14,93,261835.19455092293,73.82954553059696,26.578866314409858
14,94,247536.9084607292,87.88409938946478,26.660959744660303
14,95,294212.7907615619,64.48375455308891,26.54181182225257
14,96,278256.9525704329,57.6122218712898,26.736272903802778
14,97,279619.60923726414,57.016135921734936,26.688546557840432
14,98,277498.4431675954,57.88936922949562,26.715100057601965
14,99,271893.9348397008,62.303933243439666,26.6537791901294
14,100,294291.04690788034,57.400156881188636,26.57757772646913
14,101,280209.6358118149,71.42591013624809,26.543914297995997
14,102,325668.37787156715,48.44668617156224,26.687875663995705
14,103,293824.82002836,57.313915783782214,26.605839802532316
14,104,286146.85167290375,53.59135419421116,26.677578861581466
14,105,286146.85167290375,53.59135419421116,26.677578861581466
14,106,276427.06352588674,72.30071521986454,26.56974611620558
14,107,285448.61365459877,57.827405270176314,26.591831306440405
14,108,316181.230130786,51.8898764246335,26.63640563091122
14,109,316181.230130786,51.8898764246335,26.63640563091122
14,110,296481.56818013196,57.65197280163984,26.57055199072282
14,111,270316.84308821516,74.92718559679753,26.571252193813272
14,112,260042.6426039981,76.9499070236476,26.594288972698813
14,113,265608.7727042043,73.64642953660957,26.575410880978332
14,114,278717.7296364815,62.516484713522274,26.61949219763647
14,115,259337.0948917043,70.87707060669207,26.656855893371024
14,116,287437.0865578376,64.38391577276559,26.56347038619041
14,117,282273.02853260393,61.19822658532535,26.627458815620905
14,118,284789.05346369196,56.991291683648846,26.6541771987589
14,119,259748.57603140982,69.4791844120537,26.65645311077283
14,120,309416.38211726426,50.910058014103384,26.65525185103271
15,1,286230.19273379707,29.913130687901212,27.2171175998798
15,2,286230.19273379707,29.913130687901212,27.2171175998798
15,3,286230.19273379707,29.913130687901212,27.2171175998798
15,4,286230.19273379707,29.913130687901212,27.2171175998798
15,5,285547.9795064915,34.75702353622991,27.170689712421954
15,6,266328.5586336628,42.447345210913625,27.19079977460384
15,7,196679.03521334543,77.16618661018265,26.847058436272057
15,8,198760.81700985017,81.43031978141329,26.83081011539074
15,9,265797.54136435647,37.80953224946524,27.25523098600042
15,10,265797.54136435647,37.80953224946524,27.25523098600042
15,11,231146.9482747694,59.46251084551968,26.809379207389902
15,12,273940.7486048357,38.015608339709644,27.037958611417544
15,13,267060.01791023376,40.95118489798419,27.21846294363585
15,14,222888.02825446462,52.08502695326878,27.13021044317785
15,15,262332.4743690169,45.16714552780443,27.038459379442287
15,16,284203.38580236473,31.21780163805251,27.232985936392296
15,17,271783.0864235949,40.85850809269175,27.02788742234204
15,18,271265.4120171809,42.578521396581486,27.10095314795513
15,19,271265.4120171809,42.578521396581486,27.10095314795513
15,20,228023.96912955964,55.83814196178103,26.938743804131356
15,21,285380.69345043733,30.416524669191983,27.223701205096766
15,22,285380.69345043733,30.416524669191983,27.223701205096766
15,23,231116.83478229234,62.39045460548713,26.807954523659085
15,24,254878.5275593267,45.043255939566805,27.102974057434466
15,25,237209.40913571176,48.07799221285924,26.91556738630935
15,26,270088.47546607634,44.63887250933375,27.087540405679555
15,27,223954.373275202,57.21276344741442,26.96229915874988
15,28,289572.569162818,37.26816648588782,27.133003962293905
15,29,233518.40041551436,52.169300771755516,26.890114290201268
15,30,233518.40041551436,52.169300771755516,26.890114290201268
15,31,223479.8927806556,58.486678846324295,26.873656737370887
15,32,274979.24312094366,32.2441110098066,27.227733197288003
15,33,205312.7171563026,87.44535935390883,26.792509510074417
15,34,236549.6621304653,66.4646081719119,26.743278399193223
15,35,236549.6621304653,66.4646081719119,26.743278399193223
15,36,236549.6621304653,66.4646081719119,26.743278399193223
15,37,236549.6621304653,66.4646081719119,26.743278399193223
15,38,272796.93450713484,38.36893031410866,27.234144092786792
15,39,222556.59496258435,57.408282391733024,26.970790981741906
15,40,236332.03847940027,65.10785990484989,26.776327621742375
15,41,265315.13697039156,44.549804913866794,27.10951641403875
15,42,225511.40039237295,57.147286410890764,26.870519293244378
15,43,209299.9064461476,79.16841167867541,26.759183405954566
15,44,284439.778878298,33.41421263975586,27.189888719635285
15,45,219970.77905689113,57.2350453796588,27.127357873377633
15,46,209238.08768706713,58.83478400671002,27.04854606923054
15,47,267243.6106189587,42.071625421054065,27.202630081370792
15,48,196630.83758799115,68.53759323262267,26.90960363125621
15,49,222320.86048469183,69.30366564296706,26.8017886377463
15,50,212340.0958523679,58.149553752934466,27.070269611356302
15,51,215999.74098369892,57.853442864630566,26.887272701203038
15,52,198772.19944605636,72.97432612961067,26.838527675759202
15,53,268058.9060348516,41.21619312372444,27.102232755936733
15,54,227132.5386072194,56.366580839966474,27.04534389987888
15,55,209755.28448141733,70.06383781180526,26.744556786849117
15,56,276558.0509331174,37.50597321768371,27.20790268489673
15,57,251449.62370675517,59.88031301850375,26.780777085358537
15,58,261887.98086772245,52.67646335965346,26.783941621727458
15,59,282668.9855369951,35.360754783970584,27.20783929832841
15,60,230553.01629043138,51.18217592729462,27.061585829238794
15,61,231890.429707055,55.72918261644898,26.839765899838596
15,62,223867.4875877716,57.06068894066186,27.109051010872072
15,63,222609.1743452352,54.18074413164679,27.128125456534775
15,64,243658.56182366205,45.87174091400081,26.801093388599583
15,65,204765.983388899,63.83786788192697,26.973031603373457
15,66,222397.9228913632,60.83368744994008,26.860834978480312
15,67,214485.90953081215,62.03368423529057,27.023639543616753
15,68,266130.11041389836,39.28857630210453,27.231510553971034
15,69,204209.38215000596,66.19186480966232,26.97636974384767
15,70,268862.03596561885,39.603682577389584,27.172347861729335
15,71,207592.63409094483,62.94142998926308,26.81129416754348
15,72,227246.74417937206,53.13840515301075,27.039248495909625
15,73,185206.5456855974,74.63064872441458,26.89387341043644
15,74,260649.92478271294,44.502154600608065,27.21914233937219
15,75,221191.6672565021,62.569633190373594,26.850747605393394
15,76,242065.10749283736,49.02771001980679,26.80606625334137
15,77,186331.07164807123,73.01545275390431,26.8507163752352
15,78,245255.00470831158,64.17144605709981,26.73895789375333
15,79,194988.11533123464,69.14172576640202,26.909146802412245
15,80,217832.01077978086,63.43910947842922,26.80290340809809
15,81,261253.4156960198,42.92728669901043,27.126255735637912
15,82,214574.5320544612,60.60192270266714,26.929272356399643
15,83,282810.645705569,32.455645319115504,27.208533268566875
15,84,272883.8081285958,36.97455653779065,27.260544771680124
15,85,216322.9665895913,60.92017861127437,26.87139935638298
15,86,223642.46207890532,61.64049046707367,26.842307151497593
15,87,232492.75440221967,75.29006849002091,26.734007587952902
15,88,200825.4620005067,64.05492328478624,27.050279926962894
15,89,235701.13021635375,66.28373980183582,26.766450030078282
15,90,262114.32273259567,39.821863082827875,27.24620173303392
15,91,260569.10067529217,44.22226358952711,27.275841854541717
15,92,233564.54477432542,55.190985491671874,26.78483902694105
15,93,237604.87846412064,50.140623452441574,26.85312213594198
15,94,281463.3545921161,37.01616953147674,27.17565430593796
15,95,257784.7720388194,45.193838267305,26.895361539549256
15,96,198780.5856738121,67.41957899119951,26.852028520956495
15,97,241010.32708404693,45.39388341875678,27.18689530706355
15,98,230738.6534274355,53.967531881512585,26.862849157396965
15,99,226111.61682584538,58.349432095984056,26.86004175635697
16,1,297533.01132469834,30.793222581066253,27.60675732648916
16,2,207838.02709905792,68.98439843426219,26.822609986897525
16,3,164256.0023666287,76.54290984223734,26.92679868659399
16,4,186822.7254446539,79.72548547612533,26.844407463351317
16,5,206801.44257467063,45.255268266160904,27.196494278440994
16,6,266374.44059661654,35.77678090001401,27.456062828426184
16,7,266374.44059661654,35.77678090001401,27.456062828426184
16,8,266374.44059661654,35.77678090001401,27.456062828426184
16,9,282757.2250511357,33.3854206844521,27.57354337202861
16,10,272007.0254940029,34.91020704130252,27.477710824581052
16,11,295377.73013455403,32.03999662883499,27.531559882371873
16,12,293560.0859983219,34.457631617622866,27.557362413676636
16,13,253194.40277663723,37.384993263043455,27.09388803069075
16,14,259304.87664793117,36.39999793811799,27.042977146403857
16,15,235143.53951258888,47.52927113344552,26.85631302016501
16,16,247415.38066711882,39.89976813608928,26.96432172032212
16,17,210522.7771501031,43.83142590317234,27.134253655296313
16,18,243945.06853030054,40.83163213490503,26.988144809234058
16,19,170473.1101516624,74.95701609767296,26.899479554664417
16,20,276119.1048726329,33.658443670310355,27.591407246014697
16,21,276119.1048726329,33.658443670310355,27.591407246014697
16,22,229225.82353951104,40.987646294500436,26.875898002144176
16,23,172597.20442707528,66.91989587374066,26.909226572746313
16,24,201155.0651676626,50.60610393889915,27.052092059398902
16,25,216667.6460625034,43.4986503852701,27.1200698231071
16,26,212387.3040490237,67.59441338859543,26.830235669606715
16,27,177787.62309881824,64.69001149730387,26.96634725623904
16,28,176043.00954871092,65.90726063476605,26.975647933841422
16,29,175258.75106810106,75.30611361192909,26.88382979596676
16,30,182174.1241721599,61.9316695444861,26.90578977977586
16,31,245018.28358788037,38.029216424852066,27.02630015984453
16,32,184905.53699768684,60.54818715688546,26.89390763284034
16,33,244522.36079487804,38.77165645469194,27.01871294971334
16,34,196528.23111238,69.29803064600355,26.83685174904032
16,35,196528.23111238,69.29803064600355,26.83685174904032
16,36,176771.8905607007,71.68583126672328,26.89453473787063
16,37,176771.8905607007,71.68583126672328,26.89453473787063
16,38,228302.96348446445,42.01280240138591,27.02330585959288
16,39,205459.39975982127,46.08908780655334,27.03008609806303
16,40,215610.99315507986,44.205828828805515,27.125690189803024
16,41,180007.00028614892,64.2662186777532,27.009758927715417
16,42,194136.013588082,58.84403582147932,26.853850156644462
16,43,190839.89197098697,55.02121755060084,27.00298389902685
16,44,221465.60281226298,42.52540570169915,27.04319374862368
16,45,192490.6080663125,72.99181817302599,26.84215951396333
16,46,253760.60509775765,37.36409785159073,27.04310620615756
16,47,253760.60509775765,37.36409785159073,27.04310620615756
16,48,200939.2315466683,56.77991602873645,26.88218466114276
16,49,187954.69877632888,60.403368412708254,26.88767621225547
16,50,228980.67092055123,47.234860787972885,26.885578642213098
16,51,177535.11277589912,68.7606284334222,26.86541496376931
16,52,199378.59694005433,57.89675094337516,26.907700554732834
16,53,199044.45043163965,51.84300783249878,26.978474568513278
16,54,216476.07771012702,45.14224207419082,26.99710591100412
16,55,196901.83587361057,52.31638973725116,26.9908761360792
16,56,186708.7507634126,55.942800481637605,27.047928525367112
16,57,218052.75333635384,52.391684837639175,26.85156006504235
16,58,188761.45807173557,55.6726702359262,26.95412531293877
16,59,193036.99530778412,53.693925431641894,27.037124871348766
16,60,176929.29675683827,73.89231409731632,26.883977662489137
16,61,180683.6778561944,63.644970369846746,26.93338643905262
16,62,196224.24823057294,52.74992952281038,26.963193698982117
16,63,212489.10591254386,50.95271615547746,26.93690634380566
16,64,210898.55905075656,49.76564165672589,26.98771378028168
16,65,181043.11231513004,58.34025024378223,26.95576621134463
16,66,213264.50063299175,48.530165554356444,26.96164983071244
16,67,194871.22573746857,59.68381796992107,26.84791610833858
16,68,194871.22573746857,59.68381796992107,26.84791610833858
16,69,209217.57715388254,49.9329149762856,26.943582300812928
16,70,205204.98452487765,50.167955602286646,27.00624944127585
16,71,180834.07319792718,62.88218622707819,26.855274953312147
16,72,224137.9985294007,43.913248667585194,27.012493690774072
16,73,204158.28340836646,51.504813919828614,26.897475021875422
16,74,219662.58474185006,50.787913099146266,26.869871625022867
16,75,181609.9122209557,61.306915736210186,26.948504460767808
16,76,209289.92913774363,61.17483240304272,26.835957646802164
16,77,189276.56120048382,73.60194466009558,26.85522044116398
16,78,223194.63777087358,45.61230049941949,26.91869159584575
16,79,208101.0506042961,61.497737678003226,26.84105865795601
16,80,225165.90036260762,43.934462602589,26.92559312846648
16,81,201825.95638803233,54.65756580665287,26.899287018658455
16,82,191899.07004186758,56.371603523718775,26.92881797998571
16,83,202937.4438936624,56.62486626833525,26.85991547781792
16,84,214469.0465773806,48.049861418843264,27.02187122568352
16,85,215043.6350857004,45.82665307235413,26.92419356723407
16,86,226615.39373686875,48.85693667496599,26.864459120564973
16,87,226615.39373686875,48.85693667496599,26.864459120564973
16,88,198315.77246418336,56.38124643413564,26.908507114571464
16,89,180256.17300301342,73.34793892919049,26.85926573606347
16,90,206437.91745300248,54.52553203153512,26.868196759774563
16,91,200171.0710792184,56.12490429297176,26.902394284384002
16,92,206971.3270511693,53.16158580129205,26.89635180404619
16,93,220957.24801119725,45.54499378167023,26.9528891460412
16,94,226787.70356026673,45.7350038204131,26.900019434247525
16,95,213814.04381122193,45.290409092316736,27.037991139643132
16,96,192721.4559736856,63.13935446428581,26.85156096092947
16,97,220452.88406863573,48.98911741753175,26.918618334496593
16,98,215476.30819704605,54.3852752985691,26.873522841031814
16,99,226736.13714785865,43.60274443797588,26.910716544066176
16,100,214147.70501620288,48.175308156805,26.97666839864256
16,101,186995.49195006725,58.12860570077499,26.899184940707613
16,102,207893.82926455507,63.47332272455306,26.84037248831641
16,103,222007.0542565533,50.559478167257204,26.874917653229815
16,104,209475.9633365992,49.7191542798461,27.001013112170668
16,105,217104.41746693462,49.30436402607949,26.91053074850474
16,106,210309.36602103463,51.3245482262965,26.899146728019687
16,107,219823.65698491712,54.141899327452606,26.843068881522917
16,108,206784.75398400516,49.488460899115,27.00481239354069
16,109,200369.97717944038,53.952174623478555,26.8993057463935
16,110,203392.31164049928,56.24231148844924,26.894362743710026
16,111,220227.6085750837,49.11822492336398,26.909533340055013
16,112,210188.7017377981,49.90628557850051,26.965683956672322
16,113,176042.76965903226,73.83314993179226,26.899479554664417
16,114,222217.16742299258,45.550116495585215,26.92559312846648
16,115,213344.0286944425,48.06125135735244,26.997916475076245
16,116,207512.5406176328,49.00228430566427,27.00111633317389
16,117,202994.2176844227,53.42334047768437,26.8993057463935
16,118,217067.07727475173,53.35498973268482,26.855065337796788
16,119,196410.82223735194,53.30176223172248,26.925427954555246
16,120,196410.82223735194,53.30176223172248,26.925427954555246
