Cluster,Solution,Distance,Turning,Elevation
1,1,238473.85652108997,87.02895506390801,27.39633591500926
1,2,326250.95546931354,38.759735612966246,27.90864068306973
1,3,315301.7262468223,36.093572845849124,28.04859932966143
1,4,324101.52784634236,35.829345379660445,27.957393084539362
1,5,324101.52784634236,35.829345379660445,27.957393084539362
1,6,234022.0509723526,73.62651874454993,27.726898788632102
1,7,253055.87126965073,66.91149310461053,27.15538515977368
1,8,237902.43298863128,82.08183315655039,27.43373534177091
1,9,240514.56419245788,80.20346173756704,27.50848733001468
1,10,246286.15034832503,83.58615868651145,27.254127122024585
1,11,249884.03700744334,69.74527195400103,27.262384263718282
1,12,242152.893577217,75.56008821800236,27.29325676243079
1,13,318367.1676139563,38.254774939464674,27.981076414659633
1,14,277773.6132915886,49.4944349586762,27.30911294261746
1,15,234296.14928484798,78.80776850439848,27.557397158928516
1,16,270882.72159345465,58.690063357095376,27.20226244191804
1,17,258207.24535344882,59.94974601800187,27.446658792428877
1,18,240867.1638552812,78.17087964590223,27.641391250341055
1,19,245717.4298922778,65.40930167720161,27.55624779976691
1,20,274366.37326442235,53.56723952212505,27.3068475850659
1,21,243338.5413215974,69.70168341798345,27.586785527159552
1,22,264286.76095799735,57.10569781357086,27.36717376382307
1,23,305097.50913637056,48.623835336919086,27.46867132563269
1,24,292323.98727851536,42.93572295633019,27.86517629489084
1,25,251227.70160435222,64.24602618610494,27.609527341148198
1,26,255283.07614241645,64.52611148457454,27.165263929699705
1,27,322394.4619871825,39.36385315319184,27.936900098664857
1,28,322394.4619871825,39.36385315319184,27.936900098664857
1,29,310278.8523770036,40.448773216768544,27.895667033551167
1,30,283443.61766073667,48.49061206466705,27.92161261860299
1,31,288584.5592394336,41.4976569148635,28.006119552291217
1,32,248686.82940277242,64.83021238118181,27.71983992191534
1,33,282863.53583294444,46.178799455195275,27.982705321573654
1,34,282863.53583294444,46.178799455195275,27.982705321573654
1,35,259450.344194179,55.85575597643286,27.398911805815242
1,36,252245.56946895333,63.006206376050386,27.779663163943415
1,37,313887.87142637704,44.105884422089794,27.688971838650115
1,38,239739.5025234586,80.71357962646778,27.322408437053582
1,39,244018.7181702164,66.66363466069718,27.286022338869905
1,40,251105.32531744608,65.19491562670535,27.63257084722558
1,41,286236.67656589596,48.0895851980277,27.913643937277918
1,42,302464.58385204134,43.144659819758424,27.748617510056455
1,43,304929.8322996017,40.69797915594818,27.951419198275225
1,44,289243.03515536,48.014746908339596,27.79568328057719
1,45,269472.95665685117,61.82349846131997,27.212098035290378
1,46,272457.2491182472,56.09753048852588,27.269785145819572
1,47,294797.9944843417,46.61152105699781,27.757236404395687
1,48,253499.91698835633,65.528490445256,27.2313437014709
1,49,297896.2399852225,42.60896068199049,27.978985266995164
1,50,268096.7363696383,56.57044247794334,27.312426628262028
1,51,307136.3112469822,37.699528867487416,27.99056045616152
1,52,307136.3112469822,37.699528867487416,27.99056045616152
1,53,305191.1334948902,51.17928981913243,27.30534330354614
1,54,305191.1334948902,51.17928981913243,27.30534330354614
1,55,295224.312019062,48.97997887956183,27.665959806731077
1,56,256264.17127403163,62.638780270349265,27.206120586047067
1,57,289905.4388414691,44.61478504058309,27.81099206011741
1,58,266031.8042136346,50.438489939325805,27.333185803842202
1,59,288434.1693381978,43.120134141742554,28.019132965389105
1,60,251195.6706099254,75.04699605961154,27.257552099957806
1,61,300682.02471345814,48.81586452023164,27.70998244581444
1,62,323517.89375688543,38.830808994322865,27.87485221509812
1,63,305479.8836810251,47.02127438846547,27.696502103852506
1,64,258326.51309803443,61.030171705870636,27.267027111399468
1,65,261319.3148742835,60.28131342812237,27.213102872453586
1,66,290887.91428777657,47.48595435597503,27.760915955239998
1,67,273297.3703520888,55.13135946131108,27.314961055723387
1,68,287570.55218252813,45.69484930785131,27.879169020555523
1,69,270149.7683263217,50.37268581837799,27.321832488192104
1,70,291609.8683676359,48.92581352056952,27.680848174125597
1,71,246190.64307723148,65.35853289502418,27.571043790169053
1,72,263591.4957417793,57.98147377919103,27.22849393180228
1,73,297314.21660951624,48.87203728732793,27.72503200116738
1,74,289804.1836277105,45.4225981155862,27.77809835300115
1,75,295234.3704756489,45.42599839239402,27.750918898206173
1,76,309822.4444978761,47.608875606233205,27.32924872698259
1,77,253934.51466293342,62.50556185585142,27.35074589403425
1,78,289624.06944129814,39.52548272748038,28.019132965389105
1,79,241539.60521833427,78.41273460950308,27.587427157628863
1,80,299217.74587344617,40.84756080643055,27.83454761086009
1,81,299217.74587344617,40.84756080643055,27.83454761086009
1,82,276353.136384744,55.02885694161993,27.285483534854272
1,83,298372.7911782577,54.662550344708855,27.306308392233984
1,84,286636.87524746964,48.54896576260995,27.889753374759675
1,85,261819.32546084328,58.82279859793894,27.31265927821126
1,86,308694.62804474955,40.21581575509995,27.938405785177338
1,87,308694.62804474955,40.21581575509995,27.938405785177338
1,88,252377.8193456648,62.61377568434827,27.64766626488501
1,89,314530.2980382967,39.41606797282571,27.846985492346242
1,90,314530.2980382967,39.41606797282571,27.846985492346242
1,91,254860.74440794572,56.65922657327558,27.599594835377612
1,92,262117.17881382752,58.727233392797096,27.280745106618102
1,93,324778.40669287456,45.812981431152856,27.594379913813174
1,94,324778.40669287456,45.812981431152856,27.594379913813174
1,95,299977.4862521507,43.558732369509855,27.8215341977622
1,96,299977.4862521507,43.558732369509855,27.8215341977622
1,97,275541.1896227394,48.942021628005406,27.713137285459773
1,98,324422.46298910544,47.37685309373304,27.584546289429092
1,99,274872.32265614974,50.65704286187326,27.3068475850659
1,100,305467.4443477711,42.19272286294771,27.748617510056455
1,101,258997.35899557493,62.339672637953264,27.22348260257093
1,102,258997.35899557493,62.339672637953264,27.22348260257093
1,103,265052.5159868933,55.8223477716477,27.345770202847465
1,104,262890.0045263458,60.04631101243254,27.25512459115895
1,105,263583.27917212393,57.41667007394047,27.245849332022114
1,106,263583.27917212393,57.41667007394047,27.245849332022114
1,107,274052.53716644173,49.379559707877455,27.31307911605666
1,108,314194.1046821091,46.440556932332925,27.688006749962273
1,109,290151.3405246413,44.576896239048786,27.894605358214314
1,110,298623.55638161564,43.71033225100312,27.71008872196764
1,111,306135.3524364611,48.544214753284756,27.267472189828638
1,112,283231.8012205487,44.29666425357205,27.956022903361358
1,113,258217.37762909132,57.51908971832151,27.32475549689718
1,114,264831.56587138097,57.35377370465382,27.34755187871087
1,115,265361.64892586507,54.79632949007525,27.778515258729904
1,116,252399.95751487697,64.5316674755957,27.34087293231533
1,117,324333.5755955677,42.17070283200547,27.688599271582586
1,118,324449.1061387071,45.74652607798435,27.603451542688287
1,119,254351.88553719723,62.614747871322606,27.214382697072896
1,120,254404.85793004913,60.233073017094085,27.283125279496076
2,1,273323.2100628722,39.082145675586574,27.294372231355688
2,2,265828.16514883406,38.46689889708939,27.525382141269844
2,3,136417.68775214817,76.99434216483496,27.091009025174756
2,4,150802.6746638854,85.44511538273845,26.986968835703024
2,5,155447.948757056,81.17653816335961,26.898552204574898
2,6,209417.22260791875,45.28602432627076,26.959274840187774
2,7,139613.4846865583,66.71198684285922,27.07071946797697
2,8,185744.00408940137,43.664209487445106,26.991357664911938
2,9,198626.74811521932,42.55267310994854,27.01905628019781
2,10,194369.30451394344,54.22517003398199,26.914391832025338
2,11,192649.93567263897,46.54811287630819,26.970398586988566
2,12,199236.60386604132,41.18677111446175,27.008414394071238
2,13,203981.5913063477,41.75181023966787,26.98330221671896
2,14,203393.5758071141,39.49614813356805,26.991186892869486
2,15,145981.08804243928,72.97554356835259,27.05660245053732
2,16,209158.6364436879,46.19713908659709,26.96930387567189
2,17,160880.7632239503,58.178874258581246,26.976477886788032
2,18,147968.3990150697,75.04420903167525,27.018140377354726
2,19,147726.49330666024,78.61148574004154,27.017795104398928
2,20,173295.0312498662,80.24457140055021,26.902351825089035
2,21,163488.32376814165,52.2298172788607,27.025526406975324
2,22,180756.12527638482,46.60525539869867,26.93858862249369
2,23,184311.40773199126,45.68143860188572,26.98798479707859
2,24,179567.85992048925,47.25711708696449,26.961912555977655
2,25,167557.99572783874,76.26753429587293,26.914252982562388
2,26,167557.99572783874,76.26753429587293,26.914252982562388
2,27,201296.0169086942,43.520022584956735,26.9948444299849
2,28,172149.84740662333,70.89408002490474,26.90438469143809
2,29,143070.91358931462,79.33627266190501,27.008665255521002
2,30,172299.3399230871,48.543641847297984,27.030856782942372
2,31,169288.12311969593,50.49807860809321,27.01593534544594
2,32,158154.391287047,77.36658092079878,26.952389247308837
2,33,157040.47238527716,61.198335405147056,26.997660124937894
2,34,166589.5441109413,68.32951010113557,26.94327644434332
2,35,161312.0482285072,64.62205650496081,26.95580124361323
2,36,167541.79908212257,47.181564136222626,27.040056584019197
2,37,179553.2238259318,49.33287335160755,27.004787521704095
2,38,165344.85890925734,63.2339728863938,26.957043493515783
2,39,162817.9736915985,73.15288718911793,26.92513957040137
2,40,159728.21682591288,62.2658562559333,26.989593662567955
2,41,143267.85882338998,73.23204442828565,27.02079003568337
2,42,164360.30694862452,61.681485431810984,26.963103749521807
2,43,163048.8242064085,53.50363860545541,27.050471404350198
2,44,201567.4278924537,41.669870881310786,27.002925746049186
2,45,175286.71468661836,55.406739573870794,26.928813035441905
2,46,156232.6658296013,72.00191141802588,26.956535696338783
2,47,164526.074673272,60.127663148634454,26.958788493684736
2,48,179320.86177856536,51.77081121686213,26.93752507147731
2,49,160082.87910708957,73.40527739151855,26.954642361348725
2,50,160812.14479475215,74.31649653236323,26.94464259371933
2,51,174798.69380150954,50.86131928197612,26.969085878217662
2,52,150442.25482387684,70.05855130615657,27.00537564783098
2,53,178434.3210648216,54.45545453423384,26.933542241914438
2,54,154315.93936651625,69.41507816316827,26.981532061920973
2,55,152254.81281047524,79.42431892234092,26.948489783907014
2,56,185087.15689411055,43.53830581109532,27.03565171037382
2,57,158473.67805100794,60.19832300518933,26.990557079162336
2,58,173261.14040428706,41.74221424298181,27.045496135539757
2,59,172118.48299676218,62.900566043760264,26.94371586227728
2,60,160129.3941007026,78.88832401326576,26.945150866158414
2,61,152999.35340280604,72.92541701640434,26.970619677495108
2,62,154943.45972816666,65.63492289456805,26.957590048114184
2,63,168273.29714468718,46.77468097755951,27.05444160825882
2,64,168714.54177105424,72.53211449834403,26.931873988114468
2,65,169927.39148000444,66.52754528103557,26.931200016586544
2,66,163805.33617990982,66.13472686211034,26.95300238333307
2,67,162462.32444408553,68.43847139611147,26.955302564357325
2,68,164899.23584858177,51.19160660947644,27.022009101864192
2,69,160940.75776525197,70.18878810854419,26.932673007939805
2,70,158577.54018217814,55.622863853301254,27.031614273945138
2,71,161331.5777621145,68.80635912263816,26.9533068840838
2,72,161331.5777621145,68.80635912263816,26.9533068840838
2,73,149410.09485292673,77.15139981027376,27.00444521977124
2,74,152387.34172900126,74.38784868941188,26.988508459620384
2,75,153615.02955205733,65.31699439446355,26.995149455546468
2,76,157321.64941793372,80.80788893608619,26.932092461381828
2,77,160878.82855402384,71.14426563931298,26.94227340849443
2,78,161080.6582847922,53.724219569155714,27.01150283373029
2,79,179033.8511091562,45.678714225739284,27.01519209193325
2,80,179033.8511091562,45.678714225739284,27.01519209193325
2,81,165266.704665692,51.27632038337841,26.999321264669035
2,82,158430.56524735005,62.02464422384877,26.992707816977656
2,83,174882.18020904437,55.30478231721485,26.935217569096828
2,84,174882.18020904437,55.30478231721485,26.935217569096828
2,85,155492.0268284263,80.64005715296376,26.947571699693093
2,86,155492.0268284263,80.64005715296376,26.947571699693093
2,87,158244.0864140652,63.00897463375075,26.977155646707935
2,88,170702.40408392285,55.39788721643425,26.95986614066809
2,89,169729.29169303554,48.80447567192133,27.030130605729056
2,90,169729.29169303554,48.80447567192133,27.030130605729056
2,91,163947.12544894087,48.866825452845575,27.056261686423866
2,92,155178.33078817572,56.29265824575579,27.010354187400573
2,93,155178.33078817572,56.29265824575579,27.010354187400573
2,94,147598.17944802716,88.2230288645138,26.98710565456809
2,95,153007.69063205452,78.77892738417886,26.967739997623163
2,96,163938.3942995868,52.40016736995284,26.963492914667412
2,97,172646.57986834916,47.38253600897065,27.006191007869617
2,98,174091.34184775004,70.69783024586118,26.91774270596074
2,99,151239.75559517724,81.92663884862804,26.928387644089874
2,100,156014.19500444128,55.80088924137978,26.99927255151315
2,101,167723.04584235355,64.67232479842177,26.940868683149212
2,102,152079.8672203739,60.39444643036211,27.00327177922827
2,103,192785.250331321,43.2868135162746,26.999354107304526
2,104,165902.1742097135,50.48943920878703,27.02967795495522
2,105,147632.9223441207,65.78617206692951,27.020485470237595
2,106,141376.2119782203,72.82486303026586,27.068405565650295
2,107,155776.83680428928,64.41623437120612,26.990869454486344
2,108,150246.22634355773,61.05170819578923,27.03486450235402
2,109,170231.20824086224,63.88576523545021,26.95341107845116
2,110,164386.23681400536,63.97681290512823,26.95146411250615
2,111,194442.0510866876,51.43201755050815,26.93654631251814
2,112,161437.1734279993,50.605890589744654,27.105388325589573
2,113,177807.21277928006,50.03869650478417,26.984586892937912
2,114,169564.78210691872,49.23018441896067,27.008960186741767
3,1,316577.6793597406,33.8904745970981,27.2070453360843
3,2,300831.04255756846,33.9438771423018,27.348675095374546
3,3,190467.16796875364,77.87288895228968,26.86277929938423
3,4,225093.98296423204,71.60511952575997,26.698887125952446
3,5,271444.7059601657,35.82331649083227,27.248954428138667
3,6,285099.249784517,36.7709312773579,27.20143950769188
3,7,271697.799571459,43.453663834479265,27.010663120606814
3,8,304314.58509406605,39.55184808160724,27.079948377609824
3,9,253087.7166647169,40.57978194055955,27.088729254724704
3,10,259537.67012982673,43.35060393719205,27.087075693784108
3,11,295359.99998577614,36.169781874683274,27.205792774178065
3,12,216525.1714404702,69.16653542873345,26.722414216156757
3,13,297915.0520415046,35.93133601848774,27.236748716566197
3,14,253505.1388957054,44.74084896120309,26.99866273126848
3,15,264650.609741417,45.95894485627189,26.95755207284278
3,16,192358.48039803424,68.90294809033327,26.916059857883234
3,17,234180.5722643687,47.45733035268682,26.90052267912958
3,18,197303.9512735636,64.83767287307212,26.989211183483143
3,19,278619.5014409192,39.95624904282704,27.004561690266968
3,20,198755.26695783986,59.36203201712974,26.86416706742095
3,21,315450.4198752697,35.867727772654234,27.147105554071203
3,22,227063.74227283866,49.83371971766467,26.862186773675717
3,23,309609.8600033637,37.316934006201215,27.15832085105177
3,24,204310.890029759,59.87783881451541,26.845332608596266
3,25,280042.2554291031,43.55812259461395,26.9768919874304
3,26,280042.2554291031,43.55812259461395,26.9768919874304
3,27,240746.614007462,46.32531871996425,26.932108514223017
3,28,270607.637133769,45.349683474047175,26.932176678339637
3,29,267145.1954216178,44.705153082596006,26.978850663629593
3,30,274078.79460030515,36.60057911159782,27.24743056906202
3,31,309188.4017632588,38.95308155979087,27.10052362688529
3,32,309188.4017632588,38.95308155979087,27.10052362688529
3,33,219306.32131014357,69.55246174434059,26.711464915826696
3,34,301557.8840369727,38.918567648605645,27.118495070903954
3,35,301557.8840369727,38.918567648605645,27.118495070903954
3,36,275381.0515245029,44.3587391895503,26.938820742718818
3,37,260844.97031958448,45.99206791079888,26.912445796331134
3,38,204834.622210128,68.4759654646489,26.81284509927754
3,39,301106.28349275154,39.10691354603301,27.170599874311968
3,40,209569.8624110694,50.47082298572068,26.978101598910094
3,41,249196.1579107838,45.6913734607781,27.083639976914498
3,42,249196.1579107838,45.6913734607781,27.083639976914498
3,43,302389.98190215137,38.6460497118226,27.181747663243264
3,44,265744.9526951148,39.80426133118521,27.128429924334228
3,45,265744.9526951148,39.80426133118521,27.128429924334228
3,46,206370.9702473257,54.29411564779968,26.945416874659074
3,47,226934.6096980674,48.35762575189479,26.876687051160033
3,48,226934.6096980674,48.35762575189479,26.876687051160033
3,49,276607.942846488,44.294546087491916,26.976817181522648
3,50,276607.942846488,44.294546087491916,26.976817181522648
3,51,314513.5736101846,36.56978779830313,27.204557238129198
3,52,298907.1125659642,39.70981263747152,27.190137894132597
3,53,214145.06661542613,54.597646506807685,26.914698849660844
3,54,300448.2312932112,38.136840313622386,27.19932357913398
3,55,266858.89658568724,46.918566317479964,26.90584964168174
3,56,196558.28702544834,70.6215578869594,26.911107402096476
3,57,236764.1466153075,43.619364037047056,27.123929359826825
3,58,223252.50786275286,53.82498262709848,26.801355257306007
3,59,220829.81807701537,50.658637858651616,26.9606885065405
3,60,203170.06545256483,57.3998103643365,26.96776492823669
3,61,212919.6486703348,55.26769673603448,26.892441617478596
3,62,212919.6486703348,55.26769673603448,26.892441617478596
3,63,223617.10163158222,47.28385503336898,26.94880926356617
3,64,230691.8253614388,47.06349363136485,27.15883193067399
3,65,221171.9976531019,55.000016711668884,26.86535141482073
3,66,204679.5043441879,69.98695493897903,26.818463750917317
3,67,209801.2212616708,52.3611269133791,26.92181450310982
3,68,212116.54714841922,71.05448104799292,26.784145079240275
3,69,302694.2955961982,37.92004591164313,27.196256408213813
3,70,302694.2955961982,37.92004591164313,27.196256408213813
3,71,221632.88412516052,54.755114542942266,26.87258325134424
3,72,197373.515675423,66.84863588157336,26.93272133239745
3,73,247304.75398201332,45.99346860439728,26.914929532997157
3,74,210025.05478666682,61.86974779206466,26.836404663584233
3,75,298030.00652098865,39.769400591700226,27.18744180901897
3,76,196610.06944576837,71.15589808907309,26.77576364084196
3,77,202543.3659284132,66.81516492917282,26.83610191925242
3,78,300908.4552336229,39.48178566135913,27.164594370094598
3,79,206403.11221083882,63.53124224104442,26.83472040890822
3,80,203313.25417832323,63.84181905783719,26.83571819272965
3,81,203313.25417832323,63.84181905783719,26.83571819272965
3,82,202456.5245467442,69.36517754294239,26.82078127130736
3,83,222715.4371748714,52.05078071277954,26.813298633690174
3,84,224104.37213020446,64.99957277480013,26.74199051083619
3,85,302919.2118970553,37.71537655774379,27.11292497417064
3,86,224310.45482182613,50.70246936523911,26.884154348134523
3,87,206279.3600200238,63.61276616269506,26.816282936897565
3,88,204009.23369538435,54.45916763298126,26.92982231485167
3,89,210430.74972819918,56.98538293048779,26.79323700645164
3,90,208543.10178473452,57.296446737111374,26.88836917046725
3,91,221652.33710309205,51.18879754006372,26.854887353237096
3,92,219385.23256591675,51.17315313044765,26.91842471537172
3,93,220041.06382240233,67.88281705587035,26.709233552270305
3,94,236401.9818292113,50.333729271437704,26.80482585662392
3,95,223575.8833738512,50.33957664698764,26.96647298559227
3,96,212372.95186266507,56.8005422838477,26.828466869390212
3,97,201301.9944145863,57.51083039729322,26.85951319282215
3,98,225197.97850156517,53.549408308936044,26.782632589914193
3,99,215931.9220270911,56.23411881051092,26.753381916917235
3,100,189986.8921922431,76.7433752524113,26.865537854140968
3,101,313002.2880317676,35.06437276248455,27.21894452328486
3,102,230187.03199717792,51.58329740225854,26.82106499899394
3,103,230711.64712026648,58.154288601914956,26.743512027696006
4,1,174994.96752286053,89.45816961179918,26.83470776413803
4,2,173580.18073060474,81.27632977823248,26.889119178655967
4,3,297401.27874314896,35.696542433173946,27.21030521952474
4,4,219577.97750656877,68.91546468128607,26.68480004686026
4,5,249861.89443261307,41.76972688039283,27.00875187664714
4,6,266318.04699702625,39.54194200679852,26.957141656037756
4,7,266318.04699702625,39.54194200679852,26.957141656037756
4,8,184417.341696931,84.97795295746029,26.771592505377157
4,9,258468.8500611611,39.99752247785394,26.92487049653296
4,10,259226.5728951897,38.286289884571296,26.988070864994576
4,11,265255.2807553203,38.12616710840487,26.965443043947694
4,12,193348.4171408798,81.81318969626786,26.72823662638811
4,13,260956.85333391948,41.45480753579821,26.856340004949757
4,14,177642.14592482886,73.12520907236568,26.902857494066332
4,15,223465.4709030378,43.69662247839701,26.97533710468543
4,16,253195.8198463012,39.64449022013637,26.971526741227812
4,17,187314.86268641741,78.53753756959236,26.75301108430037
4,18,234701.3642560026,47.3254463163652,26.758034628438054
4,19,184273.25276360675,72.18009775118571,26.78030317415164
4,20,217496.1803417161,48.66648892430574,26.790540221557464
4,21,238371.30489306568,52.02560645001682,26.717738375781366
4,22,229134.70815479782,58.93625600641425,26.71197447760091
4,23,243860.33904476985,44.243051638168836,26.940330890410472
4,24,231643.56160111274,44.384638968567685,26.87472330330729
4,25,229567.18457604694,55.159921690056294,26.701608347926282
4,26,203504.39475307777,76.53214316412978,26.707116607672823
4,27,243187.79331663845,49.996427614588505,26.746975566184098
4,28,244644.5892995044,49.05188343629898,26.751735649181676
4,29,258388.51404728365,43.03903565229047,26.849089335475206
4,30,176069.37879218004,73.6459599996797,26.843145833385556
4,31,180179.05630698404,75.37864588102919,26.816939628080306
4,32,189319.29410059945,70.29446414456592,26.732149762471373
4,33,173701.41536504598,74.98682592100153,26.84363648382991
4,34,184811.55387875251,64.37518199828632,26.901825777480788
4,35,232265.87764469162,43.10300327778285,26.965061722599614
4,36,247652.36590836747,46.425173215368794,26.75729012218231
4,37,176512.10698869984,78.16385421950226,26.82577974295326
4,38,205624.90034237463,49.51979074518212,26.81059198623393
4,39,221379.1430090808,45.34025028127271,26.942492568356514
4,40,221379.1430090808,45.34025028127271,26.942492568356514
4,41,215942.99747955112,52.455861613762394,26.725820381126653
4,42,251712.70172278857,43.006026998699355,26.857617347511713
4,43,180976.6247593292,70.11426083208623,26.8157654534565
4,44,250070.119086474,41.801722092094586,26.8672509370925
4,45,188733.8408341748,67.14530612902907,26.735982412393483
4,46,187297.40293799713,62.46870415098806,26.806740714380688
4,47,186062.12080818796,77.52888145784549,26.773490331106927
4,48,181178.6373645895,69.28549445122395,26.837673949627117
4,49,211821.5271560949,45.96145310503501,26.810181252773695
4,50,189447.7841541657,59.16444100155467,26.78729559307709
4,51,210226.5231575235,49.214667313499994,26.799239116312947
4,52,214832.12178777464,49.22725522445899,26.76648751319413
4,53,249587.25518276342,44.96675639514319,26.7732320820417
4,54,196834.67775304106,55.83370173511439,26.79423470023518
4,55,198819.4107072205,54.14548528849019,26.821514524694734
4,56,183930.42134994804,67.49170008702221,26.844931064676842
4,57,185087.004756923,65.9026529308784,26.819669806318906
4,58,179353.82017211156,77.97274065345466,26.797114116172374
4,59,236910.74879666138,46.980763583147336,26.774418255326843
4,60,236910.74879666138,46.980763583147336,26.774418255326843
4,61,222657.89057875788,61.00282649206827,26.71044097615384
4,62,204128.8178039692,50.26562564041028,26.858852546372916
4,63,208233.48905737163,63.34044194785888,26.705542875694917
4,64,192049.0838145733,56.79061243175212,26.841870729358277
4,65,186727.05620575987,63.93597553777028,26.808446897513733
4,66,209691.20072801178,65.1626830828461,26.691073300383145
4,67,218274.35345422718,60.368025454199746,26.721753775565432
4,68,203852.65364739715,51.6164736810297,26.866028160269224
4,69,198876.21124623125,60.359273810911546,26.74582584106175
4,70,195656.3761752762,61.29303068626645,26.732717282042543
4,71,187096.58568587998,63.18485093508437,26.84042702529024
4,72,190232.53491287483,58.22047924719401,26.850107419225743
4,73,190232.53491287483,58.22047924719401,26.850107419225743
4,74,211467.56637226927,50.87771355701252,26.758553407000683
4,75,203202.08487789065,52.80612524736513,26.78266529715968
4,76,203202.08487789065,52.80612524736513,26.78266529715968
4,77,182750.80686826835,68.66570579699834,26.82257061199101
4,78,182750.80686826835,68.66570579699834,26.82257061199101
4,79,221577.61827320105,44.46148968893082,26.77830905758126
4,80,212911.4242605263,50.55061095937685,26.77842613247374
4,81,193545.63213342617,61.43788597002303,26.77139245074607
4,82,199145.67627606392,54.799038018545616,26.759494823509137
4,83,201174.33756605381,58.559942485865136,26.739582379318172
4,84,206255.50381614725,55.46710965996347,26.744690050968096
4,85,248281.84729369375,47.304375878904466,26.75257132819967
4,86,207057.28648209095,56.657502798436596,26.73847901319023
4,87,194630.93168643047,59.08828610156891,26.78799925422848
4,88,187937.9915890564,68.09119553886926,26.765459808316542
4,89,198114.55568504028,69.19894578613135,26.723861600413578
4,90,201705.60376134884,56.44786563302218,26.75653954875284
4,91,201705.60376134884,56.44786563302218,26.75653954875284
4,92,191762.10929092448,61.86630463188817,26.767071800310056
4,93,184260.1147989944,66.31916019001882,26.824637591845267
4,94,203871.0364084812,52.05461579050156,26.853974741079945
4,95,195390.05427751743,58.86479587486477,26.76508935257467
4,96,200570.57225877748,52.66808385200201,26.79297414934623
4,97,190206.58442181774,65.36483043494447,26.761062461838442
4,98,198969.8029255416,57.2562551581224,26.746524403030385
4,99,222843.13918727144,62.078121044236774,26.690910287492038
4,100,223189.08590658198,51.09653072890891,26.718053093044915
4,101,207623.34948339176,51.335446292393044,26.787536442786475
4,102,199645.81909660844,53.70643807558642,26.79741556551594
4,103,252406.6710886031,43.50261340282266,26.837597666794245
4,104,218625.56419872236,46.40375868255349,26.78750922752338
4,105,209310.53983604835,52.01386438162346,26.778389542319808
4,106,251001.47240444834,43.30829259179742,26.860815178377543
4,107,251001.47240444834,43.30829259179742,26.860815178377543
4,108,199606.47681175367,53.58068509819404,26.797963334579237
4,109,178052.11582628565,67.90709081979603,26.873035276339557
4,110,178052.11582628565,67.90709081979603,26.873035276339557
4,111,188668.9433968922,65.60045936435532,26.776197873790004
4,112,187247.0333542477,61.77933606880357,26.846546088015884
4,113,189313.079340589,62.154395319060185,26.796044557627987
4,114,196803.84125324036,55.371469783125015,26.840802261573337
4,115,243267.68279300176,49.99261335012871,26.743526532804182
4,116,189509.82039374806,66.29676133779185,26.767479481909554
4,117,200849.20460158988,60.77888283148059,26.74324302453902
4,118,184444.45607004297,65.37164264406232,26.869384979679168
4,119,188096.11938697365,58.68872916697253,26.837393048500957
4,120,186093.71385919326,63.43962466337408,26.840719979135763
5,1,183979.22536113934,44.327086522829646,27.049880814977406
5,2,196427.08569533363,57.17358970203614,26.831671385997794
5,3,183973.44733398358,61.70726068433625,26.838565880990892
5,4,161308.42043312176,64.5714524078346,26.92152973711147
5,5,194957.50626817037,55.17431037500192,26.84263556920378
5,6,194957.50626817037,55.17431037500192,26.84263556920378
5,7,181545.8171285237,57.12909106733276,26.848420583900882
5,8,181545.8171285237,57.12909106733276,26.848420583900882
5,9,189772.98923134166,60.326375514106346,26.810075807048086
5,10,160172.32426712778,69.21535446234259,26.917360071944763
5,11,160158.73618924353,76.42937013130495,26.850502146288235
5,12,171257.8991789351,70.05263599287444,26.837128094849916
5,13,160255.2308229603,75.65517697092666,26.830213768047024
5,14,160255.2308229603,75.65517697092666,26.830213768047024
5,15,160255.2308229603,75.65517697092666,26.830213768047024
5,16,160255.2308229603,75.65517697092666,26.830213768047024
5,17,160255.2308229603,75.65517697092666,26.830213768047024
5,18,186042.03452672483,64.62208372893859,26.803985901601763
5,19,171925.30377040504,50.797786025265744,26.880784264214626
5,20,172179.2462532061,67.65870470550108,26.829793524614345
5,21,177335.21877334904,66.18407846074238,26.822110089809527
5,22,165716.95812921325,57.612496337984545,26.898755184589817
5,23,202476.96180768035,42.2663727772761,26.86613500477244
5,24,161419.25990611542,65.06082703335764,26.900438909424018
5,25,161419.25990611542,65.06082703335764,26.900438909424018
5,26,161419.25990611542,65.06082703335764,26.900438909424018
5,27,152520.09102308846,80.48381446527061,26.936355308169198
5,28,163910.80430487992,66.8213212805281,26.87920841495081
5,29,169227.8532211046,62.24180720133132,26.876980731410853
5,30,158906.41629010424,77.52073803175017,26.845193492717463
5,31,172173.8694684543,48.375338686896804,26.8810489977485
5,32,190295.99452519842,42.12670792815157,26.96863453519068
5,33,173214.7205233826,59.22308795733256,26.867688560928805
5,34,173214.7205233826,59.22308795733256,26.867688560928805
5,35,173214.7205233826,59.22308795733256,26.867688560928805
5,36,188069.45319395515,44.23823100664946,26.953703095965544
5,37,188069.45319395515,44.23823100664946,26.953703095965544
5,38,197053.7793952561,54.69286859180975,26.843306377747055
5,39,189555.99376317923,59.756293531055974,26.82694642563002
5,40,166169.8278988019,54.8472373504391,26.905123782054268
5,41,172449.0374802837,55.406009011362066,26.87702573753986
5,42,198324.96391521394,62.4488321953389,26.80486316228358
5,43,180989.29909807534,58.741968549998305,26.85353973085195
5,44,170478.0417671283,50.38353043685213,26.95441300256487
5,45,202306.56601854472,45.729392532054625,26.8599437788124
5,46,166152.2783150193,63.089257512326924,26.87345399931999
5,47,166152.2783150193,63.089257512326924,26.87345399931999
5,48,166152.2783150193,63.089257512326924,26.87345399931999
5,49,213472.93478589854,33.03341013484431,26.95996330181913
5,50,161920.05824496222,60.7683355811301,26.910496196090897
5,51,170470.00924011893,64.33543772038806,26.839428833505707
5,52,170470.00924011893,64.33543772038806,26.839428833505707
5,53,194965.521178675,45.89730689435699,26.86176087649759
5,54,184908.53823468467,44.46046109444789,26.98846381074125
5,55,233641.62465432112,29.85130644056649,27.013999106185942
5,56,175537.48960754203,53.195512525590345,26.855522815266305
5,57,192749.90699664678,39.904578666356194,26.929672152748218
5,58,197977.46993341463,54.65789808051676,26.82600681175345
5,59,178029.62418441568,62.8862151646876,26.822110089809527
5,60,178276.9404365274,53.18833016067851,26.880500951435508
5,61,202881.5382155466,43.851742248572094,26.834381299933305
5,62,176304.28353976645,63.42697430466858,26.832298916143372
5,63,195406.9303400828,39.77506564505951,26.921192518703002
5,64,163124.9248991582,65.70576110711005,26.89058420549315
5,65,165740.508097167,77.41801910429353,26.828477717732476
5,66,210593.88557234145,38.446006786613204,27.13363562906109
5,67,178497.2608258702,46.70396528057158,26.936168041895115
5,68,169611.86118268064,49.868881172729125,26.96538757674415
5,69,166613.65484789046,66.44567397171726,26.839625115311264
5,70,214610.71263458044,37.424138193127064,26.88876960819836
5,71,185068.61248184135,52.16106189246901,26.856788936393976
5,72,187494.7729802644,64.64960520891445,26.78325494062294
5,73,176992.67014648733,44.65223720925133,26.96538757674415
5,74,214423.33583945755,38.12774389410469,26.903152278134584
5,75,214423.33583945755,38.12774389410469,26.903152278134584
5,76,177498.03587041094,59.779217093723325,26.839114744447535
5,77,169470.79978174812,54.31988298957133,26.883323810051486
5,78,183721.78681460582,46.53873174265517,26.897569544294484
5,79,190251.76509521838,48.247962837627256,26.846307527132105
5,80,191100.35309810797,42.34761461918959,26.939869866202066
5,81,159794.58247007633,70.98384392079818,26.856664672719603
5,82,183889.35865852426,54.74036727633085,26.84587450878285
5,83,163027.73601647624,64.15675705713915,26.89477875237681
5,84,186234.53430150973,70.22564279232655,26.78993911431901
5,85,179925.69093362163,44.676003632327514,26.913963850782388
5,86,159961.00355275843,70.61450346381768,26.91499871252563
5,87,176604.4213844965,63.39001772791958,26.850226593943084
5,88,155980.14428713848,80.00824034280934,26.833601158709875
5,89,198507.95252713544,45.937804099551,26.833336246489253
5,90,160929.2590814372,67.57504274947537,26.840843227083184
5,91,161864.8231016698,63.814503249466846,26.930994799996157
5,92,190478.68938940254,40.2189024283008,26.954308768022415
5,93,210691.857935553,36.37172894802679,26.935899837169273
5,94,172263.27526843868,47.211186638505055,26.95334155305156
5,95,160849.39435803678,71.35981370812522,26.855708803654558
5,96,194539.471340562,38.699270997493095,26.95322479813798
5,97,189740.706709421,44.74947120793021,26.871115789966744
5,98,200486.56319309486,69.47456161654196,26.77843808203538
5,99,153491.1989887099,71.23110887981395,26.93479033463428
5,100,160086.10392211407,69.92403486895513,26.911513014607756
5,101,169176.5795374916,63.08694393029457,26.85111680282882
5,102,174503.5114345075,53.588732035480554,26.867699047997164
5,103,184029.12087707198,61.33385207336385,26.831747168513445
5,104,166120.66228639774,62.948086461256,26.898459926538095
5,105,163424.0925290195,63.1537272708414,26.891549274532515
5,106,163424.0925290195,63.1537272708414,26.891549274532515
5,107,163424.0925290195,63.1537272708414,26.891549274532515
5,108,192093.92253672922,40.06681145479097,26.94026326952403
5,109,158419.40587293607,71.61353976703217,26.90306907012136
5,110,176795.02813626738,63.03095171938967,26.843163679151537
5,111,172853.89632160295,59.4971335367774,26.87664408278907
5,112,174287.76248426235,73.47351692714822,26.816693317470126
5,113,171143.63630445983,52.517085977047834,26.89036763394258
5,114,202300.92374001356,39.9830242102989,26.915084005800637
5,115,164624.22839493392,54.458912628878075,26.90944358753405
5,116,171620.64363932455,47.981067212937035,26.95334155305156
5,117,191952.77818968875,43.36981175077381,26.91780189456272
5,118,187279.15169419395,58.00539129066533,26.833520958610208
6,1,205960.98844906333,79.61759127143497,26.611022191635506
6,2,205960.98844906333,79.61759127143497,26.611022191635506
6,3,205960.98844906333,79.61759127143497,26.611022191635506
6,4,205960.98844906333,79.61759127143497,26.611022191635506
6,5,224335.99004139326,71.45297273658682,26.544556320293907
6,6,200475.0912941012,79.55574869728324,26.623944402096683
6,7,261768.22065741173,43.42229002307473,26.640882629178876
6,8,259768.6725673846,40.504132870519264,26.67667138508179
6,9,257083.35904643213,41.91442263897987,26.655723728714186
6,10,203822.25708477892,75.81669286813108,26.640503947086216
6,11,207112.70607390595,74.16963599842651,26.636408566861512
6,12,253580.857220193,44.379540300363736,26.58879655783271
6,13,209033.4572799869,67.42636275395894,26.61880707143635
6,14,222638.44815102464,71.55672906909128,26.54534728135434
6,15,245634.4695758651,46.85770116457127,26.58747866255146
6,16,205871.97696198826,75.80091983449235,26.65246299708651
6,17,212926.30236695387,64.35321201396249,26.569188186996122
6,18,207429.10415789785,69.65624878963989,26.555754806625252
6,19,207429.10415789785,69.65624878963989,26.555754806625252
6,20,242151.040142301,47.74711268776906,26.57478682319927
6,21,210960.19917052746,60.76929116329873,26.646091485132743
6,22,226265.69605823015,61.83577622810703,26.571203932736786
6,23,216396.18927640782,49.880895845713916,26.64767864303991
6,24,249949.45467175316,46.145276458220124,26.600534648688686
6,25,241372.4375943031,60.00522203263678,26.54587459404496
6,26,213428.14498170224,63.151507152820926,26.5846954648121
6,27,218839.49152060103,57.338520858900466,26.62421160766703
6,28,229794.947759491,48.176807166862105,26.59426528759944
6,29,208996.66239122095,64.80701357121463,26.63987818142371
6,30,248519.05876748083,46.24487995248384,26.59497901307371
6,31,228764.4281265309,45.72397183335095,26.61512440860912
6,32,207194.87614578265,70.47298666508672,26.65064108191283
6,33,215525.6780734879,57.858506268494104,26.630637418941454
6,34,223554.72757081935,55.82475867861188,26.597413576075922
6,35,218008.90608698214,52.25148619012843,26.62764497218246
6,36,221872.32324232484,59.26756016137902,26.607028141410495
6,37,220861.23159773235,60.27666721376456,26.605208440269365
6,38,213334.94201842367,53.582507892855666,26.65364080361887
6,39,219723.1801637916,56.197678161485854,26.615567866418544
6,40,236555.29624783207,43.6294534494782,26.61825973115465
6,41,217000.96035689776,54.2850643579395,26.631647263659843
6,42,240460.39224021853,53.7965759603433,26.582533208164918
6,43,234398.4352110643,62.78723736040989,26.556986422781428
6,44,241732.6719947861,51.539225403555385,26.580549109256204
6,45,209780.71586081362,62.50069817651894,26.59997799806787
6,46,209495.62965132107,66.03446860916202,26.628981311290588
6,47,209495.62965132107,66.03446860916202,26.628981311290588
6,48,209495.62965132107,66.03446860916202,26.628981311290588
6,49,236317.82920768525,45.26558062828324,26.63736395403494
6,50,230332.00422550226,45.55032285129944,26.64896245578317
6,51,217634.58187642702,61.58237019886535,26.592357823315915
6,52,249477.5249322215,52.49992502483092,26.563979690872145
6,53,231163.51283572233,44.631936286793035,26.650018062635148
6,54,243566.0350274302,47.29276668761883,26.600327919096017
6,55,220111.85570491102,52.46490893448583,26.61389695865855
6,56,215818.80830639138,56.56886229276826,26.63643359189301
6,57,234098.4696245421,52.664314564867375,26.587883230799555
6,58,225585.51468466956,63.01123451532673,26.590361999857073
6,59,237248.33400460728,62.49295639557218,26.550493410852994
6,60,209154.49289576727,62.427937232405824,26.63950570997153
6,61,243886.5621614264,47.05325368348259,26.588540282029385
6,62,229768.66378107623,58.48901183884871,26.577653052497865
6,63,229768.66378107623,58.48901183884871,26.577653052497865
6,64,229768.66378107623,58.48901183884871,26.577653052497865
6,65,229768.66378107623,58.48901183884871,26.577653052497865
6,66,225974.28384927555,51.9452182529468,26.60223425972412
6,67,240473.1836338503,51.79579424222944,26.5711355386158
6,68,238171.0037690791,53.706652963110514,26.58591305071112
6,69,238171.0037690791,53.706652963110514,26.58591305071112
6,70,243761.60090571287,58.145711639529644,26.560878384592222
6,71,243761.60090571287,58.145711639529644,26.560878384592222
6,72,221063.04199641605,53.74602045908987,26.610604754565962
6,73,236896.21194366843,61.054505656512426,26.551009355793887
6,74,236896.21194366843,61.054505656512426,26.551009355793887
6,75,248898.2296768554,46.443610189372805,26.59452063067981
6,76,238119.49405362608,53.868674006430346,26.578255387602113
6,77,224529.33835715178,61.06569609479104,26.596161181444444
6,78,217031.8846303685,57.884790298051456,26.608370233098405
6,79,228953.52115388896,50.175298214218586,26.606929283143707
6,80,232472.0411248503,55.48223612452248,26.584312541826115
6,81,220387.18199958015,52.134730938876146,26.643087958798844
6,82,220387.18199958015,52.134730938876146,26.643087958798844
6,83,237378.05679053115,50.52893641868158,26.592376950722873
6,84,234952.57946264817,58.57357796212009,26.56860016557573
6,85,237730.44756858877,58.162858969441295,26.566385975770572
6,86,237730.44756858877,58.162858969441295,26.566385975770572
6,87,225946.5486307838,54.83308556318353,26.601274186014393
6,88,229004.4445178174,61.0363165325968,26.59597688405342
6,89,232862.7162265907,62.764309426492474,26.566113033741146
6,90,226133.46615978546,55.18946851366189,26.596382413237627
6,91,225463.647068465,52.479850387500235,26.607590347560937
6,92,236241.8496339033,54.24514535142368,26.586056700434554
6,93,236241.8496339033,54.24514535142368,26.586056700434554
6,94,236241.8496339033,54.24514535142368,26.586056700434554
6,95,235161.4477017795,60.66849482226401,26.56481581127632
6,96,233183.93649189587,57.55493670025828,26.582285006828215
6,97,233183.93649189587,57.55493670025828,26.582285006828215
6,98,223869.05674915816,47.01108394543529,26.60834994548302
6,99,236956.8589397783,54.32895817752006,26.58002459087978
6,100,235249.96019711503,52.62846064599209,26.592376950722873
6,101,232024.9279167763,54.756693881159734,26.592376950722873
6,102,232024.9279167763,54.756693881159734,26.592376950722873
6,103,232024.9279167763,54.756693881159734,26.592376950722873
6,104,234334.33594306998,54.39047730321782,26.568756438345964
6,105,242016.94832786793,50.52830700009186,26.58644822679149
6,106,242016.94832786793,50.52830700009186,26.58644822679149
6,107,237152.6432806531,58.700502841302054,26.551009355793887
6,108,237152.6432806531,58.700502841302054,26.551009355793887
6,109,231502.91516701822,56.402889414460695,26.588106153412404
6,110,231502.91516701822,56.402889414460695,26.588106153412404
6,111,231502.91516701822,56.402889414460695,26.588106153412404
6,112,234982.33264824195,44.62071424914367,26.640095642292657
6,113,234167.8681254389,55.39406466997404,26.581493983195983
6,114,234167.8681254389,55.39406466997404,26.581493983195983
6,115,234167.8681254389,55.39406466997404,26.581493983195983
6,116,237078.70010155014,58.524322958318834,26.56503963061033
6,117,237078.70010155014,58.524322958318834,26.56503963061033
6,118,232444.9237574983,54.76430839560766,26.58808027256881
6,119,232444.9237574983,54.76430839560766,26.58808027256881
6,120,237350.19717430734,58.50429130581295,26.56503963061033
7,1,341543.1473103207,40.744450864408094,27.14082354143384
7,2,268143.9520322623,91.80849674955616,26.663862521428676
7,3,294089.6327425763,79.31587737106794,26.643119113073162
7,4,364819.3126634284,42.97351298234229,26.980008042561018
7,5,228243.09519112753,88.81775346793752,26.787922771961945
7,6,356347.144311054,45.40882677414724,27.05306483073047
7,7,263518.31822677416,57.179715957663426,26.888775620765735
7,8,328440.1028031187,43.073152088637244,27.084827220628917
7,9,337701.5562981958,42.131089078249836,27.058825942325427
7,10,281318.4629651428,46.56590451976926,26.874290540712316
7,11,324955.18815349933,44.40624332004086,27.122681215924892
7,12,324955.18815349933,44.40624332004086,27.122681215924892
7,13,319575.8866546854,43.128116803450474,27.13747633975907
7,14,308760.5527978193,53.46318685675146,26.762821641078
7,15,264007.3934866528,84.65138550359241,26.685916248244617
7,16,299341.8904938597,49.99120459536649,26.839086594751564
7,17,311912.3919964572,72.22970864945653,26.666839737213813
7,18,259818.97120408688,89.01094288730876,26.67834022515577
7,19,261809.98417572008,88.18596358710201,26.683364278695848
7,20,301706.4804192525,49.83548010895088,26.808846918544
7,21,301706.4804192525,49.83548010895088,26.808846918544
7,22,240772.74876012432,85.49052534827915,26.708964224183383
7,23,235968.08114916534,85.44730967373565,26.81883656773806
7,24,348279.4460348092,56.19630260571939,26.746116611796715
7,25,265036.1131072248,81.46177562585326,26.6942703037602
7,26,292499.29934956797,52.147890357523956,26.853108886435344
7,27,315446.5537172227,63.084524485216896,26.66216752321411
7,28,304116.0723572839,55.48236413709781,26.746472920680247
7,29,345127.1282277827,51.73179612127724,26.78751553239311
7,30,362224.87181199045,50.91529410107332,26.808172557976803
7,31,362224.87181199045,50.91529410107332,26.808172557976803
7,32,362224.87181199045,50.91529410107332,26.808172557976803
7,33,274828.8988981239,77.41222753739959,26.65867345077711
7,34,282464.3761059055,57.787563300071646,26.735111805203665
7,35,271131.88860082475,54.72541015236009,26.86916615844678
7,36,271131.88860082475,54.72541015236009,26.86916615844678
7,37,288758.7959404345,67.64650233492381,26.67064281153332
7,38,347153.5552160102,45.32291214390268,27.05491538067266
7,39,257304.64249828891,75.683564231611,26.73080750368473
7,40,272360.3236339504,72.71401461915568,26.673064541225067
7,41,272360.3236339504,72.71401461915568,26.673064541225067
7,42,260140.2702321554,69.16054401215723,26.7451003598783
7,43,246249.3839853457,80.1319334569459,26.76172134028822
7,44,244828.3682664661,78.25763320307034,26.777935328111298
7,45,251220.29002136353,73.48072992288408,26.76458120589986
7,46,241678.7244680962,81.40603113712544,26.785575223270428
7,47,249327.62183582847,78.82525843321112,26.69744792100917
7,48,293968.6881430665,54.069839037411896,26.755929732666054
7,49,238410.57759326216,76.56501348565034,26.78862749456679
7,50,287083.62440320733,54.80111688207405,26.78025893185621
7,51,245913.39704248053,74.66501531336723,26.84769318764451
7,52,274692.8698239296,59.061227911537074,26.743306165005663
7,53,296897.8092219187,57.323321595180275,26.696397390208595
7,54,291015.46871485095,52.20231721739772,26.79310446364461
7,55,291015.46871485095,52.20231721739772,26.79310446364461
7,56,268362.43020255043,74.33695309344446,26.702482405410343
7,57,274849.3832411908,55.14974840311424,26.816533588658118
7,58,238146.5051180441,88.26031058665524,26.812711827818433
7,59,255542.32352620823,66.17295337011517,26.782200466110837
7,60,252080.40031602504,74.6994643013029,26.743283961145487
7,61,246937.71483470633,69.94275226574135,26.7979724640065
7,62,255687.67941302672,70.94378265467545,26.73366757634856
7,63,279268.7115677595,54.568993150286666,26.821502143556465
7,64,284498.63817880966,57.69525499625564,26.760278451844435
7,65,269519.91275089234,63.803480766969514,26.721750902777686
7,66,295312.09890756436,56.34219207453933,26.71901137019489
7,67,259429.20305836303,65.41843750015988,26.767669758577384
7,68,259429.20305836303,65.41843750015988,26.767669758577384
7,69,284324.0739629322,52.27538024381575,26.823651658897468
7,70,284298.77848838153,55.528007866485346,26.769959814439673
7,71,248175.40760085935,71.3276951755408,26.77631849670186
7,72,272957.08751736686,56.085501337158256,26.765454212512893
7,73,280472.0010135109,69.70797294740477,26.69302905370106
7,74,280472.0010135109,69.70797294740477,26.69302905370106
7,75,270215.91270643764,65.50688392944338,26.707940359791394
7,76,288375.1485856584,59.30888616862812,26.715842050143088
7,77,255000.6439567617,61.216524386260154,26.791674645499526
7,78,255109.35698007667,66.6581070454905,26.7740958468937
7,79,247714.17880128394,76.65339574217322,26.741605259416872
7,80,243213.97275377484,85.46779718657919,26.75907988669522
7,81,245970.39187111292,84.77107163055823,26.75907988669522
7,82,296126.27257551916,59.49347002733103,26.705050047011056
7,83,236381.5999161541,76.71758155750773,26.818348210569248
7,84,273701.20897208387,69.29358105562045,26.69428675463655
7,85,294072.0808844035,60.91681227579052,26.715672015254924
7,86,277752.007186068,76.75060962417253,26.668931085726953
7,87,269316.50811525167,64.16396769793012,26.70954764109662
7,88,269316.50811525167,64.16396769793012,26.70954764109662
7,89,277437.18928900186,59.862752683352745,26.71922780191614
7,90,254169.13414273883,66.75896413675898,26.770591907633722
7,91,254169.13414273883,66.75896413675898,26.770591907633722
7,92,279672.8308249692,62.93770880297957,26.703155158916267
7,93,279672.8308249692,62.93770880297957,26.703155158916267
7,94,279672.8308249692,62.93770880297957,26.703155158916267
7,95,279672.8308249692,62.93770880297957,26.703155158916267
7,96,279672.8308249692,62.93770880297957,26.703155158916267
7,97,270808.53553317266,64.12844084190901,26.713063412273527
7,98,247199.73121626157,71.29511369578562,26.796027762028466
7,99,262738.2517818494,75.45417055831989,26.71900339078342
7,100,248465.40598840028,77.01201523789702,26.734425519179922
7,101,270931.734552198,57.772918558916246,26.823773665934283
7,102,279487.016252195,76.78176745987561,26.664364990368327
7,103,247214.42795267288,85.48565880183838,26.730569098974627
7,104,251387.38968988007,75.35194812718588,26.76455340430161
7,105,295791.79315109,67.57109900402375,26.670343746525397
7,106,248204.0045157477,78.55983637442519,26.732713810424585
7,107,248204.0045157477,78.55983637442519,26.732713810424585
7,108,248471.2003320143,67.6400693801832,26.7877288499513
7,109,279098.9435124925,58.37020520463165,26.74159897931176
7,110,294609.7532589466,58.96719749265133,26.706547702035813
7,111,275624.6252434775,67.51606690126098,26.706835243889202
7,112,260289.47015442507,59.463359062611325,26.726107461575438
7,113,282406.996068919,88.39680567448892,26.64630001284496
7,114,260866.2751882681,69.67244565561128,26.72321295159196
7,115,263920.1723915606,68.18827358246189,26.703002138469493
7,116,246269.64990054382,83.16012492157715,26.750516349120772
8,1,247455.33981092751,40.57623360197767,27.29200754536521
8,2,247455.33981092751,40.57623360197767,27.29200754536521
8,3,241875.70995070625,42.409022033390514,27.316472672851972
8,4,236430.0168261922,42.898360132097764,27.304865382629174
8,5,236430.0168261922,42.898360132097764,27.304865382629174
8,6,236430.0168261922,42.898360132097764,27.304865382629174
8,7,236430.0168261922,42.898360132097764,27.304865382629174
8,8,236430.0168261922,42.898360132097764,27.304865382629174
8,9,191766.99197922973,52.08311569471508,27.0115944695629
8,10,186196.12034392182,54.195835287539,27.01919278566737
8,11,280952.60734965187,38.00313526118189,27.546917556732566
8,12,174557.14648873894,61.97374552052514,27.048617404343304
8,13,174557.14648873894,61.97374552052514,27.048617404343304
8,14,174557.14648873894,61.97374552052514,27.048617404343304
8,15,174557.14648873894,61.97374552052514,27.048617404343304
8,16,174557.14648873894,61.97374552052514,27.048617404343304
8,17,174557.14648873894,61.97374552052514,27.048617404343304
8,18,181113.17023652451,56.71075592207981,26.986802282890288
8,19,181113.17023652451,56.71075592207981,26.986802282890288
8,20,298796.2222842785,37.02283567714056,27.564342827899146
8,21,250048.9835657476,39.27528031907569,27.141829062735496
8,22,280517.92982920253,38.980874010274775,27.546917556732566
8,23,280517.92982920253,38.980874010274775,27.546917556732566
8,24,224861.90114211425,51.76891700987676,26.979392037140435
8,25,224861.90114211425,51.76891700987676,26.979392037140435
8,26,247853.11441193713,42.19818647445379,27.200742305014252
8,27,247853.11441193713,42.19818647445379,27.200742305014252
8,28,175800.7102406516,59.695311054238886,27.06867486655647
8,29,258053.88540686498,41.89787971788985,27.043486925355722
8,30,244250.58921459285,42.364213839441696,27.312090478362627
8,31,285165.2520081948,38.7367038213899,27.48831603670076
8,32,176374.17789469514,59.83783823342565,27.062631207273768
8,33,171493.6323731598,63.92383492658366,27.11823131979566
8,34,287338.80041957175,36.87217282436691,27.584021841811044
8,35,178353.82688890724,61.012884164370384,26.998723177113426
8,36,201570.13057286327,60.49952648014934,26.925982416265512
8,37,242191.18598865304,42.48224087688414,27.303037496419883
8,38,242191.18598865304,42.48224087688414,27.303037496419883
8,39,176889.98261532417,69.18529723419711,26.965359115827027
8,40,224534.46351631632,52.97281746355354,26.97678023142491
8,41,224534.46351631632,52.97281746355354,26.97678023142491
8,42,209627.0696057281,54.51974282927052,26.97528927054831
8,43,184376.20060148023,54.8672042835243,27.01919278566737
8,44,184376.20060148023,54.8672042835243,27.01919278566737
8,45,184376.20060148023,54.8672042835243,27.01919278566737
8,46,178258.21554207348,58.19748926004011,27.046948420710805
8,47,178258.21554207348,58.19748926004011,27.046948420710805
8,48,170792.30763112177,67.56483699481771,26.99845074817828
8,49,288361.0839543486,37.031735567519576,27.526884499589066
8,50,198722.23711867223,61.81333512022078,26.902197791239274
8,51,198722.23711867223,61.81333512022078,26.902197791239274
8,52,178040.69875097185,58.99287583008994,27.005518344264964
8,53,213631.62998742942,53.41472613119242,26.984030817245035
8,54,196207.3011286036,61.83725244829415,26.95892690414398
8,55,227426.31979659872,43.289890791387506,27.12587421162931
8,56,174072.6233140728,64.3782981778604,26.996266844006897
8,57,200658.86933365502,53.625604416639426,26.994556022273372
8,58,176417.83464910227,70.59893804526439,26.95577554459409
8,59,244453.70613988684,43.71799165233157,27.098750327688244
8,60,168415.4739608565,64.36438971529091,27.057896265776094
8,61,181849.80672124872,62.12423638190559,26.942393979741972
8,62,191964.51488216978,51.06145890418291,27.09221787706818
8,63,195639.4053653477,51.58836598119649,27.044809726831602
8,64,291342.94510849705,37.51120568029557,27.4471030945383
8,65,184482.14995921636,54.44039672235723,27.08313306255176
8,66,191493.3648704604,52.661671327878445,27.095575790416248
8,67,183053.5969238081,69.11302156722877,26.941445671878576
8,68,179778.01184143464,56.567738847936816,27.07514512971165
8,69,189300.1496725102,53.435112672082084,27.053801121705106
8,70,192781.02699797417,48.689966811905634,27.046201784771355
8,71,163824.93804966874,72.14801524860557,26.980535434423466
8,72,220980.98716987617,53.141961438268815,26.988192453276532
8,73,195566.68324454065,56.256356418030585,26.96256862872795
8,74,198136.3201030819,55.55597078312682,26.951709845316536
8,75,206239.65074062767,45.673522094107604,26.992711369877235
8,76,174559.92896682577,61.968533911443664,27.067691140931828
8,77,213916.2505573748,44.66724736164789,27.04605647302956
8,78,197168.19671227498,62.26741011437982,26.900397212581588
8,79,171555.6811064042,67.39960020201967,26.99550624299055
8,80,179279.0223884127,57.13118843450556,26.969208490172562
8,81,190478.2054552561,63.711556648569996,26.89688778753994
8,82,187813.22943235651,63.48362724467958,26.930350668069963
8,83,210871.861139351,54.15556727424836,26.96671858153458
8,84,182787.65600102075,56.058871899228514,27.127409008833183
8,85,249673.36657896862,42.090267407446134,27.158097008474435
8,86,202889.40049176183,58.32339054269507,26.939159423532402
8,87,176409.2315222564,59.352974527511556,27.109270371579854
8,88,169628.48824289744,68.5850921733701,26.97764102777476
8,89,229019.7617551883,43.11773095029886,27.25458098855463
8,90,249175.1211154187,39.80584485619336,27.349314208804593
8,91,185810.4644201633,54.48374803764522,27.00287770443208
8,92,208137.83106884197,59.407999461171585,26.918725929361194
8,93,172619.2326924309,67.83093789261538,26.98277075315041
8,94,174900.53034614885,60.07846338777631,27.004761125585937
9,1,313080.65152341285,40.79024169925546,27.43100751546146
9,2,313080.65152341285,40.79024169925546,27.43100751546146
9,3,242491.05229134503,87.68108216629881,27.028401769789614
9,4,306621.06249930686,43.825037874910315,27.547691266712647
9,5,306621.06249930686,43.825037874910315,27.547691266712647
9,6,259035.96545562963,82.94703231021097,26.66998768148478
9,7,249767.1986203733,91.764409046851,26.78180939930442
9,8,325678.6596716747,45.30049987164058,27.103748683906527
9,9,310707.3301680073,43.09674758070666,27.381277599450694
9,10,243022.49205989394,87.62192416536801,26.813440300537174
9,11,317723.1821236466,46.589308841673784,26.999291031894074
9,12,245722.8975254902,79.19768877055114,26.78408567764013
9,13,256845.02083054002,83.17239702357199,26.78276918117236
9,14,308955.4976254179,45.398710554059605,27.122443374532295
9,15,266425.7578569962,59.949936371035704,26.771690731241815
9,16,291097.4089150034,46.746851711270125,27.339942498718944
9,17,282452.118215326,55.868229178776716,26.790498301740605
9,18,290492.12790192745,49.945385025374975,27.203515383028183
9,19,317293.31508079683,46.00229152755014,27.00299825471167
9,20,300618.09541714063,44.777110423564004,27.42621604381447
9,21,279562.2038568619,55.05602021324481,27.09658447705082
9,22,301664.2506564682,46.17598370845904,27.312096370303717
9,23,260632.90579394487,81.09313280676912,26.68733417626656
9,24,299883.86470016505,45.352079326653296,27.398497009082032
9,25,317328.4775574313,41.197277658420205,27.33204433460057
9,26,317328.4775574313,41.197277658420205,27.33204433460057
9,27,274766.2185728486,61.320895523855114,26.759235497326642
9,28,255453.23631692212,68.38745103736571,27.04606680578837
9,29,288275.0929677983,54.92490993050846,26.82534637825127
9,30,275604.7259902061,55.25330403707987,27.184506943600063
9,31,286486.66923207603,49.642188386206136,27.236701209613262
9,32,286486.66923207603,49.642188386206136,27.236701209613262
9,33,306025.25310438185,53.62071188943426,26.84414208163367
9,34,248925.02466055535,73.63148117836774,27.03590228580099
9,35,308075.9090980408,45.83622989321622,27.27110708334916
9,36,299309.7663413409,50.4093696870905,26.945803639155677
9,37,277228.8425578355,56.81604266417035,27.03132725407123
9,38,251941.5526209692,78.1803398936548,26.79700712951043
9,39,276243.71978870995,56.86625668917147,26.91737405141561
9,40,304642.16390372784,45.92777788209928,27.295488720749383
9,41,271560.1009959817,59.23149838150573,26.913201702554062
9,42,260434.610546967,63.49150560428444,26.98027051378592
9,43,297198.2138576817,54.781090071928226,26.820005723512743
9,44,274238.62668139726,58.300582626901125,27.034260017215324
9,45,264139.3576344329,66.8175260569891,26.746232087036514
9,46,284693.23842803086,50.82312686457351,26.920422873928512
9,47,314105.57931168657,44.88305412024837,27.2941625072788
9,48,314105.57931168657,44.88305412024837,27.2941625072788
9,49,269711.86457072204,74.25880914810331,26.67814424087069
9,50,295578.82236098096,54.59595404274776,26.855409025100748
9,51,307648.5591482287,43.76218291245932,27.325156907182997
9,52,290779.1558993383,47.47604739040782,27.316186109745196
9,53,308128.9366197621,48.28621626616981,27.16199050265839
9,54,267474.2779838273,71.83163503894563,26.738759268328288
9,55,311095.5905103142,45.238687118634864,27.29807643134515
9,56,258937.6595006818,81.70085431212931,26.726402820549744
9,57,306922.26792797475,48.501492924709645,27.21732251298422
9,58,257140.68237705863,82.54292557156418,26.73804824606285
9,59,312182.1121068019,51.2475999723933,26.91141593057567
9,60,260418.93629642559,64.14198892458371,26.93568704179975
9,61,267547.3250484033,62.53754022248229,26.770035561267914
9,62,250059.47795983497,75.23373471421694,26.887665958567275
9,63,313248.08835877845,46.589654990765844,27.04633567571253
9,64,281106.7093641606,51.51698283675447,27.153776253598487
9,65,281106.7093641606,51.51698283675447,27.153776253598487
9,66,292788.68855966465,52.25104271172579,26.885263305322926
9,67,253529.6076324252,75.10079625655654,26.90560136397438
9,68,268285.9959317338,73.95772201418528,26.709140240177618
9,69,274597.9424042837,53.739659002178904,27.22604218032009
9,70,286645.27559673256,52.58136969186794,26.915266029594164
9,71,293764.3043306698,50.595093889324055,26.953681067607192
9,72,268723.9162564519,73.1351834449745,26.7213948890064
9,73,294682.37884519604,51.53925552991204,26.86811803913024
9,74,305683.53345125634,48.865493314193486,27.18904897837501
9,75,296668.90558076714,51.47902404530894,26.86707356830492
9,76,291428.73408895556,49.15206184036097,27.030034365480684
9,77,287736.95273332734,54.13328510274309,26.858176126688416
9,78,249764.1556500505,75.74575813438835,26.87459548207937
9,79,287051.1063537688,51.806070229621604,26.90680015390089
9,80,249617.1855877945,76.6596622944368,26.905719170366144
9,81,249617.1855877945,76.6596622944368,26.905719170366144
9,82,280835.6225916879,64.83850008774286,26.749454685305366
9,83,270689.81886519387,69.65358830995723,26.698982940954135
9,84,270689.81886519387,69.65358830995723,26.698982940954135
9,85,263677.9400062067,63.43142682331027,26.76263140478934
9,86,260817.2646179924,62.804451992708735,26.95730233617621
9,87,257570.61277515173,78.41867798323153,26.781635567403427
9,88,305326.05274012196,48.48537408983258,27.251945007724057
9,89,267641.9663506716,65.3928736758701,26.75903006558647
9,90,251493.33714938216,73.32816214027244,26.92861410117627
9,91,253103.24912496068,69.31729879183882,26.96874231932956
9,92,253103.24912496068,69.31729879183882,26.96874231932956
9,93,264068.822049203,63.034803252702396,26.858258041845886
9,94,273331.42468891165,59.06395492367571,26.912135972078932
9,95,257580.60476346605,79.01906998904482,26.75328945641722
9,96,284008.98548154737,51.48158629336805,26.930226381442456
9,97,269887.42381038377,59.024177903829795,26.926544109443547
9,98,257395.67150177684,81.39768105513511,26.74361996299159
9,99,301375.0517547357,49.06644203625281,26.954937370934566
9,100,268274.07028174767,67.15319755208837,26.72155633845615
9,101,284204.5160968524,52.22259546159219,26.926376144090536
9,102,273537.66807040997,59.133353231484584,26.80569094091263
9,103,256934.6172985193,70.1491709588445,26.904955643820532
9,104,249963.7087698244,73.28938533666262,27.041235466039
9,105,308145.61943310266,48.79670172373317,26.91860209899646
9,106,257583.22198890563,64.72937920794907,26.789985343300057
9,107,303213.5498342565,48.54319071840513,27.217353132505586
9,108,264260.81905663584,62.87577935361626,26.795092947888865
9,109,278655.9658893127,56.97466735753977,26.81712964258442
9,110,276309.3963084205,56.42522587964552,27.17370237606273
9,111,265628.6747550067,77.1878447221715,26.74561560989024
9,112,305008.8311124651,48.248524501430985,27.288173583985497
9,113,256554.97477227982,72.56739843420816,26.95805695484097
9,114,266029.3706247906,74.36587412828747,26.70975833836478
9,115,324080.7496667347,45.07996196947379,27.1844802879475
9,116,307252.482305458,47.91561485341897,27.195024257019853
9,117,260337.13517889997,80.14065046938082,26.720005275355298
9,118,254724.44347717194,72.98501007292776,26.87812387682477
10,1,222635.20146380068,65.6302354287262,26.713587094080133
10,2,222635.20146380068,65.6302354287262,26.713587094080133
10,3,269927.8899598392,36.80916830864724,27.11959788478446
10,4,269927.8899598392,36.80916830864724,27.11959788478446
10,5,265400.5708703716,39.08796833490229,27.156520227379303
10,6,176834.15645640204,85.77362667586635,26.802610257879834
10,7,168638.98378755493,72.81952081165103,26.839959798528845
10,8,268356.5587845035,38.62962759546797,27.108562006388958
10,9,229065.24713290753,43.39730942771312,27.033270041801487
10,10,246604.2933333583,39.70946834641697,26.93546046913167
10,11,215695.98269303568,45.629138914619226,27.026919691305352
10,12,231290.66858837727,41.18508540780606,26.968964031388097
10,13,169408.4428522685,74.60118770205072,26.807122100684005
10,14,253605.85247069894,42.18390239537315,26.900117220782995
10,15,183556.41572049516,78.85363935995481,26.776895032717576
10,16,183556.41572049516,78.85363935995481,26.776895032717576
10,17,173835.46022679118,69.83224767555222,26.818520313018418
10,18,237697.4621456287,42.436683328425055,26.93596912983908
10,19,237697.4621456287,42.436683328425055,26.93596912983908
10,20,178681.407787361,62.16953133905579,26.88430192127244
10,21,232088.31587293604,39.10061873453033,26.937205063676416
10,22,253450.8474530271,42.28462786339556,26.895637280455155
10,23,189974.79365015452,59.80929854596841,26.87070943405854
10,24,193158.60871544044,72.4536584266883,26.769968095362323
10,25,205712.12105879796,66.52348829402563,26.721705635289013
10,26,210667.06843285626,47.220291745112455,26.922935268776406
10,27,225028.23261288,46.55488457783988,26.833805427421964
10,28,196301.0608695481,69.89414846928995,26.74218370534053
10,29,231769.4446185053,42.24439589138167,26.95769715796743
10,30,203910.0022314404,61.62366006248999,26.755673799714742
10,31,230419.85832239385,44.33882139991707,26.856156118700426
10,32,198283.06954294146,68.39523532796304,26.760911883546484
10,33,217928.19487546504,50.005671884832665,26.82808827140238
10,34,186868.0924303668,73.45744429851852,26.763913718337534
10,35,218679.38741766431,51.951500531241905,26.749921941155634
10,36,190604.8175956689,54.83645431778387,26.941497230225842
10,37,181963.26335345276,67.24109499893234,26.861394781442606
10,38,196118.3396474158,71.0990230852534,26.73604073166244
10,39,225638.75134786757,50.5931176920546,26.77554432178794
10,40,220163.7137959732,48.24495340788604,26.836508728356577
10,41,229558.89544906354,42.60431224727037,26.949082134482502
10,42,220531.38737010543,58.39761632536301,26.732485444926184
10,43,181947.10114094935,68.08127189613019,26.825153002878658
10,44,188081.50755320102,60.74408469399522,26.894567487633033
10,45,195156.77409046004,57.32356303030518,26.846795373064808
10,46,205127.4497899121,49.50014973355851,26.857847794816614
10,47,215189.18837130594,50.20311680025904,26.79812661543974
10,48,225343.96602950504,43.657943609871985,26.968779224236847
10,49,188887.67298079858,59.6286352246948,26.906174702703034
10,50,188887.67298079858,59.6286352246948,26.906174702703034
10,51,229900.23055811244,43.04333743388209,26.9459313472288
10,52,212332.4478593758,57.66153379838126,26.75065788355817
10,53,213223.95336126964,50.77667990196455,26.79564582839498
10,54,201980.7133235844,54.18895885758882,26.847868640847608
10,55,199794.8758674097,51.85069793318713,26.910432973637093
10,56,192671.1913660593,58.15247963312435,26.8584703665991
10,57,183345.7801669503,64.36771170486057,26.88036701786576
10,58,202336.22023162743,63.5070052485497,26.76254926636087
10,59,202336.22023162743,63.5070052485497,26.76254926636087
10,60,198121.26651451475,53.25608604937068,26.931021137620313
10,61,223366.67361785317,49.72839308916074,26.823913366980847
10,62,225526.71177500617,49.65847460105083,26.817133242805518
10,63,208642.82586823916,63.620281257771886,26.716105317006566
10,64,207147.28324423873,57.19434313624482,26.773300055564945
10,65,190922.8491314563,56.532170459678646,26.889047076587914
10,66,211354.91243238648,52.58241480923342,26.82311170310765
10,67,177776.85329773463,71.14484577827672,26.788603485235832
10,68,177776.85329773463,71.14484577827672,26.788603485235832
10,69,208813.57684484165,56.49172112766417,26.771190021486134
10,70,216113.9596456716,60.550869904211496,26.732485444926184
10,71,198677.01979223703,58.765316274031576,26.77337781037113
10,72,191192.90853153743,58.41868245978977,26.783084050690896
10,73,183094.68984883753,61.69053424465813,26.915442420093683
10,74,206428.83372783868,50.50661659675413,26.836833072134915
10,75,185189.67520032276,66.81757522020476,26.78981156949309
10,76,200437.27682062713,56.24003686393535,26.83986819556798
10,77,188213.97561326082,60.28939275848114,26.79748251272195
10,78,211433.92617146188,46.77141929160088,26.85546784967346
10,79,198619.4748618781,65.39530696572687,26.751179002206214
10,80,213562.68333119605,58.55656754322695,26.73753732975974
10,81,185275.6062755924,64.91153176062546,26.77838664346362
10,82,195214.45760622853,55.61810476415155,26.927815377071774
10,83,195214.45760622853,55.61810476415155,26.927815377071774
10,84,201226.3370428583,56.7715045022612,26.793937872119507
10,85,204922.8861070353,54.670993676534124,26.840896465344535
10,86,208492.87469934544,58.594946218895956,26.733041383979327
10,87,210762.37543869135,51.472813562439455,26.8237331130222
10,88,196162.54678197976,53.49535991149298,26.947312172462425
10,89,187718.73278426853,64.43995087351243,26.825841510358572
10,90,219525.43946326288,51.666960451612994,26.794491049902554
10,91,184475.0848411691,64.0401952135998,26.86043283654277
10,92,193141.99888027835,55.86723730532378,26.85376471830819
10,93,185411.3753297023,67.85984591924523,26.775815886513115
10,94,178350.98774334777,64.70435919211238,26.913146929198682
10,95,196791.88732510232,53.36490687721416,26.922219321662055
10,96,215833.28770854813,43.77543433854743,26.919822837726706
10,97,177959.7384470367,68.21186796984816,26.802475019868027
10,98,229096.9960656466,43.966908199682464,26.913315528540785
10,99,221579.95112861815,56.90788510761861,26.73826220983466
10,100,221579.95112861815,56.90788510761861,26.73826220983466
10,101,184948.6713323081,61.83623043772246,26.898272962449987
10,102,205019.88191683943,48.095754067947105,26.859142004126838
10,103,205019.88191683943,48.095754067947105,26.859142004126838
10,104,203621.23999680075,59.73090589981494,26.763915517515876
10,105,183129.58867166276,67.93419288784752,26.783188707453434
10,106,186290.54208586668,56.79633116388622,26.92087723844427
10,107,205092.42031718185,52.65480532679325,26.773844362049054
10,108,184526.0961664519,67.36410367950859,26.823464959725094
10,109,197956.3658863634,54.30491051739882,26.84292373308196
10,110,197956.3658863634,54.30491051739882,26.84292373308196
10,111,203307.6474176228,51.73412271363281,26.85071164936739
10,112,186509.8672636464,64.33715651111045,26.842290383468075
10,113,184132.07337335468,66.56542600881247,26.85288683425876
10,114,200306.96103581943,50.168883548175934,26.851953891055068
10,115,191000.85321620316,58.74407930678373,26.834267606906657
10,116,184021.29352879815,65.5446404873996,26.858279467668353
10,117,196573.30515549568,56.71145141852815,26.851590681984106
10,118,198212.61659002295,52.61905560551356,26.898044972115777
10,119,203608.5660823959,57.00314814568799,26.778099638212673
10,120,196502.95941865433,69.8658205165685,26.770953713297622
11,1,361041.8192092088,44.913771477668156,28.951694219512454
11,2,361041.8192092088,44.913771477668156,28.951694219512454
11,3,361041.8192092088,44.913771477668156,28.951694219512454
11,4,361041.8192092088,44.913771477668156,28.951694219512454
11,5,361041.8192092088,44.913771477668156,28.951694219512454
11,6,361041.8192092088,44.913771477668156,28.951694219512454
11,7,361041.8192092088,44.913771477668156,28.951694219512454
11,8,361041.8192092088,44.913771477668156,28.951694219512454
11,9,361041.8192092088,44.913771477668156,28.951694219512454
11,10,361041.8192092088,44.913771477668156,28.951694219512454
11,11,361041.8192092088,44.913771477668156,28.951694219512454
11,12,330493.5393027286,57.214964754717734,27.635690628247943
11,13,285070.91117472114,72.11953196884042,27.912745744226992
11,14,323750.12301580445,53.15518608742178,28.378936575447344
11,15,434045.1158455311,42.56118759428105,29.492927691791156
11,16,434045.1158455311,42.56118759428105,29.492927691791156
11,17,285038.6911167082,68.58537510174853,27.987685640735805
11,18,289903.4247904233,63.94885293042224,27.834553382365414
11,19,289903.4247904233,63.94885293042224,27.834553382365414
11,20,288843.54921296367,65.7787191615327,28.006905380097226
11,21,318580.2426386508,60.791729069896384,27.613188869304057
11,22,429943.5686970065,40.660330070097324,29.785008664913118
11,23,429943.5686970065,40.660330070097324,29.785008664913118
11,24,283822.72158702975,70.50694878048175,28.032659105258105
11,25,283822.72158702975,70.50694878048175,28.032659105258105
11,26,283822.72158702975,70.50694878048175,28.032659105258105
11,27,348367.1314430613,46.005078085177196,28.88850475779923
11,28,285438.5870199751,71.3847396618692,27.858203047987846
11,29,285438.5870199751,71.3847396618692,27.858203047987846
11,30,309475.4380690777,63.36851133353395,27.429185774383196
11,31,349213.9086152517,49.18539703697445,28.4418971790397
11,32,301999.48568972276,59.05538330288785,28.122347070883404
11,33,287506.3076928528,75.39546592304619,27.456356356740187
11,34,347037.05686634325,50.01225020856404,28.473505342656285
11,35,347037.05686634325,50.01225020856404,28.473505342656285
11,36,347037.05686634325,50.01225020856404,28.473505342656285
11,37,299252.25148874894,65.08438997698588,27.631548806584377
11,38,325280.9087872713,51.88031239481038,28.60020395346641
11,39,330278.0382889804,51.666885147028914,27.995721035809584
11,40,292783.34620989225,63.36629999552988,27.80610772547675
11,41,308240.11173293897,55.20681348083751,27.7673298286302
11,42,276837.7324129392,76.62308509667561,27.558821778531474
11,43,318616.31511117925,67.78754726566063,27.396234216019486
11,44,293771.98960381537,62.38986523717715,28.12567818712858
11,45,293771.98960381537,62.38986523717715,28.12567818712858
11,46,339123.70565024053,45.23621483070586,28.909962087769426
11,47,267218.60255886987,82.26020086715312,27.531131127816327
11,48,294589.7655735039,60.44893397561423,27.95937186339373
11,49,425168.3166829252,42.26137110776803,29.551337144064053
11,50,306903.4784766831,70.19621519010747,27.443074340136274
11,51,288819.16975769674,66.66622951957099,27.826691701794005
11,52,303088.9201667092,69.18299020581142,27.52411236722198
11,53,343335.1427531743,47.99601653919908,28.510272418444025
11,54,305937.75922110496,62.25834056088693,27.72910995689118
11,55,294288.0328625442,62.173727760239814,28.040242342113473
11,56,335025.6366462868,50.45991345338073,28.71791620602991
11,57,354815.70223755355,46.4876966725925,28.62723094562544
11,58,299559.60370307346,61.613681743410346,27.829981094193148
11,59,339733.17560208036,46.877007435871846,28.748639642983974
11,60,311376.16586444865,57.508565664569424,27.640768195589924
11,61,351368.4483493798,46.26221374819166,28.74648915870093
11,62,288382.3925753043,81.59585370804665,27.44366329161853
11,63,328700.0184803701,51.77852752775319,28.239407891134423
11,64,270834.9205889104,88.90663023817304,27.47914045287211
11,65,298827.1763374544,69.16022157342202,27.626059508226138
11,66,264378.25304362114,90.50082124283325,27.512778682145086
11,67,324571.44770296686,57.46858831542149,27.591040319487664
11,68,338888.21485949535,48.62200163568977,28.717451881016757
11,69,279921.11629694875,80.09911468945859,27.47503925875607
11,70,286085.29569332267,72.44943089384932,27.696963041755716
11,71,357206.08893973916,42.91650831466899,29.00497018360349
11,72,297577.75667633413,62.065727731397956,27.828234139832993
11,73,333463.9698985728,51.09878817895024,28.0168925731671
11,74,285826.20713909843,77.86528652814292,27.479051671646694
11,75,301923.80464129697,66.80911885300603,27.625427614256335
11,76,303901.6590741991,64.36737013504612,27.73010196682915
11,77,306361.2944263412,66.22205312289749,27.46872769975378
11,78,260340.45822623116,92.61653376133296,27.612488333056696
11,79,322254.0021623505,62.230933528424,27.57179531209081
11,80,433738.64797919703,41.79612417193065,29.65974405194912
11,81,300969.23027980456,61.06948909501289,27.878943528738915
11,82,336439.6229003441,49.36539260520426,28.573667914712207
11,83,290810.36887156044,69.4859243765763,27.728269849888743
11,84,285458.743499731,67.34853111508811,27.76666728033454
11,85,341175.0068997228,50.265332651748224,28.535811555331858
11,86,341175.0068997228,50.265332651748224,28.535811555331858
11,87,264807.39733262674,88.866585418516,27.67693325273928
11,88,296699.04231483955,64.51218823060327,27.658281941601103
11,89,351071.76080756565,46.40043982462808,28.644254527137416
11,90,288602.4363058601,70.6464389884419,27.638175891942478
11,91,355578.44277770875,45.04984825589306,28.796168439301216
11,92,294421.08747634565,72.8092675549379,27.46523588282318
11,93,307081.88886283175,58.057976920889764,28.260117252824603
11,94,303581.9632578376,58.442664006493466,27.92059250726507
11,95,283974.59163202316,68.79780182675198,27.935660589171142
11,96,295175.59207180754,63.0708868337043,27.82490619016843
11,97,310048.0114517725,61.57414480084081,27.744533105838514
11,98,282368.4528673759,85.09020399146371,27.472385299740342
11,99,300799.7076882084,63.0891655945456,27.81399463844661
11,100,270556.61668002984,76.67980602448228,27.599974117520567
11,101,325056.45832139405,52.319421428181265,28.224083530557465
11,102,310506.0753268149,53.852066174793904,27.713515625459713
11,103,292278.8434200398,67.83436041860804,27.728269849888743
11,104,298195.1869199693,73.04031106378892,27.379706143050207
11,105,287080.1281252091,73.15205732428264,27.571800511825902
11,106,295243.56966967473,73.74290372197596,27.383390622423306
11,107,282775.32031477883,72.62149091837607,27.594011096007158
12,1,309618.0208399253,31.87138107414745,27.605056836312784
12,2,202270.5316556518,61.41159093325276,26.744637528685686
12,3,278795.4757030432,33.86556499959806,27.368878954886192
12,4,278795.4757030432,33.86556499959806,27.368878954886192
12,5,278795.4757030432,33.86556499959806,27.368878954886192
12,6,278795.4757030432,33.86556499959806,27.368878954886192
12,7,289135.4737864523,34.63964270691401,27.338461901657098
12,8,255246.82479898442,36.24259230929148,27.05701930819712
12,9,255246.82479898442,36.24259230929148,27.05701930819712
12,10,248878.24407806722,36.86302332573186,27.209146409494345
12,11,248878.24407806722,36.86302332573186,27.209146409494345
12,12,290482.5970388261,32.29872542841915,27.34987962110685
12,13,290482.5970388261,32.29872542841915,27.34987962110685
12,14,251068.57777917953,34.67560916964281,27.119864790654105
12,15,237476.4733449812,39.14646483693015,27.127640195008347
12,16,237476.4733449812,39.14646483693015,27.127640195008347
12,17,279704.84027298016,33.63227255226128,27.36107259595073
12,18,243211.7136216178,37.391973087663295,26.97384486912719
12,19,226756.8292186722,40.1148487682388,26.87640895652231
12,20,238888.40723167002,38.594021459685884,27.066171868014166
12,21,215138.6155234458,40.22044453540824,27.06954147681546
12,22,186631.30287541,53.759234334899205,26.791651961410693
12,23,208232.52865904797,41.01522290414622,26.985228034694607
12,24,208955.69203068316,43.77257862420004,26.911054673858402
12,25,221870.54889579257,46.36512140252888,26.843502790205022
12,26,215551.97380767393,42.212855156911445,26.961683090102873
12,27,193533.89437689987,65.98558382519653,26.76755732485458
12,28,184602.82137784775,62.76718256452844,26.76872488532853
12,29,214904.12162435713,49.81295445113911,26.82349167743879
12,30,182641.80771778623,60.29011461570474,26.813326392786692
12,31,188612.0698847421,48.89015505519702,26.920233260814783
12,32,208418.71243446317,42.966881706739315,26.949322509067862
12,33,212879.84720821027,47.23657012215763,26.836080756597404
12,34,195394.4583743957,66.39045238305617,26.764540510563428
12,35,188060.33968007436,57.97206489945199,26.783703997838224
12,36,224028.97528690202,45.525009663324624,26.83464837925245
12,37,220502.84397913024,42.70818066246266,26.891451423644064
12,38,199989.89286228063,47.50079161800361,26.94563135708149
12,39,217357.08457987852,46.75255432933296,26.830833461394626
12,40,189359.19183405777,53.05943806215169,26.785865195233235
12,41,188355.36490947078,53.332438300873584,26.839397982057456
12,42,193059.84634333628,66.92237026429952,26.749400356608653
12,43,289816.21666843403,33.72007582493672,27.353917420169935
12,44,197480.42816612872,59.12957033029786,26.783116118946438
12,45,197480.42816612872,59.12957033029786,26.783116118946438
12,46,189582.28580445625,51.30172885041375,26.898603945033422
12,47,219027.91753793252,43.87469422389511,26.889965011608886
12,48,216916.05718166352,46.207927618760806,26.88223622886428
12,49,204060.80071225725,58.64535611463189,26.766768451302553
12,50,178656.2813864698,59.60918217563168,26.89172910290722
12,51,191552.05327183433,52.61553152962186,26.893528820482203
12,52,191552.05327183433,52.61553152962186,26.893528820482203
12,53,191552.05327183433,52.61553152962186,26.893528820482203
12,54,206282.7746999939,51.987771126949426,26.803100918867038
12,55,201158.8059836822,46.23814751060803,26.97097739847974
12,56,206199.8982169123,57.06375359881462,26.766284793293416
12,57,200814.996433917,48.33972957822045,26.895577806871522
12,58,213079.31371530867,50.22707190971858,26.820533500170576
12,59,217957.93610458012,47.8633382958698,26.809473386708305
12,60,217957.93610458012,47.8633382958698,26.809473386708305
12,61,217957.93610458012,47.8633382958698,26.809473386708305
12,62,207380.05746359215,48.54165317489786,26.828351476837284
12,63,208109.8008254221,45.482518206744814,26.890835097605553
12,64,194477.15874469894,66.89010160454596,26.765204005455267
12,65,216348.83230079088,51.44428629124793,26.79540520118337
12,66,200858.39362221232,57.70709245831434,26.767127229800387
12,67,213568.58989916393,44.91484174060481,26.897892838544415
12,68,213568.58989916393,44.91484174060481,26.897892838544415
12,69,208395.9407315545,43.885670024295095,26.925986504054542
12,70,195276.90787414348,61.699892653794635,26.769309580062398
12,71,195276.90787414348,61.699892653794635,26.769309580062398
12,72,193288.68981375193,51.49018935766632,26.866979116757975
12,73,193288.68981375193,51.49018935766632,26.866979116757975
12,74,179343.73211676587,55.976101436213234,26.85988034806072
12,75,193324.95463694615,49.76033517782777,26.838806152208825
12,76,201787.13031023796,43.90639699216119,26.90191066102969
12,77,230982.28579320468,42.28113528701113,26.848733413000623
12,78,196193.12389514977,65.65096368187648,26.76470043504583
12,79,192184.6566178235,52.25581851026885,26.848371785326066
12,80,208181.0967765571,47.921496809848676,26.872539916826796
12,81,205890.51747724938,48.095536890029116,26.882267187968047
12,82,191492.09737296985,62.346330896303336,26.77940177878311
12,83,201537.50251031705,54.94434992706929,26.76817085988649
12,84,196486.88031948844,59.56982593597732,26.74672760486
12,85,167809.21311844958,74.34674736968775,26.825126733722882
12,86,197180.24181912045,48.2254829188035,26.89812857936485
12,87,194273.96409171258,52.29742014608589,26.83655950473201
12,88,178136.00411968108,65.41482363742026,26.877735380722754
12,89,183049.1217569097,54.81658923195107,26.788717570730896
12,90,192524.13859175626,61.30942346650853,26.771637312471633
12,91,170807.36394400298,65.7381718326735,26.779112311588975
12,92,182852.10881863744,60.13540894782477,26.8458881072999
12,93,190158.58159190847,53.01718143396648,26.808448943084464
12,94,223218.59794373877,41.76048891722648,26.88834920702002
12,95,183890.86355168195,63.62741861680271,26.773865628489368
12,96,200947.14309248427,50.63604671255328,26.816390612267696
12,97,214200.77620303282,43.415934313024025,26.93394232962023
12,98,195717.31241037193,48.35756072030032,26.847054287383642
13,1,173289.23092700087,75.97376464396636,27.17573715013502
13,2,203029.84647443838,70.30559519493663,27.0256078416527
13,3,177386.40293089664,66.68850188728055,27.13274168738539
13,4,230263.2287634039,59.59689042866094,27.03113081885985
13,5,200896.92618846567,54.487179041394576,27.164452884156972
13,6,183116.77024614185,65.82299979135367,27.186020070164673
13,7,210974.33133798558,48.009615823899765,27.150969471652132
13,8,216491.189034532,43.90576977863993,27.14711430561153
13,9,182634.6343467484,72.92981454383632,27.112425726868857
13,10,182634.6343467484,72.92981454383632,27.112425726868857
13,11,249834.61158413152,45.7680705782914,27.050287624704517
13,12,252909.2359493889,41.73511570320432,27.067978393069588
13,13,186793.55129320244,65.1637609396145,27.174391863870653
13,14,195566.87698886322,70.96729285014455,27.056138198433707
13,15,197234.5925196825,55.63167420796073,27.192231956832075
13,16,242715.29144472544,53.422567892815394,27.05433242404706
13,17,213426.3816310625,50.61049458278171,27.071164404347975
13,18,243427.53367308597,38.77001369153297,27.092881164490976
13,19,206226.6736848112,66.59413981476834,27.04103000612494
13,20,208171.15461837623,51.2779099172198,27.070291929924686
13,21,208171.15461837623,51.2779099172198,27.070291929924686
13,22,224979.89181310253,42.937752344034415,27.227136490313995
13,23,219815.97798565237,44.22036326204018,27.10540897103813
13,24,234706.9423471121,43.42108216572074,27.089524231051044
13,25,222666.80046427963,45.058547791286124,27.08946821895553
13,26,218224.08646945324,47.80968982144286,27.108393475335504
13,27,187185.6492623878,72.73914541153917,27.116403304607367
13,28,227575.5424703399,41.6510353773972,27.15868158058216
13,29,195787.94021330535,60.62718727063759,27.121236310567227
13,30,190913.23157047693,67.7903982380019,27.10503188900791
13,31,190913.23157047693,67.7903982380019,27.10503188900791
13,32,215998.119354973,46.652192268881116,27.130781186191356
13,33,215998.119354973,46.652192268881116,27.130781186191356
13,34,225453.06988719382,50.05539544390754,27.076428642865068
13,35,209455.92501211716,53.33776125303737,27.066922352163196
13,36,205235.64706609354,54.76319302340259,27.08399640469966
13,37,221042.05937857373,44.02956362991608,27.09218179744999
13,38,221042.05937857373,44.02956362991608,27.09218179744999
13,39,193299.11554201643,55.06438998954071,27.201523262892557
13,40,203384.34625687462,58.37427890562,27.048870475017885
13,41,243727.5038358594,49.4643745270441,27.046833510357146
13,42,243727.5038358594,49.4643745270441,27.046833510357146
13,43,226939.33933626788,58.06871256718815,27.044850009735853
13,44,197960.11377547844,56.85536480347013,27.11717224605185
13,45,199014.88862823482,56.160648920528516,27.131204209267253
13,46,194548.750668651,65.5712364576705,27.059534039702676
13,47,188243.11906481054,64.99841712102061,27.13678873999691
13,48,188243.11906481054,64.99841712102061,27.13678873999691
13,49,227198.05145364773,41.602094549446015,27.239046657332075
13,50,192577.36858086908,63.569093154435386,27.12191856445876
13,51,243998.42418719752,47.30695058819468,27.042697820201276
13,52,234916.8556565501,44.03224798307688,27.065822210236334
13,53,198643.26941404882,55.95281494264453,27.163040575070447
13,54,213707.86456719952,47.46395447477335,27.108573865006754
13,55,225473.25043273863,49.547140746198636,27.075640500144367
13,56,196575.24901063312,52.49125250351249,27.21599827200177
13,57,194222.0077488454,59.249080581480705,27.1335118080884
13,58,187602.41800314083,65.00206944939148,27.115460568542503
13,59,222788.34271344118,43.78642292747721,27.15448028944534
13,60,222788.34271344118,43.78642292747721,27.15448028944534
13,61,197330.4137312523,59.25491021567737,27.059453728912764
13,62,196685.7281875443,59.030981074600255,27.127862928393135
13,63,196685.7281875443,59.030981074600255,27.127862928393135
13,64,231594.64934856314,56.38479688835803,27.041704728387863
13,65,196335.21796110546,56.87911303612862,27.156569143159935
13,66,191943.33706834906,51.599153855364015,27.22843648736204
13,67,227437.58664324717,54.85737055423752,27.044850009735853
13,68,227437.58664324717,54.85737055423752,27.044850009735853
13,69,213267.2910487317,55.0488337020801,27.06598522189431
13,70,227002.49852555883,41.95728289897639,27.11925194554687
13,71,185853.1805339407,69.49163658774765,27.122774390258023
13,72,205781.39129575502,49.785852352429785,27.129053923459075
13,73,192075.7239453686,65.00954785605678,27.103377617296793
13,74,211839.6220636035,49.21183258260161,27.114402643015325
13,75,248343.36497425262,34.42651165498875,27.107904852814492
13,76,206024.1208064242,69.3687063334938,27.046934901272095
13,77,240708.1242939279,36.4548024458955,27.176128612657088
13,78,202145.55680367706,50.437421733003056,27.087495792819198
13,79,229873.00602613014,38.26286070380348,27.112755090882125
13,80,188446.969041386,70.16410574409352,27.070807501083266
13,81,226302.87463808272,41.9303836872206,27.17160679207924
13,82,182700.26834002967,73.4468501380334,27.085893995872496
13,83,184761.27559579437,58.617016597206515,27.185173742750983
13,84,196819.38121509357,57.927945358021525,27.15487905830284
13,85,225079.812796808,42.51349269600032,27.10418130366235
13,86,193775.22691645715,65.6419745944072,27.100333058532634
13,87,214203.9972983069,50.7436236891931,27.065415272266335
13,88,197620.40653450802,54.47137977985981,27.184727097914383
13,89,194774.62469266882,56.08251121643586,27.19922863455571
13,90,214591.24933155935,46.943386706350644,27.175508179273145
13,91,200278.814691179,54.230670964431944,27.182011977154204
13,92,200798.00346014957,64.77512450141303,27.048317772586955
13,93,189851.7899341508,61.465418514862705,27.123602311474016
13,94,193841.99939418145,64.52621056705601,27.101321578300826
13,95,194384.562415326,57.86907549190312,27.160885229109205
13,96,208396.64716899476,57.99350634580052,27.048870475017885
13,97,226522.91945198993,45.21711050413574,27.06054216701714
13,98,198859.21875485926,55.59471912397589,27.1811760863218
13,99,238186.90751933103,51.36248285752736,27.060095895794277
13,100,193915.0272701968,57.84592732469062,27.16397766035695
13,101,223646.79438051482,42.9911831471068,27.12911099185284
13,102,218920.95005446495,44.07023869274185,27.108845907552983
14,1,349706.8467968253,42.04646636168984,26.82414744553916
14,2,303635.0540380456,66.80204443235105,26.561493672687817
14,3,303635.0540380456,66.80204443235105,26.561493672687817
14,4,303635.0540380456,66.80204443235105,26.561493672687817
14,5,299926.57230053336,66.86176002889341,26.551862593318525
14,6,359582.3779643413,38.37744061698326,26.69983700531963
14,7,359582.3779643413,38.37744061698326,26.69983700531963
14,8,359582.3779643413,38.37744061698326,26.69983700531963
14,9,349157.3439932727,48.67121872208982,26.57460237962009
14,10,323395.4738601386,45.47247275053793,26.660864406009985
14,11,347239.83134635614,44.34494136484936,26.58967769556243
14,12,347239.83134635614,44.34494136484936,26.58967769556243
14,13,307356.94962485594,62.86405046565855,26.551146153820667
14,14,307356.94962485594,62.86405046565855,26.551146153820667
14,15,326231.79153618484,52.16412435212052,26.571773461932366
14,16,349392.60399939166,48.43469933125958,26.577835431168666
14,17,352707.39021319203,45.24120220047189,26.58655456010461
14,18,345082.8390243414,46.91247964231644,26.58319327204638
14,19,362019.8906766655,36.70916358405214,26.68783360584012
14,20,359050.0314433988,37.5384283581003,26.727720285256247
14,21,359050.0314433988,37.5384283581003,26.727720285256247
14,22,281938.0490000477,52.140044953187626,26.58482385847585
14,23,338662.68814872036,49.76979439557027,26.586388210271572
14,24,355620.76086597284,39.39182143362567,26.650813943936328
14,25,355620.76086597284,39.39182143362567,26.650813943936328
14,26,310155.3061460097,50.82296451771299,26.588467301857506
14,27,337458.58531432826,49.056275765479036,26.59847894072123
14,28,337458.58531432826,49.056275765479036,26.59847894072123
14,29,319093.38700179564,61.97954787009177,26.556326686309355
14,30,350749.5982769036,41.440240886468175,26.720267656212677
14,31,288452.4371283391,48.91681080166669,26.611338436836263
14,32,288452.4371283391,48.91681080166669,26.611338436836263
14,33,313156.0911852662,59.60797395978003,26.569852645071556
14,34,313156.0911852662,59.60797395978003,26.569852645071556
14,35,306601.2147793519,55.059337700930065,26.583359592055558
14,36,353476.7488475565,43.19087783307751,26.585366757232386
14,37,353476.7488475565,43.19087783307751,26.585366757232386
14,38,354621.1124931316,40.607691193863026,26.690162980400814
14,39,302516.3212857916,56.960623907734586,26.583429269806096
14,40,302516.3212857916,56.960623907734586,26.583429269806096
14,41,346516.2636494302,51.17465291711548,26.577835431168666
14,42,354335.61120233114,39.22622975650932,26.718767851181262
14,43,297146.0649750519,70.20252373212882,26.54319715948637
14,44,308947.50603517547,55.31652469749245,26.574215092874233
14,45,324845.7430612123,61.53402331692868,26.545962982635594
14,46,320682.0884481286,56.77001672625084,26.566113366435502
14,47,290568.605069359,58.292498947069085,26.57282758521871
14,48,334750.97357133345,47.516043546282596,26.599232780698053
14,49,334750.97357133345,47.516043546282596,26.599232780698053
14,50,345865.4837925094,47.25576509368076,26.579960220497803
14,51,304513.04233985965,60.1814418663232,26.55805581828828
14,52,327581.2107370265,44.19239085310408,26.674118792114108
14,53,271532.74949134496,72.94534451681317,26.608668348025596
14,54,351107.4172196881,42.3594133309715,26.62135713400513
14,55,351107.4172196881,42.3594133309715,26.62135713400513
14,56,310144.7329435182,48.84009038454385,26.614729366201182
14,57,273302.64730277576,64.93526755993743,26.563928019268012
14,58,337688.3790036642,46.38313632440802,26.60208180719132
14,59,314961.22276286775,45.887689713437574,26.61258433431535
14,60,303261.5443261547,51.32331180956389,26.598804622127517
14,61,303886.2159359763,61.70534459162888,26.559733315771886
14,62,287619.9767641179,62.30906751362635,26.578273412745276
14,63,290655.07150991296,82.58703543688445,26.555956739741447
14,64,270950.35288044036,75.96599060867493,26.65122793616375
14,65,346478.8506368993,49.15222951138345,26.579144234959614
14,66,332251.61711832543,46.45646584864168,26.612273092303553
14,67,353708.1088223036,42.03723458684552,26.65679946856806
14,68,344680.59553683246,49.49010127385978,26.59798766765605
14,69,347700.08068251034,51.40282215660157,26.564466651005468
14,70,333271.02743978956,49.93176357872327,26.601833413175996
14,71,304901.55521610455,65.34888107976536,26.551146153820667
14,72,312100.2862351413,53.60119751804039,26.578961083837427
14,73,332612.6789689639,60.96506283560039,26.5557946952553
14,74,330881.8016460216,62.446769443966474,26.53258353031186
14,75,305684.3815922984,65.66089098926986,26.55035084062996
14,76,287517.4511307018,64.67691680203116,26.578878829144998
14,77,275036.9797355016,55.85132800482572,26.585100687832096
14,78,267661.4743418799,79.04913842664547,26.63815007145496
14,79,303009.5560125831,60.50065061480201,26.568253815984775
14,80,330120.54571967723,42.72488138665846,26.684666324957355
14,81,360662.2536456499,38.46043351452519,26.693780320850756
14,82,351774.1913407288,42.0109968791108,26.673640339545685
14,83,305308.1626929007,55.66784488443505,26.57105396500767
14,84,306730.9318906252,59.62923770102852,26.569194595167133
14,85,350976.9516747277,42.341118874291,26.65574078652098
14,86,359460.7089522388,39.15381664733572,26.724680612139153
14,87,333909.00351435656,43.16992854490305,26.618865534830064
14,88,325115.47856418334,50.67311302549046,26.586884206807667
14,89,296367.502803757,48.82425553389038,26.629303939538744
14,90,296749.86258340284,67.98147768743691,26.561099132319796
14,91,301256.31224136904,62.678988361190946,26.56723743446411
14,92,298186.61736082996,61.253923388019665,26.568281796436857
14,93,345623.34681183135,51.445782410606625,26.574662050811497
14,94,342656.668665385,42.413266209069356,26.632868504004513
14,95,297361.03663861874,46.596825295316336,26.629303939538744
14,96,346036.36815721437,46.34876197882949,26.585872933748952
14,97,307064.04836301936,63.929895061924896,26.52932699381644
14,98,344738.97153245687,50.66882664977501,26.58405136126143
14,99,303604.8266753743,64.01805516631956,26.56650805610917
14,100,294107.24823139346,81.53347249384515,26.562979488238888
15,1,270310.9626958785,42.36234378511207,26.934735295249524
15,2,248615.5530830767,45.29889308900536,27.004535911856607
15,3,302186.6964513179,38.88974397130793,27.19974370470596
15,4,264103.2610614119,44.63927866046253,27.049373355342965
15,5,313618.2197280865,39.39869107390302,27.086324850078384
15,6,313618.2197280865,39.39869107390302,27.086324850078384
15,7,308483.5463010387,41.12295857493134,27.043477077395934
15,8,308483.5463010387,41.12295857493134,27.043477077395934
15,9,232496.16562748325,48.48358507015061,26.807081163488206
15,10,232496.16562748325,48.48358507015061,26.807081163488206
15,11,318617.87931972375,39.222529759212044,27.14445137528773
15,12,318617.87931972375,39.222529759212044,27.14445137528773
15,13,318617.87931972375,39.222529759212044,27.14445137528773
15,14,232830.93272083154,46.29768560193218,26.768468554934017
15,15,325780.75010383246,37.856472992729906,27.132868647819592
15,16,319198.0838949198,36.46872859137391,27.35403004943288
15,17,321114.77259944467,38.07625025270829,27.137624539624007
15,18,224769.28753475216,56.8099637496783,26.71942948928355
15,19,324907.67158522725,35.952701792954244,27.19292880578019
15,20,271961.3050328939,43.40673798761217,26.927188108125954
15,21,271961.3050328939,43.40673798761217,26.927188108125954
15,22,202479.14027978308,69.48495397676493,26.80508125627182
15,23,206961.4647073898,64.64165787873966,26.733690801124325
15,24,315893.64293793094,36.90861913738706,27.228841301907472
15,25,321728.0471863325,37.66861688629676,27.179806570357158
15,26,314831.6865088794,38.57506749972583,27.195185120162243
15,27,215013.77002851645,64.96785104278011,26.686106631550814
15,28,231857.5064356677,50.70380849369003,26.793465290457917
15,29,231857.5064356677,50.70380849369003,26.793465290457917
15,30,231857.5064356677,50.70380849369003,26.793465290457917
15,31,218868.27172439912,52.538184521378305,26.831069580885362
15,32,237668.39543317925,58.43337514598528,26.689839601958965
15,33,210608.2192614586,69.23879182641446,26.695671088078186
15,34,211948.73318636394,53.54593402876149,26.882872018990042
15,35,320842.1577456424,34.566571537076776,27.2295537647166
15,36,222090.49971812777,49.18729177084208,26.867915548062058
15,37,222090.49971812777,49.18729177084208,26.867915548062058
15,38,222090.49971812777,49.18729177084208,26.867915548062058
15,39,222090.49971812777,49.18729177084208,26.867915548062058
15,40,222090.49971812777,49.18729177084208,26.867915548062058
15,41,222090.49971812777,49.18729177084208,26.867915548062058
15,42,302955.5145363931,37.35817596731594,27.197214682221478
15,43,207765.17119555335,62.87683985364839,26.737822518490923
15,44,243103.2013626311,54.85592066347713,26.730122216381417
15,45,243103.2013626311,54.85592066347713,26.730122216381417
15,46,324676.954458377,39.10286272099937,27.1173668760027
15,47,304730.5279775463,40.02983001523235,27.12259411944158
15,48,215420.43716925336,53.99496268790016,26.839864673042463
15,49,225033.67710256847,67.77073946089558,26.678323868126903
15,50,198327.15914806255,77.90492976275104,26.968361160115037
15,51,269366.95516874106,44.011185955533236,26.93914680839449
15,52,218727.85791326375,60.222284640517955,26.683316907513692
15,53,195793.86991111818,80.54458755907854,26.888382887984555
15,54,214459.67281145146,73.75923905162927,26.66699967135792
15,55,225695.15388892018,55.27088354071111,26.70662440947808
15,56,203494.33496944068,73.80018249723551,26.77575417904584
15,57,216755.18562040117,58.56730247749569,26.737920494856333
15,58,221949.05667104543,53.86018261758527,26.785409240489592
15,59,217830.08252563176,57.5813102259334,26.728966520713172
15,60,217830.08252563176,57.5813102259334,26.728966520713172
15,61,210924.22406174857,70.94357190135732,26.686702421134072
15,62,220779.8559037759,62.44832953046765,26.682717903370985
15,63,251377.46168757317,45.467351358105,26.95777536031575
15,64,234975.15079015598,45.95440478958143,26.92587789689601
15,65,224242.597549969,58.49076059905771,26.70323867782416
15,66,216900.6997101878,57.9620410405096,26.83717913018556
15,67,219720.3359511405,53.8409586497309,26.820424767339503
15,68,255186.43002967394,54.08509719751765,26.763878254653854
15,69,225160.05020838816,64.59254170942195,26.670381271034024
15,70,204806.5570271734,63.97671022774346,26.88212885274774
15,71,224753.009141209,46.882675595219105,26.81829106498992
15,72,237076.3763035957,54.23714285369059,26.74361650156495
15,73,218166.45766698488,55.33206282493932,26.723982746018123
15,74,302721.08386752073,39.37281130917386,27.159358846282302
15,75,216799.46385993538,67.38972426785786,26.68123148845619
15,76,198634.12480271177,72.39201162248038,26.794617903040262
15,77,204905.36053246676,65.17334449699214,26.752190897718116
15,78,203587.8128870998,66.44551964484069,26.71236098204897
15,79,231008.3957075782,52.20396702475649,26.7740848868156
15,80,211676.81659123907,69.2387904058116,26.684713966103367
15,81,211866.23139279828,58.708948657429524,26.68814421314351
15,82,221782.63004832013,54.44891662848413,26.765384331561762
15,83,227059.10549502872,63.53120692888735,26.67388967671326
15,84,206722.48042604362,54.566281229641724,26.852739988866837
15,85,208348.81878202362,71.29397007892497,26.70113438544969
15,86,277975.1947577129,41.62792471232091,27.09126777077116
15,87,206314.64321586798,63.287753269361254,26.738711989019897
15,88,237331.0378970765,54.422549594366984,26.743370978209484
15,89,201886.4499537664,70.20467305091142,26.798158125528566
16,1,215765.09079050188,42.99596204854376,27.111481083145357
16,2,203314.79513383532,45.61533820411385,27.104358368256143
16,3,224417.1201603351,41.36071604693132,27.032971248813148
16,4,216134.8589911347,43.79348457780835,27.0617314559572
16,5,212360.62776320652,43.85776464854543,27.082908073198283
16,6,180944.3043823375,57.46508601022621,26.96004045877175
16,7,187329.5559004904,57.602551391224296,26.92845355334363
16,8,228511.10553675058,44.95837871417858,27.01368697665388
16,9,228511.10553675058,44.95837871417858,27.01368697665388
16,10,228511.10553675058,44.95837871417858,27.01368697665388
16,11,177351.19628971335,66.40486769780115,26.913701180539647
16,12,198527.73387092844,46.143694820300986,26.9917518439049
16,13,193879.20069446435,48.847743889391815,26.99971747753414
16,14,193879.20069446435,48.847743889391815,26.99971747753414
16,15,184728.4350633793,85.56731237343844,26.852131254759314
16,16,221803.78238119045,42.20466969196403,27.085484938210953
16,17,221803.78238119045,42.20466969196403,27.085484938210953
16,18,195813.09399486543,50.84505421094493,26.889942260790995
16,19,195813.09399486543,50.84505421094493,26.889942260790995
16,20,195813.09399486543,50.84505421094493,26.889942260790995
16,21,180279.49986898113,57.170498192708145,26.973083941854384
16,22,165165.6869291747,100.70816174204148,26.92629810117795
16,23,196141.63823426553,75.71771845992352,26.83651949098178
16,24,240309.8829743443,33.1850821937045,27.12373648803569
16,25,158387.68718607893,68.75747978362304,26.977817627025495
16,26,215197.61873458154,44.668244497513584,27.017850855096817
16,27,164278.603632247,87.87319326397937,26.962533959745947
16,28,183499.37225962913,72.18364723278808,26.87175078142895
16,29,183499.37225962913,72.18364723278808,26.87175078142895
16,30,219777.29728598826,42.3976690614986,27.22281992254115
16,31,172562.68187880286,79.20255250887716,26.88585164220045
16,32,219957.30279601322,42.84514760796709,27.034383527879946
16,33,193339.93741270417,72.73204651601611,26.849484222535835
16,34,187717.97134781256,54.966910511006894,26.913570617030153
16,35,225282.21312686734,35.569897806895305,27.054150810838166
16,36,218150.5966358488,47.29394822431318,26.963478820015624
16,37,193441.51291169296,55.91561830813882,26.905639096969296
16,38,190621.2405622822,60.63682390774739,26.874819610331173
16,39,214598.8471370681,47.416532689502304,26.889242108521458
16,40,197026.11056743667,48.07004385015174,26.913190727128594
16,41,202521.8027832614,48.05323959719646,26.983177271735386
16,42,170054.9123687368,72.45228570952031,26.88724910478703
16,43,165993.2409750419,77.69144668517173,26.93029390145057
16,44,199508.96308400438,55.83498190074299,26.81368513737023
16,45,178787.96022181862,59.54355579701106,26.981870039874153
16,46,185237.11403690468,66.21061914088327,26.871668415160293
16,47,187481.99419680744,50.95588784301275,26.937965109647614
16,48,198086.1655656665,69.77645775453395,26.82408060125332
16,49,210781.35146016008,46.075722277068564,27.03022206796028
16,50,173657.17589842973,62.58602360421353,26.958267039883665
16,51,159524.25218548582,67.03449260364339,26.96513291744065
16,52,183684.23337858354,70.52118189392975,26.857678934045566
16,53,173677.66761059567,72.35832561447981,26.87354005902781
16,54,177881.88917940762,60.864047582426444,26.87332605024625
16,55,159965.10347150336,70.0273171275592,26.96396511868935
16,56,173601.66817523743,68.09212585449029,26.893178194913617
16,57,181911.31420293503,55.94856976717619,26.9285192851326
16,58,174912.85710930414,63.714954846695264,26.92093987060148
16,59,169111.56166760574,95.53930789259582,26.921736942634
16,60,198232.6326176343,55.24054665458514,26.82188714523059
