Cluster,Solution,Distance,Turning,Elevation
1,1,327357.40595785144,39.18490807910826,28.862526818145287
1,2,224371.991825519,79.46573431033639,27.479358772528638
1,3,261646.4705052146,72.18068671706105,26.933090064626434
1,4,228884.4066416169,92.63017446055825,27.308130019372314
1,5,279079.7611553929,41.84854515896366,28.28910289511361
1,6,291511.85583668144,44.97310120648431,27.57107897038628
1,7,228225.8030035899,88.10776901970279,27.339454162690487
1,8,236658.29216090112,79.81926225701193,27.212878009092588
1,9,276333.79427463515,41.92025966454028,28.00747183426084
1,10,233281.8189880555,90.29724069586392,27.162400045199213
1,11,269032.77934784745,43.19897367758551,27.92115352784775
1,12,279284.30911240965,41.3438257829436,28.128825049288913
1,13,279284.30911240965,41.3438257829436,28.128825049288913
1,14,259809.7429250053,68.09316662256533,26.93800030619667
1,15,256665.21043747925,69.4101047068535,27.051070279392352
1,16,244420.590884498,76.71978672271668,27.097743121022337
1,17,275326.72072849865,43.066640526782386,27.860416301313304
1,18,230349.8795507055,91.87249025066858,27.276666539897008
1,19,266438.3531875869,50.80492630435477,27.447445193930843
1,20,241877.29685543003,79.31763763926851,27.085308162903356
1,21,283338.0482932196,43.07023159500583,27.75512752767944
1,22,285196.6170047047,51.630174806612054,27.367279031297773
1,23,281256.6684803563,39.824634098338066,28.078107000074226
1,24,281256.6684803563,39.824634098338066,28.078107000074226
1,25,291184.4159001558,40.639379293758346,27.619806117673605
1,26,286662.3321733791,39.23874740419651,28.092528976460393
1,27,252301.1903132617,70.10311358942978,27.124162556513088
1,28,274740.3247974553,49.903777999597054,27.395434316737635
1,29,235921.589996875,63.334192965129006,27.707708208260165
1,30,270976.0085030429,48.20066419981583,27.515735303163297
1,31,265117.49707939476,54.82536329073382,27.26248306145886
1,32,275848.8376075389,45.75673735963882,27.82023144239768
1,33,225242.5108953962,74.02599626978066,27.448476755048294
1,34,276851.8217919836,56.0691348557714,27.17988516422233
1,35,229121.72012540256,73.04199376166969,27.328904348911106
1,36,263770.1346631248,49.0341771691745,27.461089168577832
1,37,238257.28138831575,64.19177788851249,27.66179139683912
1,38,277818.6367518201,46.13547233196606,27.67752417477748
1,39,287256.3697431054,46.53506843370442,27.63421304293848
1,40,281322.94258215703,45.57005115839832,27.800568176585852
1,41,272776.5604109649,45.60792865041984,27.903618133183475
1,42,289035.2567552005,53.77264798766943,27.202761362517304
1,43,238536.19364637698,64.42533501982133,27.416979375231765
1,44,243353.69039814186,66.46603808556108,27.250007734079677
1,45,244528.3203807517,62.403178959062835,27.54947383194997
1,46,227580.88739761652,67.42053699712436,27.45691477607378
1,47,281344.7821778363,45.23794368308702,27.729841526565693
1,48,245670.58484920973,74.81220735486114,27.126749148466295
1,49,265646.4708115869,52.63994113367805,27.40159738328735
1,50,256231.60348508137,58.820587253575866,27.322826834483298
1,51,226993.29544388666,69.22783736217755,27.349110778096904
1,52,231390.03070231664,66.89901569760627,27.522556141702147
1,53,231782.7114181195,68.38760605508458,27.30851693986499
1,54,284305.4704573095,44.39837456103468,27.739961134503325
1,55,284305.4704573095,44.39837456103468,27.739961134503325
1,56,253397.6829869639,53.664280668204,27.72061952130763
1,57,253893.4582649872,54.484667629417736,27.687406849841345
1,58,273684.1787869176,47.16660417676706,27.63242257420971
1,59,235214.64269668126,75.58904950531468,27.263620785329888
1,60,261793.66569907786,65.9732472859551,27.07714173766989
1,61,269251.85673533543,48.83914548480767,27.42711531277237
1,62,246756.51643828096,76.30980998576133,27.085308162903356
1,63,261011.83046990688,48.01744896299763,27.581489772956804
1,64,250762.73838029813,74.64569271950049,27.051070279392352
1,65,249331.4988214821,68.7294589746067,27.22401592020554
1,66,270546.50020134094,46.41909878692999,27.641211665275303
1,67,239502.29845995535,61.914579120085996,27.629740447339458
1,68,248660.88597177112,65.58086536197115,27.28716198139364
1,69,252692.00400933175,55.71907385173167,27.589986333310193
1,70,240370.20113848904,60.20445563243634,27.672754854845387
1,71,250923.480002964,59.64954082197546,27.24836831140748
1,72,254860.70590928814,54.06411784670363,27.48930161541144
1,73,242562.46987198133,58.703028900708,27.562480954500092
1,74,273069.76845617703,45.75458475290276,27.888337050366502
1,75,279913.79979361326,52.1132050896611,27.338054784176972
1,76,262357.9377782363,55.76056909412542,27.303428652943264
1,77,242355.26697499686,73.61907182044281,27.150129785300866
1,78,240936.29290672275,57.54711752312091,27.593085314619547
1,79,246012.13652750966,62.02320903857802,27.497492080529813
1,80,249940.32005005432,71.87942123666892,27.10405188926745
1,81,257339.30038485126,58.11802656171202,27.27079269643891
1,82,259247.5137736737,52.1722032172386,27.73460303930366
1,83,258026.2068182562,59.38594038823497,27.140295814320304
1,84,262246.24161209975,53.1711521286034,27.35143853113591
1,85,246393.16269623974,59.09069423271513,27.526842143289148
1,86,260696.31809254366,49.192504496425926,27.566298938438248
1,87,260461.73010907517,56.83358793463548,27.361867453366084
1,88,247909.49407269916,52.80930853678541,27.89055862146871
1,89,248561.8566096832,70.80999426006697,27.212594589712214
1,90,234067.88003999097,65.22766162075925,27.32987872284394
1,91,234067.88003999097,65.22766162075925,27.32987872284394
1,92,260118.66601511836,61.43896428818805,27.1005511460291
1,93,269783.8111385833,57.688266262679385,27.193032585459243
1,94,236855.2429961737,75.52599278368268,27.23298438355165
1,95,236855.2429961737,75.52599278368268,27.23298438355165
1,96,260399.7308288126,50.21218251247559,27.566298938438248
1,97,258495.07177505465,57.902766955476544,27.104138944198258
1,98,230528.01090196005,69.078687902807,27.438270655713275
1,99,241057.4692399783,57.068126842541254,27.57217795123771
1,100,284419.4664335311,47.341900713509396,27.587943887439106
1,101,247506.30655146984,59.65264671555824,27.49383449726364
1,102,231710.38670670384,71.31505012209104,27.263950487015
1,103,250388.5317008176,62.937369781687714,27.293589575767772
1,104,290353.00920865807,48.07042610069312,27.53415879181455
1,105,290353.00920865807,48.07042610069312,27.53415879181455
1,106,258776.45982014792,65.95496104805632,27.085569517699216
1,107,248081.79785451083,61.04844896106331,27.35538205032369
1,108,247076.32452733707,60.6596021986591,27.49383449726364
1,109,253996.06641519652,69.07919125417831,27.153074753621436
1,110,250121.67694733277,71.17106276219911,27.135878285911932
1,111,242952.50419494306,62.662334811526435,27.478302138065498
1,112,256923.91114378767,60.6754715809393,27.204665312539294
1,113,270135.9503950673,54.14523303812151,27.306510914723265
1,114,257595.1649324001,64.2505135015624,27.09261068238187
1,115,250652.73039835106,61.1385593613488,27.200175428970752
1,116,269853.3114598985,52.01626945842786,27.361002674967757
1,117,240526.62568455673,56.9989047515384,27.664517885725175
1,118,254793.28005993043,70.81369319183709,27.051070279392352
1,119,240148.9412237681,63.042401600532095,27.35465860499521
1,120,258348.36188191947,57.38523009743452,27.203542085610373
2,1,223088.48712802574,39.35371886998984,27.22743277247899
2,2,176941.12372248882,61.18826567470227,26.905374455587804
2,3,159960.6509918182,78.55699287364176,26.966656703900952
2,4,146893.04425091107,72.48796427359981,27.008707006637216
2,5,216798.37267031363,39.39324283017294,27.181086899531856
2,6,206284.54242149822,40.450325783591836,27.20768008102913
2,7,161650.51053058004,53.2169982457196,27.14657385674854
2,8,174614.59070980805,64.37724110351633,26.93140898734807
2,9,147062.6618285857,70.62468659212607,27.111185887392892
2,10,150747.01619514168,74.0766026486086,26.974932892876346
2,11,196544.42149891736,40.7673014731396,27.131883635088343
2,12,177188.151089184,46.36001931921354,27.199122744671534
2,13,150691.6285140035,75.67128311131253,27.002737646077982
2,14,147674.0106868885,68.92283362209903,27.119658641538926
2,15,162117.30796672497,64.87723500557658,26.95143403676459
2,16,205688.686795251,41.6197644409612,27.057702890603515
2,17,204270.99128498413,41.559172099885366,27.086024095385454
2,18,153077.8738208917,71.12259284147372,26.984371288440606
2,19,161713.85119639113,66.76438178064258,26.95888606854328
2,20,179166.01356628034,56.521874547029945,26.941359601879142
2,21,199433.96772722938,42.86395566010702,27.064449218992024
2,22,200448.7466111836,40.50825596401545,27.192923521928343
2,23,157922.8263062586,77.70835817970661,26.97384488834352
2,24,172746.0482366602,51.63426550259665,27.088659887984903
2,25,172746.0482366602,51.63426550259665,27.088659887984903
2,26,203113.76762030687,43.72009695559736,27.036965705578908
2,27,171053.36998832732,50.3282667326867,27.14141322434653
2,28,188744.01552585777,48.948218038384894,26.97370425025033
2,29,175731.7350986466,49.36937423576596,27.045402436445663
2,30,184412.43240285735,47.88065199097938,26.996682749291885
2,31,155002.63976976534,56.01513362397504,27.08603239519764
2,32,166690.52574396698,63.68699913411587,26.97964507661407
2,33,185802.78683977647,53.210356776326414,26.958399239853982
2,34,179688.79344523317,55.11368952858896,26.97607438814738
2,35,191407.60553765207,50.216629708721086,26.965083621676683
2,36,176425.84652176886,47.23543603217013,27.015747547365606
2,37,161058.66685078022,67.86202804687285,26.98307770536308
2,38,174446.8190407066,50.92197448869067,27.053625332737475
2,39,194564.96715751803,48.656744227178976,26.96924716194838
2,40,194564.96715751803,48.656744227178976,26.96924716194838
2,41,194564.96715751803,48.656744227178976,26.96924716194838
2,42,167544.6271174408,54.25685779035722,27.01516956574784
2,43,173450.8748775244,52.74878894572857,27.06702688967753
2,44,173450.8748775244,52.74878894572857,27.06702688967753
2,45,200671.97144911147,45.18765748981914,27.02032979374139
2,46,181419.9146701699,50.019562206166874,26.99037001848432
2,47,159870.83390217408,69.37138644595845,26.982455892538347
2,48,183705.6096517578,43.90491433451842,27.045918948832437
2,49,156101.18826029386,58.01882374293194,27.062856597093415
2,50,195641.4151022451,52.552520543776374,26.957353956986637
2,51,189509.01287302063,47.80248980843808,27.01028486578256
2,52,170378.57442086976,59.8035258273731,26.943269855905584
2,53,150010.2167136249,70.99685753935547,27.008702664056884
2,54,183973.9535574676,42.92126545890902,27.052975368911284
2,55,197835.03604018578,44.98363791060066,27.04554979322362
2,56,197835.03604018578,44.98363791060066,27.04554979322362
2,57,168965.43573644417,56.752120507243134,26.9881864102167
2,58,159082.87905460218,62.41768228825942,26.987523359163845
2,59,159082.87905460218,62.41768228825942,26.987523359163845
2,60,159082.87905460218,62.41768228825942,26.987523359163845
2,61,190515.04377035936,46.00961931897889,27.032204500996805
2,62,190515.04377035936,46.00961931897889,27.032204500996805
2,63,160842.07378691118,54.89708328048298,27.038384132657995
2,64,162777.70026859787,54.749621790553576,27.049016508461776
2,65,157942.10456014186,59.10536153996032,27.026997397943013
2,66,163403.95885259545,53.19015643110514,27.025360845692795
2,67,158646.11468515216,56.32816598025963,27.075682173524974
2,68,158646.11468515216,56.32816598025963,27.075682173524974
2,69,158646.11468515216,56.32816598025963,27.075682173524974
2,70,148665.11918581682,70.07957136696358,27.020153776594853
2,71,167171.75568125185,57.32310410258774,27.01416630093233
2,72,165285.9566297557,64.31004592524425,26.96795842453664
2,73,162899.38423503222,61.828248789636355,26.980222676982862
2,74,157484.01160595389,62.251942323253324,26.98961370491653
2,75,167978.6509810607,58.84823774873948,27.001714178962054
2,76,160017.45370791445,60.859326215827586,27.012594315069748
2,77,196458.90766321102,45.470511447176165,27.020061886298485
2,78,148802.4175969491,70.83966868968778,27.019789537059793
2,79,157760.00735002483,68.38075964313853,26.98577690525115
2,80,169858.91841840468,64.45048412550189,26.955177651682618
2,81,188965.34514966325,50.38224012141339,26.961004698488516
2,82,188965.34514966325,50.38224012141339,26.961004698488516
2,83,181992.42424682944,52.197006915971926,26.964832566325626
2,84,170299.68536405408,60.30895622410867,26.969243677876115
2,85,182985.38536248292,51.47117635043779,26.98946493889664
2,86,181465.44193901707,48.20352397023527,27.002617782573715
2,87,147929.7749981141,63.92651813356698,27.036896107626234
2,88,158204.17471847465,61.24074168227241,26.99191012322398
2,89,182220.99204235573,51.909689410817414,26.965839370741243
2,90,174539.7832546728,57.63212447278149,26.96397669415971
2,91,150701.50500790818,61.99542860088754,26.99191012322398
2,92,166007.85727122988,59.52596479498774,27.0019176907946
2,93,162567.0139686445,58.52899409857273,27.033542615430306
2,94,165562.27002401,58.67318364026146,27.00371024715914
2,95,165562.27002401,58.67318364026146,27.00371024715914
2,96,190571.5773497263,46.096936900596944,26.98554163913485
2,97,160243.35505879222,70.35741913532016,26.965218373914198
2,98,153757.96729126148,59.40196058934184,27.03559687982986
2,99,153757.96729126148,59.40196058934184,27.03559687982986
2,100,161721.0611418833,57.85101660676608,27.034701638528638
2,101,164006.2406487711,59.95205709299683,27.002574108658372
2,102,164006.2406487711,59.95205709299683,27.002574108658372
2,103,155920.45374233235,64.41955885883921,26.991412310518093
2,104,170979.84281383775,53.21599648594472,26.97724943169927
2,105,168271.21361139943,59.48087937649253,26.9891999469479
2,106,158761.49831480297,64.69713720875518,26.984869664442243
2,107,175888.4333475341,51.59945397053962,27.021276483665602
2,108,175888.30021512625,48.898763916763016,27.046962441321178
2,109,169730.04155528662,59.86254958249478,26.975951845174293
2,110,167294.42005909805,56.187956349427566,27.01305746384429
2,111,174518.20358814756,58.15296723625258,26.975171565046693
2,112,162520.3971184008,60.123930107838525,26.98557629272227
2,113,159994.32163655126,58.768814479326075,27.02289291559687
2,114,182890.0830684864,51.78198353622397,26.959806639918355
2,115,182890.0830684864,51.78198353622397,26.959806639918355
2,116,176889.39726497466,51.641344363462096,27.00335366894857
2,117,158700.85546902058,63.91210704799161,26.98579658953426
2,118,160489.8553185969,58.767539504050596,27.0178848260702
2,119,160489.8553185969,58.767539504050596,27.0178848260702
2,120,165537.35219839358,64.86418583192992,26.967622234868443
3,1,306733.4891300751,38.54280423111597,27.303623743916944
3,2,320602.27869418444,36.53788934811656,27.186944958327217
3,3,338691.3357262652,37.670811041791374,27.123547718440506
3,4,232499.85632328864,56.12404947983434,26.638421721843585
3,5,232499.85632328864,56.12404947983434,26.638421721843585
3,6,186009.15065682444,83.78969501776446,26.892726865083468
3,7,259419.05404533813,39.80962576207159,26.84377898699976
3,8,313041.14865901286,37.749111559278916,27.278795608245538
3,9,335663.1256150517,38.55587808616625,27.11066959591637
3,10,335663.1256150517,38.55587808616625,27.11066959591637
3,11,214429.27460157868,51.58827391954695,26.991652674431776
3,12,214429.27460157868,51.58827391954695,26.991652674431776
3,13,214429.27460157868,51.58827391954695,26.991652674431776
3,14,214429.27460157868,51.58827391954695,26.991652674431776
3,15,198702.0190029507,78.21360138321741,26.7446205549261
3,16,198702.0190029507,78.21360138321741,26.7446205549261
3,17,224230.58885009112,44.151595915117646,26.95288235138881
3,18,256454.7271822645,39.03655408252358,26.927527882498715
3,19,191212.3915262218,74.959480453101,26.812240918408513
3,20,191166.45276223338,77.5115365017061,26.802501108727242
3,21,187516.79369028006,77.76987720137477,26.83513381996191
3,22,232000.99240845145,40.858571415158224,26.86545662458822
3,23,245523.44943727786,48.003778786635074,26.656378520643422
3,24,193020.32094546268,68.3775339946835,26.89979669827428
3,25,235982.41860193096,49.63570472315949,26.711039757289527
3,26,192027.13207275953,76.56831917241898,26.784108207057166
3,27,238578.93077250686,53.81873781839841,26.66917436851118
3,28,247500.6163006612,51.93373993754006,26.65633494685853
3,29,222652.40775167136,50.105595338765795,26.773546499421442
3,30,234281.47396417963,47.20779976876026,26.790639945494448
3,31,242183.17734597978,39.40059259425071,26.933872205591626
3,32,236490.34664407765,46.816715235885816,26.750889426815235
3,33,194909.58684166346,70.65406639671139,26.759690585880556
3,34,209548.20492302932,62.74053276088638,26.701695099454547
3,35,201491.1715159303,63.97096221986315,26.692683048026765
3,36,250710.58082275616,39.931233109436164,26.890277033914032
3,37,222990.10884174737,51.34987492304498,26.744742086643953
3,38,203195.85433397366,71.52457241169864,26.688675311206296
3,39,228072.6932708099,45.70653905244367,26.931621322504952
3,40,229401.76602527229,57.81375534731127,26.641564436550574
3,41,210976.0390138863,58.94183952337347,26.762501659559526
3,42,194776.02709920474,67.61049862615513,26.866910744040673
3,43,194776.02709920474,67.61049862615513,26.866910744040673
3,44,222660.26801270837,48.701307896587934,26.93611855285804
3,45,213029.17300234915,54.861894043661096,26.690521833328027
3,46,234758.2875591785,44.7201102460315,26.82300721971697
3,47,232919.7478984433,48.17308181827145,26.758122241111344
3,48,210280.32406506504,53.16065003583852,26.8987568418884
3,49,211800.13798461144,57.90155798967622,26.747214282892998
3,50,197326.81424329174,63.118853497372065,26.806843227750626
3,51,239253.55275454398,39.19838903768878,26.934502250779076
3,52,231503.64177875535,55.81644392623857,26.676491961576218
3,53,234508.87946654478,45.97442523821265,26.757012981449066
3,54,234820.40324517,43.94862865126985,26.82924766282438
3,55,208661.93401852497,60.705550540227165,26.77032361671565
3,56,229433.29395302333,45.74345612805322,26.822301918545243
3,57,215543.22161689636,48.83494678182611,26.85984618707888
3,58,215501.05826241552,52.762537184414334,26.85047005310951
3,59,219458.83507488685,52.65903679121068,26.795615419096833
3,60,231730.79035173863,48.670853519956744,26.75401344697824
3,61,223165.7764409371,45.97029544358149,26.922822407720922
3,62,236053.76667463974,54.606133637413045,26.659358938290737
3,63,241220.77973829332,44.54839199296661,26.775223928287524
3,64,199210.09783718357,78.11341300474966,26.7558063658797
3,65,227859.86740814542,56.258680310427806,26.66900080892335
3,66,227859.86740814542,56.258680310427806,26.66900080892335
3,67,237395.36864117844,44.44127443522282,26.826815091007447
3,68,237395.36864117844,44.44127443522282,26.826815091007447
3,69,228706.00873615194,48.024475878134815,26.75916302599005
3,70,201529.4122924233,61.530685424998964,26.794931073601525
3,71,210704.2785478693,52.82303599974696,26.795593388504635
3,72,204440.506290963,58.092940781078184,26.79259671842022
3,73,204440.506290963,58.092940781078184,26.79259671842022
3,74,204440.506290963,58.092940781078184,26.79259671842022
3,75,207669.33005963906,58.73303386920696,26.773561897337096
3,76,207764.4046924958,58.68989668007753,26.773561897337096
3,77,216901.90489696694,57.82696411121356,26.645672077825907
3,78,213556.60390618662,52.67998529596053,26.93076175413846
3,79,215574.28055961998,64.38423011068396,26.685779182279752
3,80,237654.6751029679,41.42181733557347,26.83053127624668
3,81,237654.6751029679,41.42181733557347,26.83053127624668
3,82,210859.09785755913,60.96802766027176,26.7040994728361
3,83,228112.17248728737,44.41557043931493,26.94549870566339
3,84,228112.17248728737,44.41557043931493,26.94549870566339
3,85,225690.1165536998,57.24253490041984,26.670185614991567
3,86,242700.49932166582,53.41244551154823,26.654992808950674
3,87,216367.75879129546,50.55421834583265,26.80428815364119
3,88,220161.38256391755,52.771041477523916,26.778270683772284
3,89,208341.86726314982,57.716522497501074,26.785020899084586
3,90,231902.11871681325,56.51378886102205,26.638421721843585
3,91,219953.75356935384,51.498826869489974,26.802250138001483
3,92,258785.77203132512,43.466497481468885,26.6688500407327
3,93,195501.17858756852,53.72075147784054,26.809499283720328
3,94,227576.23144987132,57.17956017882305,26.68368509465035
3,95,224431.60748591932,48.97837934184126,26.80146000133348
3,96,216286.47730921593,72.41984919543575,26.669105412536197
3,97,195404.86518334367,63.7685517198925,26.789043341623014
3,98,236050.04180259534,42.68542901758337,26.830830283617246
3,99,236050.04180259534,42.68542901758337,26.830830283617246
3,100,215441.74958261874,50.18411175716309,26.88129017714399
3,101,192745.13186254894,69.13725899031044,26.826860992398743
3,102,205382.20034482685,57.76136010219577,26.777590539705045
3,103,233293.66183339217,47.32402365696901,26.80179849438754
3,104,206176.48392895938,53.38996358229653,26.890060324078142
3,105,232138.76744796868,51.22880137177197,26.6857518397941
3,106,232138.76744796868,51.22880137177197,26.6857518397941
3,107,251633.91511191547,40.58485162605869,26.86444006583548
3,108,235037.50874654148,53.4415510256857,26.67101737467079
3,109,335951.6489155027,37.93417692418982,27.160302313998784
3,110,194910.29285672554,68.27116809168191,26.758372532126018
3,111,213008.78371794923,67.61824293926267,26.672457631393158
3,112,207595.38103797892,60.91181396123858,26.732669829318105
3,113,199351.6668715044,71.14446769410597,26.746866258241162
3,114,219490.3678936306,51.96513321516857,26.78802852923492
3,115,230698.11638790596,54.885767345613395,26.678845329335857
3,116,220615.0561882761,52.994706188513575,26.685278232100494
3,117,238279.10378204056,43.68499850930482,26.83029234657583
3,118,203220.07795718388,63.909304968128424,26.77181783091141
3,119,214439.3111824548,51.81214543529158,26.92613576306917
4,1,346428.56870321673,34.74271198899661,27.610613134492418
4,2,346428.56870321673,34.74271198899661,27.610613134492418
4,3,348498.07287212444,35.96336525797916,27.596331316770893
4,4,348498.07287212444,35.96336525797916,27.596331316770893
4,5,191912.45792379294,79.98578633712047,26.804043984850438
4,6,184638.8030347877,78.72540297464316,26.943088527044225
4,7,219514.91476866693,68.04330721577752,26.681649047200352
4,8,339006.5998967573,35.88699412011129,27.613321587215097
4,9,318732.076866359,36.12731465925654,27.490732610267074
4,10,294145.45986490295,37.91198613507591,27.31401337990718
4,11,294145.45986490295,37.91198613507591,27.31401337990718
4,12,298966.09146718,36.831476856593625,27.31611661796868
4,13,297301.6962614018,37.68558357402624,27.099454132848706
4,14,215303.96715392906,50.660318725985036,26.982739875027093
4,15,262305.7986365534,39.38748723938536,26.804057922557654
4,16,262305.7986365534,39.38748723938536,26.804057922557654
4,17,298610.9731192143,37.53324371973456,27.077165909267265
4,18,247059.87900108518,38.87644244920504,26.80664428895672
4,19,256605.82994683136,42.458436493599045,26.77556142706137
4,20,186640.80670581706,76.20120024602522,26.82661470416933
4,21,244531.6860822188,43.72167213729134,26.779455071644648
4,22,240832.59712374353,40.96320660431768,26.786356911922553
4,23,216058.97191397415,48.77605720511983,26.71948873071343
4,24,242323.1703237478,44.39971726504429,26.78037690550473
4,25,234588.95203975678,47.48294325475102,26.769447006040046
4,26,232204.5828768127,42.82202613478593,26.781129680076553
4,27,200743.7743467541,54.78260397540807,26.86144314847232
4,28,201698.22861811458,53.14797848427874,26.852187966539134
4,29,235775.55690423786,56.66552454174944,26.712101820414247
4,30,224321.6230375749,46.722060345052164,26.84266314060511
4,31,230384.43140285398,48.1871004949235,26.774992282468148
4,32,195908.0290239837,71.8760045535748,26.79424243580685
4,33,212078.67713377648,51.322012907454365,26.942611090868645
4,34,220576.99561784728,60.2468226654631,26.710281723693264
4,35,216328.602933274,69.07243178202539,26.68699427122622
4,36,240983.04323391,39.73311884804592,26.827844940223272
4,37,224634.2217553265,45.501844716626394,26.789251808483293
4,38,214249.40093602508,73.07897651999227,26.688726642776594
4,39,238750.74934140328,54.981204318089425,26.716512779694995
4,40,194793.11271744577,74.41144257463363,26.758113744331737
4,41,186018.9261604927,74.87532149367418,26.92542873245184
4,42,193006.27369486375,63.768041591806195,26.908618693737438
4,43,199170.25510115366,58.79287552549595,26.91254724035565
4,44,196309.1384424116,73.0405783207617,26.777946176105644
4,45,241684.54281494074,46.10249838929971,26.766931882506256
4,46,239996.92116515109,51.8247832660394,26.706980511905307
4,47,188137.43823847355,70.04140659882317,26.86681223413688
4,48,192314.718094666,79.3189875215058,26.81102106514262
4,49,240611.13841967174,42.29468603956179,26.829032547122594
4,50,240611.13841967174,42.29468603956179,26.829032547122594
4,51,204581.52926809096,61.39816410490638,26.75760123661383
4,52,225706.54852647055,62.7892709262044,26.710218326527055
4,53,209709.67818478754,67.31004829564094,26.731947984805892
4,54,198330.14139241594,59.74335736140685,26.856171360024682
4,55,212513.23314777005,52.41431732213199,26.76509548546659
4,56,211034.42135750462,69.76851454041703,26.70124152507568
4,57,195830.30921746406,62.64157394932646,26.886034968524953
4,58,195830.30921746406,62.64157394932646,26.886034968524953
4,59,200547.706851262,57.506802633770995,26.91784884569362
4,60,185401.3106683858,74.99231010217807,26.874897807216016
4,61,186941.39513447185,71.15639211507984,26.836153409212024
4,62,190214.60052005597,66.2482768031499,26.842311410865797
4,63,229200.5131629106,46.45937053318684,26.778780147316574
4,64,186656.3824816739,66.61702858478472,26.868032132076095
4,65,193830.85372505194,67.38603517852656,26.818301949068953
4,66,206065.22643124673,57.89792519792663,26.781784620006874
4,67,211461.15525184004,60.66306302887511,26.748367682480676
4,68,190552.1626233853,67.12830723930612,26.83609862542305
4,69,207874.82976539075,59.16083989653804,26.751483345121585
4,70,238979.20192282173,52.640234084093194,26.715619341355115
4,71,228592.53935912947,57.300359711943074,26.689616436528922
4,72,208843.379130747,56.343090998514064,26.762866627357724
4,73,204841.1496425526,55.84658641835518,26.8445282105668
4,74,207094.0203937686,68.21795130762884,26.71994913764742
4,75,186545.21231934216,68.93380664169503,26.871120609756453
4,76,227238.73263447554,60.06869804628964,26.710322770332823
4,77,202776.56812040496,63.64601497543234,26.749847361304546
4,78,207961.47731304227,55.69333983065761,26.764912929098422
4,79,193020.0865103619,64.63352688995087,26.83609862542305
4,80,228371.43375707619,63.40976583281093,26.695799494449908
4,81,213600.84835349218,51.58057770516331,26.84088718087954
4,82,194540.29768251642,75.43752547449681,26.766035359051934
4,83,191812.02273295142,70.75530916606048,26.82117566855578
4,84,196573.87599609906,62.12249544929541,26.842301922217956
4,85,201478.34114419157,79.73368333240967,26.705218932324954
4,86,227700.98846218028,63.22571205959577,26.699085485137665
4,87,194173.4019323789,75.7831124640302,26.769582207912954
4,88,213707.58664171686,52.98128196345738,26.740515880678352
4,89,206288.99939011817,61.610793478668015,26.753157789558387
4,90,195814.45090815146,65.6486220870391,26.815610395575604
4,91,200059.84286950278,70.43108868888991,26.771720378620273
4,92,195114.1625678812,71.45032033723255,26.795142063975618
4,93,196336.6822377721,63.876233424565314,26.838022598140867
4,94,194772.17714612355,64.34841850512791,26.8653260926772
4,95,227812.70079325474,59.643346678287216,26.705424319046422
4,96,196997.16572912625,64.93679084958366,26.80197198199391
4,97,209122.8186882169,58.290620147276364,26.75193006485396
4,98,215887.61723209842,57.46639973485624,26.73766977303353
4,99,240508.08726070423,45.54854012441864,26.772700994386334
4,100,199563.47426794277,62.38207730718462,26.773271111989473
4,101,202398.34796810156,58.16671229420692,26.770198520025964
4,102,192770.08824416218,70.16556596487337,26.81243805463071
4,103,196555.95856479448,66.11286098960753,26.78286704296314
4,104,194005.82041344495,68.45542015567067,26.81787691049945
4,105,206808.1596514331,65.48944094870936,26.744766548112096
4,106,192414.9766125825,75.01542340382093,26.783719912710836
4,107,211922.05803060645,60.994546377487886,26.71790102697578
4,108,195728.44665925764,68.40039940028792,26.796600915442205
4,109,197283.78348654916,70.71990554153494,26.75112624774775
4,110,206498.37017773587,56.146456684227836,26.775404130811566
4,111,210812.16012104298,69.05270327677879,26.70185453441794
4,112,195133.63593837936,64.40988969143763,26.849157067962288
4,113,199747.9333254417,74.46905484117138,26.744021561046587
4,114,194940.75702049382,65.28301792350578,26.82670046147976
4,115,198816.70357476873,60.97344054815473,26.82232919031418
4,116,197111.52972959084,74.82188447335828,26.75051883608085
4,117,209819.66173591506,70.7399990755838,26.690691826411083
4,118,201028.80836791536,65.01918920387962,26.772555862071847
4,119,208172.04414048244,64.96767183067038,26.74301742618126
4,120,227536.0744440706,60.8952769439712,26.709854519620777
5,1,236579.50190793478,34.077048054887946,27.08325013288271
5,2,236579.50190793478,34.077048054887946,27.08325013288271
5,3,148846.53867317174,85.35941561306947,27.00513779211699
5,4,183835.08692339435,44.57383481963443,27.15452780898717
5,5,181441.04536434612,64.43394169139789,26.78365196497306
5,6,237037.82503840415,39.41287718656756,26.95480299084621
5,7,222110.20043134628,35.502075951210074,27.045569010947737
5,8,222110.20043134628,35.502075951210074,27.045569010947737
5,9,219984.98996315198,37.69552481975061,27.02662439279267
5,10,209403.43243971217,35.80104840114102,27.04851756398982
5,11,219154.99532161388,35.40683064444129,27.098944235845046
5,12,217342.92850652063,38.773030422618575,26.988516792455513
5,13,192072.2254768203,40.53889959802845,26.879656892411745
5,14,177182.80418003874,48.05485644640887,27.08210918561697
5,15,150666.97464993602,83.01461358379659,26.977980030264966
5,16,157899.12893371817,70.86557912292018,26.794689420782007
5,17,182912.99084628237,46.67288767504863,27.118926944153493
5,18,182912.99084628237,46.67288767504863,27.118926944153493
5,19,154910.96169537885,76.16478619351354,26.86065438480231
5,20,154171.22872213105,77.96195746343624,26.93892191096507
5,21,211728.3287084525,49.870234675106715,26.80488482745887
5,22,196624.45319881075,39.5574814954782,26.888785639183553
5,23,203274.83989517347,38.86960171531632,26.969877737714043
5,24,183493.9105576203,44.687705820315664,26.91422671318319
5,25,156827.14376496302,79.7426527743414,26.830155453018428
5,26,154399.3943273605,74.44061498663909,26.978731013862102
5,27,155938.8903916432,73.45174732339532,26.984725621892196
5,28,155938.8903916432,73.45174732339532,26.984725621892196
5,29,151980.84574360683,81.0392952040615,26.982512341436987
5,30,201211.92153282982,46.00553355731474,26.82059075646837
5,31,161336.8656618052,69.73845108539612,26.811625828764114
5,32,184610.44715728235,42.799662726248265,26.89945312766534
5,33,173847.66469794078,58.782127640061255,26.818940688881952
5,34,160265.93936634727,63.617019106750895,26.90282176424776
5,35,164755.27081514767,57.93472037832723,26.926699238815182
5,36,171721.81284350148,50.59045384400695,26.922103696789343
5,37,185918.35661074775,42.27538889861024,26.968905850646806
5,38,175119.91826949065,50.06020308745936,26.958835359558904
5,39,168869.28613287082,51.68946702339194,26.944400729180664
5,40,201502.65895908675,51.33203770173076,26.801675560477655
5,41,158736.8421490644,65.88145917063288,26.996770613916702
5,42,207213.09544088139,43.007951261141166,26.84353291288314
5,43,207213.09544088139,43.007951261141166,26.84353291288314
5,44,152380.7118090131,82.113899379708,26.978061567954526
5,45,159889.33232484164,66.11115136286516,26.96771025918698
5,46,165886.30221271934,57.71502527572664,26.937329915830738
5,47,158850.24979300052,61.029849175038116,26.972561735788993
5,48,153263.11306233157,80.58603737163024,26.950239264844974
5,49,170835.58583576724,54.608780160661176,26.92166872405872
5,50,189744.6695302991,43.94706358045076,26.884177266635476
5,51,176698.11836037625,64.42151411846253,26.797773040972125
5,52,188883.51893367007,47.071407447063066,26.87544904255666
5,53,166157.16299127767,63.20095974146109,26.86313763015807
5,54,190887.53293236904,44.37504022869032,26.87152554223215
5,55,168238.2365634098,64.93914359814552,26.834668011662842
5,56,153731.11918888355,80.20529532555675,27.013859827462163
5,57,153731.11918888355,80.20529532555675,27.013859827462163
5,58,199080.49585757506,52.77209406523686,26.80675788783352
5,59,199080.49585757506,52.77209406523686,26.80675788783352
5,60,152815.25234982665,80.28575320921851,27.004214087222458
5,61,183944.96547186223,48.42159725519193,26.866723066835917
5,62,163618.71421741272,68.53944116888718,26.82313072466139
5,63,186204.2261951782,49.62413920056823,26.849271162622678
5,64,186204.2261951782,49.62413920056823,26.849271162622678
5,65,182635.3248972481,56.72560151950127,26.80733909826293
5,66,163082.05391589794,66.70343586083777,26.878380409074026
5,67,165429.05937106037,59.7317900541029,26.86846168227978
5,68,162027.88645509325,68.14072078387683,26.842350865554792
5,69,159732.1949649805,70.30469677643609,26.84153193464654
5,70,164485.60766466416,67.97203824655246,26.78563128653662
5,71,209813.9492473262,44.67713420749764,26.81603507309309
5,72,175564.4512178629,53.850823840118245,26.846909322643064
5,73,158579.73980732344,67.15180806244645,26.892049807717562
5,74,158579.73980732344,67.15180806244645,26.892049807717562
5,75,180574.9850460587,51.05783301466622,26.844677422834792
5,76,170889.22458644837,52.903513467961744,26.86138358269104
5,77,179860.75024349225,61.48213584331158,26.80454434281497
5,78,197468.96991496088,49.7666430348515,26.819971599521985
5,79,165739.5756425316,56.992464085768965,26.942735192106632
5,80,167305.1984787154,50.799223563078336,26.957048242119953
5,81,166823.6350463739,56.607201298383984,26.886868755140483
5,82,167550.12733636657,58.67800816720925,26.883669613434954
5,83,175657.17696347513,57.32704354517438,26.81468133685469
5,84,176324.91977688496,48.345408182943956,26.87632756118498
5,85,160231.67170390298,68.70154213857029,26.836473398805936
5,86,160231.67170390298,68.70154213857029,26.836473398805936
5,87,169232.21340833665,60.65318763959371,26.806829580073114
5,88,185607.34691820567,51.08438197385562,26.82251339328578
5,89,163286.61579105386,60.33838249587392,26.951958519614017
5,90,164626.45957969583,65.76283549109716,26.868720614690666
5,91,164632.58514447245,62.538957740933995,26.88288446800889
5,92,158216.66220854918,69.91758737949549,26.850702599822576
5,93,177459.37017533017,47.398624837974964,26.873157934092106
5,94,164317.08615013878,59.821202685099124,26.88538603072149
5,95,177528.2092881413,61.881022305911785,26.805523578961875
5,96,196954.07029231632,47.01546643430284,26.85602758806484
5,97,169045.86675021573,60.700505527798704,26.857835991692134
5,98,175217.2514468007,54.794672952388105,26.855369832888826
5,99,165693.91200787865,67.84336541649577,26.848360793902025
5,100,178440.26488647648,54.516335788321655,26.822574080487264
5,101,168935.5418458083,56.19632425438699,26.875281894226582
5,102,177943.52481874265,60.288262443931075,26.806470820365085
5,103,168258.9469505333,63.64498159617473,26.847501105262637
5,104,166060.08499841328,64.59635245024486,26.839646151915396
5,105,175389.26350896055,55.55091168298902,26.83850795199276
5,106,171261.73442584273,55.75863811097773,26.83224556391503
5,107,177754.17378015158,55.32507433461024,26.83116118985169
5,108,179605.9330609592,54.17568561816412,26.830387241041123
5,109,183821.13108764772,55.01245854119058,26.817301620831294
5,110,168372.03604770647,62.54701994960452,26.817915207749977
5,111,178967.78405694838,47.03777953987765,26.984111144763503
5,112,189663.48612789487,47.64006827703554,26.871794115222663
5,113,169206.84268612883,56.450970266589295,26.870421616059964
5,114,175189.34540742898,58.106279291242195,26.820347802464617
5,115,179486.73297419536,61.62098645039952,26.78478753684272
5,116,159756.2065348316,66.93962634565214,26.866428257283737
5,117,163946.98919325386,66.92049845377657,26.851439708481102
5,118,189186.7828150371,49.98341584505764,26.81899398272278
5,119,168416.7024672004,61.69780209649088,26.806878665360713
5,120,175657.91122753746,49.784114735804934,26.848543234541097
6,1,313134.33316724177,37.4517931196985,26.930282610063415
6,2,321325.68229403364,42.96619031563924,26.89173899022515
6,3,202827.21356903718,83.72155674982876,26.729918647725512
6,4,301031.0214606493,38.0709791206231,26.94011105262934
6,5,235422.6699579208,62.96601111203587,26.598216287807162
6,6,260965.98501827574,43.76114097287989,26.817682042742554
6,7,284210.8073506636,43.720436898622694,26.936673268961137
6,8,267622.9576917102,44.67095235077079,26.674694966949154
6,9,291990.8386750936,39.65605044243834,26.893858966879414
6,10,289797.37372882344,41.23947135545998,26.91356913051324
6,11,255470.27669708722,48.159450385631615,26.79937729455642
6,12,251372.9921446933,50.63504868677019,26.786511419134328
6,13,263988.0933185316,46.18472598574518,26.814681230837266
6,14,291622.17572955525,40.700485543869924,26.91185143057111
6,15,291622.17572955525,40.700485543869924,26.91185143057111
6,16,291622.17572955525,40.700485543869924,26.91185143057111
6,17,222106.68275135636,85.7044842325152,26.603828709882613
6,18,227467.16997587826,68.670237395946,26.63017442771332
6,19,206136.4978660791,84.47185513615533,26.703237999165367
6,20,228372.53074544226,65.62977510523052,26.61479848961332
6,21,265612.2870461848,44.36928432737771,26.813019407014345
6,22,265612.2870461848,44.36928432737771,26.813019407014345
6,23,218918.24323348602,71.6921759560053,26.638552254155826
6,24,207910.56789168835,78.26212193384468,26.70051799786137
6,25,252468.0169447034,50.59434178721512,26.77757714268852
6,26,256436.0055023194,48.395380920809984,26.754498633443113
6,27,241652.74245989005,52.45288418700946,26.748054111498988
6,28,253221.96879253804,51.42849708615472,26.76354359796111
6,29,215930.3789302152,75.54109759771966,26.62934876998056
6,30,220576.09399911237,71.11110164574978,26.669005716471702
6,31,242804.5651054902,53.14051950396771,26.7204960010464
6,32,253345.2084795438,50.59106253690117,26.766290284408356
6,33,230748.25563289912,65.41613563178761,26.60404857851249
6,34,226943.39081944528,70.31670438962904,26.623825730730303
6,35,226943.39081944528,70.31670438962904,26.623825730730303
6,36,257022.42228566614,60.205072514118534,26.612237092610357
6,37,239480.10585241253,60.60912001662824,26.633577259874066
6,38,230383.7693792634,57.00468637363299,26.672105155481404
6,39,247225.77000293494,55.63799519955606,26.694095327003545
6,40,245510.80723096023,58.25162681882963,26.636438530322174
6,41,232067.2640245497,56.106088399470444,26.679416675386065
6,42,260845.97618951427,47.592861644355864,26.814681230837266
6,43,262050.23050099995,49.59697873873198,26.660321984390684
6,44,265335.5203484705,49.55365216938452,26.679906233130616
6,45,207744.9684953732,79.34225280424884,26.730065140648513
6,46,244623.23800471576,52.22268805387833,26.752975358385477
6,47,238918.85780711746,61.961400417402345,26.65300258732777
6,48,252907.82881084082,51.45907332336555,26.738018416968586
6,49,235109.18481705186,54.48433561618267,26.751648133914927
6,50,226312.17353176043,64.49063864373373,26.646238251749928
6,51,206174.41373240942,79.37588738640689,26.70548965317019
6,52,221623.562771403,76.73171882644192,26.616052536048812
6,53,240398.3584444641,54.87545901543479,26.713436512891207
6,54,227561.82602933294,65.12063000258946,26.62650144526595
6,55,255638.75461043275,56.20202506235457,26.66299051711936
6,56,223502.73347739663,80.15384009982138,26.614005570670024
6,57,227768.96576405226,60.18136591693467,26.685373043705965
6,58,242387.0616626354,53.728660500083365,26.74272063940201
6,59,242387.0616626354,53.728660500083365,26.74272063940201
6,60,258997.37898348627,55.481075960369985,26.678660574855236
6,61,252956.6101830014,57.4343378619289,26.657778223451196
6,62,248325.82118752814,57.81820514280648,26.66899526997598
6,63,248325.82118752814,57.81820514280648,26.66899526997598
6,64,223157.58020316917,73.98377690884728,26.62993473118736
6,65,215359.55369276518,63.19702637440614,26.683255118211008
6,66,218305.52768913805,68.84636086731119,26.67769680046174
6,67,226588.10743579688,59.25753250148249,26.687570395206592
6,68,230687.593568657,58.962648053707724,26.66440753601789
6,69,266914.604396846,47.689816400268825,26.704150030200097
6,70,267036.0108724492,50.41045398241501,26.642617738421073
6,71,228019.07570787446,59.17126719776227,26.68923041061757
6,72,229246.97550547423,60.94472860103874,26.676444337343312
6,73,222695.9182300166,64.56584294369141,26.644088415406493
6,74,221475.4350072827,62.435383073526914,26.697725712065107
6,75,257407.03778149263,53.64419945814978,26.678703334587766
6,76,250401.64178371636,53.3927403933778,26.686618417180114
6,77,242541.92969048995,54.541485308609495,26.740508079059815
6,78,227129.69267272734,69.62895340166274,26.643098280613792
6,79,253928.07723146284,52.88162918395448,26.714563507055935
6,80,228889.31961474713,68.9322944031436,26.614097423127618
6,81,254140.0887054732,62.658179209357804,26.616322477131824
6,82,225607.18301261248,61.271002481933536,26.711685853380267
6,83,224122.1505253,61.93494030115473,26.683465773589745
6,84,229702.5703531607,58.27266922359972,26.69654193052223
6,85,236503.61684851063,62.62036568880159,26.62061792847276
6,86,236503.61684851063,62.62036568880159,26.62061792847276
6,87,251044.2811780907,52.25366926530809,26.714583869937044
6,88,254953.54377418675,57.873930918632645,26.646078986946428
6,89,228736.238174249,58.31010659038017,26.710954378511175
6,90,243329.72165072346,55.07807321069525,26.712461315332604
6,91,243101.1992757368,57.93125663492062,26.659863438886077
6,92,223803.77219383547,62.32593834637252,26.688671623793553
6,93,256395.60352282377,55.80715636605655,26.66948474025788
6,94,247446.03618916293,55.19734328764999,26.70466008643413
6,95,237659.11431508203,62.01700452574609,26.653755767795715
6,96,237659.11431508203,62.01700452574609,26.653755767795715
6,97,226045.40156336813,61.41275793695057,26.677971261380073
6,98,242649.39493912307,55.30739345092871,26.710620471991312
6,99,261696.62888174003,53.65813232498972,26.675621836587815
6,100,230508.00018233873,55.50549693770847,26.71695344872215
6,101,226786.9129655743,69.67672784145724,26.62862037366564
6,102,224985.1194161477,61.69524436470175,26.687399902414626
6,103,224985.1194161477,61.69524436470175,26.687399902414626
6,104,249505.1753104174,53.38949281132557,26.712470470549114
6,105,249505.1753104174,53.38949281132557,26.712470470549114
6,106,235971.8989349664,55.340452716318055,26.711315549149724
6,107,235457.55228340375,62.56557627723288,26.65797173738241
6,108,254081.17799107212,62.6992693854288,26.613968019611995
6,109,252405.1477075373,55.00445050285208,26.680349522504144
6,110,260757.26242792862,50.3645219781794,26.698579072409544
6,111,260626.58879909868,56.9896266162411,26.658970462058186
6,112,221417.92859001955,63.23061338641882,26.647566953113035
6,113,208611.74511008163,73.11605342914221,26.632064721136054
6,114,256808.15878564256,50.73908816966952,26.704228888839225
6,115,254076.6891530233,53.014137326450154,26.69130184778019
7,1,408144.6889803254,34.79945117492471,27.144146316685585
7,2,316356.52127797285,66.56518813868993,26.569231248800236
7,3,237124.7141276953,96.34075568677271,26.67113026456618
7,4,411731.6601542093,38.33658838885036,27.03422540849831
7,5,398429.59066312783,39.31141037936238,27.059827173377627
7,6,399775.69620723976,41.89817512221537,27.000597020247803
7,7,309627.59088369925,52.17869785797021,26.929469043107318
7,8,372586.94167538674,46.05676220183415,26.767846064544507
7,9,293197.2099966312,55.36991785324151,26.880508653749736
7,10,246552.6142371958,83.47801517897689,26.660173138956722
7,11,257748.9984193174,90.15783460737153,26.635846351505172
7,12,275160.71522499627,79.91415847412026,26.611975394313603
7,13,410382.8000181069,39.373751027842566,27.035302632187843
7,14,254008.80769862357,92.01697091971172,26.635846351505172
7,15,320996.8037553279,51.03821037932808,26.8486671244897
7,16,245048.02831741713,95.6218972040936,26.670001211111114
7,17,293028.1254264802,82.92503744076987,26.58112093342303
7,18,243054.64942997554,90.7332020321931,26.674137511188626
7,19,295561.81727987545,69.59916754280864,26.571676907057487
7,20,324155.54661335185,49.32532451569565,27.032352728902787
7,21,364679.8654605125,45.64530136223055,26.768002114407864
7,22,307836.94359120674,62.89082505025925,26.590861130659107
7,23,247953.23601102352,78.80543211220963,26.666136632566733
7,24,356772.8975182007,52.395140651967374,26.729608102051685
7,25,364628.52998948295,42.240347972765534,26.779990917567865
7,26,364628.52998948295,42.240347972765534,26.779990917567865
7,27,305532.8264651855,54.339634814435506,26.80526051442647
7,28,362103.75242918805,48.143390470241094,26.718375394260924
7,29,267297.3274481033,76.97052376419421,26.638501334194537
7,30,309811.4340892583,53.05247482687827,26.731929105189415
7,31,367435.7887189939,46.8817047166784,26.738652114437272
7,32,342547.07512142864,47.323138855874696,26.83029236381153
7,33,326412.9881567755,56.856083548402665,26.703986799054455
7,34,348434.96553854924,48.77459536323865,26.81732988083173
7,35,264421.8937701793,70.39685928903985,26.671657560160632
7,36,324006.9754101253,50.252097068911425,26.821780698168702
7,37,270720.9660227169,74.89341360864366,26.64491576987217
7,38,266458.5952508509,64.26038133327731,26.840476652850924
7,39,353269.68207624095,48.5569253712188,26.730071828496413
7,40,319583.17503815447,54.390060883942425,26.719188301200866
7,41,351367.687497551,45.90945569779507,26.7825046134242
7,42,313182.5908724916,60.10280673826102,26.657390763069913
7,43,254921.6492681121,73.49437338668204,26.71277237268732
7,44,286356.2399214274,63.307451443998254,26.64060085438961
7,45,291082.3142406562,79.87830011975842,26.61556006795957
7,46,282107.7686418551,67.94309074851368,26.657498427832728
7,47,272464.1700454795,67.95888846525108,26.671478336916337
7,48,268866.24761050596,64.91284796745146,26.684752826880363
7,49,330978.24453094683,52.768640916428446,26.792949781337263
7,50,344832.1345989922,46.84585141171723,26.828036599212624
7,51,366007.865665561,42.17293953920478,26.772449766495086
7,52,336892.49615810433,49.90832008984946,26.845702735134147
7,53,290678.2392102244,72.75214384076499,26.62878008566821
7,54,328890.87494769157,55.486838041364415,26.700452733222747
7,55,277240.05108637834,62.81298695826573,26.76729979775031
7,56,292821.0862797533,62.12858708157959,26.686204069665678
7,57,349400.3134452499,46.457425525919014,26.811322311439625
7,58,331147.26975107874,51.431988691402594,26.802374925226545
7,59,285504.3564253845,66.64379843516132,26.63508735133759
7,60,269901.596224823,71.92823433600132,26.649526192310496
7,61,298296.71239824384,60.90347960142086,26.65303491644432
7,62,273192.3218821913,64.26770640895046,26.760741385500374
7,63,248394.07442372033,76.34961563206184,26.680628179282586
7,64,284664.80257865525,65.38830139718634,26.67883272913658
7,65,254205.86146322446,75.4998185051939,26.692321033932352
7,66,339442.34659014316,51.25123932964345,26.799465316636557
7,67,252040.43785166,74.54429766047829,26.694737787186916
7,68,258337.18556549633,72.20984480253526,26.71028318162886
7,69,291557.89209186076,57.667855727693535,26.74869485676045
7,70,249892.1762170118,70.73681049100861,26.74297756771542
7,71,341270.90682763746,50.49940827547183,26.788748062573106
7,72,261570.63282740663,70.4851798064262,26.651048754365064
7,73,278306.95772282913,58.938716005652225,26.734638471106123
7,74,294193.8751354412,71.14750297222871,26.634237656347857
7,75,337586.50779948296,47.83181010319763,26.828036599212624
7,76,302905.1369177945,55.02812507551209,26.743263304051304
7,77,272994.7168720816,64.12120753545757,26.80888677605146
7,78,364010.585965652,47.08149340706963,26.770101829143414
7,79,333274.8190861763,57.800103908506436,26.696832704239142
7,80,300141.93764411716,59.23806448581966,26.69370771342495
7,81,261090.72110161593,72.90229962476107,26.690335571242507
7,82,289049.0621943121,58.53022970401111,26.75116536668851
7,83,281040.09125463245,74.50368620823089,26.63227758382694
7,84,244679.05612108918,76.72236587175328,26.689818161231806
7,85,284611.79659006273,60.93005092883558,26.726475654364663
7,86,292942.67789610574,72.8009930817434,26.62263319866853
7,87,281479.49678959174,56.079011876536754,26.7536688986536
7,88,247761.03689323575,73.86597652362514,26.70154862881936
7,89,288216.5427837276,61.25289659207112,26.686241708337796
7,90,288216.5427837276,61.25289659207112,26.686241708337796
7,91,280156.2157780606,59.564948419436746,26.72983251499754
7,92,325065.9603961693,55.68698706578711,26.714885879702692
7,93,306777.15606517904,56.117293844460605,26.714157525844605
7,94,301349.641922743,56.61038182859588,26.736908097438274
7,95,294211.78581099253,60.71775214091554,26.65678631483722
7,96,247361.0772866072,83.09946014377888,26.678580747598858
7,97,284126.1967538692,58.82062136425629,26.74470847554238
7,98,344721.4845930111,52.58806970301596,26.746454815949733
7,99,258858.4667097879,72.09689697761961,26.692771984154533
7,100,335583.0717481945,50.51801460046676,26.814559270734897
7,101,325738.4391795973,57.83657131173865,26.670885973115148
7,102,340752.94575010694,49.513594100041125,26.80117089909136
7,103,300951.2964590295,60.103813695468155,26.679418269109988
7,104,261150.48582449256,64.46137413954453,26.718317974459197
7,105,302255.7962093017,55.029892793115195,26.735715322539008
7,106,339679.08117103926,50.90039757821828,26.811018550710635
7,107,334470.14480258344,57.77262456927273,26.69523040960714
7,108,289147.4901930739,58.708860398985266,26.743280779031856
7,109,340772.0411040888,59.77610501475312,26.667254669703546
7,110,307685.33503971406,62.954509310109636,26.63944747207414
7,111,249496.2054351571,71.98320082690805,26.747040025370204
7,112,317702.50887463987,52.348011852507256,26.829146465767316
7,113,317702.50887463987,52.348011852507256,26.829146465767316
7,114,340882.8261729941,60.874174228617356,26.655116616673638
7,115,335309.84244757553,50.682141933364655,26.816946262416167
7,116,335309.84244757553,50.682141933364655,26.816946262416167
7,117,281522.69595589716,55.54790837111284,26.764054241965773
7,118,281522.69595589716,55.54790837111284,26.764054241965773
7,119,281522.69595589716,55.54790837111284,26.764054241965773
7,120,249728.95653804074,76.4463880144853,26.640285762599085
8,1,229840.3773401695,43.607177226226575,27.14858291119034
8,2,245975.94138583916,37.94918362442845,27.377119808618346
8,3,198697.10570848113,56.68825147675802,26.98227925064201
8,4,174711.15250215068,66.45681353913132,27.009233487245297
8,5,220480.45714817036,42.23920679302094,27.257282972381077
8,6,220480.45714817036,42.23920679302094,27.257282972381077
8,7,220480.45714817036,42.23920679302094,27.257282972381077
8,8,220480.45714817036,42.23920679302094,27.257282972381077
8,9,175277.40759838204,61.15019825598897,27.15585273913679
8,10,206453.5533589627,53.19542029464781,27.028422426234314
8,11,206453.5533589627,53.19542029464781,27.028422426234314
8,12,182433.94403247462,64.86661274784234,27.03816248550398
8,13,173683.3653255773,67.17348531730124,27.016615980017143
8,14,230752.21333433068,43.51528242333654,27.17980956496212
8,15,172155.45395816484,71.10205032765896,27.033167320606942
8,16,172155.45395816484,71.10205032765896,27.033167320606942
8,17,192653.40567494454,45.07322952259061,27.066731270774696
8,18,256226.88842805853,37.27330131660404,27.489992729246822
8,19,168508.843143692,73.68622244212835,27.002854716564826
8,20,232795.26750070095,40.37115348288147,27.149529071422677
8,21,196018.10756505202,58.54895526534227,26.963613220466627
8,22,178886.3548008423,62.71208459883481,27.050888418766462
8,23,177723.33961937355,56.98761381256581,27.139480686284855
8,24,182973.561013151,62.624301792399265,26.977155396399425
8,25,183139.9699443291,57.93583476680325,26.993926501286325
8,26,173276.1319550678,62.56191719664864,27.07089673376491
8,27,173276.1319550678,62.56191719664864,27.07089673376491
8,28,237981.6819308313,49.09953964712892,27.00022078255998
8,29,173502.99209929435,71.93749396721194,26.977155396399425
8,30,180378.79165664976,61.782071888807934,27.081726414301045
8,31,152952.01028270344,92.31815148590125,27.11258186153148
8,32,181931.6299952734,71.805091630939,26.986957576104047
8,33,162684.61004781318,67.89062589417746,27.054129689308958
8,34,214327.34467289824,49.89451370251298,27.04631356971433
8,35,214327.34467289824,49.89451370251298,27.04631356971433
8,36,184109.32290473435,55.79079092386807,27.14855196736527
8,37,269794.7364911001,39.34013817795957,27.35838448788327
8,38,165761.01024991582,83.46722928925084,27.02694680728397
8,39,166508.45918044788,76.50573812374205,27.013325072545243
8,40,158840.09614342946,90.80708196747675,27.097864245464088
8,41,240079.02087412614,39.83187735470156,27.318729989612237
8,42,210012.9173290752,53.83335124226206,27.0143191046225
8,43,212613.570324162,51.32851615281049,27.024874478354143
8,44,212613.570324162,51.32851615281049,27.024874478354143
8,45,163001.64502829374,72.35959255457833,27.042453708078938
8,46,226039.46774167233,43.39863333784368,27.23771964364586
8,47,170844.28852580456,63.91458183096387,27.09601723027631
8,48,191962.1161835432,47.374137553980276,27.048481432495862
8,49,191962.1161835432,47.374137553980276,27.048481432495862
8,50,161903.85095935574,85.72274562024947,27.112119623613374
8,51,186107.64899276668,51.50469929707201,27.033311612301837
8,52,159961.9044166906,81.25930450786974,27.123203608712792
8,53,208235.523554337,56.5991148772984,26.98763733872601
8,54,173063.0827792741,63.964996342245605,27.042718048154327
8,55,179032.80465864236,76.241626174569,26.935062794624685
8,56,224275.53559335778,44.633381368452795,27.17342665821822
8,57,168085.68623186075,84.82536169232921,27.005557952682786
8,58,159376.86737085375,87.70024460691407,27.080820953702435
8,59,192721.42416548546,56.5351474212211,27.009511733715804
8,60,171352.48909923143,71.34059483124483,27.0273922544905
8,61,229839.62394464033,42.710470677381174,27.20820992821266
8,62,191700.93072281912,66.2716712067078,26.95538400792296
8,63,218395.95698827785,52.584220331509194,27.01700293579271
8,64,163334.52059657575,66.16070253263133,27.054129689308958
8,65,159044.56021424793,91.04643658851276,27.087418760989905
8,66,159829.6212598581,86.51301877427305,27.139449139622613
8,67,187553.1782873607,72.89867643205845,26.963932570588923
9,1,369667.2911833025,40.42475113053962,27.842544691174623
9,2,369667.2911833025,40.42475113053962,27.842544691174623
9,3,375647.1943509835,40.440335899457985,27.811193800514694
9,4,241986.32938510715,94.16094342445297,26.841886945610483
9,5,277533.5658362537,68.96855131722145,26.641951596973126
9,6,233474.40409663186,84.70447143017526,27.0908755574415
9,7,355526.86377991637,41.50589063203644,27.693239721632658
9,8,302980.9785468309,43.75626614018988,27.396485478896782
9,9,337201.30789154855,45.233896902442645,27.19320076565852
9,10,240343.95180311622,82.48146968586165,27.136943054500392
9,11,331595.6272255473,46.21547885133173,27.164499153112317
9,12,320621.7148199343,49.57196438471994,26.96515649269634
9,13,304371.8123449661,45.20451473503125,27.314629959379026
9,14,250469.25175809098,72.89206005926732,26.720518933260475
9,15,308447.36248086835,43.30110836294275,27.286482425808604
9,16,245632.2410449895,80.52932528103447,26.823196598974658
9,17,315541.510894026,42.609779553776846,27.21316758286203
9,18,313579.8011419666,42.80707104990695,27.218573321776976
9,19,277875.67733375105,54.50128621137577,26.738106653559846
9,20,297736.66984974674,47.45548294173979,27.25547025908965
9,21,293486.0035169233,48.77356266074682,27.171202016400596
9,22,280428.131227967,64.12834952373986,26.645973358304058
9,23,270697.5113057079,71.37968759144633,26.705247057917443
9,24,243760.46098333877,83.88026240982222,26.85778732794803
9,25,248948.65570417192,75.36291083072851,26.86470693718013
9,26,248948.65570417192,75.36291083072851,26.86470693718013
9,27,242225.4249696745,76.72443404023774,27.081739053370452
9,28,288947.50195821596,59.00717902532585,26.68697798267989
9,29,277035.8010886271,51.89397514103396,26.897870408568146
9,30,293918.4200511654,60.77743712247498,26.668442126892092
9,31,307023.02357241313,45.352282461679536,27.228205140451557
9,32,274101.9021753212,66.02954013364675,26.689032214332787
9,33,247703.57713019522,77.6854402656972,26.848152407963966
9,34,303830.24803239066,49.31342652873484,26.972957160290267
9,35,292045.1914996596,50.05575988280848,27.304923062768342
9,36,266094.84978154907,53.42849589830896,26.969950915727903
9,37,295243.95862951013,47.56368191275732,27.00609197285843
9,38,306644.50882076,46.94383118319465,27.204061219353417
9,39,298502.1424932247,51.22198341535396,26.99259208651985
9,40,251021.10697789743,66.82110213334154,26.863745411109857
9,41,267769.13057435676,58.15189349726032,26.796859463865925
9,42,264798.05968856,62.213159412032205,26.754641765586772
9,43,301380.22271983663,45.54721392680742,27.21606595598268
9,44,262710.9968208056,61.617210771210495,26.758818655177755
9,45,265959.64025483263,53.96244757700492,27.008615211877725
9,46,268445.33854021126,56.360643751411985,26.92520064383235
9,47,268445.33854021126,56.360643751411985,26.92520064383235
9,48,272771.7391625745,56.87070331712112,26.89278130868527
9,49,269641.3544056061,60.33143765238481,26.705786324546455
9,50,254021.39716229096,65.36290810203539,26.842224926387257
9,51,261879.34854044073,59.73687556964401,26.797516677077876
9,52,276466.568249553,53.78866145120641,26.804945914304255
9,53,254816.63550184306,64.73303623169133,26.886052804208603
9,54,280664.18124883005,66.54091092600918,26.645958200429135
9,55,287876.07557553874,51.497429126665615,26.78255927027069
9,56,258860.8012296426,63.20640200061746,26.796132704511525
9,57,262882.3606814253,54.133714929955225,26.941077339791747
9,58,250860.4646666516,68.0031761989809,26.93032001686733
9,59,252526.18315724167,70.77678447527194,26.73039694490275
9,60,249624.59722721507,66.40137463960802,27.051351929984104
9,61,257113.77115087686,69.1711236981224,26.728066419691135
9,62,245560.01074568377,75.40308482875865,26.87175402939261
9,63,273069.14841991075,59.15048865015672,26.761938809301157
9,64,243835.69193484416,71.27259542526794,26.878628351291002
9,65,284868.2102001665,62.35451331489993,26.68935947905212
9,66,284868.2102001665,62.35451331489993,26.68935947905212
9,67,286630.3637717946,53.816272369685315,26.791360400362898
9,68,240942.6875784973,78.04987859798283,26.90249351761627
9,69,259510.05276152655,57.358190171883805,26.884279969390136
9,70,295013.243933608,50.742496241260916,27.0586833431608
9,71,295013.243933608,50.742496241260916,27.0586833431608
9,72,245213.82949482524,79.13513330914996,26.856733284437723
9,73,245213.82949482524,79.13513330914996,26.856733284437723
9,74,245213.82949482524,79.13513330914996,26.856733284437723
9,75,245213.82949482524,79.13513330914996,26.856733284437723
9,76,246295.6730032832,79.0585464957668,26.85572555499963
9,77,264598.56891496805,57.14086672575707,26.920227267160975
9,78,255769.99923006896,58.9385845648476,26.961751002444725
9,79,255347.40759236735,60.86696622172109,26.911924749091366
9,80,253856.76094753205,62.2780469179714,27.037009848533813
9,81,299290.69678617513,51.33579709121911,26.963327225623054
9,82,258823.59907691972,58.607529978287374,26.997130240327813
9,83,252092.2978736936,62.554867517272015,26.89838750777638
9,84,253907.94868402515,62.346719717585295,27.03326331828093
9,85,249692.46424326778,68.14363098009406,26.95130398005118
9,86,296202.793329604,50.086518444238386,26.998248698047874
9,87,252206.36313879918,66.56799669934043,26.811996161468134
9,88,292964.4208624044,50.561570602454914,27.295411558919685
9,89,292964.4208624044,50.561570602454914,27.295411558919685
9,90,250988.51477197508,70.04779800742091,26.802951800997196
9,91,257913.35454816074,60.726995578791936,26.882412427036396
9,92,297939.3797298942,46.146453870469,27.299501406966314
9,93,247692.60745767644,68.59592049439131,26.946805240038845
9,94,247692.60745767644,68.59592049439131,26.946805240038845
9,95,302449.9253032498,47.29713508421675,27.212587379687694
9,96,242279.58378301648,76.37705213541584,26.946916705695084
9,97,242279.58378301648,76.37705213541584,26.946916705695084
9,98,260429.6688770584,60.215107006519766,26.793085292263104
9,99,249646.97166883148,78.31808658316206,26.786441959300856
9,100,305758.313976781,45.333329556949764,27.305732896155043
9,101,255111.254789592,78.3087016406942,26.69537154033989
9,102,296245.38424663624,47.08629683168341,27.299501406966314
9,103,296245.38424663624,47.08629683168341,27.299501406966314
9,104,268289.6255103969,59.93288246190072,26.77455531347031
9,105,245545.71723413735,70.60600431899525,26.909979241950932
9,106,302108.26222103066,45.32299353946053,27.3082618604559
9,107,246556.1125771069,70.23469569803594,26.890688086813125
9,108,246556.1125771069,70.23469569803594,26.890688086813125
9,109,278565.17168757255,51.39143923326701,26.92334130045787
9,110,278565.17168757255,51.39143923326701,26.92334130045787
9,111,268570.54062202014,57.16453619095244,26.773839726941446
9,112,255152.07397404575,68.84022858341967,26.770544098272186
9,113,250033.5554459143,69.42542516688485,26.93322865545153
9,114,250033.5554459143,69.42542516688485,26.93322865545153
9,115,266122.59344401886,66.5344518915068,26.70575667336267
9,116,259081.15534695017,60.06156239363505,26.882412427036396
9,117,260282.13600230752,68.06746286282743,26.785163312364627
9,118,255186.230357279,62.47758773410858,26.90650203160374
9,119,255640.0142719929,68.68957813444511,26.761454140396
9,120,255007.7454748419,62.30422717127467,26.93420125116813
10,1,331422.6588065613,31.864680104209715,27.42558119305877
10,2,331422.6588065613,31.864680104209715,27.42558119305877
10,3,194806.04304810386,60.703272794301455,26.735950491668937
10,4,177852.7938977623,75.41416985224204,26.863042619516506
10,5,310315.0940749975,34.85718001227972,27.334348768065475
10,6,310315.0940749975,34.85718001227972,27.334348768065475
10,7,310315.0940749975,34.85718001227972,27.334348768065475
10,8,310315.0940749975,34.85718001227972,27.334348768065475
10,9,310315.0940749975,34.85718001227972,27.334348768065475
10,10,328242.6947036534,31.942203029524357,27.378606737340384
10,11,328242.6947036534,31.942203029524357,27.378606737340384
10,12,327545.10686243034,32.08898416152498,27.345287360295366
10,13,182480.2350793404,74.62894575605995,26.816193684425514
10,14,277714.8858683251,38.509522567495594,26.960666612657405
10,15,315910.5865664948,32.690363800585885,27.32780488834173
10,16,315910.5865664948,32.690363800585885,27.32780488834173
10,17,315910.5865664948,32.690363800585885,27.32780488834173
10,18,187315.76997633965,72.3275121937384,26.779730656340455
10,19,269777.61124603683,40.24385336829553,26.932480673946102
10,20,189218.1059654817,74.52965375054536,26.765161434858975
10,21,315845.29858152726,33.13545775143993,27.335839154734145
10,22,200168.97191916718,56.645106613866815,26.837500676941872
10,23,190879.3773762512,72.10138805035407,26.7984635186896
10,24,272787.8017274836,39.086239137348365,26.955808034567298
10,25,272787.8017274836,39.086239137348365,26.955808034567298
10,26,272787.8017274836,39.086239137348365,26.955808034567298
10,27,272787.8017274836,39.086239137348365,26.955808034567298
10,28,272787.8017274836,39.086239137348365,26.955808034567298
10,29,192059.05788954854,69.03564582245801,26.76534986014856
10,30,236917.28573934533,42.04052355500432,26.982689372553338
10,31,204373.6133598974,55.738276950608025,26.822818005439487
10,32,188219.15270080554,55.96422614535168,26.92913080481283
10,33,188219.15270080554,55.96422614535168,26.92913080481283
10,34,268984.8515081506,39.761324661616996,26.960561877765308
10,35,209961.65098273303,52.73438417791634,26.806786071333264
10,36,202555.49258467066,56.858628814229604,26.82814918540891
10,37,189086.00619237794,59.91194008295552,26.85372361692896
10,38,205276.53101486983,60.664083358331794,26.791988615831663
10,39,193846.86636904665,57.156053410689374,26.845023997424413
10,40,193846.86636904665,57.156053410689374,26.845023997424413
10,41,193846.86636904665,57.156053410689374,26.845023997424413
10,42,193846.86636904665,57.156053410689374,26.845023997424413
10,43,201888.92680214567,60.27595301200641,26.826404047638583
10,44,201888.92680214567,60.27595301200641,26.826404047638583
10,45,249728.5394189553,40.907071841357464,26.86404772746087
10,46,181309.41074377875,79.56628086899416,26.728894052171732
10,47,193442.62404939564,53.06757213596348,26.946787747022277
10,48,217924.10609761617,45.4640876773138,26.787246258130466
10,49,270717.06740763475,36.354661475206406,27.07542173214243
10,50,199894.83216913967,51.29577087669284,26.893723326583718
10,51,309480.24146692024,35.194301325746856,27.31360021202373
10,52,182204.44882457893,68.51598510913979,26.910639013242786
10,53,184269.37692886725,66.27594635044792,26.91147232530242
10,54,204818.13464582898,57.581389340336266,26.822481085486103
10,55,182437.07917046675,67.00831842470113,26.868517798356464
10,56,188469.76891126763,70.47729508206041,26.836310239396845
10,57,242738.72930528782,39.34362073235928,27.05508782767653
10,58,220467.45479276948,49.775828821589485,26.773716529138255
10,59,266610.0865857232,38.90953675505822,27.045990190536983
10,60,313711.13174256077,34.17957397340152,27.32780488834173
10,61,313711.13174256077,34.17957397340152,27.32780488834173
10,62,238318.4268540672,42.51241907014609,26.96192647790196
10,63,208881.01757185796,54.21217664861578,26.758567314831552
10,64,273061.8766612014,39.08623916236059,26.94725496365225
10,65,273061.8766612014,39.08623916236059,26.94725496365225
10,66,184822.02229340872,75.08227488322272,26.74832663594811
10,67,194349.03690517333,51.38528748906278,26.845545220978615
10,68,314280.7602116739,34.14240609000351,27.24602845706503
10,69,184203.42384165098,74.31572398972044,26.856388718191916
10,70,314167.79813099996,33.591691026260094,27.274392123886592
10,71,239712.9406147432,41.65794910870444,26.861122795543345
10,72,206895.82411600443,55.07160230453604,26.78602917535305
10,73,273932.8357534154,37.4428436470302,26.98824263226539
10,74,188046.1396440783,67.426834863367,26.851233366144726
10,75,184367.7163998582,67.96336340213878,26.844941257320528
10,76,203127.1259971172,49.94460240187333,26.829596895097417
10,77,180516.98111781618,68.63380227146459,26.91053317264204
10,78,257062.9773587367,39.39893455788501,26.963421395136002
10,79,213493.62579477078,53.95160270875385,26.763298418125537
10,80,188055.01842915444,73.29689034470175,26.770924721924857
10,81,215873.45806356435,54.56954704468514,26.729454373117335
10,82,214800.71414901366,46.26961332165237,26.8125959431568
10,83,184431.39468106307,71.71671861756491,26.829615559006733
10,84,238568.70951372295,40.94020179952824,27.05044618463826
10,85,181021.14572742753,73.8920466172081,26.878679624792355
10,86,186545.1360675912,57.4197621468583,26.876705842959637
10,87,198310.12351316636,55.61626882865614,26.844748577339665
10,88,173766.53769294117,77.02751268619336,26.793465606178927
10,89,205289.52810374848,59.90436761739209,26.808326485446088
10,90,213358.77354677446,65.01117408685356,26.700435895375016
10,91,188280.75445556708,65.48329017825128,26.87015438101036
10,92,228330.93177785908,44.186847344525894,26.803637747770367
10,93,206822.9949322449,59.06716446030047,26.757778276055397
10,94,276699.91252954997,35.257497603890855,27.072118329085598
10,95,189252.42270123344,60.612163878906316,26.839758519917225
10,96,202178.21737989754,42.89522487413769,26.843519756909053
10,97,180817.98286785057,61.0933129609338,26.93467515064436
10,98,193349.83713231064,58.194059322276786,26.836094839433507
10,99,256324.16444294757,39.17538579341102,27.040462405915832
10,100,192606.19286605407,62.057595623981555,26.73112309498032
10,101,193811.36329854515,52.361818648441336,26.93942377184878
10,102,191058.70691954615,67.3992031002291,26.772973591243193
10,103,178937.92894781736,67.24715545442729,26.97901430555131
10,104,325284.60309904115,32.174681494220344,27.31419727940208
11,1,275453.492420974,67.06695897304411,27.709316539763872
11,2,364675.2397069575,41.97969642975707,28.254347724649172
11,3,364675.2397069575,41.97969642975707,28.254347724649172
11,4,364675.2397069575,41.97969642975707,28.254347724649172
11,5,318698.7802100869,50.23392921547487,28.38620619782883
11,6,320900.66280774365,47.74702789853303,28.1437051803071
11,7,339529.58396448765,44.36326439649503,28.478165022233554
11,8,339529.58396448765,44.36326439649503,28.478165022233554
11,9,301975.73282540456,62.60306677807625,27.462635392662744
11,10,356465.12151936087,41.93476016773126,28.44255128229576
11,11,311394.9856269026,50.92984722886371,27.936305829059226
11,12,311394.9856269026,50.92984722886371,27.936305829059226
11,13,311394.9856269026,50.92984722886371,27.936305829059226
11,14,311394.9856269026,50.92984722886371,27.936305829059226
11,15,276320.7833950963,66.90331033304753,27.545922548187146
11,16,305256.56137754035,55.10412809494559,27.86077729253565
11,17,305256.56137754035,55.10412809494559,27.86077729253565
11,18,304336.3738353458,53.86938415355145,28.004894319351074
11,19,309386.0904202121,51.69195496402993,27.90479972387602
11,20,347852.8101902736,40.849831956360305,28.503390867682352
11,21,347852.8101902736,40.849831956360305,28.503390867682352
11,22,302519.00983420276,57.27428948196803,27.87151343913269
11,23,319795.2315075238,49.54319905136645,28.292468130215468
11,24,319795.2315075238,49.54319905136645,28.292468130215468
11,25,319795.2315075238,49.54319905136645,28.292468130215468
11,26,292119.15321575943,63.68023385855856,27.483431924204876
11,27,270427.8379191705,77.52128358485172,27.614464928104418
11,28,258035.39664215725,91.60383706981636,27.971385426429226
11,29,307089.46219865116,52.385207008000215,27.83255827793341
11,30,344457.5745842476,43.663976327829886,28.327806267779472
11,31,287092.15308595693,70.27233816340154,27.434880261735948
11,32,287092.15308595693,70.27233816340154,27.434880261735948
11,33,304469.64132003277,53.943232690157856,28.003982203118138
11,34,290273.01821712335,57.797858894125994,27.58058774322895
11,35,354947.01604300016,42.312047742477866,28.33707089767084
11,36,308541.7065320788,52.34320398218862,27.893820878619533
11,37,276765.605023477,64.92787344991318,27.655484273587955
11,38,352147.52965947014,43.8299683367069,28.121172963106975
11,39,280060.0112901834,66.42920685849285,27.516028497789495
11,40,345342.55706396507,40.5778239555846,28.529299362177024
11,41,331129.7449831513,44.86297053763037,27.92691835379117
11,42,285826.4455128197,70.81778822639812,27.34329166534889
11,43,319997.9689953715,50.488606405981905,27.90529543306193
11,44,319997.9689953715,50.488606405981905,27.90529543306193
11,45,306036.55300056457,55.3424864786506,27.848669454283115
11,46,307353.8654515161,54.485426201452555,27.81325234715009
11,47,307073.2478536961,54.69329627283588,27.906347853024005
11,48,307073.2478536961,54.69329627283588,27.906347853024005
11,49,287898.03835720854,68.83153953380335,27.448751062902733
11,50,311371.49769014923,51.84247573664248,27.842121204022327
11,51,324528.66387992346,48.63973986532541,27.939112080233492
11,52,284639.8212724764,71.16247105404389,27.44682190942669
11,53,266965.82947632537,92.31696078936312,27.697808186928885
11,54,357054.7577125244,43.6214085583306,28.252990309873187
11,55,284646.2893639554,64.4768127189087,27.649021412378115
11,56,286996.50893299066,65.38084574493627,27.52750671742893
11,57,281011.1045253902,69.97846332344375,27.463810583259345
11,58,285567.74439621886,66.67823553258003,27.49415701817761
11,59,323680.3646634242,53.596626889881925,27.711188626343052
11,60,347788.2911377096,41.111240728995035,28.501552713597263
11,61,328081.8200320037,47.670310607497306,27.92691835379117
11,62,277361.33011993737,76.8392639716183,27.4950136761709
11,63,319736.13928457187,52.442153599499285,27.802204951368132
11,64,305781.26962239406,57.05522461950255,27.8257094096459
11,65,271351.55790751305,84.6582721311462,27.56306062980407
11,66,292960.36930534954,57.33757356731673,27.731652200313125
11,67,320420.3489413393,54.273051754790266,27.674648133028818
11,68,342508.79981662164,42.11540323666883,28.39400159623626
11,69,353856.6366464007,43.53629012304378,28.345916141577167
11,70,281398.08345562534,73.65250971122961,27.44315413078946
11,71,330060.99441209645,47.281316607927145,28.32915977670632
11,72,313299.913098449,50.424131843803416,28.007877816405337
11,73,285727.05412815465,61.20551711181196,27.656320591141487
11,74,307659.1011727928,57.20202110954977,27.57265319070669
11,75,308359.8142838242,51.39803070500031,27.91332422804853
11,76,357518.67168029473,40.679841033991046,28.507397918137134
11,77,313811.06757237634,50.68189966706086,27.820542926863165
11,78,297787.7199502566,66.09718525448348,27.40539443026507
11,79,308815.5643534169,56.28897758204171,27.6656044359331
11,80,351812.1730564394,44.50355293264803,28.286164945642724
11,81,340411.52127545443,49.34077541109116,27.65379689641771
11,82,269540.21187302837,75.00165222599256,27.844099237042546
11,83,282459.65342219826,72.61885987632316,27.2644897545836
11,84,304616.8205117349,56.593438192910895,27.90084011207704
11,85,272681.5142526631,69.97664250675881,27.58795877389431
11,86,290724.8053323177,57.495395543274945,27.804327771260976
11,87,285525.2610524866,71.68927966835169,27.411048254710252
11,88,270107.87984294177,87.28070758348795,27.553529072942187
11,89,261444.18344546173,81.617814760252,27.738945664315047
11,90,273368.97461625404,77.56741587893863,27.24830983595449
11,91,314823.6613585799,56.11400714788511,27.576209288117326
11,92,297281.86845939315,54.073920921164074,27.91332422804853
11,93,330907.94398410403,47.86742986338681,27.874081852763883
11,94,311778.5721353074,54.21582134790841,27.732410951407218
11,95,268458.7911226947,77.52350135475086,27.804751018732475
11,96,334312.1208668185,47.8664555160539,27.86395274412872
11,97,286878.22296212905,62.206061777765534,27.53838438018532
11,98,296908.1383562064,66.44635111598429,27.369331938517064
11,99,284182.8293470522,73.10666882818452,27.244900621648732
12,1,276930.50406927837,33.94051304355266,27.024012874156355
12,2,168536.00152727778,80.6485679105627,26.957096433293046
12,3,177410.53502976208,87.62793907220615,26.841575349514812
12,4,249735.1229475189,37.29866731987336,27.036283023325353
12,5,229722.22291472365,46.94965891790435,26.719925283895137
12,6,252661.35928342555,35.618992264956056,27.03340722103252
12,7,271838.3997877056,37.60656044810444,27.031626795321912
12,8,271838.3997877056,37.60656044810444,27.031626795321912
12,9,271838.3997877056,37.60656044810444,27.031626795321912
12,10,271838.3997877056,37.60656044810444,27.031626795321912
12,11,271838.3997877056,37.60656044810444,27.031626795321912
12,12,271838.3997877056,37.60656044810444,27.031626795321912
12,13,189210.9703982157,84.85603233898544,26.792510269922758
12,14,173613.93808922207,74.73563157050698,26.84575050283582
12,15,273290.97309310775,38.9686620343057,26.979793594034646
12,16,200866.11408624993,55.28311379950347,26.750936485102443
12,17,196247.0564777918,56.945809402302864,26.76557960944816
12,18,182071.92703328424,57.44774345902134,26.91016555342479
12,19,178111.615298754,81.06203754545253,26.79639920208423
12,20,273109.4313428513,38.83981419658401,27.003268195417313
12,21,273109.4313428513,38.83981419658401,27.003268195417313
12,22,190426.71904485126,56.26842687829616,26.98184630426543
12,23,179209.60545592665,72.06331769853165,26.828635534881116
12,24,233679.35522334138,39.645528427062374,26.949368985588414
12,25,233679.35522334138,39.645528427062374,26.949368985588414
12,26,241889.87896025775,42.18687815944109,26.86329465025559
12,27,241889.87896025775,42.18687815944109,26.86329465025559
12,28,245609.15901518226,40.34521751865548,26.860466777382157
12,29,251193.97843466373,39.834199170038076,26.945276669767203
12,30,244413.10443082947,39.612767434630285,27.02179105369588
12,31,199944.8797440646,51.695079002632646,26.928599045133367
12,32,199944.8797440646,51.695079002632646,26.928599045133367
12,33,190322.65782811298,64.45512753489992,26.779354195783768
12,34,175534.94038711555,57.82179968847615,26.89109229222047
12,35,169380.94454698425,67.18009620327004,26.878788967938284
12,36,226260.6379007866,50.081236933016214,26.731490772497033
12,37,180525.8741507613,67.25822066642233,26.80345510575897
12,38,173202.27908463715,61.519194077868754,26.89490789542942
12,39,228601.07961504854,44.122388395307546,26.806198872566362
12,40,213557.57868785862,45.937795131355756,26.84667822699975
12,41,179000.3293442509,69.14539666246642,26.853188147765024
12,42,187904.33891158787,59.760304981375114,26.86768918436922
12,43,181567.90540654332,56.3401423405323,26.933069960844733
12,44,175116.5603540921,60.757085923055456,26.93195078050598
12,45,177563.8657759574,74.63011601241774,26.844844685993642
12,46,176849.91323884286,69.63348838572122,26.867649810529514
12,47,202940.30704887232,49.905967058174944,26.89857157312921
12,48,229211.60531164534,49.544164103637684,26.719925283895137
12,49,227280.62303785043,42.77313355805103,26.807062929184745
12,50,191945.970485949,54.54176163173321,26.872719183892627
12,51,219371.8898587826,44.72356113946628,26.8751871567069
12,52,177199.64892699034,70.76855262897712,26.862363459114007
12,53,185873.16163920535,66.61679570713852,26.829810159158583
12,54,219694.63721816737,43.0546203522105,26.876394178661606
12,55,223409.58598514565,47.75111672496443,26.833893642523662
12,56,181689.06579541523,62.59517764439897,26.84392601905018
12,57,180592.193664278,64.41621603234252,26.86255359383337
12,58,209166.6403230799,50.47724322898798,26.831408415452287
12,59,224854.85911477037,48.15382904607006,26.812080031128296
12,60,205757.79703179077,53.536041665203605,26.846120503452653
12,61,215336.17159096993,46.32729561801314,26.84322913510745
12,62,187229.67460511383,56.90277102582774,26.885156810565718
12,63,209142.46724394005,52.431750711947906,26.8485278412831
12,64,185597.9465575277,61.51001641278695,26.836035816724213
12,65,207326.53197402126,51.0878564931661,26.89376578838641
12,66,201714.76995793145,51.92706375138599,26.899091461935335
12,67,218591.51033818754,51.78631800368029,26.789974819508068
12,68,196937.01570371026,54.38668083607791,26.94616604347391
12,69,216707.1003239839,49.60019665303791,26.7988227469503
12,70,188501.14412689616,57.80960467847447,26.817087662222754
12,71,221291.3367165313,49.261485808614054,26.826850219103463
12,72,232396.87601092792,40.55628670982113,26.90785854520928
12,73,232396.87601092792,40.55628670982113,26.90785854520928
12,74,220753.8039070824,51.52552917307628,26.786001077616163
12,75,211177.3802314146,56.69453629325145,26.736670946202146
12,76,179102.64135041062,65.76498056604682,26.834012242010104
12,77,243980.6881447567,41.770607204946764,26.902026838031645
12,78,195123.3494593789,47.96090216100686,26.95264780550206
12,79,211085.85553244164,48.846231102056045,26.873787723137035
12,80,177589.30271836978,65.01928884414227,26.855892835827646
12,81,197809.29414197968,56.56620414125786,26.82400191920223
12,82,197809.29414197968,56.56620414125786,26.82400191920223
12,83,243630.8395833863,41.780359324792855,26.840104016557582
12,84,252319.99333427567,39.50724647017635,27.025668800203555
12,85,224557.18244121433,53.523589654423226,26.74136124431663
12,86,224557.18244121433,53.523589654423226,26.74136124431663
12,87,194793.19519073147,56.942034723118546,26.794458083178682
12,88,194793.19519073147,56.942034723118546,26.794458083178682
12,89,194793.19519073147,56.942034723118546,26.794458083178682
12,90,216549.12943454244,52.43838217666273,26.81336922230004
12,91,244006.02809798514,40.93754083000022,26.881157015066563
12,92,217747.25709932158,50.23674536727701,26.792582824752223
12,93,226619.41545405594,48.83742105492598,26.737693520409977
12,94,188426.54098182675,60.1290246777653,26.85469832450596
12,95,184726.6090090737,62.38179523582838,26.854860441399083
12,96,184726.6090090737,62.38179523582838,26.854860441399083
12,97,223609.12892132084,41.79691385581568,26.869126995359082
12,98,195298.92162135508,55.057678406886,26.87161251823388
12,99,207597.79621409,49.87914377485002,26.86170338810993
12,100,198208.0610505174,53.75076827907049,26.783762195625776
12,101,198208.0610505174,53.75076827907049,26.783762195625776
12,102,175777.806320038,62.152715439650684,26.880493747595033
12,103,188634.38582005032,56.7794617433206,26.90488202833596
12,104,213654.89110040732,53.006686068471716,26.80353424253422
12,105,213977.27696546915,48.52252395953177,26.840453065384516
12,106,214422.92975145628,50.09009147074185,26.814714773645015
12,107,187314.71378098291,61.94142450211515,26.814562553325068
12,108,223552.9040231275,53.66403754363352,26.734195869831083
12,109,196478.32955605813,54.5261853641892,26.881931830837523
12,110,190873.36996806553,56.82269620014674,26.853144848153875
12,111,190873.36996806553,56.82269620014674,26.853144848153875
12,112,177052.33440440113,65.06835169074594,26.87163158390547
12,113,177052.33440440113,65.06835169074594,26.87163158390547
12,114,221148.11262136736,53.0995561800176,26.781067432420578
12,115,221148.11262136736,53.0995561800176,26.781067432420578
12,116,244384.84583892213,39.57075517272099,27.02685531255659
12,117,244384.84583892213,39.57075517272099,27.02685531255659
12,118,220804.9233738722,49.26741046562561,26.78416737173928
12,119,213567.45615100415,51.19056400346886,26.826995818703693
12,120,198053.83698599992,55.09466672899283,26.783762195625776
13,1,238015.53689804845,41.01267638362018,27.294228825382362
13,2,166235.2006914981,85.63178420693119,27.092529362197872
13,3,252088.3038624295,41.812204435956424,27.140362957982255
13,4,210336.0313924518,57.0851320585412,27.006822120138594
13,5,163186.70082256585,83.44949525449553,27.149257327421388
13,6,233340.3235975449,41.43515404531805,27.24966295898448
13,7,225722.9502931334,47.21535941247284,27.132436695014007
13,8,219885.71867297377,43.2528092122642,27.207914603958663
13,9,209491.5286009206,66.51042865741641,27.020164392333882
13,10,207055.83671825155,45.77594165939813,27.203258819969307
13,11,189926.24485239887,53.847992479745955,27.235441913352027
13,12,211256.4547732038,44.481273875577614,27.143389411340713
13,13,165550.32258851934,81.8321602442646,27.139838754804664
13,14,202067.79216715373,49.31881950036605,27.233891727893067
13,15,202698.1419645436,52.591339537339785,27.159084464365463
13,16,173978.21329755883,74.09236353853858,27.107604325544685
13,17,206759.81284242883,47.97868898540822,27.21692412063701
13,18,223544.4702851439,41.81977733690582,27.17147622206977
13,19,170263.97099332177,84.34603275552524,27.10203905241898
13,20,183720.26191111119,72.37907346767304,27.041524889739428
13,21,184694.77851094896,58.78965935190176,27.16162686454137
13,22,176266.46859037795,68.76069119148039,27.180921193628535
13,23,163284.5573523705,84.89818525152262,27.147481692371436
13,24,196813.4762677871,60.4697044468888,27.04717680319743
13,25,216855.33169025334,43.72971944144457,27.198723297161038
13,26,186168.99820143645,68.42215072822194,27.060033697960186
13,27,209016.65206693704,64.09935771616244,27.023677732971016
13,28,187319.03141279903,54.70817565352345,27.222096577356034
13,29,195382.37325855874,58.858411145049644,27.098479995837906
13,30,178115.00567777816,66.0293822372241,27.152512417544457
13,31,222827.45262246832,56.96621286751371,27.055995472871736
13,32,205644.29164783884,57.302626242363594,27.029623685653405
13,33,192664.1945492215,51.348026117389246,27.211408634457484
13,34,197887.93206755078,50.84443434536198,27.19473150524462
13,35,201121.47399673623,59.99104986344485,27.05213984995651
13,36,167997.30772819673,72.30859929629545,27.19949297685033
13,37,194440.6274112535,57.31695381205902,27.104114842697136
13,38,217077.75984721893,54.375662602407644,27.067978120022367
13,39,176800.3125156816,79.55215443941056,27.096573271686772
13,40,221178.95898794066,49.75711315935253,27.103034577830435
13,41,181712.62232425978,78.29246462304859,27.08965211960401
13,42,211039.05771019516,56.033591754957634,27.07303165280107
13,43,211039.05771019516,56.033591754957634,27.07303165280107
13,44,213267.60803583355,56.99701241305978,27.02763039803981
13,45,183292.24131000918,83.02752314831405,27.079530965322732
13,46,173725.32936872993,79.90187224214773,27.146023468975656
13,47,168944.65858277024,85.38774952994477,27.10291795127592
13,48,177069.28749019137,63.64208891342399,27.18726138853637
13,49,184498.89679554355,74.73904679474845,27.036801241562316
13,50,184498.89679554355,74.73904679474845,27.036801241562316
13,51,178889.74037998356,65.31378106290238,27.16744565048679
13,52,188790.50200655858,63.24836019743132,27.037893822106795
13,53,171521.55246213885,76.94245869850843,27.174405877130937
13,54,171521.55246213885,76.94245869850843,27.174405877130937
13,55,205270.54224433127,48.698658411778325,27.161234617989457
13,56,187301.3359603596,60.813498758993134,27.122408342569244
13,57,201607.3639826166,50.89891214330611,27.175688186885246
13,58,175754.65089516237,80.74945993110447,27.094608480092752
13,59,178476.28236987896,68.95536207018552,27.100054006926413
13,60,186560.79722547735,62.86561161046607,27.114979868179006
13,61,200055.5630753747,52.02189279251674,27.191305733441773
13,62,189936.6043700813,56.20788039897964,27.116924537765676
13,63,215311.97595023087,50.40908756031707,27.089703082325514
13,64,181681.23376405754,61.16708131756423,27.15163680385144
13,65,204199.2667569887,48.49886746533773,27.221513438994812
13,66,193732.6871871946,61.85269744661861,27.041029645158027
13,67,186864.0501402603,64.78401529575746,27.095431876135237
13,68,173054.05515157065,81.30920054434216,27.12924344942052
13,69,184013.8527433463,71.63628650779992,27.093551392915344
13,70,191249.9596135971,65.1956257011969,27.027249000052187
13,71,214525.21690180508,50.285755213171726,27.12825921846305
13,72,192066.07435839335,56.15317118963808,27.108430146839197
13,73,180162.34119639004,62.493823613284434,27.14633237341765
13,74,175863.81767550015,70.83034090961138,27.143462765471625
13,75,185025.30127909628,67.27423973569128,27.0940551299417
13,76,183125.71488919944,77.64028123600099,27.089110274116464
13,77,183039.21877863104,75.52780930103368,27.08926753308468
13,78,200307.2065918918,51.5116216212147,27.189135459128124
13,79,218543.38516688842,50.14819702810718,27.125960123570977
13,80,193099.09848799903,62.161827066866884,27.0820734332883
13,81,198935.54197027927,53.446151725078636,27.17111353167391
13,82,187658.2889082785,67.02120062735783,27.063928867297562
13,83,196510.86695832564,59.76440458468478,27.087002398784385
13,84,210631.4154219669,48.08164797538052,27.196204874398646
13,85,177538.44068324094,69.99433671429121,27.1066157210159
13,86,177538.44068324094,69.99433671429121,27.1066157210159
13,87,203803.9725085866,53.232907151859926,27.126309688508243
13,88,188498.36185999247,56.8965199810727,27.10490837355281
13,89,173149.26977492994,81.23700100760443,27.124147185334387
13,90,201903.49788130424,54.85337545995654,27.078775600733827
13,91,201903.49788130424,54.85337545995654,27.078775600733827
13,92,207342.48406366238,52.02558698073214,27.14624037505552
13,93,196749.66656867636,60.06447333913949,27.066109749157754
13,94,208355.7040816735,51.74674985530052,27.0791859798128
13,95,182072.57417009838,63.44325682049172,27.136942386126385
13,96,175096.7052039394,77.06633414771636,27.10444726523839
13,97,208569.2792373601,46.78162262121423,27.200184227930706
13,98,208569.2792373601,46.78162262121423,27.200184227930706
13,99,182828.01678060472,65.66535148819166,27.1305796647965
13,100,223508.8178806661,48.424344983305765,27.136501793683394
13,101,193083.03800088444,54.19814832384604,27.13269746019906
13,102,203912.3636709852,53.040504171453236,27.08769436838392
13,103,179323.46213697063,67.91824095862788,27.102110166201925
13,104,194298.52674777273,61.596044233407255,27.085080944805867
13,105,174847.2202975882,83.27486500455578,27.09326704373573
13,106,193067.73733320754,62.69270534065173,27.083047952825574
13,107,174981.81178068937,70.95179955596304,27.139436163669778
13,108,187928.09167929142,60.60393094123361,27.105763113933676
13,109,198887.9370971883,54.84655964078799,27.115128011415948
13,110,191729.1575414094,61.321987784789826,27.08572712178048
13,111,178806.30024242707,76.08100695202462,27.09426475509776
13,112,184101.9552559694,63.791681859324996,27.09999598522296
13,113,177661.12511633712,67.10809085015887,27.13931199616993
13,114,218118.55939051358,50.33661763035313,27.126052383769746
13,115,183481.38931289167,67.901253855695,27.125193045368015
13,116,192384.3216561927,60.516751436847066,27.090475371316863
13,117,196313.36207841127,49.61534537807421,27.199729515656358
13,118,182757.03558083304,66.8580197148075,27.130131870034077
13,119,191428.53445648632,61.50554468507058,27.096675771300752
13,120,179877.3618390649,68.50711090910922,27.0940551299417
14,1,383604.5412068742,45.18312543532896,26.780891710696835
14,2,383604.5412068742,45.18312543532896,26.780891710696835
14,3,383604.5412068742,45.18312543532896,26.780891710696835
14,4,383604.5412068742,45.18312543532896,26.780891710696835
14,5,435827.8345547101,45.00259342523305,26.85109313744183
14,6,465662.4004307621,39.296380082921345,26.927913269709094
14,7,448286.59231379686,43.04341335902076,26.90341780007993
14,8,389765.1987690634,43.82616475894582,26.862575751258333
14,9,389765.1987690634,43.82616475894582,26.862575751258333
14,10,389765.1987690634,43.82616475894582,26.862575751258333
14,11,389765.1987690634,43.82616475894582,26.862575751258333
14,12,278642.06136475847,70.26228939826946,26.565112580166875
14,13,315631.83960205346,49.95800468323852,26.63216303602359
14,14,438886.641942818,43.75281679625401,26.875005930773575
14,15,446971.04569699464,43.751618841920816,26.888444322653605
14,16,284941.6793968745,62.54008711674879,26.579163877283534
14,17,462535.568779733,41.017121278229716,26.968454154509217
14,18,289293.1291192839,67.26785858566271,26.549127043907895
14,19,321024.8833915199,47.32555208694269,26.64256176096599
14,20,296460.38974499714,64.3461331034153,26.534272984023154
14,21,252465.98451708842,79.92770375448076,26.593838284726296
14,22,252465.98451708842,79.92770375448076,26.593838284726296
14,23,276917.3290758205,67.04371720754892,26.571365206893816
14,24,261148.63964649176,75.29328504031656,26.535031759381503
14,25,271281.86377656064,65.04109550877845,26.58741997072324
14,26,448949.8069093025,43.398933821092875,26.872061513832982
14,27,272809.3684239275,71.15295935464616,26.552275314511014
14,28,266074.92717980157,70.24897851898618,26.586185722516213
14,29,382197.03280557826,46.72195572390464,26.97728771778708
14,30,263113.348301359,74.27090681761031,26.549400735236162
14,31,278916.07182368037,69.52492484161048,26.571151974618154
14,32,427433.2485507883,41.61421959219126,26.920699722240066
14,33,314209.95253980195,51.285826595798746,26.613971816653702
14,34,280546.24603523413,70.16618195682162,26.55225691021632
14,35,280792.012654765,70.50039128714032,26.53307826358686
14,36,290733.07476309,61.232435054915385,26.536363706687588
14,37,281090.0801147131,54.86500429906493,26.634627104664155
14,38,278044.81322740496,59.954238936517974,26.675045601252634
14,39,256651.93433733526,79.27460295881144,26.608189960948174
14,40,278388.5005171444,70.91514058223432,26.534842426942014
14,41,260413.00457701675,78.49950555749315,26.568435772616546
14,42,264925.0307678811,71.82745702937363,26.606942637734925
14,43,264925.0307678811,71.82745702937363,26.606942637734925
14,44,251854.00240137306,81.67980773909359,26.58329088904079
14,45,280676.06635875546,69.28599466142427,26.53499146840855
14,46,284967.5841013712,51.40433575750009,26.578468961370753
14,47,238500.31407695127,89.69442232770234,26.631158909130924
14,48,284722.9135640427,66.44786787496152,26.56790229854488
14,49,294582.61211020977,59.960461195509794,26.571294553960456
14,50,269855.9442859632,66.89383714248365,26.60591653005718
14,51,250858.7144793011,82.52404181690065,26.55126242578425
14,52,405871.15210507414,47.04814832161294,26.757985768630782
14,53,281823.50859280105,66.31481375847544,26.569164983376687
14,54,271930.91610344657,66.86016525614583,26.573917482442916
14,55,279860.9050876755,63.31554435389153,26.59280740888925
14,56,260981.17552596962,77.74579166170224,26.592275679873232
14,57,305382.7856592132,59.45946729155986,26.56100748786782
14,58,249491.2803382688,84.56282817723813,26.670937227645986
14,59,286733.3808282425,60.651856830738616,26.552934361275405
14,60,270324.37065416435,69.10321990936148,26.58741997072324
14,61,246979.9177051571,87.71111232619474,26.685654919995436
14,62,282062.4744263559,63.650562092065435,26.58568396518045
14,63,270560.50014593365,71.94379449530793,26.543058392756407
15,1,275105.92756629613,43.15891567184819,27.00742188994775
15,2,268629.3347933911,43.42309398658038,27.047727851625616
15,3,221135.34282694064,52.24287532013689,27.053239334384173
15,4,271705.7754627582,41.10159461055747,27.111890364227357
15,5,271705.7754627582,41.10159461055747,27.111890364227357
15,6,271705.7754627582,41.10159461055747,27.111890364227357
15,7,188769.65308066772,80.17461063585381,26.95846488483597
15,8,222250.40986273598,51.647586835991405,27.072863114394025
15,9,222250.40986273598,51.647586835991405,27.072863114394025
15,10,222250.40986273598,51.647586835991405,27.072863114394025
15,11,222250.40986273598,51.647586835991405,27.072863114394025
15,12,222250.40986273598,51.647586835991405,27.072863114394025
15,13,194596.66202681896,70.30191774113132,27.08016692753408
15,14,197305.05193411815,67.20607235606377,26.869070024824246
15,15,197305.05193411815,67.20607235606377,26.869070024824246
15,16,260610.6088407949,44.16349565653944,26.955494738633767
15,17,187527.6772238826,84.95558548267469,26.94325600493167
15,18,197516.72550754898,65.94055938933882,27.02206800275264
15,19,196498.68670958045,68.8408129870238,27.075182016627913
15,20,196498.68670958045,68.8408129870238,27.075182016627913
15,21,224816.5434735318,50.128818314962174,27.047694636526018
15,22,220595.93865833405,60.98093578097444,26.793872503841015
15,23,223305.85967186143,50.79028891530103,27.034615697531706
15,24,183711.7933145304,81.81863148835552,27.004181737693607
15,25,246787.1588532386,52.793023330413284,26.79966626508577
15,26,210223.8758358941,59.72930236355384,26.81008170301164
15,27,196410.700782078,75.22915571546453,26.883346899245453
15,28,260830.12162058975,46.41848170879624,26.888833622165663
15,29,205676.09722431106,63.173135651739905,26.900314048037288
15,30,195082.66131805285,76.71075829680467,26.808709421939596
15,31,215863.91858976884,52.690648556837765,27.045037768064184
15,32,284966.1503589176,41.967041908702186,27.022835995769604
15,33,214298.59148176154,59.15580388676082,26.843374478420188
15,34,201189.77714932707,69.15218451771896,26.77633784200681
15,35,259291.3116703147,55.65492381247116,26.760811538234947
15,36,266029.29222391534,43.51284464845918,26.98689440989954
15,37,259395.20852525733,46.24614628017425,26.937668433471593
15,38,227149.4764000448,67.02650633958415,26.723264623875153
15,39,215735.75650737196,74.41374128703096,26.730220815095358
15,40,205394.2354286792,65.54331995499966,26.80484914974474
15,41,240060.05648412192,47.02064438621928,26.85537448648993
15,42,264348.2469257764,52.73047846018915,26.774765798520903
15,43,253251.72636145676,45.533700189794445,27.047837205000988
15,44,238185.88745751765,56.71299523568758,26.78624335086151
15,45,238185.88745751765,56.71299523568758,26.78624335086151
15,46,241543.99899236142,61.11751505277138,26.713571816077128
15,47,197801.07713115815,74.06343848191202,26.84242724653756
15,48,218986.88521001957,59.348655344574894,26.808149693517436
15,49,214666.81966144597,54.77701571815665,26.853619206500753
15,50,268821.95743443974,43.300774070329446,26.805988867095827
15,51,188882.4231572884,83.90242007916004,26.93541151709494
15,52,202051.5424137003,64.2751287403867,27.064171924769205
15,53,234187.11969306364,51.19632543657291,26.86923515427916
15,54,225628.77191996752,57.57011388776243,26.740001742833293
15,55,246405.3293991857,46.9939665709424,26.866384787632384
15,56,214768.77872138578,56.21291084700462,26.841812410396905
15,57,200123.15062812695,69.71096765351155,26.8077306008783
15,58,241806.2941258094,60.94713097932249,26.70828059712308
15,59,241806.2941258094,60.94713097932249,26.70828059712308
15,60,189423.1920838816,76.93405805650897,26.784575407456586
15,61,224618.52803361393,51.660686051325555,26.808920479454855
15,62,189494.96383596613,74.24781769220601,27.009619815098965
15,63,256941.69224313973,56.45197166989348,26.773027633164574
15,64,194911.19973204564,73.02130489724313,26.895279373271435
15,65,211442.06566430474,56.20977735024465,26.84455766160351
15,66,223100.79930681764,59.03323416305527,26.806396068357415
15,67,221805.32406070072,52.59086740461008,27.020251705109963
15,68,216117.05171705142,73.72816162071933,26.728986431222253
15,69,254021.58750906054,49.35294613427919,26.81718717708565
15,70,212372.6104215437,65.56018839336313,26.730786891875248
15,71,220473.3474562295,56.39588168522739,26.82279400422754
15,72,220473.3474562295,56.39588168522739,26.82279400422754
15,73,209124.64617163627,58.70084360360331,27.008094097166897
15,74,216978.98562556418,52.09536007269229,27.064661548074035
15,75,206176.00607030198,68.68061500390787,26.739367077518054
15,76,225167.43139223172,58.349906476000946,26.793410355468907
15,77,207376.95858268687,62.40990003967116,26.78644350472971
15,78,236093.3906254003,49.5396395740322,26.840038866985275
15,79,216754.00400921158,60.04815209221792,26.801723439323844
15,80,235666.33220346933,50.52936424723818,26.918556813145436
15,81,216680.9568811199,54.74151552331096,26.918800445661233
15,82,253441.12202715175,43.52563881915261,26.9664956142553
15,83,251926.29767208913,46.98078698297934,27.084690869731872
15,84,203274.82959413287,63.72702503637922,26.877544317944874
15,85,200992.27339295577,72.41229422778318,26.75008201075031
15,86,194735.50865709523,72.59279179300337,27.00296058849701
15,87,274319.56475835375,43.127836168735676,27.096576230340553
15,88,244126.7552972485,48.89945544599369,26.832839951287255
15,89,219817.9928882184,53.08889344024959,27.035013994172466
15,90,197202.34650481038,72.30450056394571,26.944586062236
15,91,278079.5734219513,51.256236147961516,26.80301501587465
15,92,207435.56371332007,58.83375053893205,26.958066174012117
15,93,211632.0992853734,61.19339549868016,26.784988000972582
15,94,216520.81970189052,70.61513944781346,26.701310141919805
15,95,223052.99364583933,51.65728554583412,26.84337358341176
15,96,242323.47876186678,52.96115915703673,26.79556100938315
15,97,206364.2691359666,59.42460131365566,26.82810273104105
15,98,233913.13540298786,61.099657652636225,26.733574924676894
15,99,205513.52922297493,63.2043901843729,26.752193446759286
15,100,237160.2778653442,49.15582810808521,26.848282435923707
15,101,228863.0010499237,61.6617752549958,26.733089797743325
16,1,163407.3138673549,79.47399954178137,27.082864108808003
16,2,217919.3223977682,63.092875463932174,26.871482010123536
16,3,217919.3223977682,63.092875463932174,26.871482010123536
16,4,164561.5537578734,90.65982423404573,26.982214155890425
16,5,286196.9909455195,38.17498618824999,27.452587271688266
16,6,284942.7603428423,37.92890159876906,27.508028141451646
16,7,190974.57566547854,58.163505894861174,27.242828984788005
16,8,190974.57566547854,58.163505894861174,27.242828984788005
16,9,251121.9308446156,43.674740069128006,27.02992350853677
16,10,251121.9308446156,43.674740069128006,27.02992350853677
16,11,170876.5519341523,82.67538287442898,27.03173918270074
16,12,250944.21367342226,39.10944927683639,27.481003447572817
16,13,248508.13290548415,40.20831980960713,27.177730907538482
16,14,242797.04182161883,44.20328392296111,27.155526591361543
16,15,245914.37669491992,41.76696352017504,27.23559207506115
16,16,238127.55603704546,47.111008630156675,27.010883648031296
16,17,223175.68144000234,42.95753297068121,27.17935382255606
16,18,219580.7549748239,45.02047719315882,27.125517429132458
16,19,170377.43861556012,75.33869190527176,27.072002359310687
16,20,177028.93068945088,72.17881848735465,27.19332840263298
16,21,242841.14737230362,42.12715960405046,27.105815831754896
16,22,195540.645217183,51.431213562616584,27.048586346667705
16,23,196768.80542143388,50.01723201591173,27.04759961372696
16,24,189707.23213210687,64.26422335721169,26.94890170247892
16,25,189707.23213210687,64.26422335721169,26.94890170247892
16,26,177052.3821112047,73.77845347621974,27.089713207572444
16,27,177052.3821112047,73.77845347621974,27.089713207572444
16,28,205729.1850605473,49.239058667151895,26.987307929773117
16,29,251077.1756267085,38.663800013362966,27.202060190769252
16,30,176367.89851033594,73.22310592539534,27.100833684583698
16,31,203961.91317274666,49.795849156778985,26.99333449760404
16,32,203961.91317274666,49.795849156778985,26.99333449760404
16,33,209588.28573806083,48.62972427047926,26.98183723586758
16,34,200557.0268711358,47.6324877842338,27.091509088950346
16,35,188942.23597848913,60.11219768395973,27.110007898057212
16,36,178719.14604534776,68.76476048347256,27.129918883890603
16,37,207083.657453919,46.1409400230253,27.229648346809086
16,38,180549.32679766987,67.8118198434922,27.096372616876167
16,39,201894.55050055883,51.92821722678587,26.97155725786368
16,40,199019.38267124526,49.72931377088669,27.024603518891233
16,41,179504.91435035164,71.0848859593864,27.03439766131268
16,42,179504.91435035164,71.0848859593864,27.03439766131268
16,43,179504.91435035164,71.0848859593864,27.03439766131268
16,44,179504.91435035164,71.0848859593864,27.03439766131268
16,45,179504.91435035164,71.0848859593864,27.03439766131268
16,46,178534.19004906778,69.59209810184063,27.13827832514422
16,47,178534.19004906778,69.59209810184063,27.13827832514422
16,48,189837.12376476187,61.80856717521615,27.008123852031282
16,49,190267.68400518087,61.542905785556044,27.03745401371919
16,50,184079.9832697466,69.03177907318825,27.013097809936106
16,51,195528.31516407838,52.06229826612198,27.060976952647707
16,52,216381.90776780737,47.33518742238299,26.967535663127812
16,53,183606.96556631115,69.34482381417438,26.97632268860255
16,54,202926.17575645563,46.9430744288014,27.015893114709947
16,55,182708.88007291334,60.647813996570015,27.087104011733196
16,56,189751.20005496626,63.131462784746994,26.97558593770821
16,57,180386.70713551049,69.56308307081623,26.93588301325253
16,58,195866.77168215823,80.19238809715385,26.848050658003984
16,59,211688.9967203978,50.36367205365535,26.94128008891287
16,60,211688.9967203978,50.36367205365535,26.94128008891287
16,61,189951.30359319624,64.21807011467476,26.919832062491125
16,62,196543.66731296017,64.30267978189414,26.873555038378093
16,63,178612.0495425911,69.3487360877569,27.094459716964998
16,64,184374.41953455214,62.60845150578915,26.982229200779045
16,65,168266.19328528378,78.5744777559859,27.102427595229933
16,66,184466.60665152146,64.97407760238023,26.976059306150198
16,67,191241.1982684186,60.724638937270576,27.042414541918866
16,68,185188.25952296445,67.97000515569472,26.93633753136941
16,69,200060.40544580307,61.640416937737754,26.8792509630282
16,70,194605.46383235755,70.97250520930153,26.852069530560094
16,71,212138.73148010555,45.897355969119225,27.060436058126754
16,72,169976.2760088821,84.50483050615365,26.982214155890425
16,73,175747.7197947404,74.19049784999171,27.083096087414184
16,74,184467.9984930906,63.92273301747886,26.949356778572643
16,75,207603.54854520003,49.198661987276395,26.963664914367648
16,76,188315.31329391003,60.26124349994262,27.077517049274704
16,77,180228.416759791,72.75303787234103,26.919689233057554
16,78,215401.87784723722,52.053026818067536,26.941007245313706
16,79,177597.32300696117,71.81994376906736,26.96240160528393
16,80,191873.40817275198,52.13696906759783,26.88287017418402
16,81,181625.67468749895,67.9844423581764,27.051552002140994
16,82,191011.60741518333,61.63028896376101,27.01355529580062
16,83,184271.56063959253,68.72870516356478,26.945322593139927
16,84,179864.8931548916,70.90156534156766,27.094225853225886
16,85,190397.60613498668,58.31933063198262,27.06453248680772
16,86,188758.6261673256,67.82957380415135,26.909947552490095
16,87,200870.04156623274,52.06813821927342,26.938135387563875
16,88,181768.2376791103,67.26210420839939,27.033717097094772
16,89,171761.37159576576,74.94614248946344,26.88911856675277
16,90,181707.31208285317,70.27247866706021,26.883814504607052
16,91,301535.48905818723,36.5906446983628,27.445972800192962
16,92,244862.1557503635,44.623367865244205,27.06109078263694
16,93,181881.90147209642,68.13978180552643,27.032721289055303
16,94,187914.77446183522,67.43985292405321,26.92025533868361
