Cluster,Solution,Distance,Turning,Elevation
1,1,284174.9984661685,39.53468013240772,28.32232024874835
1,2,321475.9228117343,38.131510613758124,28.074436224030727
1,3,244244.67054053134,82.98375005479127,27.28029096464224
1,4,295431.5227277628,37.68786130298301,28.245307152104036
1,5,238716.5272278246,89.90821957600286,27.4859369310861
1,6,227292.47523327536,82.43282161550393,27.636945812275506
1,7,316420.4192551621,40.03659832293458,28.08548015023934
1,8,291632.6964685167,42.596397775937334,28.168808905459496
1,9,230633.27469727412,85.71937956579768,27.590192756753414
1,10,290320.77462624625,40.74162002434501,28.219077821182474
1,11,286155.15647631994,43.385870712296835,28.061185505505165
1,12,254749.38133420376,50.38284539494066,28.03016994230035
1,13,235054.86482227352,73.12655003970313,27.759701307009166
1,14,276747.6295755209,44.385901697404464,28.264332720826317
1,15,234077.47881504532,71.30970545027375,27.762718632815243
1,16,261098.06767991578,54.67065265245702,27.80905398624053
1,17,302991.0155835921,42.30493607659648,27.755255591511435
1,18,264577.6207677331,47.55292350117283,27.96555951316197
1,19,238456.83955979557,81.76303131682567,27.57037800323216
1,20,292969.76624205377,52.10240894042668,27.50620765489693
1,21,312416.2859939947,43.62723952964844,27.601253026701556
1,22,242026.86687549052,68.14089331216572,27.722426935791294
1,23,259449.49094255507,56.84112308574765,27.780224777372958
1,24,295993.7937862894,52.23876155435629,27.412251907574866
1,25,243444.4425222542,84.27218048934675,27.52736707582546
1,26,246528.99775322058,78.17014709727971,27.3885136597988
1,27,273449.94196858,44.76352352341673,27.96294674077035
1,28,299305.4633620054,46.48188023542694,27.65945533769993
1,29,259691.6787210099,53.536243921828465,27.872626761600777
1,30,237424.4856615527,74.52416574865593,27.692425194690195
1,31,270425.1404449487,46.561711693213326,28.0020098812499
1,32,270425.1404449487,46.561711693213326,28.0020098812499
1,33,249807.7864033537,64.23974594052835,27.315182143977783
1,34,243135.72620634612,65.61673672896447,27.841245473673148
1,35,304927.9530037803,45.04210182046474,27.663359328499734
1,36,270017.67498410866,46.78329414682586,27.908748904167513
1,37,245926.330154832,66.54817220858276,27.534066055244796
1,38,261345.70132396533,54.56728386345606,27.560509433500727
1,39,310486.0115359374,43.6517759134619,27.63112252824479
1,40,258531.90464536787,77.5133260596802,27.30258086040798
1,41,266680.69179541804,48.757011918139256,27.89968101313563
1,42,297229.0125933635,51.84290575736579,27.438870945280986
1,43,278860.5492146053,53.12493724798865,27.362434037642196
1,44,267785.72363321646,47.347446222329104,28.084808532800054
1,45,228367.30877631655,82.86084008525243,27.629345762741035
1,46,245424.67431643116,69.578679586258,27.452251832838066
1,47,308625.944589207,41.41253446905161,27.706910919542267
1,48,246565.94291587354,59.66347067350144,28.0259350316598
1,49,241050.9607442957,66.07078341913996,27.85721832003226
1,50,265718.11542773806,60.12426195049784,27.339224193491553
1,51,232303.68727053815,79.48527702820813,27.623799345851243
1,52,250757.46613415494,62.315474346362144,27.6550692543998
1,53,261809.40128812956,57.4440332533976,27.540371118396862
1,54,251909.2799328331,61.280273226267724,27.52449652155919
1,55,280416.28198167536,46.07630203660752,27.876691196112784
1,56,258093.04225847754,63.82533609012019,27.46406515673066
1,57,264216.2463666681,57.96336093850053,27.473376366047496
1,58,278148.434738853,60.84103345945058,27.322919561988442
1,59,240306.74112132128,75.68940745303901,27.584035003750085
1,60,306487.92446464725,41.84707693572185,27.743718085922602
1,61,254224.45606207196,59.13687368199573,27.734222835470316
1,62,256210.39398898464,78.45560666818959,27.30011196165559
1,63,319538.28902340983,39.550384216694354,28.080925781386938
1,64,319538.28902340983,39.550384216694354,28.080925781386938
1,65,308356.07070320146,44.078629575566104,27.683965355314186
1,66,236555.1491930685,79.05901662837513,27.605948482938818
1,67,234035.87778699602,78.31985796117766,27.617117499240177
1,68,254112.78895657882,60.51735618424952,27.699795343109052
1,69,248800.2841175008,60.20292635330085,27.94621248579349
1,70,306731.8269199456,45.46616866554854,27.567908749002104
1,71,239568.25159465877,76.20312441113649,27.68313596290786
1,72,239568.25159465877,76.20312441113649,27.68313596290786
1,73,246054.2374004568,80.16904017043495,27.358813915780427
1,74,246054.2374004568,80.16904017043495,27.358813915780427
1,75,252402.22664339934,80.05634170214559,27.29294024159424
1,76,282321.9615710787,40.97806717203754,28.25723478020703
1,77,282321.9615710787,40.97806717203754,28.25723478020703
1,78,298749.16804390337,45.4941610326514,27.761037744780925
1,79,297301.34906679654,51.85026177474579,27.42845094529146
1,80,257036.81508876552,58.31085761509011,27.60798205000824
1,81,243082.7855214663,64.09866002535587,27.883565964210206
1,82,256447.35140321348,70.2539488148348,27.303860647355027
1,83,231512.9368323516,79.76418923943079,27.92834862707471
1,84,231512.9368323516,79.76418923943079,27.92834862707471
1,85,248741.38990067554,79.2411412083808,27.304810488217072
1,86,273996.72247221624,58.129060384429,27.421521525048895
1,87,247456.98515443638,60.85788057238482,27.704259570474314
1,88,276048.2722846448,46.85554910170509,27.538727356974032
1,89,246371.61428158797,61.99356723888047,27.848928025135052
1,90,239638.75670410387,70.09583992145205,27.651005959081306
1,91,264513.42142779037,49.15255608289747,27.601472825796396
1,92,242701.2330994729,74.73747203511695,27.600673046266785
1,93,283005.9504807014,57.05468773737108,27.29469090058297
1,94,282987.5942558525,55.5646623914585,27.343559867765638
1,95,282987.5942558525,55.5646623914585,27.343559867765638
1,96,262457.72741654416,56.40594108134274,27.516000441693155
1,97,262457.72741654416,56.40594108134274,27.516000441693155
1,98,246443.50650877028,63.22231096859937,27.490325182989043
1,99,262143.81682965386,59.85345414784724,27.459234395235914
1,100,276665.31604396785,68.68707808843827,27.289358441108426
1,101,280136.5898008575,58.63183167674982,27.322919561988442
1,102,304228.7400127455,46.108204953439376,27.736434839107442
1,103,274843.67099535046,54.63177487870573,27.536692969255643
1,104,259481.1790748518,49.045348651658784,27.89941299228349
1,105,258181.1875505902,61.06121099188059,27.44075352942398
1,106,249622.87656157074,58.45535340522734,27.903589945094023
1,107,237054.418741095,68.8367109232591,27.7182461982929
1,108,260917.04571126887,60.41907592166643,27.60349641526909
1,109,278554.6243266993,52.942001774782334,27.536692969255643
1,110,243668.41826155252,63.2635034536206,27.58718950552473
1,111,262977.5535137821,75.01098464823309,27.286806584526303
1,112,240752.81012393156,75.26951305917557,27.641920015633353
1,113,262981.03023898293,52.99144485897364,27.842391178583604
1,114,304073.86280437687,46.80431734255298,27.643722179434437
1,115,236953.86762988544,62.863624739116304,27.952775495944167
1,116,236953.86762988544,62.863624739116304,27.952775495944167
1,117,279895.7609535655,46.83673927681981,27.848441929314095
1,118,246474.2284931246,69.19579959860701,27.42453141368433
1,119,243582.30335705617,68.98044926954111,27.473283287027634
1,120,306255.27147194935,44.2008158864422,27.705692741029836
2,1,243839.5502915654,44.67022608313162,27.39950316060932
2,2,243839.5502915654,44.67022608313162,27.39950316060932
2,3,172558.12481836046,63.52484094863463,27.085458521112095
2,4,172558.12481836046,63.52484094863463,27.085458521112095
2,5,245460.6231162106,44.56689185292088,27.384064632698262
2,6,245460.6231162106,44.56689185292088,27.384064632698262
2,7,245460.6231162106,44.56689185292088,27.384064632698262
2,8,245460.6231162106,44.56689185292088,27.384064632698262
2,9,245460.6231162106,44.56689185292088,27.384064632698262
2,10,245460.6231162106,44.56689185292088,27.384064632698262
2,11,245460.6231162106,44.56689185292088,27.384064632698262
2,12,245460.6231162106,44.56689185292088,27.384064632698262
2,13,189567.39458904043,56.530224685715524,27.001490564597745
2,14,197753.5196760099,49.207369954791524,27.01910031234791
2,15,209962.58210621693,48.655389736265775,26.949488879017764
2,16,164534.663933896,74.20719453714752,27.01419866808895
2,17,169150.3016219428,68.8931064414605,27.05469450913828
2,18,188986.07676100687,57.001086001378745,26.994398042792078
2,19,173274.56198457326,66.77881715233393,27.04695121927344
2,20,173274.56198457326,66.77881715233393,27.04695121927344
2,21,189579.6840805573,54.4158497773707,27.15234843141777
2,22,167359.22864277184,70.38090870940331,27.08063260945697
2,23,186277.45801806136,54.7635709773178,27.02329379758104
2,24,177234.76802032528,66.82694602717694,26.991302697014014
2,25,177234.76802032528,66.82694602717694,26.991302697014014
2,26,247987.7309952538,44.400820907751616,27.430219755508716
2,27,173734.68092034242,73.11973914213226,27.001242105245645
2,28,189610.21487613043,52.3619082439361,27.013458019686297
2,29,187385.51699047236,62.294862206571935,26.961369396587237
2,30,179040.20649574173,59.19836587530842,27.06265204886632
2,31,181980.13947482535,63.87625544495307,26.9665783827136
2,32,181233.60582232007,60.33122073632813,27.01320370328517
2,33,181233.60582232007,60.33122073632813,27.01320370328517
2,34,181233.60582232007,60.33122073632813,27.01320370328517
2,35,179792.30573284638,66.33309484129586,26.966833389425858
2,36,172715.58738567552,60.3112462438608,27.088333709149957
2,37,185754.78953570419,69.4428849123384,26.9229407370853
2,38,192371.17528015518,57.56419479425443,26.924796016117106
2,39,175075.65876597154,87.48917369240372,26.96756945184378
2,40,175075.65876597154,87.48917369240372,26.96756945184378
2,41,175075.65876597154,87.48917369240372,26.96756945184378
2,42,198832.19225388492,45.18868562388841,26.961955699930066
2,43,186204.7019442373,65.90796893725471,26.95561394453157
2,44,196296.53295426126,52.85091830016465,26.97056858532332
2,45,183323.651366157,69.77782686830687,26.95990784095205
2,46,186195.0552861994,59.75581032357642,27.039193390687373
2,47,170067.6886846095,68.0727222685083,27.02423891129714
2,48,188791.50251738762,60.10063544061729,27.007230899245293
2,49,170869.06092438908,73.71141610542306,27.010975290876168
2,50,198700.8010167572,64.13821969271895,26.90566339175367
2,51,164141.86986118546,73.45390844604718,27.10991410224198
2,52,173442.32258535802,66.76467180799091,27.05752162362669
2,53,173632.73959868448,70.28024454442229,27.00434154640996
2,54,193996.2840291132,57.41056452252769,26.960324008277986
2,55,174716.3740412927,80.76505877951898,26.980596879297977
2,56,206227.74631819603,45.14870739033855,26.980370443749074
2,57,206227.74631819603,45.14870739033855,26.980370443749074
2,58,174335.41835093155,61.473561643091756,27.00120969713563
2,59,162975.7327200068,74.42573537542678,27.038378276124156
2,60,178491.55940415425,56.301242785037786,27.065898612807572
2,61,173921.33155371793,72.91098125438859,26.986552506272737
2,62,173464.67829644325,64.05759819023817,27.06484608682529
2,63,173721.91012630032,90.93560495433908,26.95225853657972
2,64,170108.42157499088,65.2326128601846,27.098411320769735
2,65,168055.23897273024,73.84069426307668,27.05895995793363
2,66,169343.89537556143,70.31991873245114,27.041389633825574
2,67,211532.1423707694,45.0246964777868,27.010482830963866
2,68,196852.807188753,49.820679376802055,26.962043785792503
2,69,166996.94856084822,71.83214125844897,27.074273791118436
2,70,192176.3600859797,59.96260545733567,26.93028685730272
2,71,170904.84354111404,84.39566118363473,27.00166032012214
2,72,183928.29569442384,60.279594781277524,26.984691742552947
2,73,183928.29569442384,60.279594781277524,26.984691742552947
2,74,168518.0784877868,70.6499874467444,27.03144861465313
2,75,183027.86477886277,70.64584557234703,26.948266951743605
2,76,176052.21357046947,75.78307000551102,26.950391708455506
2,77,163970.14982573697,77.4184031626022,27.024230597916343
2,78,171859.38050744566,79.09766398360291,26.996453967672352
2,79,194134.12416678123,54.95353814943908,26.94904742942152
2,80,200331.5838113708,51.34980770856063,26.918634714068595
2,81,185267.09859796872,54.820648326410726,27.10663150014313
3,1,322642.41588217,33.4217031745744,27.34077047003094
3,2,322642.41588217,33.4217031745744,27.34077047003094
3,3,217808.52778457906,71.40831552413587,26.70288075730675
3,4,324144.1443288461,37.00383388367974,27.180636005918842
3,5,196705.65745081467,90.17101295176559,26.877233318657204
3,6,271426.5943814278,42.936614054919694,27.152331634160376
3,7,282439.8659113353,42.191335892699506,27.12581172866477
3,8,312715.9130355211,35.71572552629305,27.22015633835882
3,9,253650.53204753835,43.31482442449748,26.93869528128065
3,10,296338.96283346775,40.28422372231755,27.28967363118413
3,11,317686.6166252852,38.5395098860068,27.0998441381994
3,12,291429.13336536847,41.71722460520199,27.042111638780177
3,13,275347.8797249847,40.41275092734544,27.172199280813636
3,14,210985.58868106545,77.80090832697131,26.71233111406982
3,15,209713.85267126674,86.46686670881799,26.721439051448883
3,16,210276.21491575023,84.14745091590838,26.732798370572766
3,17,212021.3296299236,74.65134128986288,26.737586531343958
3,18,220914.02576359152,50.43145321742947,26.86852272160383
3,19,309062.7465567399,43.09438170437045,27.01061142435323
3,20,305847.8110217532,42.23192636532296,27.025086760778706
3,21,302098.438275992,38.5799708463262,27.255700613017886
3,22,210073.90418327076,80.2076855722436,26.76215243062142
3,23,310329.04472731793,38.07787387643975,27.32200844767282
3,24,310329.04472731793,38.07787387643975,27.32200844767282
3,25,202260.90564314232,88.27967412270054,26.768779848264977
3,26,239600.02231823982,47.9337772516534,27.06691244333507
3,27,239600.02231823982,47.9337772516534,27.06691244333507
3,28,240773.24549987877,47.21624404292934,26.990590640337025
3,29,297988.2838438431,39.32356112483027,27.24822565774516
3,30,297988.2838438431,39.32356112483027,27.24822565774516
3,31,246834.1835484582,43.687711268024565,26.917232843994164
3,32,202617.3547655504,82.56694969512229,26.795812190183078
3,33,205306.88234002565,80.80953258392454,26.754803465626487
3,34,198613.2438124495,88.41483113119165,26.875627444664772
3,35,302424.2648892806,41.61053432677092,27.043862012166073
3,36,311994.943602974,40.56629041129964,27.041702620869223
3,37,305961.11798469373,39.350865954111164,27.093738707919904
3,38,312131.6776988652,38.6232135105211,27.069160971252565
3,39,307094.1270760459,38.50148802677321,27.198752215720603
3,40,308388.2990412801,38.993090019303565,27.130711854610013
3,41,236348.12855890338,58.35790070374027,26.740548532090372
3,42,243950.0552443802,45.277693797043824,26.953020174933066
3,43,243950.0552443802,45.277693797043824,26.953020174933066
3,44,207941.90670909634,62.83277244234863,26.974163093451466
3,45,227202.73611468295,52.141154103537254,26.844377613127747
3,46,274134.8019356299,47.47600300113536,26.881109020390618
3,47,252938.08179384642,45.660967072467216,26.883106454155893
3,48,250280.86322478324,43.60314032662201,26.98208795977876
3,49,240937.95655879859,49.42937608462402,26.828968172509477
3,50,241692.2051382031,47.222202248558105,26.9243624261005
3,51,250887.73966923013,53.20706492375551,26.770963902272925
3,52,304764.70955879224,39.430970554521984,27.19585091118916
3,53,208360.13718238016,81.23794057464019,26.746226474280157
3,54,304226.4781842119,41.52955237099283,27.12856393487533
3,55,310824.10156347137,37.77891650060658,27.272344697776802
3,56,310824.10156347137,37.77891650060658,27.272344697776802
3,57,213568.0613980806,61.91064849230035,26.90629339947163
3,58,308044.29601694155,38.22230412661353,27.33861038778062
3,59,202629.31197138867,73.43345335219716,26.780218117121123
3,60,232277.22207813774,65.16140287384032,26.709013171221144
3,61,246287.70834380572,44.468392209121596,26.93869528128065
3,62,207395.09168083538,73.99820039347675,26.772895436386328
3,63,215328.00288081027,62.15913784598015,26.904368837384773
3,64,218446.0787764648,59.97273030692154,26.866245266768622
3,65,199302.34027328136,73.15424977515336,26.808777373714257
3,66,211189.1906171701,69.31997502940277,26.8029787626867
3,67,225548.9630915927,56.80668697812006,26.861181533838163
3,68,226190.53448231122,55.457868252389595,26.809512006571104
3,69,216013.86931937543,65.93543570924336,26.81516699174015
3,70,234395.82556361117,52.23145922578846,26.83925657748385
3,71,237190.7427174251,53.82192033342305,26.76818472843633
3,72,242835.94752175422,46.62766663376049,26.98407926918273
3,73,214738.54335338922,72.21555773891926,26.7284165076047
3,74,219611.19413780683,66.47398316241001,26.706404867487784
3,75,242103.40374695262,48.40917044917412,26.848585632914144
3,76,216919.17253767938,67.11360410451877,26.73156996020692
3,77,312651.2661628722,38.233761111632596,27.18811188926159
3,78,219225.52273974323,57.62988551095389,26.82285749959489
3,79,230811.0266907299,57.391098438072646,26.76320564273206
3,80,212566.355243765,68.38908236251328,26.833363018177636
3,81,228434.76498510689,54.266016671313196,26.80598601493655
3,82,222740.99014213186,57.17844036477553,26.84370559161985
3,83,211321.573382966,64.20392734919305,26.887701959393077
3,84,230363.7601685778,53.86804013718151,26.80583757362534
3,85,217942.86955187598,63.31340719043398,26.71349330019241
3,86,215636.06706443315,64.64311697936859,26.853755097250627
3,87,218243.90175859482,60.76522530459206,26.861600207682834
3,88,213044.74857998223,69.76615104620768,26.791818297044223
3,89,216188.5008059844,56.57487996929569,26.89066980883095
3,90,242112.18982286094,54.554907388871804,26.749067777559986
3,91,208753.02419286192,71.4178344536905,26.81248213135669
3,92,234697.15740078106,56.27517510897414,26.77639952824824
3,93,243110.89859930426,46.40694245500712,26.97626574668461
3,94,236078.11632696923,53.32631214385681,26.80842805840836
3,95,228014.89483959373,59.99560341454212,26.787700157182115
3,96,223355.38274418702,61.95256027169607,26.778081351625346
3,97,234701.60581811483,48.24479152162487,26.87292685661565
3,98,217223.16204556148,63.70898012913265,26.858813285718355
3,99,233959.22199520253,54.8185293430608,26.796350663467983
3,100,213513.1697907585,67.75547610148452,26.782300009565446
3,101,213125.93833665526,72.04211133130337,26.74333589215965
3,102,306679.7105934118,39.0502351333769,27.251343342407964
3,103,206264.9460362999,65.3464692825993,26.846933686304446
3,104,208590.58327924446,72.86780133780742,26.836116598239684
3,105,214994.3773108962,70.07985983185498,26.737386454939596
3,106,205496.82209152222,65.55761901281195,26.863884719865794
3,107,216655.57384797995,60.47224051394389,26.885455460181902
3,108,212465.56630698408,71.10063535105806,26.77849585118382
3,109,210228.38496976547,62.03693888330483,26.914894314369647
3,110,233474.57235953643,56.4852349919187,26.785340920223554
3,111,245582.00794260914,44.75714775693346,26.97791686470694
3,112,245582.00794260914,44.75714775693346,26.97791686470694
3,113,226224.08259363304,60.65126937432272,26.798918845125478
3,114,218585.82912206673,62.639213519824864,26.798389028854736
3,115,228413.8926489698,53.81267847556134,26.829369432391275
3,116,245952.72554311264,46.420461689716674,26.948451264923868
3,117,218983.2051649508,57.985081474193585,26.80583757362534
3,118,207934.38101530672,72.98197719264279,26.826306942309678
3,119,217526.7127740297,64.63772512666723,26.783519719613174
3,120,212585.39878854365,68.14455846885397,26.843299523521694
4,1,260693.26700635473,79.40022338110334,27.04066376401927
4,2,211434.04100855652,86.78577595512967,27.12362729236341
4,3,377173.8571031046,44.648858374517246,28.10204749488399
4,4,376926.6039503975,37.43230654711213,28.10562248885867
4,5,366853.5594032297,43.86312068969656,28.15549954639834
4,6,307957.81295485754,50.649951217773385,27.36693464403755
4,7,339890.2561332217,49.480644400124746,27.79785887686746
4,8,264995.5393736941,55.40830318240957,27.437496410745396
4,9,349382.1893507584,50.09408136263651,27.69068355280713
4,10,351989.1573630773,47.89420464030639,27.738584826718565
4,11,281221.1465784793,66.39877577718659,27.0980748211881
4,12,343797.2330259733,48.83068350711249,27.942511969084897
4,13,343797.2330259733,48.83068350711249,27.942511969084897
4,14,347145.1997271739,44.98981348300134,27.744959022210168
4,15,366679.32513040275,43.93945220866034,28.114204381805095
4,16,273158.76661064074,57.53274875449971,27.194556928588305
4,17,265438.82797327667,54.031796754644795,27.41505863782774
4,18,235338.2366140752,84.61435564635633,27.05318643815577
4,19,234076.4981457588,63.430697306760706,27.326575778648888
4,20,222175.34898638626,68.55967980903105,27.257771451326377
4,21,278638.4998390598,51.762041873989006,27.240871874406395
4,22,244282.53100197084,62.27332498058065,27.292612825671917
4,23,266815.31651995674,53.53827879498144,27.24829210054692
4,24,252824.43378699542,59.47867956308275,27.209940214239282
4,25,272379.667314218,61.4893544394222,27.13735761433786
4,26,212840.6400124759,75.7242443095432,27.13844226979588
4,27,277962.2343040185,51.33866239047695,27.383020923028454
4,28,277962.2343040185,51.33866239047695,27.383020923028454
4,29,255578.0611083933,73.68441589317554,27.09952267117729
4,30,227670.95111640944,81.84457743967683,27.07002278576256
4,31,224114.03780122503,83.38450260821433,27.060623285423652
4,32,279119.5117847657,59.6439603181597,27.1565203073403
4,33,279119.5117847657,59.6439603181597,27.1565203073403
4,34,213707.9078180512,72.3323675594907,27.15053119893723
4,35,246795.7757225572,65.02619733542228,27.152143378833912
4,36,230856.79487498384,78.84691926129955,27.101029556353723
4,37,265585.555335044,66.21704842023387,27.13896541532442
4,38,235738.96827182855,69.80800435660679,27.17495514606739
4,39,217237.8899279583,80.66953516419662,27.107070439490123
4,40,349930.932305505,49.43297564161512,27.70552495852496
4,41,349930.932305505,49.43297564161512,27.70552495852496
4,42,239711.3217043812,77.0048669840005,27.095345464509762
4,43,217553.2012069449,72.98163146875591,27.107961939486678
4,44,256833.774906903,81.12316596966704,27.062307677894218
4,45,251311.97527869814,70.59894400851377,27.108744519506068
4,46,237228.99751805954,67.59237281371998,27.281631103999132
4,47,246937.13087718567,77.95044441706318,27.081507705022823
4,48,232529.30511452834,68.18991701285974,27.275690727987808
4,49,266348.97158132057,62.0488913529305,27.18390817421995
4,50,258966.1914618414,69.9057268885205,27.097478273920743
4,51,278826.74838660366,56.54585067045463,27.20692144180677
4,52,278826.74838660366,56.54585067045463,27.20692144180677
4,53,258354.08568994718,74.7565227347655,27.073745715989745
4,54,239510.9355824535,64.54913746380139,27.286314222176557
4,55,224050.8372708681,71.8859589111612,27.12208005859233
4,56,257696.37441068562,56.682538308416035,27.222745332001168
4,57,256967.81506363532,66.96845531073464,27.13036740898019
4,58,231394.9152933109,68.55826057710809,27.22515366587553
4,59,250974.2655326482,62.55499242639943,27.222559730982837
4,60,262086.1268601632,63.66727854285951,27.15877950713618
4,61,262086.1268601632,63.66727854285951,27.15877950713618
4,62,268067.5136019806,77.4802673226247,27.07351098324005
4,63,235276.0669312453,71.11849771065413,27.122255392662332
4,64,249720.5927618884,68.14444736301618,27.110235779842903
4,65,225960.67931100063,77.67483378383098,27.103367409434995
4,66,269070.68348208885,63.21292473608206,27.131396161569803
4,67,234516.74611468473,67.93957488836068,27.19760204516961
4,68,238680.12817492036,67.71353502597307,27.1859106024512
4,69,233096.96171889175,66.71644206119255,27.28605610266915
4,70,239989.1076356378,78.29360528815185,27.093952286409177
4,71,239989.1076356378,78.29360528815185,27.093952286409177
4,72,260962.0962132194,78.15983140155282,27.06859245631501
4,73,236282.70842255754,72.53451652658381,27.11776924530593
4,74,253436.01390038867,74.65566246186873,27.089651848417958
4,75,219897.20055849635,82.22073611942713,27.10545550233443
4,76,219897.20055849635,82.22073611942713,27.10545550233443
4,77,267477.06647435244,74.53976926302013,27.077209342129734
4,78,267477.06647435244,74.53976926302013,27.077209342129734
4,79,267477.06647435244,74.53976926302013,27.077209342129734
4,80,267477.06647435244,74.53976926302013,27.077209342129734
4,81,267477.06647435244,74.53976926302013,27.077209342129734
4,82,267477.06647435244,74.53976926302013,27.077209342129734
4,83,267477.06647435244,74.53976926302013,27.077209342129734
4,84,267477.06647435244,74.53976926302013,27.077209342129734
4,85,267477.06647435244,74.53976926302013,27.077209342129734
4,86,267477.06647435244,74.53976926302013,27.077209342129734
4,87,267477.06647435244,74.53976926302013,27.077209342129734
4,88,267477.06647435244,74.53976926302013,27.077209342129734
4,89,267477.06647435244,74.53976926302013,27.077209342129734
4,90,267477.06647435244,74.53976926302013,27.077209342129734
4,91,267477.06647435244,74.53976926302013,27.077209342129734
4,92,267477.06647435244,74.53976926302013,27.077209342129734
4,93,267477.06647435244,74.53976926302013,27.077209342129734
4,94,267477.06647435244,74.53976926302013,27.077209342129734
4,95,267477.06647435244,74.53976926302013,27.077209342129734
4,96,267477.06647435244,74.53976926302013,27.077209342129734
4,97,267477.06647435244,74.53976926302013,27.077209342129734
4,98,263632.01649523724,71.57318124239796,27.08672836832097
4,99,263632.01649523724,71.57318124239796,27.08672836832097
4,100,226241.60397848723,79.62986253408837,27.10177225573328
4,101,226241.60397848723,79.62986253408837,27.10177225573328
4,102,231860.41235685896,82.61756514744258,27.060048473081544
4,103,231860.41235685896,82.61756514744258,27.060048473081544
4,104,269639.381351203,59.54895511533307,27.172047835690115
4,105,242739.97688655002,62.9356208997077,27.167825053223908
4,106,242739.97688655002,62.9356208997077,27.167825053223908
4,107,238331.61115784483,64.65361369867364,27.19466884426931
4,108,262416.9804091999,66.43215400201348,27.13690497526253
4,109,264645.8845773816,62.40630298188466,27.209460560249404
4,110,232722.7359665845,80.25423196980535,27.091342671253912
4,111,266813.8382938824,64.85379977536198,27.113515008077023
4,112,249978.0324525399,68.0259721777312,27.116091859189034
4,113,270733.15265617904,62.83669771601712,27.10487844356556
4,114,270733.15265617904,62.83669771601712,27.10487844356556
4,115,220315.75189312932,80.14468212473767,27.10545550233443
4,116,220315.75189312932,80.14468212473767,27.10545550233443
4,117,236341.9574014747,68.01139864915666,27.136063213085855
4,118,241692.1166953124,80.24371911840379,27.078282517520314
4,119,241692.1166953124,80.24371911840379,27.078282517520314
4,120,253374.12523629674,80.21535166322548,27.077002097461154
5,1,356246.6985226788,47.63715425701464,27.33876674737771
5,2,274252.1221984293,88.95675507127469,26.98319340771978
5,3,274252.1221984293,88.95675507127469,26.98319340771978
5,4,355062.3663748672,49.63385947330163,27.289833097837608
5,5,263185.8976800734,68.7858385482618,27.06707391609894
5,6,263185.8976800734,68.7858385482618,27.06707391609894
5,7,263185.8976800734,68.7858385482618,27.06707391609894
5,8,254099.51541486598,72.26888159286405,27.079333333204985
5,9,288725.663274888,77.99354633240301,26.963267879517424
5,10,290434.0540071426,80.65535235049666,26.940862168153508
5,11,302148.0549299049,60.31675373269745,27.049321933589646
5,12,275382.559747631,66.63383989466891,27.037967155186614
5,13,275382.559747631,66.63383989466891,27.037967155186614
5,14,275052.1472684357,72.56362793869827,27.01779961682577
5,15,300521.7953889357,52.5070126417625,27.17263357549126
5,16,300521.7953889357,52.5070126417625,27.17263357549126
5,17,251672.94874003952,70.52466188959056,27.08693324581013
5,18,251046.6575980683,77.2840426272292,27.03222902064377
5,19,270239.438963822,63.138472307529256,27.065217191610543
5,20,270239.438963822,63.138472307529256,27.065217191610543
5,21,291558.0292602627,71.8893995651886,27.002142058710135
5,22,291558.0292602627,71.8893995651886,27.002142058710135
5,23,296034.41929138143,54.75431921660274,27.148340332176524
5,24,300967.04661063803,65.74134408104646,27.041291101136892
5,25,294440.3937673435,65.72748994141209,27.064416434620973
5,26,268384.2571557186,67.08060013205784,27.054736355545835
5,27,268384.2571557186,67.08060013205784,27.054736355545835
5,28,270811.28295477637,61.78810787784697,27.091472527433908
5,29,270811.28295477637,61.78810787784697,27.091472527433908
5,30,270811.28295477637,61.78810787784697,27.091472527433908
5,31,301508.9805931341,51.21899013256894,27.181834709259284
5,32,258718.40105164654,73.35548136029216,27.033141661981006
5,33,258718.40105164654,73.35548136029216,27.033141661981006
5,34,249274.36767288033,73.87270438441621,27.06999213324376
5,35,256634.32471217346,69.74549371419732,27.155666599951033
5,36,262108.68321054784,71.97988835323929,27.05704179244708
5,37,276969.8177279842,80.38792164676356,26.97595088713628
5,38,282035.1900058581,67.25262624145796,27.03482364304425
5,39,266438.57230207627,74.83992876998227,26.98831472773532
5,40,266438.57230207627,74.83992876998227,26.98831472773532
5,41,254926.44187202913,76.08896220390392,27.025642693815016
5,42,250739.76231608418,66.91073569747847,27.30473002412868
5,43,250739.76231608418,66.91073569747847,27.30473002412868
5,44,276894.3974433182,70.05500062578788,27.006159085150713
5,45,306414.70548841055,64.57183229645676,27.03850066501905
5,46,237461.23961993508,80.94729025123517,27.137122780233426
5,47,290896.2819624575,69.13477052549054,27.03225898977066
5,48,251052.53326160734,76.72767921894952,27.061455406840835
5,49,274851.2064828323,70.62208920740262,27.025123837279445
5,50,231461.26003117985,97.18525465502147,27.11545236029952
5,51,304423.4080407787,58.83315327669988,27.07897922607671
5,52,279037.65295648994,73.92716560456664,27.002280410290822
5,53,255703.8369815632,83.30478028167357,27.011533514282043
5,54,256641.04093688753,67.4730907664858,27.121615751547154
5,55,276744.1877440328,70.44991280695272,27.017490652778584
5,56,301883.54694535636,63.55952806729525,27.062672221534662
5,57,274771.9882200673,59.98970246095372,27.0659705813298
5,58,318815.9655136295,58.307404037875116,27.117823578512407
5,59,230183.24184156107,93.29477966854664,27.147550718655566
5,60,304980.3510044385,50.6395394025421,27.21576349932024
5,61,296908.39192001306,53.07139233258748,27.16276651680075
5,62,246378.94731382764,79.53606705222217,27.101530571378895
5,63,234680.17824345187,84.45485823457987,27.124528603512715
5,64,262260.1263439819,66.74864008243051,27.10091924912018
5,65,251534.8837317408,63.76320016904798,27.253484558710618
5,66,232958.83162874292,78.09800040661348,27.13842445318749
5,67,246355.49975049286,82.06956904183062,27.10382060711813
5,68,246355.49975049286,82.06956904183062,27.10382060711813
5,69,232225.342939194,87.92106287316439,27.105827631267694
5,70,247422.07930962343,81.54568750377642,27.041883051733457
5,71,263834.38533923007,67.49037799363553,27.073966637838218
5,72,287438.12953579443,55.09599392049652,27.151565063345465
5,73,250502.0350942926,78.50565895085309,27.05377843991333
5,74,296848.1126980327,70.48776617884363,26.97986716482592
5,75,246508.14116369234,80.4781305839478,27.05851829740231
5,76,299211.8007759116,52.748368094478266,27.12712275271872
5,77,299211.8007759116,52.748368094478266,27.12712275271872
5,78,251976.87400823625,69.74661816447701,27.24576879571684
5,79,262673.5018898514,81.63875720813472,26.99799163006054
5,80,249668.2084290786,70.8653687121892,27.092606411224402
5,81,270792.15880656935,70.3967373589965,27.043901167805735
5,82,241507.42002671497,70.92130387137595,27.12050306141385
5,83,257131.63838337804,74.77405062724586,27.00570388668619
5,84,297341.89241746115,66.51610685456154,27.043657097208985
5,85,268283.30066653155,67.89642502773347,27.065442282716383
5,86,278867.94518377143,57.15343832937395,27.124149666898788
5,87,252100.61965321653,84.43511383081896,27.0294828732671
5,88,239429.65236509813,75.22430018336554,27.12050306141385
5,89,263880.7373346073,71.35582769531175,27.027615170872124
5,90,269374.6098149964,74.79870336023518,26.99861245488426
5,91,295396.6369932099,51.24751294555024,27.222548814077626
5,92,255248.01350466994,70.2874756790973,27.070712714566547
5,93,256461.3873993045,69.5387570803376,27.15641823463003
5,94,261566.14582440315,63.55400482355213,27.29581879447864
5,95,251003.05224045186,68.81264152656753,27.24838197009087
5,96,273574.81040393154,59.69859181994962,27.09989711104342
5,97,273574.81040393154,59.69859181994962,27.09989711104342
5,98,251701.23113835583,76.75304159956755,27.06112685675081
5,99,233662.65297135315,89.56876208873622,27.096100978494093
5,100,255791.31810854052,73.8995705569668,27.011250013750605
5,101,225899.31130626632,72.75155439232796,27.17397156617554
5,102,252986.19735863293,73.72974088397514,27.0329849160031
5,103,243806.8868394682,83.45214908076629,27.105611121344857
5,104,236838.63442788823,86.2366508179211,27.027033005328704
5,105,264765.5256500378,62.31973821197725,27.08423650324199
5,106,291518.5931324581,66.04797886033536,27.04904903964713
5,107,264681.4426992816,63.05446886018298,27.103459815393414
5,108,247914.62287969078,70.02406455394595,27.24838197009087
5,109,290095.3847367156,52.030364115880886,27.180082727995263
5,110,256800.65238864365,68.66838702053899,27.068539747899038
6,1,324432.79050382576,38.82656127262838,26.85566545567469
6,2,322123.48305709276,37.93297756148941,26.866424598872904
6,3,322123.48305709276,37.93297756148941,26.866424598872904
6,4,200401.873188148,81.51454141138505,26.72019529907393
6,5,252229.18552058932,65.62987463664521,26.598964148052346
6,6,209596.5870243925,78.232975529905,26.738826081175013
6,7,319002.59187397367,38.868927402790916,26.99467284819535
6,8,319002.59187397367,38.868927402790916,26.99467284819535
6,9,319002.59187397367,38.868927402790916,26.99467284819535
6,10,304848.5818265971,39.465368708965954,26.880452558937606
6,11,278121.46575813997,44.46888522005028,26.91865921922672
6,12,282175.4323532388,41.88841427906433,26.958655611624472
6,13,292197.52216023067,44.20945404887549,26.84006911293949
6,14,262149.43445034005,62.17247279227023,26.60317617480849
6,15,253690.15423570105,60.96241038040692,26.629053102422176
6,16,211890.36942330425,71.29603767490879,26.706780076158267
6,17,244902.16313922775,69.32342388805164,26.607564698272625
6,18,265280.411312604,46.081410578109434,26.938068862779176
6,19,308426.1192360533,41.653375972137184,26.829595564668722
6,20,301285.6181102508,40.69663126050214,26.87434707133047
6,21,294709.8311855627,47.36793429131528,26.71030466005407
6,22,268273.81536892644,46.245339100729986,26.8609709120402
6,23,271756.6192481558,49.25686730969815,26.740110428070906
6,24,274137.3780641266,48.78926467025155,26.814018397271305
6,25,311679.24511237204,43.99921864134982,26.765279500962976
6,26,284170.65346781194,42.94600219464625,26.867648343329137
6,27,275308.736036232,57.708917600960426,26.62594671151335
6,28,316136.36439402436,41.07619846696429,26.73660558474534
6,29,215543.48516857257,70.39593217820948,26.698018614139706
6,30,287848.5346414871,44.41928653506095,26.782548406339778
6,31,283221.47350711486,47.73382480788858,26.792613576539537
6,32,314602.3419088418,40.46093522605744,26.818794131971245
6,33,280435.0266319804,45.49332067389354,26.797914166761856
6,34,319202.15869419154,46.50458064399497,26.7034337557675
6,35,283784.78417527315,44.83641307939458,26.824729066871974
6,36,280477.627575105,50.7296456037928,26.664985315092046
6,37,265114.1896658276,49.17552035988843,26.9480423601837
6,38,234514.94646956105,55.36646256887486,26.728609377802933
6,39,218389.86480393054,69.97934167718805,26.718870203615104
6,40,287555.3051663576,45.735589645168545,26.77351329010544
6,41,278386.52289083303,48.30993551724302,26.721637412224638
6,42,242587.2246453559,67.447545206633,26.643422946982575
6,43,243435.62992818299,50.261657768300395,26.77135818793858
6,44,228663.9041215895,58.95830337082285,26.779801198175242
6,45,282959.2374826266,43.859231857420774,26.8766294250889
6,46,227348.6456989171,68.33129006911936,26.672859178988162
6,47,218108.15688240426,67.96381415730026,26.726985859112503
6,48,223447.99742988896,63.31068501422295,26.692397817048196
6,49,306337.99548207445,40.89199541429291,26.85525893155578
6,50,302614.37898557977,42.32821633076494,26.81764863401252
6,51,304328.72050782014,42.477152520227044,26.767783345134973
6,52,304328.72050782014,42.477152520227044,26.767783345134973
6,53,277951.3522657245,45.83363343420539,26.948646595290484
6,54,224214.97153562919,63.253293812453464,26.689673973641703
6,55,252554.95393587853,64.16800372720782,26.607054573209666
6,56,247583.53249600003,62.04565488705304,26.659666514299666
6,57,241049.91400052916,63.142102980728374,26.651890558367434
6,58,253036.0749452229,49.285890422306,26.685819600009317
6,59,221737.22670606212,59.63345130466549,26.719179785268985
6,60,236653.76604448003,59.83621986813367,26.679703131649184
6,61,236653.76604448003,59.83621986813367,26.679703131649184
6,62,248777.65798465183,60.16323577132842,26.65301669690352
6,63,244826.53876480868,61.74369138533573,26.660673674382345
6,64,287636.320797802,46.16465588417818,26.754803651991317
6,65,302422.16866194806,44.31962862670833,26.802519238017545
6,66,302422.16866194806,44.31962862670833,26.802519238017545
6,67,234357.3827845525,57.90602637360752,26.71282419487519
6,68,223022.48665091608,64.5384850199005,26.70354651822168
6,69,276757.9987763026,49.21961939839385,26.779682863847178
6,70,276757.9987763026,49.21961939839385,26.779682863847178
6,71,262869.49592614564,51.54195442047005,26.65938849354599
6,72,262869.49592614564,51.54195442047005,26.65938849354599
6,73,233049.15500146453,60.24618757173483,26.700100879136265
6,74,294586.4208319395,46.119119228603836,26.711576933964288
6,75,294586.4208319395,46.119119228603836,26.711576933964288
6,76,294586.4208319395,46.119119228603836,26.711576933964288
6,77,235355.23528678916,60.72611289399591,26.699956926904775
6,78,244240.19943680023,59.69869446007567,26.660942267009872
6,79,252796.19334440262,54.8874113262337,26.639440454899507
6,80,233451.96138003323,56.354685239482116,26.721145909138748
6,81,236460.63797994374,60.65059074591179,26.677701847607324
6,82,230171.21581276093,61.14445741760988,26.662705716753734
6,83,251652.02047534336,65.86161230060607,26.622182879695366
6,84,246231.58737262507,65.30506974719759,26.63628792292721
6,85,219644.3273748413,67.11652551610497,26.726634779935978
6,86,248988.03552290177,68.03733883941072,26.633780843222986
6,87,288001.44664144306,48.843110044210526,26.71498137162842
6,88,233074.82198852437,65.64549544955354,26.643927838297692
6,89,211118.11283470172,83.31173923231674,26.715140161445085
6,90,218249.81462448608,70.15381220007228,26.71304788245493
6,91,236673.280541417,51.03807857405592,26.662622449522978
6,92,247741.68166207668,68.81035694628943,26.61312879142381
6,93,249768.35627610408,68.68252020286339,26.63209636391482
6,94,228601.712434988,63.61283099924822,26.668641787406678
6,95,215730.7384363516,70.88310753288059,26.615744783708955
6,96,312712.57987204735,39.068437170269995,26.836048629476764
6,97,219689.64166055206,65.23195989675627,26.697334080075528
6,98,296312.60985171696,43.731449716185715,26.825481964470313
6,99,270669.1989260901,44.457929601400956,26.957973503370866
6,100,246868.7927098485,62.36082466998282,26.65185138526992
6,101,235097.79399849664,68.74532076086048,26.623586642876873
6,102,225054.54378110988,61.316828701045864,26.68381036770571
6,103,246447.11235855255,63.249231111842384,26.636005464125994
7,1,307922.24169342814,53.527901361499644,26.67153075263647
7,2,300675.9538493577,57.84897442190742,26.661753466781747
7,3,300675.9538493577,57.84897442190742,26.661753466781747
7,4,299793.17346397974,55.8171261368653,26.665188368411393
7,5,299793.17346397974,55.8171261368653,26.665188368411393
7,6,305760.2442479181,46.98783370687565,26.82523184142069
7,7,291378.4624085807,57.76981837915844,26.686053080840345
7,8,291378.4624085807,57.76981837915844,26.686053080840345
7,9,291378.4624085807,57.76981837915844,26.686053080840345
7,10,291378.4624085807,57.76981837915844,26.686053080840345
7,11,291378.4624085807,57.76981837915844,26.686053080840345
7,12,310825.6811802551,47.67443590337014,26.728416068674825
7,13,290406.69931357476,50.759283954677734,26.699630967507737
7,14,311214.9635505172,51.35683628491902,26.696893706173498
7,15,306020.98663395434,49.53897984036197,26.726227512375765
7,16,293097.70774689957,70.67937432467549,26.574271382071124
7,17,276472.13831866346,61.76465726802894,26.679804912020963
7,18,318946.54798013455,55.65844466906563,26.59235568445353
7,19,425801.5817213002,44.009564908399376,27.329601437339747
7,20,320111.0792023131,56.07711885822695,26.586740360512522
7,21,281382.0577946813,63.520193075516566,26.61801094234385
7,22,307677.5959807872,52.79846988143078,26.682689490192658
7,23,307677.5959807872,52.79846988143078,26.682689490192658
7,24,298938.9918435185,58.12280341263346,26.637107443561362
7,25,250877.04769886582,75.65297693328374,26.71431709350471
7,26,250877.04769886582,75.65297693328374,26.71431709350471
7,27,267055.8890168511,84.30342625331997,26.613104626739762
7,28,287377.9006881151,47.27853963675669,26.786170836429356
7,29,313675.9461464067,60.76321580885091,26.603962827630767
7,30,313675.9461464067,60.76321580885091,26.603962827630767
7,31,267220.9200324705,74.25827224213356,26.6238506910994
7,32,419775.7019142181,45.30872335674966,27.265668638638232
7,33,254627.13244404775,72.34295614390487,26.731402897649104
7,34,259298.71003726422,63.14809701492624,26.7409541980389
7,35,259298.71003726422,63.14809701492624,26.7409541980389
7,36,259298.71003726422,63.14809701492624,26.7409541980389
7,37,254854.45077254018,68.6335627713529,26.72822287680558
7,38,254854.45077254018,68.6335627713529,26.72822287680558
7,39,280794.26550057245,59.39578747884308,26.733381608924113
7,40,253181.39214506478,78.78273488781677,26.69417060849949
7,41,245319.211457629,76.9181578907603,26.77248682174661
7,42,254589.2591858952,75.39041621894883,26.70459013246503
7,43,283124.58779136045,53.70993622490526,26.743190105871236
7,44,269778.6911492614,69.37472493332247,26.617036615381835
7,45,253338.7721795335,85.38131324241915,26.675766970248247
7,46,289764.8124968057,61.23527122779787,26.581302072929255
7,47,335598.23569246684,46.52820526702773,26.786779745025015
7,48,282565.4723596656,60.47241168314386,26.64312422208421
7,49,288245.452175308,52.9836941963509,26.710974104481586
7,50,300459.80675269035,66.32096686007579,26.57027989753812
7,51,276430.5651510845,62.2815755388611,26.682289393549006
7,52,295748.0540162702,53.941902393315694,26.668368442647356
7,53,286531.1347421537,53.49500774108435,26.75546123267047
7,54,279650.57854200236,63.929740500312455,26.586621443052422
7,55,281876.23194741295,59.47586701757719,26.6569355391507
7,56,281876.23194741295,59.47586701757719,26.6569355391507
7,57,244262.2524528276,72.65130898287939,26.790512317250077
7,58,291251.14052168565,60.8153097435053,26.608255872836672
7,59,255052.01213599046,71.8955405244234,26.703518586671862
7,60,264482.0601858533,61.02625146742521,26.68994270584369
7,61,236277.35048198982,80.80658670042945,26.740086878776133
7,62,251247.6676487356,73.7056349554059,26.731430038181422
7,63,287907.2587553196,56.93537781255427,26.689776360751146
7,64,288704.6465850035,50.61163043765714,26.740373106145007
7,65,314011.91080389405,50.399709362793516,26.70825960313764
7,66,244052.9098711222,87.07093962033817,26.70474917031526
7,67,281932.33028580266,57.73270454298574,26.688846699746605
7,68,268332.71648157114,82.62679412595864,26.622991193121578
7,69,272193.27963201824,58.846119071278004,26.87283012273779
7,70,324824.8853637643,53.43416483771877,26.58367718094999
7,71,317621.94273065636,59.930393982961334,26.5967670565212
7,72,274090.2527540005,58.60527054248182,26.746556721499957
7,73,286758.3376679184,57.96554463934225,26.654871603428738
7,74,252615.49462201516,69.07523288201209,26.80070367871552
7,75,261983.98878903905,85.41285344781981,26.62504786854317
7,76,288060.91574054264,52.54934763670046,26.71351203783705
7,77,281730.31753764075,53.423544410621425,26.781387914408555
7,78,307730.7260068644,54.9762429224596,26.664229650217287
7,79,277712.26777985424,62.06373291158564,26.67731398575944
7,80,281866.01560918574,54.53808706378285,26.735117256113043
7,81,248685.62288370344,80.05915898164484,26.704743241739116
7,82,255332.8593516269,81.16931701437328,26.675791707113483
7,83,255332.8593516269,81.16931701437328,26.675791707113483
7,84,279823.5067899695,56.120585044328806,26.769037184787507
7,85,287071.2279381712,48.70804140235005,26.79975369908602
7,86,249112.05429190813,68.97085880043934,26.802527630626223
7,87,427096.29502137424,44.98158098233314,27.320644821097105
7,88,281572.9858092082,58.05513211856024,26.70200915174597
7,89,245511.7612555063,75.22286612216094,26.736062197283815
7,90,285020.39073540707,53.89012507382578,26.713123686485623
7,91,249659.6647194964,70.313964792833,26.78614892623078
7,92,261234.21544428446,65.85902019186996,26.62660658004092
7,93,265787.6560279215,98.78446611357906,26.608675199290673
7,94,255545.6188568659,63.76613380644272,26.63498601502954
7,95,273396.5827596689,66.10536036274848,26.618500682782468
7,96,255441.79334044782,66.95660254548494,26.738612411205352
7,97,299766.71802679193,57.69266719278643,26.666836922456596
7,98,281211.70189048874,56.59859483671555,26.753706608870488
7,99,281614.9056007023,64.36130933279048,26.583496386365276
7,100,288215.6056709556,51.507361773265394,26.77571242541606
7,101,248594.02200005366,73.80003602109902,26.725974341003145
7,102,300471.5663532986,60.91169552355587,26.541109742072585
7,103,279276.5518284879,61.40987112114413,26.6569355391507
7,104,276386.406880626,57.16227965061473,26.764452190871694
7,105,239209.32645954925,77.38629009689981,26.752340804887453
7,106,265872.48317943193,60.456995912013355,26.703409484985755
7,107,246832.47291598705,81.19207111017616,26.688038588901406
7,108,273519.71368464205,64.84305596302643,26.583684845504926
7,109,251013.17434452145,73.728224640286,26.751417990530904
7,110,312626.61629798677,56.584971690267224,26.60714576521422
7,111,254194.35250298202,69.8578303653195,26.773395983649415
7,112,260816.4436366427,59.45620429723315,26.73750858317591
7,113,243868.4584148697,79.37532585859074,26.72337121247638
8,1,335753.2592271551,44.80196208767261,27.366386742677626
8,2,298989.01074541255,51.833927502417716,27.349107058978838
8,3,330704.76558767015,49.55043073245095,27.218710107292146
8,4,348808.18062653043,44.6575836585326,27.355169466306045
8,5,344323.5256365575,42.62420554892348,27.41542778611211
8,6,319231.1420215064,54.21924964253605,27.131972529399434
8,7,304238.7872165768,54.7308962279542,27.08234568894853
8,8,280511.99061424553,56.91296998431852,27.3947208312834
8,9,277162.5510339738,64.3141798435207,27.04688637684594
8,10,255784.0687673867,72.84256325164516,27.06515599201976
8,11,285441.87368360674,64.53547572208916,27.03045478517349
8,12,285441.87368360674,64.53547572208916,27.03045478517349
8,13,226722.74993247044,105.95587202674804,27.205272578548886
8,14,226722.74993247044,105.95587202674804,27.205272578548886
8,15,227721.66483402989,99.88073012609215,27.186412823774894
8,16,245748.06416754588,79.45122618128372,27.081328261426684
8,17,241639.77960474722,78.8306526620453,27.08938105181437
8,18,303184.5833035493,54.64519518102884,27.159363039560823
8,19,303184.5833035493,54.64519518102884,27.159363039560823
8,20,303184.5833035493,54.64519518102884,27.159363039560823
8,21,303184.5833035493,54.64519518102884,27.159363039560823
8,22,303184.5833035493,54.64519518102884,27.159363039560823
8,23,303184.5833035493,54.64519518102884,27.159363039560823
8,24,279787.3705717982,58.103947457426955,27.252665459703138
8,25,228731.44043543644,88.8271028429886,27.212585223357756
8,26,234584.44419067167,76.08548461337998,27.126790614976514
8,27,272524.56953839824,65.942898448975,27.041076420618985
8,28,270242.85362823727,72.49867721348045,26.99579768803313
8,29,251105.1657445602,77.604646130567,27.058196213602088
8,30,253259.26075704134,67.53880064535252,27.07513289635763
8,31,253259.26075704134,67.53880064535252,27.07513289635763
8,32,270329.0556544021,58.12571559484087,27.337611532315954
8,33,233946.89303742905,74.22637593104251,27.210986416847177
8,34,299702.02259707474,57.066677664148926,27.146291697524198
8,35,325084.56471900066,46.365455200178964,27.28138236547398
8,36,305932.08809711266,51.82689569461037,27.16331486445062
8,37,276082.8467633907,65.7437342609977,27.047268135237587
8,38,311571.6050395,54.23134093481978,27.104724986144923
8,39,332923.53990322637,46.52345726376709,27.270628754636164
8,40,251205.35640525937,75.71483118433856,27.065940460101686
8,41,238821.0527038427,72.70308605527399,27.10906302335365
8,42,243367.16546242623,75.6823376830844,27.10404452972277
8,43,249615.33180840698,82.823242383746,27.030105297678567
8,44,247212.8155242683,72.23332382612041,27.106142148244096
8,45,264377.99211179145,68.40266012437925,27.033223278520033
8,46,259799.6892810242,60.888699728534434,27.059286292802263
8,47,274645.8216269655,71.62738695922988,26.99137059408374
8,48,233661.3076580795,76.68822889030508,27.244293875003088
8,49,302882.2195988899,51.344866084337255,27.343747974747387
8,50,298483.5254498307,51.88149227012446,27.19412797271918
8,51,282245.34722729505,57.0865595907787,27.386701454579438
8,52,263408.45724046545,66.41120002080014,27.057332269493827
8,53,263408.45724046545,66.41120002080014,27.057332269493827
8,54,273884.6227277915,69.72926655894295,27.016316754392356
8,55,273884.6227277915,69.72926655894295,27.016316754392356
8,56,304771.7642437458,48.28845148075955,27.22820414888693
8,57,290561.01707352145,54.999950447796344,27.18527397661969
8,58,269967.51774516393,68.92941345352352,27.022371185018038
8,59,245836.76984146825,67.33834501695341,27.19229072026792
8,60,296078.9144103797,57.66898024869459,27.14200508277061
8,61,305755.1092245394,50.64985619354995,27.173202746235027
8,62,233121.4869757651,75.19257827995429,27.322044377967465
8,63,312728.7919457153,46.69080985573553,27.34556018198125
8,64,299973.5484291739,54.896666164996724,27.136540247049943
8,65,300132.01461185585,53.972943078267605,27.16194193549763
8,66,283565.6929049662,56.83327087151373,27.36964774851662
8,67,259169.32152573852,71.76666076841478,27.022418945005967
8,68,233466.75609835229,80.22268884239706,27.15171505734952
8,69,242139.83965937822,71.90401392540063,27.259674260346635
8,70,299291.80697243987,55.3331735510071,27.15055862176785
8,71,273903.91741219524,66.32106697231993,27.01013398439384
8,72,329782.34431951854,45.30330699977741,27.306382065593255
8,73,240300.66935860112,82.86851757145519,27.064129928177998
8,74,286768.6372764345,56.26056942317911,27.20338323412023
8,75,279098.06123666186,58.356508046427,27.262309134463862
8,76,283498.69842760375,58.2923739882854,27.12572842319797
8,77,303013.9499199513,47.4247710214494,27.305905200951138
8,78,254593.46656297237,90.35817447878708,27.01831546581488
8,79,233325.49653637694,84.16976801902827,27.11966069284489
8,80,231640.6427850764,79.42364866601147,27.191772881349237
8,81,255799.51560775857,73.32779031084888,27.05336151349873
8,82,268634.4822257506,69.30596972983919,27.01863793385322
8,83,286952.47157094226,57.70322649127643,27.059129930218738
8,84,250820.20778603252,78.44540375639338,27.03464627613961
8,85,233192.49414371667,82.31474608661723,27.175338274637852
8,86,254591.8387956852,73.77881092487836,27.039686837053956
8,87,240298.55145696425,77.05903336944287,27.103630609468155
8,88,236270.19244295507,74.36830173476261,27.14621256036962
8,89,359672.13498867396,43.252114042423386,27.403017506613907
8,90,249615.79736431435,62.974523078322306,27.109041578629686
8,91,286351.8661388524,57.886909542014955,27.266901302799617
8,92,283782.27896219067,57.259100046111676,27.335247041614558
8,93,292556.49957413133,53.2759911419388,27.17139988703014
8,94,232398.45007172684,91.85068518658359,27.17822166607352
8,95,265881.55788741965,66.03627301617045,27.034672483904316
8,96,257504.93067677334,63.72937425502714,27.05987006598661
8,97,289689.00491618324,53.59733434130733,27.26955346152149
8,98,283122.19272439624,60.48321084159194,27.095612567711065
8,99,252920.0913930387,74.49009133881455,27.038979779532674
8,100,246545.53576510798,71.74430885820348,27.19121089737871
8,101,268504.9409484847,69.44396316041666,27.029739971042815
8,102,273444.336033986,65.97328201721193,27.022371185018038
8,103,265476.19011969044,59.67972032564422,27.101500120857644
8,104,248407.5367235077,70.28233511301165,27.066396568382643
8,105,291255.1183724274,52.456723856569994,27.175908635962976
8,106,287127.46707348444,56.38267055801886,27.17229968378772
9,1,375860.43950871524,39.11549383851741,27.58159076061345
9,2,375860.43950871524,39.11549383851741,27.58159076061345
9,3,371351.97184152226,40.391718123341725,27.63222354842932
9,4,371351.97184152226,40.391718123341725,27.63222354842932
9,5,268739.31798477966,65.55448334945338,26.684200064722926
9,6,375988.3528588934,39.772199082508735,27.578071299448062
9,7,242410.23896797863,71.5698141223713,27.091242330705853
9,8,250665.52924993422,83.42400217151645,26.79189398574306
9,9,330850.29839733697,40.71865669925319,27.304885920428823
9,10,314204.11946016696,42.35559781551325,27.224998852163615
9,11,347398.34744088,42.73569713926526,27.154075147692332
9,12,347398.34744088,42.73569713926526,27.154075147692332
9,13,250975.78434834423,80.61412445084653,26.792503009673773
9,14,303339.0911652538,44.1527672915753,26.956757976489733
9,15,255048.78693027052,78.57192624921832,26.773947229229805
9,16,335855.6706832727,42.089180600644426,27.298640899648923
9,17,335855.6706832727,42.089180600644426,27.298640899648923
9,18,288647.72768432344,45.6502125505743,26.83167668744092
9,19,255165.86928001916,61.07100833581227,27.276804824888536
9,20,306282.0418870407,42.98708039395018,26.984218867995864
9,21,243423.202705762,76.18260578834271,26.892665403743102
9,22,288251.54084083665,47.307761845903606,26.8766236640294
9,23,290405.45315161254,48.15739303091333,26.78295870271049
9,24,297867.89269165817,44.13832061655475,27.112642273030918
9,25,297867.89269165817,44.13832061655475,27.112642273030918
9,26,296441.1407276191,60.136308350288125,26.7289656354257
9,27,286484.28376745305,52.80990003155166,26.80002929838921
9,28,281960.62751333317,59.70739172178377,26.77343726460683
9,29,269913.8268208414,56.70560360877726,26.97625046371933
9,30,257345.61324783482,54.90036688401734,27.128793523265344
9,31,271272.2501933694,51.28066308241856,27.07066636733964
9,32,256815.0883824234,68.94429581593585,26.801491854073824
9,33,287908.51043218817,57.57695168130055,26.742347382533755
9,34,248918.40672766208,67.02170354581665,26.99943265009147
9,35,308512.91667281336,51.83846955232845,26.782558962743355
9,36,308512.91667281336,51.83846955232845,26.782558962743355
9,37,246875.2004664795,73.97263742750052,26.820506134916286
9,38,245140.29378908212,67.94961051740187,26.96510501990135
9,39,249375.84288961085,75.13658304439885,26.795828822521884
9,40,267369.8204369827,53.733828845002,27.058964952064148
9,41,242435.51875598502,69.68784753267494,27.086174269201393
9,42,272401.6784856462,64.0070649732887,26.70355898513407
9,43,274517.78949500184,50.592068921047286,26.91310364268659
9,44,249250.656878859,72.63349660476818,26.85817672130431
9,45,253208.49850610498,65.81258589578512,27.02431593401492
9,46,286557.31499098905,48.558095343505556,26.945664832799036
9,47,244680.46431671755,75.38613455447293,26.871741324654998
9,48,286525.9802738864,49.398910979084114,26.93193447359514
9,49,273665.16511828144,55.959430958443555,26.7852209729778
9,50,246850.4621228182,67.49040806569451,27.033967460048363
9,51,275564.67849404283,55.12515155705945,26.811113661127017
9,52,258121.2181930118,64.93720140812889,26.97350353960403
9,53,292775.06583747076,53.38926273354924,26.75795681762274
9,54,292775.06583747076,53.38926273354924,26.75795681762274
9,55,267833.04501319,69.91315623452888,26.684200064722926
9,56,274476.94640010316,54.600417162933915,26.87331508564937
9,57,287489.4468055901,49.02864305078375,26.828673774662132
9,58,252205.44401986996,62.31484691111987,27.048115267805162
9,59,245207.20860103462,75.79754340780458,26.83683275412907
9,60,266710.5691548733,72.02834332752866,26.720510249195247
9,61,271817.67016556015,50.25280140636172,27.08008094846857
9,62,254622.0987669973,70.39667007145671,26.844861101831448
9,63,277204.6327036853,52.92228363614499,26.86095753304361
9,64,270965.1114641628,52.14696079768644,26.87465903077692
9,65,256018.02282215995,60.66019727880177,27.064061178122245
9,66,278375.8321783841,51.969138949167366,26.838855199840957
9,67,243839.13605745733,67.79168489231543,27.03926354847069
9,68,253798.39078021233,70.88813685776358,26.864131456435743
9,69,259242.34402006774,76.04363055391451,26.753812795491093
9,70,265307.14625733264,70.59544220577978,26.769531833719018
9,71,269600.8405630272,53.46661537882112,27.11997314513822
9,72,264819.5871266406,58.004232380666956,26.908469227832843
9,73,247993.39526790346,73.42996783863796,26.879100800392415
9,74,247993.39526790346,73.42996783863796,26.879100800392415
9,75,269605.89915632736,57.66175984475224,26.9167572794719
9,76,257161.18186651892,63.324892335870175,27.008394696914586
9,77,259786.95047815496,73.73635011938896,26.73302496710655
9,78,249627.32927697638,72.63331787174785,26.878654271869877
9,79,251059.58909841283,71.27786241670499,26.933593575607055
9,80,272731.41254739626,58.98192868447903,26.82264983483591
9,81,270382.2129663086,64.4629542741835,26.75591053692733
9,82,287313.02479106287,49.73193476324618,26.89852690905649
9,83,277019.38995566143,62.777838796796345,26.76036713922834
9,84,280543.0769679359,63.03150599818105,26.70977739702805
9,85,260346.24043490103,63.16298784360277,27.00073525824147
9,86,274236.0112607102,58.49384924797275,26.776612349394753
9,87,265844.35789802275,64.0045874264024,26.780889031438615
9,88,258810.82778826804,55.72440546638032,27.02696885551035
9,89,273726.71301138325,63.40967899013496,26.730965752597786
9,90,269364.4305723749,58.756059550393246,26.82407063618459
9,91,263620.25307904294,55.24583226976729,27.041987156379893
9,92,256044.95414850418,65.43054675320299,26.844576009872444
9,93,280942.82251465454,62.64527838200378,26.718671083310657
9,94,257677.8123852841,59.62254728517726,27.055158682189813
9,95,254209.52841702412,65.53547761302217,27.016435691767747
9,96,256571.53052315858,67.1952918043441,26.838877463161616
9,97,263727.24531169434,61.341176880515214,26.90302029401973
9,98,251445.39302862095,71.21999947779577,26.8069415315656
9,99,252396.29272601585,71.00818136397814,26.948833161764313
9,100,279964.71616570937,50.2610511783858,26.818833104814487
9,101,286494.20248006016,49.98157772986737,26.990654679755057
9,102,264451.67899602134,62.19497505065393,26.89012249173802
9,103,268193.5030975744,64.60401313653102,26.761792217717094
9,104,266986.56474516477,61.63772574126818,26.762788655123323
9,105,280294.78324833134,61.477122039167966,26.72460524102278
9,106,262639.38918139576,60.08431571251071,26.985157414004455
9,107,260972.82007970306,70.98922082261139,26.72156000518171
9,108,255872.54267371833,67.45218059915342,26.835043028733644
9,109,263908.17124146514,55.628121528558964,26.994892155014846
9,110,265220.7409064926,59.48967169574155,26.886404988520024
9,111,286779.2755229449,61.741579887800135,26.707693389850032
9,112,266293.0963615103,55.060924884270406,27.022122712788807
9,113,262466.01467158826,60.84238100131714,26.99515825294993
9,114,253151.7680746426,73.65260760024495,26.80386542516842
9,115,261846.57526343418,65.73902031499067,26.792488082577314
9,116,262269.1210202474,64.90026397727134,26.888657014179053
9,117,271355.7817859457,65.5068429970035,26.718523798857795
9,118,264053.1850802466,59.420035968500066,26.985157414004455
9,119,272499.8461444843,58.22542389444117,26.837928552898976
9,120,266465.3734602349,57.77567552713995,26.89667005427226
10,1,267874.6441002083,37.02280575578261,27.238007533960797
10,2,223030.97239725868,69.13991681437803,26.780210729649006
10,3,188572.5280388392,78.87260371806099,26.862050943252456
10,4,277588.81415569317,37.2219101655607,27.090942008554975
10,5,243547.16150423777,42.79045648838926,27.100454604690285
10,6,263252.6287682415,39.56592888930388,27.15443929739034
10,7,263252.6287682415,39.56592888930388,27.15443929739034
10,8,258835.81119556865,37.85429064419033,27.171958655958512
10,9,191471.86764784003,73.53255357431519,26.906661398040946
10,10,235683.5775049452,43.69385518870886,26.93884525291515
10,11,248637.55952881477,41.302315602667505,27.079635191552732
10,12,238601.05211488952,58.56668262870675,26.790233122684768
10,13,258909.61358608401,40.55735792975542,27.018079091024504
10,14,191178.4510919693,76.02320404911161,26.993161384882868
10,15,244126.1554640944,48.86346309435845,26.868906755128037
10,16,226858.4232415553,45.28031735609975,27.01318230579109
10,17,195583.81262282835,71.70901371054542,26.855429570478577
10,18,224680.06182792922,47.33387767381936,26.882150475208057
10,19,231362.06484755807,44.64554918010583,27.008255113694027
10,20,206429.12910297845,72.78583408034322,26.805041976224643
10,21,197566.20458582437,63.96629159761034,26.89727109527754
10,22,207671.14252142108,59.20068848965723,27.03499877182749
10,23,220618.80994657674,53.15602903450389,26.973190837312927
10,24,264751.93069272453,37.88134808717162,27.04839824440119
10,25,264751.93069272453,37.88134808717162,27.04839824440119
10,26,201564.86921680663,68.59413057014802,26.816978311525666
10,27,229628.12551502523,63.76169402707961,26.784576133779765
10,28,258678.32707318908,51.94924654989043,26.8130343336734
10,29,258678.32707318908,51.94924654989043,26.8130343336734
10,30,249261.5288333169,42.590532126217425,27.075724560440293
10,31,253432.5926492137,42.330389339904116,27.01206997133248
10,32,253432.5926492137,42.330389339904116,27.01206997133248
10,33,216395.48051847366,60.350495437832905,26.81816027029778
10,34,211030.87525805004,57.58856108666469,26.953140678782397
10,35,265328.67721872224,39.92809976814405,27.007105496811015
10,36,251412.18675693264,47.568651950426805,26.872849080494163
10,37,222069.90404881464,50.22568202879033,26.875607316637947
10,38,263673.693742987,37.643309045910655,27.16213795409722
10,39,233749.5042995753,56.96481129867135,26.795490478339993
10,40,231825.82560971766,62.30144304165292,26.808608144777374
10,41,199542.78564240522,69.24286331772261,26.858140611649915
10,42,190983.62059116794,78.24622738017725,26.975707807899234
10,43,210713.67548068083,66.66556937086293,26.812124275784505
10,44,224152.18470616997,59.583313452216515,26.824771378711354
10,45,196104.08001805976,70.393550152044,26.883184224961305
10,46,218687.36123408517,54.57408151321649,26.867641534789065
10,47,190416.9377110348,77.44590967196592,27.015782493377593
10,48,251971.82375165654,39.677498454785926,27.058779396766965
10,49,251971.82375165654,39.677498454785926,27.058779396766965
10,50,213539.74602621497,56.5628608241776,26.931947127173352
10,51,237942.96379636537,49.794772576600835,26.843482648675668
10,52,237942.96379636537,49.794772576600835,26.843482648675668
10,53,191374.03538183877,76.37320951515068,26.984837207206425
10,54,193082.75470627562,72.8808476897591,26.965292802365937
10,55,193082.75470627562,72.8808476897591,26.965292802365937
10,56,250035.41664537453,42.48468648896669,27.02691519991977
10,57,214103.5464561114,56.26242511204936,26.92558628412346
10,58,246421.60465937958,43.34819500757014,27.01663586401149
10,59,200535.01690404562,63.615162609155746,26.920930544283358
10,60,202030.02601788944,59.37422919455051,26.90919581882094
10,61,214713.51861549038,66.61143790666364,26.79934942577615
10,62,204231.50298000278,63.074979962419185,26.901139579039793
10,63,204700.44158175314,69.9244100267574,26.809141901225033
10,64,245422.78089690596,43.466192420505905,26.989616600859748
10,65,211372.5082955792,63.034635442955064,26.8255879509451
10,66,253214.3485500148,41.71749079534519,27.020585082105605
10,67,222887.0438896826,55.23893393478055,26.836414840973255
10,68,193335.7819928804,70.39933699934548,26.92283960423498
10,69,264381.90982497623,37.044399246635734,27.16761165601165
10,70,211137.5840750626,55.454523633994725,26.94667587192204
10,71,222294.25417388874,59.239383943261885,26.83440555424574
10,72,212820.8593031988,53.87756962630667,27.015699676585882
10,73,208537.58723499184,60.687773766186645,26.90188393145761
10,74,233622.91487915724,61.60950048870651,26.79118893778213
10,75,267674.5656460869,42.49855415011896,26.99863273490898
10,76,267674.5656460869,42.49855415011896,26.99863273490898
10,77,205450.54212638483,63.98674785968634,26.874741629239793
10,78,221283.6891506503,51.68663277271828,26.989443601395536
10,79,210263.1619875161,61.18254822723615,26.897814187045356
10,80,209016.47310154437,58.73418155338356,26.91337357111078
10,81,208928.59728761655,57.67989366877954,26.94029310708609
10,82,227278.8479120617,54.388884148017546,26.81313652493909
10,83,227979.92573350781,51.25903425765668,26.81313652493909
10,84,227979.92573350781,51.25903425765668,26.81313652493909
10,85,219327.01103483938,63.2613642604466,26.793110840870384
10,86,216382.4963612779,60.44656127718747,26.854251570393735
10,87,252533.21678494886,43.27566552604235,26.994646141432433
10,88,215029.31560481043,62.66743870063416,26.857795459284517
10,89,193397.98812356486,62.95141000875545,26.928482783108976
10,90,200708.9086335162,69.0117325788197,26.811160724680654
10,91,209743.97334281614,65.4828967587518,26.848198319981698
10,92,222098.88963893717,55.483154766928656,26.8514810809002
10,93,214269.41806046516,53.53376821186116,26.910897199582443
10,94,201735.6198648542,66.07659201446201,26.84103478580745
10,95,194184.1757191844,77.96805529463127,26.84331727012193
10,96,191429.38850950357,76.72015392930368,26.846649498528237
10,97,214952.31519678392,58.04696432629232,26.867641534789065
10,98,205051.17731942248,65.87573585626413,26.860011184135715
10,99,226358.97481739984,49.86366134812489,26.85045595342907
10,100,210043.56222623267,61.63505534553776,26.859565401956523
10,101,194812.88500046986,76.61289650405344,26.882874826361444
10,102,224924.90238248862,53.99316244378179,26.871466841969628
10,103,250344.164399578,41.837698295002774,27.0151766520655
10,104,220239.15642859507,56.766182674647894,26.84807772572637
10,105,196427.65881989966,65.17578496229243,26.91154992928687
10,106,210397.9365391085,58.777143958196845,26.866210578218386
10,107,264738.6022730553,42.69597450976253,27.00619324868216
10,108,193307.89252935717,77.57412563669253,26.844828015778198
10,109,225848.03948435112,58.609541224415906,26.825247228982704
10,110,210561.9024337126,64.5868136767957,26.838989683029695
10,111,210561.9024337126,64.5868136767957,26.838989683029695
10,112,218960.97708208225,59.0527870687332,26.86174230782848
10,113,194063.3629025073,62.55270250628704,26.922801163503664
10,114,250253.66074457343,43.09758503352561,27.018400089146645
10,115,224755.09789431907,64.80472719165903,26.791830347738646
10,116,221301.18473370167,59.54581498784142,26.841646759961
10,117,220386.56803920746,54.06976584183627,26.87290175664281
10,118,208275.91750982398,65.12917562171471,26.8490617430175
10,119,208354.68873829202,68.61478306468416,26.812053251587685
10,120,208179.50580539778,63.18465734022351,26.875180038501966
11,1,332222.2018118087,45.436277710168746,28.12436286843024
11,2,289880.088801408,54.06060971852064,27.829882871822818
11,3,289880.088801408,54.06060971852064,27.829882871822818
11,4,289880.088801408,54.06060971852064,27.829882871822818
11,5,289880.088801408,54.06060971852064,27.829882871822818
11,6,289880.088801408,54.06060971852064,27.829882871822818
11,7,289880.088801408,54.06060971852064,27.829882871822818
11,8,289880.088801408,54.06060971852064,27.829882871822818
11,9,289880.088801408,54.06060971852064,27.829882871822818
11,10,289880.088801408,54.06060971852064,27.829882871822818
11,11,289880.088801408,54.06060971852064,27.829882871822818
11,12,289880.088801408,54.06060971852064,27.829882871822818
11,13,289880.088801408,54.06060971852064,27.829882871822818
11,14,289880.088801408,54.06060971852064,27.829882871822818
11,15,289880.088801408,54.06060971852064,27.829882871822818
11,16,289880.088801408,54.06060971852064,27.829882871822818
11,17,289880.088801408,54.06060971852064,27.829882871822818
11,18,289880.088801408,54.06060971852064,27.829882871822818
11,19,289880.088801408,54.06060971852064,27.829882871822818
11,20,289880.088801408,54.06060971852064,27.829882871822818
11,21,289880.088801408,54.06060971852064,27.829882871822818
11,22,289880.088801408,54.06060971852064,27.829882871822818
11,23,289880.088801408,54.06060971852064,27.829882871822818
11,24,254350.69972636542,74.78203267688713,27.308883835442643
11,25,248106.15701561855,82.97184576432754,27.80900606111811
11,26,249447.25966024553,89.01385298258946,27.290812219864513
11,27,267741.71997090353,64.26195580089609,27.425647494070745
11,28,340319.52125520946,44.42591461363973,28.633910598132676
11,29,292626.2958290253,51.80154052637899,27.68839021036718
11,30,290958.22871725605,52.41174498524475,27.774078492674334
11,31,290958.22871725605,52.41174498524475,27.774078492674334
11,32,278402.76635871996,61.02719349558646,27.34738390750298
11,33,249243.5980187564,85.92652622400097,27.576397100576706
11,34,249243.5980187564,85.92652622400097,27.576397100576706
11,35,264815.2472658988,65.16060326548012,27.434201850587094
11,36,264815.2472658988,65.16060326548012,27.434201850587094
11,37,264815.2472658988,65.16060326548012,27.434201850587094
11,38,264815.2472658988,65.16060326548012,27.434201850587094
11,39,264815.2472658988,65.16060326548012,27.434201850587094
11,40,264815.2472658988,65.16060326548012,27.434201850587094
11,41,265818.9714718794,69.72251954813233,27.201873743662972
11,42,262907.8027007191,63.117703949575635,27.557025871399944
11,43,257594.4240918639,89.80395482915614,27.15336459052282
11,44,270590.52747992624,61.625859812000456,27.339166456546792
11,45,270590.52747992624,61.625859812000456,27.339166456546792
11,46,263019.3845601217,60.07047826850591,27.451828092175965
11,47,248616.79389360533,79.74469790294363,27.625068908885122
11,48,269454.0783465829,58.47228058451479,27.447601803276015
11,49,279670.7728449022,57.17996705181779,27.448147724972358
11,50,260988.53205562296,76.7760419214412,27.244109326761304
11,51,318153.0001610724,48.108051435105835,28.16219511195805
11,52,263876.5906743557,66.87841001126019,27.332997635774017
11,53,253286.04126352578,87.32589230859622,27.36102865305812
11,54,280678.3027881113,57.15093438072581,27.402188710019317
11,55,253100.53679827083,72.73772800925612,27.390211332287755
11,56,257997.76024557682,82.22572026257922,27.245217360952118
11,57,336992.8156902534,45.28282637090015,28.029785268243202
11,58,279524.8932200559,55.25171986419742,27.544272546996144
11,59,246181.13912665466,93.36539198811217,27.5810219900388
11,60,282646.182975271,54.36524749944226,27.430554669663945
11,61,265970.18648329785,65.05355685947768,27.258077263418727
11,62,318753.33291560644,48.040256042054956,28.0513227490254
11,63,272073.40817521815,58.23290704460412,27.382390973459692
11,64,255122.85839045286,66.3492272360001,27.421763967859274
11,65,251808.7152094836,71.14499834687875,27.42860594164058
11,66,274935.12569956935,64.27707074639292,27.261692229226384
11,67,278329.63367474463,58.606072376267214,27.36663547921038
11,68,276980.61570282484,61.262625742279226,27.255977439962606
11,69,258241.6839122727,70.8194910220516,27.286796292924993
11,70,250619.47330367545,79.16606702478508,27.552780506240474
11,71,290156.5110483154,53.056603123996645,27.653965957756242
11,72,267990.435243687,64.30256887683248,27.419542924330244
11,73,271803.36080829334,61.61172385547371,27.268467762437133
11,74,294219.34358355997,48.63704689172258,27.65259117759595
11,75,276486.8365139843,55.285588571753074,27.810165625980083
11,76,281741.8113820038,55.09790849106076,27.322931252640906
11,77,247195.73550958978,88.2236874449209,27.684752105192803
11,78,248357.2374188531,88.58777143239158,27.576397100576706
11,79,253339.2907205878,66.66855306268138,27.341211408071146
11,80,323059.86500771646,47.3277287438616,27.893736150242212
11,81,254143.84177609946,87.53132815580578,27.34112852830205
11,82,269445.40731758904,65.98628716804029,27.246953253339314
11,83,273154.5201810198,62.27229947780986,27.267273052548845
11,84,260987.1253252013,66.00544639447034,27.370042870716944
11,85,269498.66046377504,66.6518168034365,27.17863373773934
11,86,260546.1604785444,63.966554556659055,27.445162294383586
12,1,201583.17014366604,61.31506021633936,26.798916474156677
12,2,261127.48624124232,28.524617653617895,27.256888143350025
12,3,161515.789793817,65.98267637309412,26.86435254927992
12,4,239927.22367693429,35.47529146158034,27.062163354877192
12,5,164205.27549020818,63.53112123945125,26.87351686582904
12,6,228224.982450784,36.88516268253219,27.184751528740478
12,7,247340.16461821055,32.83473270497945,27.14100867218336
12,8,247340.16461821055,32.83473270497945,27.14100867218336
12,9,175601.61033449805,75.49142720831291,26.823747724040608
12,10,201514.56897635592,63.909294409470775,26.806835996780144
12,11,217209.5116093467,38.54919239518145,27.032999337114553
12,12,217209.5116093467,38.54919239518145,27.032999337114553
12,13,216058.7169834404,40.65801343140594,27.026270500401708
12,14,216058.7169834404,40.65801343140594,27.026270500401708
12,15,206211.5969083216,40.880496919299254,26.983627068738166
12,16,233158.06650180664,34.93507644320797,27.094858737166525
12,17,218376.1393805333,37.26658259314394,27.071776626797444
12,18,218376.1393805333,37.26658259314394,27.071776626797444
12,19,221054.53381441976,37.03045863534231,27.10780143599534
12,20,170325.93389383936,63.38572932652168,26.898508539577776
12,21,170325.93389383936,63.38572932652168,26.898508539577776
12,22,170325.93389383936,63.38572932652168,26.898508539577776
12,23,249917.65898399474,30.860185508298347,27.167343544098024
12,24,249917.65898399474,30.860185508298347,27.167343544098024
12,25,249917.65898399474,30.860185508298347,27.167343544098024
12,26,249917.65898399474,30.860185508298347,27.167343544098024
12,27,249917.65898399474,30.860185508298347,27.167343544098024
12,28,249917.65898399474,30.860185508298347,27.167343544098024
12,29,249917.65898399474,30.860185508298347,27.167343544098024
12,30,252157.00627251877,30.226776036748234,27.132892458827754
12,31,252157.00627251877,30.226776036748234,27.132892458827754
12,32,252157.00627251877,30.226776036748234,27.132892458827754
12,33,252157.00627251877,30.226776036748234,27.132892458827754
12,34,252157.00627251877,30.226776036748234,27.132892458827754
12,35,252157.00627251877,30.226776036748234,27.132892458827754
12,36,252157.00627251877,30.226776036748234,27.132892458827754
12,37,195427.0615133539,44.008439617948085,27.055790257297204
12,38,214830.35066517617,38.54260570212319,27.058485956846056
12,39,189877.27948690424,46.57393906474198,26.88679441411245
12,40,174897.06222966834,74.93986350122732,26.826459034656473
12,41,208189.58624981449,39.27614271281738,27.056320991243155
12,42,236725.00142249235,41.755288127881855,26.926308250212934
12,43,207770.16429990125,38.88859406773057,27.099887811879775
12,44,197138.10401951312,50.130545907497904,26.85316785537814
12,45,184083.90548795095,48.379726983650556,26.912744532420973
12,46,197325.50916869543,43.08390608479022,26.968320198278924
12,47,197325.50916869543,43.08390608479022,26.968320198278924
12,48,197325.50916869543,43.08390608479022,26.968320198278924
12,49,183057.7855142706,50.15984074274197,26.932431027717037
12,50,226771.69933555042,38.3675300185313,27.06615482642357
12,51,174911.13941488133,56.603373387998204,26.89210485461537
12,52,173634.94941262927,53.66997983306408,26.92940351677212
12,53,173634.94941262927,53.66997983306408,26.92940351677212
12,54,173634.94941262927,53.66997983306408,26.92940351677212
12,55,234243.2645731704,41.16384875206754,26.96454523926424
12,56,234243.2645731704,41.16384875206754,26.96454523926424
12,57,187395.71688813868,57.424391405995635,26.845976298341462
12,58,232753.31011208327,44.12657394090293,26.882790513060165
12,59,173652.23688332888,54.133021342313135,26.910055933788023
12,60,173652.23688332888,54.133021342313135,26.910055933788023
12,61,202236.13460742266,45.80586567232955,26.806176985396128
12,62,263542.8050737892,26.959984498844374,27.254608261832445
12,63,180806.0544335655,64.82124550953266,26.803148619512505
12,64,180806.0544335655,64.82124550953266,26.803148619512505
12,65,177685.56227781548,64.21882978536459,26.841604059418074
12,66,221566.9159994599,38.38532707479982,27.0405994143105
12,67,183399.395625372,61.425284292433766,26.82329215175239
12,68,171536.329656468,57.48996562471369,26.866728420904217
12,69,215452.3634932738,39.27491441191182,27.047019282899115
12,70,191009.20149039413,45.29643368608659,26.913564334812193
12,71,246689.39903966917,33.39522052176275,27.208487125573704
12,72,233564.5338537039,40.80706242205637,26.987862406655786
12,73,184258.1632945456,64.80617051259988,26.80043199782957
12,74,175272.06474560883,52.57091677684023,26.84689844236066
12,75,191372.92539388099,50.08939232038862,26.865025306838838
12,76,191372.92539388099,50.08939232038862,26.865025306838838
12,77,205422.10652974114,41.04384373525144,26.997808417073195
12,78,244328.57175611166,33.940054091226145,27.121602315668078
12,79,172171.5667975462,57.07087882208503,26.89238568153887
12,80,168562.55417352295,66.39162917082481,26.83130321733382
12,81,172667.41959233966,57.76421571078402,26.851788237759408
12,82,231776.93432898383,37.78245415929971,27.010026696619327
12,83,207803.5263439359,41.238247229742655,26.930787500075404
12,84,176602.66870761052,65.01805621375763,26.82419091440957
12,85,234015.6555328733,34.54428711899305,27.08744887957524
12,86,186849.19683798915,50.43606915767984,26.88679441411245
12,87,203488.58126268967,46.581209861819225,26.793287324487856
12,88,205538.23562918583,42.11097462615995,26.983627068738166
12,89,241135.2042580163,33.6939313768031,27.148788142520708
12,90,185853.8114400243,48.517616882012355,26.90338691392308
12,91,260698.14077977717,28.536149019187462,27.232768270983676
12,92,198636.40322283652,42.71800522925226,26.889917326883293
12,93,176728.33799850655,67.6654140974917,26.75345457477394
12,94,166512.26909212655,67.3891851906731,26.84860360999305
12,95,188188.4436562709,48.34622932596559,26.937120815555126
12,96,180071.56540353486,50.78165542008943,26.88577797203166
12,97,193228.1380252207,45.911440989537326,26.8673947059825
12,98,248579.2271265378,30.67376443150751,27.168820910545442
12,99,187264.58445336408,51.81353545009459,26.86435282607608
12,100,227538.63858969772,37.14265780346389,27.10338801947841
12,101,255194.69781674093,28.911918569228966,27.145644751518766
12,102,171178.34455572488,59.11643338063156,26.8882632639613
12,103,250011.893469216,31.438273559142285,27.130564566416687
12,104,174134.38419880392,55.92051692603043,26.896299107237525
12,105,188624.73719908402,51.25568723518806,26.81282094690718
13,1,220604.6657375982,74.3275049626362,27.190721889410554
13,2,220604.6657375982,74.3275049626362,27.190721889410554
13,3,220604.6657375982,74.3275049626362,27.190721889410554
13,4,220604.6657375982,74.3275049626362,27.190721889410554
13,5,319379.9047135832,41.85623893198512,27.945763304555555
13,6,191114.1270206542,68.13872485431493,27.300446482877703
13,7,193929.10083002158,86.52646131868886,27.212865885706734
13,8,295252.290080379,43.79224372015956,27.699133925196293
13,9,259864.14111978526,47.701545714982714,27.50239019195064
13,10,258208.59633679088,46.18644651688212,27.63626017070814
13,11,305207.8661828885,43.118505628572635,27.84256182003113
13,12,247778.6484993282,48.41880796712869,27.54031890190106
13,13,306603.33601150726,42.03885040099529,27.8049173800485
13,14,306603.33601150726,42.03885040099529,27.8049173800485
13,15,306603.33601150726,42.03885040099529,27.8049173800485
13,16,299565.9906364228,43.1643375577981,27.760507163338787
13,17,203351.0721414827,83.81574714979497,27.233663084743007
13,18,214723.90819601773,56.66129661650037,27.409319853284245
13,19,212283.44678455472,71.41328784312194,27.245029068324058
13,20,258214.56229949952,48.79580054459161,27.491062148958733
13,21,258214.56229949952,48.79580054459161,27.491062148958733
13,22,250359.7512963635,52.40912418778799,27.30427701566726
13,23,204781.04595762078,78.42437541573214,27.262288834533813
13,24,297549.86706495367,43.61605769108303,27.76610084744349
13,25,206036.32897962572,80.37624494229044,27.21730444649515
13,26,207160.4192524224,75.89668376100367,27.202580968701852
13,27,199385.18820740422,79.71766833020108,27.28228919225021
13,28,209720.79074434136,74.31817764251822,27.24565129117689
13,29,194703.99862435984,85.97268074791725,27.278633166471785
13,30,201840.6205325697,66.68576328831357,27.33214655007488
13,31,217104.2471611306,69.1377372686693,27.225020896136087
13,32,238316.8640765764,57.65579113166629,27.293857814356073
13,33,195710.69887870565,65.74362162199446,27.36307698844685
13,34,224754.94146109364,61.29493314509689,27.319933733507163
13,35,229653.62656733507,51.04870263156881,27.38651863775494
13,36,232694.37870575403,63.70886367230537,27.216039184802554
13,37,219044.31882185975,62.66052424643064,27.254527298287186
13,38,243770.176375582,50.27752708252211,27.406940885684556
13,39,244277.33487324524,49.76082007967909,27.522310133257633
13,40,244277.33487324524,49.76082007967909,27.522310133257633
13,41,244277.33487324524,49.76082007967909,27.522310133257633
13,42,244277.33487324524,49.76082007967909,27.522310133257633
13,43,244277.33487324524,49.76082007967909,27.522310133257633
13,44,244277.33487324524,49.76082007967909,27.522310133257633
13,45,244277.33487324524,49.76082007967909,27.522310133257633
13,46,232977.079281741,54.09788166034763,27.29394542836105
13,47,232260.91160059156,58.605179670487104,27.245315241484136
13,48,213536.198580032,57.228940649695375,27.376665293264168
13,49,207664.91601666994,70.27567247055138,27.24937216825238
13,50,193688.02178815924,68.4583697840527,27.282708219715772
13,51,200584.5065162467,67.6441956823947,27.27442004169199
13,52,211549.27549935397,64.90497507399806,27.27548853893468
13,53,215045.74619629234,55.97466774703545,27.365440080058917
13,54,226913.0565407786,59.275717771087045,27.22747218883046
13,55,238715.53103914435,51.25879208736962,27.358233366583107
13,56,238715.53103914435,51.25879208736962,27.358233366583107
13,57,209021.24439044553,80.14094522745238,27.197180663429492
13,58,223817.54200621837,55.24279904342382,27.348883967266858
13,59,210396.58254393455,70.21292711955216,27.26959502414602
13,60,244793.32527657214,51.24313708129328,27.348199489565573
13,61,227998.83839088597,53.91642790531149,27.302658440937577
13,62,222808.8239040005,56.224781913102234,27.344124349719834
13,63,214866.92726753073,74.57992985887583,27.20062312713671
13,64,229903.04813534886,57.977769772127544,27.294777554016108
13,65,224769.4942339343,55.19606145133312,27.306667066992787
13,66,225902.14509213646,61.54894487229787,27.253111073286732
13,67,203067.31939484933,75.47419886936929,27.272084139271485
13,68,203067.31939484933,75.47419886936929,27.272084139271485
13,69,206978.15652144907,59.998346769841824,27.325168629474618
13,70,206978.15652144907,59.998346769841824,27.325168629474618
13,71,243349.14792722292,49.77170662447298,27.535241539560275
13,72,243349.14792722292,49.77170662447298,27.535241539560275
13,73,243349.14792722292,49.77170662447298,27.535241539560275
13,74,243349.14792722292,49.77170662447298,27.535241539560275
13,75,243349.14792722292,49.77170662447298,27.535241539560275
13,76,243349.14792722292,49.77170662447298,27.535241539560275
13,77,243349.14792722292,49.77170662447298,27.535241539560275
13,78,243349.14792722292,49.77170662447298,27.535241539560275
13,79,243349.14792722292,49.77170662447298,27.535241539560275
13,80,243349.14792722292,49.77170662447298,27.535241539560275
13,81,243349.14792722292,49.77170662447298,27.535241539560275
13,82,243349.14792722292,49.77170662447298,27.535241539560275
13,83,243349.14792722292,49.77170662447298,27.535241539560275
13,84,243349.14792722292,49.77170662447298,27.535241539560275
13,85,243349.14792722292,49.77170662447298,27.535241539560275
13,86,243349.14792722292,49.77170662447298,27.535241539560275
13,87,243349.14792722292,49.77170662447298,27.535241539560275
13,88,243349.14792722292,49.77170662447298,27.535241539560275
13,89,243349.14792722292,49.77170662447298,27.535241539560275
13,90,243349.14792722292,49.77170662447298,27.535241539560275
13,91,243349.14792722292,49.77170662447298,27.535241539560275
13,92,243349.14792722292,49.77170662447298,27.535241539560275
13,93,214005.06700316712,65.54139711687709,27.229854079096896
13,94,221818.20393111793,54.657558344056945,27.353205236451032
13,95,208257.22924091475,62.41237383593245,27.286765600289655
13,96,224954.13120233026,67.74647243211544,27.217359859817655
13,97,212000.55193410942,59.24742269181282,27.326822854047684
13,98,220796.00489572066,53.61296837837466,27.3551901190938
13,99,224779.4514806117,52.49735104660198,27.379607814456506
13,100,241404.5376705817,50.425182202637075,27.535241539560275
13,101,216238.98094516795,65.07053979152775,27.26947863213907
13,102,205591.25193810495,75.67143091965089,27.26259540932591
13,103,239635.09110213578,53.28640530240344,27.340919169183728
13,104,239635.09110213578,53.28640530240344,27.340919169183728
13,105,218372.84594163904,54.58363666311145,27.36413133144974
13,106,195292.7309370531,68.37068625854133,27.287071878500967
13,107,215254.72997323074,57.252389668966615,27.363550318457406
13,108,240745.56602678957,50.477017089973415,27.38297878960251
13,109,240745.56602678957,50.477017089973415,27.38297878960251
13,110,241023.40460950948,54.22417701792621,27.27424388189496
13,111,224778.29847490203,61.80205816656159,27.26837745704723
13,112,222225.26253521268,57.76853464800157,27.333397708200295
13,113,222327.11310282376,58.16921120510784,27.33253138615904
13,114,211000.08361243267,58.13783265396528,27.358176332594482
13,115,215051.33194485802,62.02485279752237,27.294582284167532
13,116,216733.65128844796,61.95467262411618,27.323016640233263
13,117,216733.65128844796,61.95467262411618,27.323016640233263
13,118,218974.73985850575,58.09651910571232,27.353704828746025
13,119,219024.62651090598,57.83172761773297,27.33934562063272
13,120,219024.62651090598,57.83172761773297,27.33934562063272
14,1,257384.32044973216,103.80657809607058,26.691932767274437
14,2,279641.4949086912,74.19542112472838,26.531016061803925
14,3,428531.7348682661,36.34308943262786,27.029599220774116
14,4,257919.2393501601,80.42292718222264,26.594120815449806
14,5,265146.41649844067,79.17540458637642,26.5479335259488
14,6,395206.55886825616,45.13478269392787,26.826676902903607
14,7,401684.9799766622,38.77561745166765,26.960526717031513
14,8,401684.9799766622,38.77561745166765,26.960526717031513
14,9,401684.9799766622,38.77561745166765,26.960526717031513
14,10,401684.9799766622,38.77561745166765,26.960526717031513
14,11,401684.9799766622,38.77561745166765,26.960526717031513
14,12,401684.9799766622,38.77561745166765,26.960526717031513
14,13,401684.9799766622,38.77561745166765,26.960526717031513
14,14,392590.403117389,46.89029863162824,26.84617462664341
14,15,358995.5775235223,50.170774801755265,26.721568103728018
14,16,333911.0727615268,51.423936074520256,26.87576417698053
14,17,261412.59543287221,75.04133413669486,26.62006727879016
14,18,405660.1635965047,39.23336616637684,26.912153270569547
14,19,262307.88294188963,74.25644193204135,26.58027953786806
14,20,412061.5888864329,37.84972972444383,26.960192652632458
14,21,260356.13395433303,71.30562400249107,26.63607928377975
14,22,260356.13395433303,71.30562400249107,26.63607928377975
14,23,373178.1957689787,44.41834092873888,26.858549752456277
14,24,298579.9134372963,58.442432981786524,26.753123912168235
14,25,298579.9134372963,58.442432981786524,26.753123912168235
14,26,415809.60053132847,37.51251247391031,26.943794522063683
14,27,415809.60053132847,37.51251247391031,26.943794522063683
14,28,277953.47914260917,66.69056023246037,26.59393863475148
14,29,338682.35804249265,52.947467230060454,26.70458101233705
14,30,302136.30931297265,68.92849935808813,26.56384740192344
14,31,294463.2774462705,59.73311804752721,26.776989206943647
14,32,373086.5489185056,47.632378650625576,26.923874353101795
14,33,272890.6010759387,68.14829650109266,26.67717262104022
14,34,296372.9555644659,72.43344275678062,26.55749030960476
14,35,296926.27432151616,57.91838479234066,26.775560472415826
14,36,393161.6516764009,41.35714115552398,26.939822739465093
14,37,352592.0076571883,49.039969393957385,26.740316024261446
14,38,269452.1727048105,68.77567895261268,26.689327582956913
14,39,354086.28104502405,47.297322322591135,26.949367492144304
14,40,398904.280152918,43.824668955385974,26.897876300959048
14,41,320564.365323561,63.19985415478959,26.611674283304744
14,42,279868.51720472664,63.73455182762984,26.685058508724858
14,43,315828.0830847568,54.77163662459476,26.784396630773436
14,44,283682.69511900365,62.473902753944905,26.6748729902161
14,45,373801.483426078,55.31847749221683,26.65572579277911
14,46,289820.45468823734,61.02826959448299,26.669078381681487
14,47,388380.38155355374,47.43146705337338,26.834692542152716
14,48,302967.6603977789,65.83060054471757,26.60492538495776
14,49,284343.0883923408,64.10095420707052,26.66919842532932
14,50,345484.62399732036,51.71153674440684,26.70458101233705
14,51,271501.6799733571,68.10102444234799,26.703798369941957
14,52,327492.258331326,57.712416140678485,26.740747301723836
14,53,316623.897702919,64.03343331358141,26.600442580300005
14,54,343924.69549299974,55.020209953589564,26.697617760985125
14,55,388190.44118036225,43.62797151739654,26.900042949104076
14,56,340590.90558925254,51.042778870155935,26.943556452244927
14,57,404193.1695720243,43.327072402068254,26.920704216461417
14,58,326773.48632849427,58.54349345298365,26.720236203117395
14,59,396048.38035078754,40.65875257679613,26.93576780309943
14,60,396048.38035078754,40.65875257679613,26.93576780309943
14,61,334089.468039943,54.96212148635939,26.728018151900116
14,62,334089.468039943,54.96212148635939,26.728018151900116
14,63,334089.468039943,54.96212148635939,26.728018151900116
14,64,330615.5101835632,56.01059819077576,26.718485929354436
14,65,384010.847079679,43.863307163181,26.921928242739007
14,66,384010.847079679,43.863307163181,26.921928242739007
14,67,403802.26274656045,38.35804966043357,26.95563827688254
14,68,403802.26274656045,38.35804966043357,26.95563827688254
14,69,403802.26274656045,38.35804966043357,26.95563827688254
14,70,339884.31762440887,55.53767372658529,26.700073606048683
14,71,399757.03763608873,42.840691655296,26.927665964657635
14,72,399757.03763608873,42.840691655296,26.927665964657635
14,73,427678.66877464455,36.66033388799541,27.019484005760887
14,74,427678.66877464455,36.66033388799541,27.019484005760887
14,75,427678.66877464455,36.66033388799541,27.019484005760887
14,76,347201.11903075606,54.77900623049029,26.690937752570314
14,77,284078.8353948792,73.39964454572223,26.593135705080144
14,78,290493.7413745759,64.34853693712965,26.66313808862879
14,79,290493.7413745759,64.34853693712965,26.66313808862879
14,80,402016.4950800476,43.57379342650013,26.90282794010379
14,81,402016.4950800476,43.57379342650013,26.90282794010379
14,82,330570.0571424472,56.72503974869412,26.652634278598363
14,83,400802.11403252,39.69056532173142,26.955097436943063
14,84,348739.36155982316,57.77500880869694,26.649879830119914
14,85,402813.10603864584,43.08982453921211,26.92209605486385
14,86,352876.72404255776,47.862741071948584,26.9360823861793
14,87,398539.48612190003,39.73144141323652,26.953815192883205
14,88,398539.48612190003,39.73144141323652,26.953815192883205
14,89,318690.5345411679,55.11369859511058,26.74398332478033
14,90,318690.5345411679,55.11369859511058,26.74398332478033
14,91,327132.88442984957,57.77983011958409,26.660564131378848
14,92,303158.8209718192,58.204342906275805,26.745739808896843
14,93,303158.8209718192,58.204342906275805,26.745739808896843
14,94,373771.36945472425,47.494013218437495,26.74898838780453
14,95,373771.36945472425,47.494013218437495,26.74898838780453
14,96,373771.36945472425,47.494013218437495,26.74898838780453
14,97,373771.36945472425,47.494013218437495,26.74898838780453
14,98,373771.36945472425,47.494013218437495,26.74898838780453
14,99,292129.7425286924,62.47423991691023,26.66313808862879
14,100,295551.5637072722,58.69921077141882,26.630475855355236
14,101,303184.42968409584,65.49680189383827,26.60595267025986
14,102,291403.03164994204,72.78707992863413,26.586695692288487
14,103,266517.86321173696,68.84395244671991,26.65277672294222
14,104,424230.04694319423,36.663697554846706,27.03127478894654
14,105,291309.75261204294,63.88718734867882,26.62262725443759
14,106,306447.17164830014,55.716688648429084,26.740928046890197
14,107,351323.75205697236,51.09132572503355,26.717687795806896
14,108,418583.79813406104,36.76175507919114,26.983538738061213
14,109,336125.1854253576,51.3871082470903,26.74979174224194
14,110,363628.57777195435,47.726155248881184,26.723821184570184
14,111,335662.08416672325,54.42863392977502,26.728067344890846
14,112,258424.30542472325,78.29563923233547,26.639062820534207
14,113,399222.5283560478,45.63872319432622,26.782489715037265
14,114,356417.38169712276,48.66402822932366,26.74482218085862
14,115,305394.0679478217,64.52509372343872,26.60176837400241
14,116,274593.2619151523,67.84931357138576,26.71962268224643
14,117,330779.1575274711,55.90478884429337,26.66390442746946
14,118,350420.35056763317,49.69144247794653,26.727934063299898
14,119,303905.89999282546,61.82668985614192,26.623367816692067
15,1,325234.9592725331,39.76844686927786,27.36865377150619
15,2,195136.08435232175,89.64256712928952,26.93095421590806
15,3,195684.3041477458,89.71749453618747,26.87917452221074
15,4,219565.9417088209,78.90370928275885,26.73853936454705
15,5,306268.7261782244,41.83924686701376,27.2609843729782
15,6,318014.09579321864,42.667981579502985,27.250513657155004
15,7,260636.7324173875,48.32365388451145,27.154376070874633
15,8,291725.60986477276,45.85110672394543,27.10648032433739
15,9,299482.45884446596,42.963729250151644,27.120332456330956
15,10,278056.122772778,46.64012187627661,27.002515768194215
15,11,292941.50925595453,43.42177634247426,27.07592191716094
15,12,271557.32215564925,47.41025227866141,27.020285826148175
15,13,271557.32215564925,47.41025227866141,27.020285826148175
15,14,262964.08409629075,47.79219060688886,27.00120261862088
15,15,238561.3345326562,74.7641368798007,26.76971279263875
15,16,245754.29228839264,53.30223916109118,27.056432000910185
15,17,235548.30628882613,78.56284224684723,26.786050135885382
15,18,245280.0999903497,54.83214859423616,26.99027685731587
15,19,249287.66256779133,52.034243049123845,26.977052032831047
15,20,197801.34807022204,87.13314358934389,27.00135291076738
15,21,213996.4173613767,84.74930790008823,26.83159021170536
15,22,259522.4628597739,49.02216759597465,27.038345647779572
15,23,200855.37574674442,81.17005559866742,26.930252721340302
15,24,257979.54832397433,50.21045677697051,26.933854492878744
15,25,225600.52710917292,55.952645958625986,26.935877025058154
15,26,255371.77732226648,51.129634324290784,27.008329600262314
15,27,199826.29581920276,85.93942101098934,26.832305148584588
15,28,218898.09033771246,79.58402213828643,26.80909785429443
15,29,274946.43488551484,46.422292950685964,27.097718381524118
15,30,201060.1600677112,76.97924668477603,26.837738081585897
15,31,247154.62946057995,53.731575903944496,26.795708547363624
15,32,237125.10768517663,76.51888661907874,26.777112265146144
15,33,205746.63142885917,69.98407495161628,27.028747695783245
15,34,212423.234976291,62.03286957754232,26.951980168634783
15,35,210774.3404090939,65.36844113632706,26.968442786994352
15,36,204776.9792926174,75.2347485095061,26.958112392541246
15,37,254752.8934504443,49.21944259732692,27.088730963990322
15,38,219767.35556218558,74.06089009340425,26.79206748761314
15,39,243361.0942124534,62.23465648882592,26.83903154512881
15,40,252308.1645001993,51.70597955948441,27.067161985398762
15,41,216893.32120883954,82.4936454471542,26.80240770590172
15,42,216893.32120883954,82.4936454471542,26.80240770590172
15,43,223454.0278664654,61.17078552926727,26.908530039024797
15,44,253053.36924546532,49.592301896769364,27.020796385762644
15,45,252087.7839304076,51.38837169528111,27.10547027055639
15,46,221220.71727484744,65.73089507349131,26.91116190928335
15,47,198906.76765963118,88.48579510297371,26.924292427846368
15,48,241018.7007704115,58.20735274869519,26.883510146192847
15,49,216579.10741673928,69.14095537263348,26.885490610551017
15,50,229464.53537777395,56.0835930611711,26.925813590641354
15,51,216243.9079077198,57.3713649638448,26.973771080840635
15,52,220031.09834940496,72.66311399794216,26.80977310642986
15,53,273664.11074385216,47.77100062390371,27.005220318570323
15,54,227373.2540538109,67.007430186132,26.847728230556292
15,55,232911.60567721384,56.94220270680792,26.8988084180817
15,56,241066.16282373227,63.808129915749134,26.840555370597635
15,57,221736.106090391,67.6168412423266,26.833141251536404
15,58,227608.80987528805,72.58077929661383,26.819071340948256
15,59,233803.2906027469,59.37858460424364,26.882149158814777
15,60,195873.51095271448,88.52415113309166,26.93095421590806
15,61,195873.51095271448,88.52415113309166,26.93095421590806
15,62,195873.51095271448,88.52415113309166,26.93095421590806
15,63,195873.51095271448,88.52415113309166,26.93095421590806
15,64,195873.51095271448,88.52415113309166,26.93095421590806
15,65,195873.51095271448,88.52415113309166,26.93095421590806
15,66,195873.51095271448,88.52415113309166,26.93095421590806
15,67,239646.7583108073,59.94192729236654,26.85925407159622
15,68,223544.821129254,64.26451055916255,26.864501114274674
15,69,231648.58274430275,59.84211345787668,26.89657312189975
15,70,225040.9573154262,63.348647053314295,26.871834587977382
15,71,208310.44725386452,72.08005851710446,26.920181798212205
15,72,207697.91636279738,76.81280272229259,26.86372392755242
15,73,231866.97779528913,58.82327396314624,26.904820568103588
15,74,232671.36263045584,61.741960204018774,26.852726328718376
15,75,221601.31780238025,63.26315966083843,26.906230428214023
15,76,213801.71232018768,61.97577703501727,26.962151312512212
15,77,233166.32642940973,67.8099543153825,26.826713261235838
15,78,212796.41340889034,70.7963676385869,26.92412874076507
15,79,216755.8335062418,60.4460616914106,26.968190120669796
15,80,244003.97892381586,66.8737517024184,26.82637235177934
15,81,219133.18208761304,74.25401787290517,26.802818392552773
15,82,209572.84252779672,70.8072194963671,26.98263122398643
15,83,209572.84252779672,70.8072194963671,26.98263122398643
15,84,208340.334190087,71.74831291610592,26.857927779166488
15,85,216679.66243406475,68.44544719370448,26.904652792579334
15,86,202819.15749343703,76.26938628040456,26.882900817764977
15,87,202819.15749343703,76.26938628040456,26.882900817764977
15,88,217158.64129296443,75.66144508044262,26.81561525035883
15,89,217158.64129296443,75.66144508044262,26.81561525035883
15,90,215385.63743767404,74.87708451368884,26.842411680681053
15,91,243732.53051513684,53.6371298300334,26.995502692121974
15,92,252253.27123527805,48.6712067216196,27.097558275285422
15,93,216004.2998916415,72.34053260247147,26.825686364315295
15,94,214365.03949235257,70.15310385944048,26.855562915425672
15,95,214365.03949235257,70.15310385944048,26.855562915425672
15,96,230452.08073937584,71.50946602078156,26.825689638165358
15,97,218294.58289199832,69.81814617663679,26.87201140703565
15,98,218294.58289199832,69.81814617663679,26.87201140703565
15,99,220465.17573603484,68.82656427064612,26.84048583244502
15,100,246916.5861612203,52.02772644768598,26.982486520498263
15,101,230836.80110315818,64.50308670213344,26.83845480782753
15,102,230836.80110315818,64.50308670213344,26.83845480782753
15,103,260452.25935240462,51.170221475928166,26.928004992638556
15,104,220019.27540396393,71.16031559010584,26.84320849857062
15,105,225299.64775466398,60.24381659088458,26.853550737492462
15,106,254030.8656550838,51.94159946303425,26.99832871589686
15,107,254030.8656550838,51.94159946303425,26.99832871589686
15,108,254030.8656550838,51.94159946303425,26.99832871589686
15,109,254030.8656550838,51.94159946303425,26.99832871589686
15,110,254030.8656550838,51.94159946303425,26.99832871589686
15,111,214304.89428324832,76.68477880736465,26.83081898983764
15,112,225071.26068361042,59.51059434170601,26.925813590641354
15,113,219074.12641333314,66.24951927773087,26.85306060842037
15,114,219074.12641333314,66.24951927773087,26.85306060842037
15,115,216704.0678856778,72.19927088133569,26.84504204070103
15,116,231169.65698664985,53.669655577503924,27.000898609890754
15,117,216752.5455174592,68.60873834112488,26.882439766583445
15,118,216885.28776926303,64.33841658004168,26.924576699140623
15,119,254290.68268617048,48.579240421545755,27.105813553528968
15,120,254290.68268617048,48.579240421545755,27.105813553528968
