Cluster,Solution,Distance,Turning,Elevation
1,1,333560.4478395713,37.25577784763757,28.93177815836695
1,2,234490.52652567753,79.73638591088688,27.559860512863033
1,3,234490.52652567753,79.73638591088688,27.559860512863033
1,4,239817.20212734016,82.45033365178233,27.073602901746394
1,5,269271.17525358265,48.3487830765965,27.8418581944878
1,6,301029.1403971384,41.27667741575143,27.304825724706564
1,7,293051.33556734823,43.0731768713956,27.611847278412398
1,8,239007.1796277516,62.961315466372895,27.47087616176132
1,9,304013.38347781124,38.98147630933786,27.653478252724057
1,10,302690.5405743479,37.51672024808073,27.81392459329974
1,11,289462.57009649917,44.24621790160325,27.701584619573822
1,12,289462.57009649917,44.24621790160325,27.701584619573822
1,13,234950.53720368975,69.74083580324054,27.442192050532025
1,14,247286.83897773523,74.53961723290914,27.20177748511474
1,15,247286.83897773523,74.53961723290914,27.20177748511474
1,16,240953.6234211607,73.06033100222227,27.27410593413557
1,17,247809.71497772963,80.14231216128853,27.117141045280885
1,18,297408.0945116734,38.950357488151134,27.660359148038637
1,19,247928.46563813218,71.32680394047671,27.222433006660953
1,20,267916.9573873626,49.46058630344059,27.675253678206087
1,21,274611.38542055414,51.373986492327326,27.4248969023775
1,22,274611.38542055414,51.373986492327326,27.4248969023775
1,23,258101.48774859126,66.44025265704099,27.1819269085343
1,24,285977.2471314956,46.7823889177573,27.431765072229208
1,25,285977.2471314956,46.7823889177573,27.431765072229208
1,26,241898.22853639192,59.79970044719907,27.65303764015575
1,27,272140.8658633311,52.56817220519932,27.331577226568385
1,28,258731.20635265257,50.069199565932735,27.751434486906028
1,29,263365.72311159206,53.484788948260125,27.364202992497418
1,30,286803.4895686382,46.765533811906735,27.40169446215866
1,31,252900.8542365009,53.96993482197673,27.626450359139266
1,32,254584.54675273655,68.7160018459098,27.214507144003928
1,33,262646.7799416134,70.32806972344179,27.132246787576324
1,34,258940.03208201533,66.14830370870202,27.134621520329187
1,35,243221.68486591527,62.44022619150311,27.478337831436217
1,36,242798.00122799573,62.656752971652516,27.552806141966784
1,37,242798.00122799573,62.656752971652516,27.552806141966784
1,38,285329.96482852753,52.925698667708296,27.249685398736204
1,39,285329.96482852753,52.925698667708296,27.249685398736204
1,40,256648.7833177399,64.8256418354562,27.195249245220978
1,41,246682.13608002395,55.477876825151284,27.523811284518416
1,42,264855.55393909523,52.75244249726417,27.37984007547
1,43,264855.55393909523,52.75244249726417,27.37984007547
1,44,264855.55393909523,52.75244249726417,27.37984007547
1,45,248871.89604110346,54.32724195903354,27.60061234696207
1,46,273792.69464230235,52.21851233061823,27.306629338758395
1,47,250791.09047539515,69.68323425818807,27.16941126657124
1,48,249411.82233874008,71.29604299916565,27.21698471770381
1,49,241767.9007170222,74.76498432133415,27.1218201656572
1,50,255604.24850939758,67.7035700065869,27.181180767877766
1,51,249867.69306836973,80.93695096486582,27.070026612608757
1,52,260915.16481437697,51.019444059475994,27.481813611299685
1,53,267708.1745476407,58.301153335666505,27.156042778160952
1,54,234646.37077353633,71.1648048440637,27.532615078514688
1,55,265885.86030801176,53.558200350951005,27.158518275848216
1,56,255321.08266115407,51.001547130574,27.674089435162408
1,57,245467.26528745348,56.506773791518526,27.529679086396378
1,58,283406.840646562,47.58819332261014,27.39913525961907
1,59,246609.79252544494,71.5153407053337,27.20887170743318
1,60,248596.09070236102,72.90740374799098,27.18781307878053
1,61,280959.0785987049,46.09959704880955,27.580786203622722
1,62,269549.19018602255,62.92403082638794,27.144983280131928
1,63,304279.84828289214,38.59813133843725,27.6938880824993
1,64,298872.21498124267,44.93830264352988,27.37655289820516
1,65,247642.5834695289,55.94163356929875,27.455227623787565
1,66,243396.89736485956,69.15211217100733,27.245799360228776
1,67,290875.67344299896,41.75973751959934,27.776335780189118
1,68,260228.50901116722,62.14588660407524,27.19330250503889
1,69,281870.7850128885,46.8215994235824,27.49213509054984
1,70,244493.85555198407,56.56331528879181,27.64384078228308
1,71,247891.34783111262,69.07372051815872,27.223087210380896
1,72,241664.71356647587,61.119249707485054,27.766888412033726
1,73,241664.71356647587,61.119249707485054,27.766888412033726
1,74,243362.6371435707,58.59439604832275,27.296633354058905
1,75,243985.87219060722,57.336492328309674,27.733493157833003
1,76,256044.21279782386,50.70165486054155,27.543868634604337
1,77,312400.0886044226,40.62915611249907,27.649890930747908
1,78,254386.68776103292,55.174293112384625,27.377374476430802
1,79,233879.76653853105,84.57753322189316,27.491019714176154
1,80,276163.10807069327,56.70766217167507,27.145524423546153
1,81,300272.3927574188,48.10798056152634,27.222720548508125
1,82,241518.48947470263,82.32421668943475,27.17617930001665
1,83,285031.66887437564,44.328725247791695,27.5613755965017
1,84,232260.0523592741,89.99549092749022,27.593687820243517
1,85,247486.21800724935,53.31212433609191,27.85271547712821
1,86,246290.46906075312,56.077411830184644,27.479443530628863
1,87,243143.83261066227,57.58796769962673,27.693854056041154
1,88,275285.09856334346,47.94109255471624,27.283411531299286
1,89,238702.91958908556,67.74570965474093,27.435788590944085
1,90,240329.45728150685,71.95363915020533,27.36949068701075
1,91,245085.19394273462,56.481943755828915,27.678174892125547
1,92,235266.34540316922,86.67950998330495,27.33290146045333
1,93,248806.94980771764,56.14696375164017,27.226202469739917
1,94,255049.5700777835,53.903189453360206,27.521881292960657
1,95,295527.4042022944,41.36853232128154,27.55987626690917
1,96,289804.41262689524,44.92396689454749,27.449624947264223
1,97,237903.70776685563,66.54480551210776,27.472855476553637
1,98,231898.6328195138,87.76898706892527,27.656906084057372
1,99,247066.72129816894,63.50568527379994,27.226865936902456
1,100,241457.7649397885,64.20158451004752,27.267011394725046
1,101,258996.9259696196,62.25683678130448,27.19326876392082
1,102,248648.35567115562,72.79793054327037,27.157262854557423
1,103,294176.00646487495,44.95354482000889,27.447164466427342
1,104,253114.44410914343,53.81529163991774,27.6051615603469
1,105,259042.56952071856,63.866039013600634,27.138892105139494
1,106,241083.69248816455,69.53278720186242,27.378620341295363
1,107,300864.7230952234,43.08075274491981,27.388402080008937
2,1,282825.1298833891,37.25766734623711,27.390210181567134
2,2,151057.55769328013,84.44417197785903,27.068246190973923
2,3,245267.10762573328,38.924023617350336,27.53444142313562
2,4,259886.59983434595,36.519423188975345,27.453182504678296
2,5,262233.66098402767,39.43083541532092,27.346182214040347
2,6,231540.25089497707,39.572852911262984,27.13523546995637
2,7,245770.65737278253,38.78188047153509,27.499809602205225
2,8,279605.78679360135,37.50240941711285,27.371297134721367
2,9,157236.76351399889,72.65901557020007,27.075300861487953
2,10,274395.06851731875,36.8910554993876,27.439268666208008
2,11,274395.06851731875,36.8910554993876,27.439268666208008
2,12,249727.53641934035,38.61700663052738,27.435857410634476
2,13,156537.1375575792,77.82422673804297,27.16936148123743
2,14,166917.06938749074,63.65052350182927,27.07751350084677
2,15,256443.6757671096,37.10658809535681,27.451432466415966
2,16,222079.45834104667,45.29627052873997,27.04262770308666
2,17,258330.33728404558,36.969547135409826,27.426092738917937
2,18,205481.1781870424,41.9296188154611,27.064791176520863
2,19,159485.58853081724,83.43840697171906,26.997897396887055
2,20,160874.31003764164,82.22899331671375,26.988081476876793
2,21,179033.83495752703,54.92065943298828,27.037237329599016
2,22,278614.8394870794,38.93143330545307,27.395976876010025
2,23,193395.68610865303,50.63250436780944,27.112209334545746
2,24,192377.21165084824,49.76294505959775,27.143875622721495
2,25,192377.21165084824,49.76294505959775,27.143875622721495
2,26,260822.21655823037,37.195681006464916,27.42403236987657
2,27,165043.0003648921,79.17838314197537,26.991954660780912
2,28,189392.56126943533,52.49701876126245,27.01725182230723
2,29,162464.19555911416,68.75560208642167,27.00866132031893
2,30,162336.40611696438,67.06395928853934,27.06663204153532
2,31,159535.42746663417,79.07189017091953,27.024214060674574
2,32,168186.49442251935,62.64663298166122,26.987518117731113
2,33,180335.63657508176,51.98959649575954,27.120286843080443
2,34,188268.54968123283,55.79526171896008,27.012783245064803
2,35,188268.54968123283,55.79526171896008,27.012783245064803
2,36,195344.7870967887,53.872440203608846,27.0119406019898
2,37,179365.92340625086,53.01570396789628,27.12995421345893
2,38,275856.1785570806,38.86572995096129,27.400480386431127
2,39,160424.43325087812,74.67936609260549,27.03997031126638
2,40,177689.81627907752,59.3013159292409,27.005926482791935
2,41,171303.01117067516,57.2186720001041,27.140111964030098
2,42,156590.61301606396,83.86119138179377,26.999849043224906
2,43,195587.55548176172,50.303116979113256,27.050240705183676
2,44,206040.50662757308,61.419754905463456,26.980981254275036
2,45,169765.03001463605,61.398455973422706,27.024431168229015
2,46,192131.7217824764,49.86914032785851,27.125913986713094
2,47,260147.02002169023,38.621542369287276,27.411795913711586
2,48,260147.02002169023,38.621542369287276,27.411795913711586
2,49,194151.00792158887,47.98891444915886,27.09051634617161
2,50,194151.00792158887,47.98891444915886,27.09051634617161
2,51,194151.00792158887,47.98891444915886,27.09051634617161
2,52,277087.3450389188,38.432975197369565,27.400480386431127
2,53,170713.43183199645,59.943182037812655,27.04556181739325
2,54,170713.43183199645,59.943182037812655,27.04556181739325
2,55,205083.42315205053,44.68403233309858,27.064791176520863
2,56,255014.99208923845,38.927192536017884,27.405388689041494
2,57,255014.99208923845,38.927192536017884,27.405388689041494
2,58,255014.99208923845,38.927192536017884,27.405388689041494
2,59,198358.77493769457,49.39300677473829,27.072569811493402
2,60,198358.77493769457,49.39300677473829,27.072569811493402
2,61,188063.5801562301,53.173187389265074,27.04153609840607
2,62,156658.17620331715,73.51292358649735,27.040406716285197
2,63,193581.47648581627,54.56842998923313,27.017026404161562
2,64,162268.71306904338,71.06794048422834,27.060809715045544
2,65,168385.08226445067,62.5454816360798,26.97639511033408
2,66,165455.02598289534,65.50630705950823,26.956340972154514
2,67,196060.8437250763,42.097491784591796,27.077191310624087
2,68,196060.8437250763,42.097491784591796,27.077191310624087
2,69,194464.68317153273,48.26779687134223,27.079204843866016
2,70,181215.28764382217,62.0437180746079,26.976464825787765
2,71,173249.05417691602,60.43415065042911,27.00465997853634
2,72,155229.66978935455,78.73015862996147,27.083799736339543
2,73,191086.11576685242,50.312542940025246,27.17829721495574
2,74,249234.8534035891,37.64890375032809,27.516262972883773
2,75,177124.9021074117,56.898316274420154,27.11926462835376
2,76,170974.20502586509,61.222106258298574,26.99269877308771
2,77,161741.87197478616,80.08440402747935,27.02172707625342
2,78,187056.21219220132,50.99945020804134,27.141041195456538
2,79,187043.96191384245,51.302548753301664,27.049785791837216
2,80,200348.43166847728,46.108024908788096,27.01348033254652
2,81,265075.29382460733,36.92576014660269,27.408047056067943
2,82,192813.43744148154,50.64706752452789,27.038881454975048
2,83,244699.01771266924,39.156602618893984,27.544505964036972
2,84,192277.6477106895,49.91783251564259,27.11223660118703
2,85,170743.550708424,58.112818425856325,27.011456968830224
2,86,187751.43486726287,54.35580012378799,27.027716697126145
2,87,194025.38112949833,49.67909969391256,27.123233843454557
2,88,162369.15746663255,64.45648375227184,27.012986089480677
2,89,208721.9814492648,40.816907683147214,27.046662943056823
2,90,198923.3297807738,47.221353386325426,27.064759635221314
2,91,195938.0189113824,49.9053675184453,26.998399495415363
2,92,231185.45929006996,39.68352651283636,27.11735855777684
2,93,184176.3366952803,51.54208688430123,27.0490930082821
2,94,181597.57959172333,51.9995075380973,27.075033139946363
2,95,164705.5108050608,64.43015327503403,27.05665483469774
2,96,187458.2628927058,50.77008342505887,27.20282623741206
2,97,161706.40859127752,71.60889207048585,27.065372451182505
2,98,177276.78009007318,57.50967164427638,27.011972049672167
2,99,187827.49814595375,51.21835639078748,27.12572784826726
2,100,167405.5099395548,60.6500957181138,27.04855124906978
2,101,176093.65671702143,64.58425343635086,26.964083294620288
2,102,178983.94166328068,53.9949802252996,27.05303519282841
2,103,178983.94166328068,53.9949802252996,27.05303519282841
2,104,179123.2012017936,56.47598919948959,26.996649995347745
2,105,192323.41886049756,44.85233627851101,27.17257514792272
2,106,160727.58461458876,81.77128165887724,27.021380326242408
2,107,261551.52023625962,39.27947693224071,27.399222357900825
2,108,227604.78430591928,39.88960888907937,27.119962940415064
2,109,160162.02115887878,61.912138993639985,27.110737016465876
2,110,179627.82117072723,54.79475459608326,27.01348263107684
2,111,197190.99027696368,49.43747586779853,27.060454632331272
2,112,190850.27773206073,50.15026177280754,27.236867218312646
2,113,194319.75503470382,46.907757433148475,27.13545306436813
2,114,208325.48380974785,41.02258685101484,27.13316332108859
3,1,243674.73740885247,40.17766389054169,27.13434257693679
3,2,243674.73740885247,40.17766389054169,27.13434257693679
3,3,229262.21573798326,72.38923763433338,26.652148203345398
3,4,194407.90625483714,81.45773985256245,26.792188608752348
3,5,189664.08321343944,66.10621350798091,26.800269724037854
3,6,286691.8443804966,36.51149452792942,26.842000686483154
3,7,281806.76112299267,31.33347467971975,26.92585336358433
3,8,239632.83532886943,41.875105631778226,26.963053430449776
3,9,283948.74375593115,34.59305069497501,26.879465652835563
3,10,246204.64112995326,41.9805143103384,26.80417440020301
3,11,205410.11596677167,62.23336975770725,26.759210242079646
3,12,200374.0768078455,58.814111061374206,26.763718447359324
3,13,279017.24825510505,38.37257204643515,26.834772537738324
3,14,267346.487478036,38.56171717755318,26.782226404845602
3,15,256502.31152637495,40.85644302171791,26.919671329519858
3,16,253138.93208488735,50.754011017036305,26.724861798127534
3,17,253138.93208488735,50.754011017036305,26.724861798127534
3,18,235581.57208509542,47.48233809592,26.850683868927064
3,19,226944.3378157487,74.13122779495839,26.668795010467875
3,20,230808.12234027628,49.7099274316333,26.816456434440674
3,21,213197.38629957844,67.09281778460473,26.683561379201443
3,22,215347.77885561564,65.490513262234,26.701357762158253
3,23,259484.10515815095,37.35469362660206,26.84695789568285
3,24,229690.42529967084,45.62216059767793,26.85715619598568
3,25,222844.44393707646,78.71160068772281,26.675570347629865
3,26,222844.44393707646,78.71160068772281,26.675570347629865
3,27,244807.59170181496,48.53581378788973,26.775406567002292
3,28,204613.3197354735,75.10748964148209,26.729327800900826
3,29,218729.2903406673,54.31499933802318,26.713195039589344
3,30,209277.84016908018,71.2898145311694,26.753066328381387
3,31,254140.90262624988,36.39847194518078,26.93673218941229
3,32,269430.46804362023,36.3567947330556,26.895797445747966
3,33,274932.7328932698,35.43937164531462,26.916682318496882
3,34,224287.5079622756,72.59970504036002,26.677010711231667
3,35,276516.00210027234,36.904888793099474,26.869852373377093
3,36,228764.07018835464,46.953303329793016,26.876567678719304
3,37,241269.36507020067,42.89285470165731,26.96052457747774
3,38,223203.53170639309,77.95339065619474,26.654335776886917
3,39,203887.47987921574,75.51281367529023,26.76158615369105
3,40,198750.59421781576,68.10198880194713,26.789570622290164
3,41,238706.3557364412,48.089375459007414,26.82581355583863
3,42,242781.3163081673,41.22156023775364,26.81886381431096
3,43,262741.22595176374,43.4750590022923,26.796949171578063
3,44,214869.42981070164,56.48814828754225,26.739742362715155
3,45,220973.80763999058,52.03601207134755,26.86669164933822
3,46,197527.56134525748,64.80648729649224,26.815722462569646
3,47,211359.26372476705,52.884750798338956,26.943432777080133
3,48,225518.3916017572,69.32922036318197,26.6763080254562
3,49,225518.3916017572,69.32922036318197,26.6763080254562
3,50,195346.03715017156,64.29474110775782,26.843416270853794
3,51,208126.4126955901,76.64380186179187,26.705979334622803
3,52,206077.7227346689,71.46787859738717,26.754266939436327
3,53,228292.5021259667,49.259793749755694,26.868918397845555
3,54,229164.3834422616,63.555071462994896,26.6763080254562
3,55,271534.97492266604,37.126391364807525,26.87980576272279
3,56,241438.6428023647,41.714294871737174,26.953107491748163
3,57,216132.2943107746,56.65941615708996,26.690340446868596
3,58,196646.43636663922,64.99394293991783,26.838784966630293
3,59,237143.23614412846,43.95117214920459,26.951173297851632
3,60,218344.30968910852,52.267434553783424,26.909779511674408
3,61,207156.55231128668,56.44272763264418,26.7720827086332
3,62,222010.88868209708,77.55711985478301,26.6763080254562
3,63,270277.91918263026,47.52238247925848,26.746300376499775
3,64,207913.89481814404,54.390338344785654,26.852457353802215
3,65,225407.1741444937,74.977301238215,26.668795010467875
3,66,264616.3949836134,43.55560649176404,26.794742618235745
3,67,264531.3552613057,39.725771984357436,26.799622486438366
3,68,203144.91762755046,55.48651947129298,26.84180315158075
3,69,242351.66487237546,51.971354619337134,26.723298912515247
3,70,213085.3638557685,67.58300630165918,26.705552351505048
3,71,197580.99990537702,58.25797782741759,26.79111260255499
3,72,258427.0055737148,43.53381202771144,26.7991552713139
3,73,274109.54483125807,35.76728972716775,26.88834264871746
3,74,274109.54483125807,35.76728972716775,26.88834264871746
3,75,237738.7304265388,43.76125106239834,26.935350393330125
3,76,202278.01571370306,77.89702225190084,26.750169396588475
3,77,195664.30012998375,78.1750476165756,26.779384299132595
3,78,221108.9189753256,51.59737007155645,26.76951266338225
3,79,202828.29469604837,57.69857409989277,26.79749299880141
3,80,208289.1862191718,53.312298394735684,26.85473138058986
3,81,209448.02956390177,57.86095505356686,26.70624444647155
3,82,226272.8266226612,52.933915830323876,26.717368423404523
3,83,201455.78825220003,67.9492197044738,26.763153003132317
3,84,199487.3681856254,73.67931388732336,26.780173148290302
3,85,236866.74514581996,47.33798578461471,26.839639160801717
3,86,215977.10803760935,54.060151432054276,26.784543515343387
3,87,237984.68731911114,42.95004486157539,26.909623063705816
3,88,260961.3650345574,50.262777920770276,26.743010874429125
3,89,260961.3650345574,50.262777920770276,26.743010874429125
3,90,224842.12708723068,73.59947771399888,26.6763080254562
3,91,211651.03890667245,50.09510525175483,26.913137358325258
3,92,239309.66468134208,44.609415574175436,26.88285707130781
3,93,240184.150643891,44.49879177165522,26.816355908151316
3,94,239927.0686695925,45.27599837045811,26.775868770611318
3,95,223070.23924106307,51.55545745523953,26.905446603414042
3,96,224592.23256900845,49.87592613202521,26.874260805427994
3,97,276102.5727914286,35.70570957363678,26.888696085280067
3,98,210906.44339642805,52.89677735011493,26.918951505376782
3,99,212088.13232014154,55.79062513375357,26.784847343662534
3,100,209017.02833430644,55.92917276411069,26.833614242476386
3,101,229265.62410408628,51.05417205774316,26.787127834605663
3,102,203371.82460767354,56.76378454880188,26.793757212539553
3,103,203371.82460767354,56.76378454880188,26.793757212539553
3,104,216014.06688574946,53.237957967940076,26.859925079319552
3,105,211379.85638080016,72.31059989761236,26.687707407687157
3,106,211379.85638080016,72.31059989761236,26.687707407687157
3,107,226477.46378835564,50.81298886039059,26.83329966357234
3,108,229078.28412017765,50.53589829644597,26.827696554177038
3,109,222644.68821754813,51.58165985383955,26.892321739802753
3,110,271425.98814003903,41.936787866099586,26.7766573557007
3,111,269956.8225986677,35.64421221044458,26.90315376439696
3,112,239263.38386870114,43.80380510470064,26.9007291767877
3,113,264129.107903591,49.515710624221704,26.74043497762529
3,114,264129.107903591,49.515710624221704,26.74043497762529
3,115,205986.66306523964,57.86820625107147,26.78945608281616
3,116,216937.50457924578,53.08375611985935,26.8460885635507
3,117,216937.50457924578,53.08375611985935,26.8460885635507
3,118,239115.408457175,50.512053890879606,26.786115403678643
3,119,269637.18585054774,36.471689382330446,26.884258963652677
3,120,269637.18585054774,36.471689382330446,26.884258963652677
4,1,250974.78234255724,42.476794326715115,26.94792538826775
4,2,250974.78234255724,42.476794326715115,26.94792538826775
4,3,234911.10178321623,44.81098742785072,26.92461307677003
4,4,234911.10178321623,44.81098742785072,26.92461307677003
4,5,234911.10178321623,44.81098742785072,26.92461307677003
4,6,220190.75062567514,63.1731108575324,26.76191743522908
4,7,300655.8917769608,38.835308684122325,27.41818077633461
4,8,300655.8917769608,38.835308684122325,27.41818077633461
4,9,300655.8917769608,38.835308684122325,27.41818077633461
4,10,300655.8917769608,38.835308684122325,27.41818077633461
4,11,196917.38445837022,61.441158121024465,26.889467984849148
4,12,223730.69815462336,60.56957852578524,26.765483214485506
4,13,213163.90436169616,52.20229483886681,26.866058969355564
4,14,303639.9620435413,39.46578858314678,27.403898958613084
4,15,303639.9620435413,39.46578858314678,27.403898958613084
4,16,235340.0743512827,44.154601661766804,26.91218234089262
4,17,193303.2376034116,67.10338017188546,26.852724071768044
4,18,193303.2376034116,67.10338017188546,26.852724071768044
4,19,304245.3542056056,37.75640503981858,27.38381232934681
4,20,212749.6126827061,57.95119356677311,26.81893578665592
4,21,308423.4400932049,37.9469539800372,27.376162469170794
4,22,191645.41220037302,88.94942544198317,26.81938021783224
4,23,227199.66709399482,53.289346680160136,26.793140298552586
4,24,227199.66709399482,53.289346680160136,26.793140298552586
4,25,227199.66709399482,53.289346680160136,26.793140298552586
4,26,224811.07311573034,55.46672824115715,26.822908029019295
4,27,224811.07311573034,55.46672824115715,26.822908029019295
4,28,290856.04216569243,39.62122514621661,27.10778006598352
4,29,244133.55552610522,50.60550081628972,26.80839866546374
4,30,256444.0925924804,51.801001093553054,26.7873581465483
4,31,256444.0925924804,51.801001093553054,26.7873581465483
4,32,201644.4307652653,54.211932972654225,26.869321136064592
4,33,217188.94377904167,57.932305950992955,26.81051250402306
4,34,195245.424309197,65.22993748555129,26.895389809081543
4,35,222161.19478144665,57.636666359079626,26.76615304933693
4,36,215379.2574973215,51.428025291458724,26.85385405262946
4,37,257430.61812128787,42.09403195936502,26.93596563495577
4,38,203160.6825424425,53.332953810147835,26.857205545268663
4,39,197163.19134998234,68.8296532542307,26.79936902585836
4,40,301037.5586050322,39.532190104463474,27.377191724792567
4,41,301037.5586050322,39.532190104463474,27.377191724792567
4,42,301037.5586050322,39.532190104463474,27.377191724792567
4,43,301037.5586050322,39.532190104463474,27.377191724792567
4,44,197874.79393894656,66.87510073259945,26.730568340044123
4,45,199275.84605623182,60.296525066905524,26.831477842418927
4,46,183307.41025407068,78.75034854291263,26.86225537466499
4,47,210892.61259661644,53.92316046113836,26.835961152159328
4,48,214105.8194301702,65.03828351630806,26.73237153744231
4,49,196225.22753803004,71.10488861580632,26.7352018792528
4,50,210862.84127771412,58.40485501481938,26.81195475367177
4,51,210325.7474645749,54.92170107439192,26.835961152159328
4,52,201111.80814943038,59.18001224008517,26.807173115336568
4,53,245111.7353868887,48.54489228345912,26.806481596348775
4,54,225763.70528364147,48.68945239103683,26.904195323692747
4,55,225035.3867146221,54.78417810176895,26.78525995216416
4,56,204899.9473830295,63.87673216803649,26.781402923925903
4,57,224599.7166501942,46.69561405042091,26.929096946752324
4,58,247990.60315330562,39.869734518971775,26.96438308976142
4,59,229961.88594426645,47.272316657194295,26.81118020783851
4,60,212791.28401258565,50.776360380333195,26.892542211937247
4,61,196232.2813907193,69.5144744479696,26.848891279700325
4,62,222763.57295234303,48.77163146630106,26.828628494241713
4,63,191226.66283670897,72.02499064714924,26.875402840043257
4,64,199287.75264616415,62.64828324416569,26.799156845313135
4,65,300064.56564857974,39.44153824672293,27.408779539793848
4,66,217213.49053321828,57.5571720066823,26.81746138098874
4,67,246513.81246496158,47.64754217081641,26.807356778253414
4,68,186933.142407647,72.84447137434456,26.844924644630773
4,69,177741.06419499833,88.2475237008246,26.858767302980866
4,70,194847.76953841597,65.51732189474937,26.849362818468038
4,71,197494.50122878962,67.8566563919588,26.840015748393647
4,72,220509.65762301837,49.75937809870742,26.927940618653693
4,73,206751.80455398513,54.73538793696837,26.840695428348404
4,74,218777.73054573731,50.72174759692279,26.889211535504707
4,75,310793.5723276748,37.19547876559501,27.422778150776296
4,76,230895.3780018905,54.002499981389185,26.779165519707412
4,77,243913.71035424992,43.103476782208745,26.903387161117763
4,78,203977.8162799133,60.93511257979498,26.803253237917055
4,79,221852.63968928775,57.208839257737026,26.820986154801787
4,80,221763.89674944364,55.301556538136346,26.827832394956694
4,81,221763.89674944364,55.301556538136346,26.827832394956694
4,82,192017.3925554388,64.80185822360356,26.928326001494945
4,83,189883.9482192196,72.52907574056002,26.8437516079776
4,84,232432.53860484954,45.71696725223182,26.830778290851086
4,85,220825.22877969273,48.49289952217797,26.912554888980175
4,86,198541.9876431864,61.76307296442939,26.834286752109286
4,87,201457.62064447533,65.66895318776896,26.77395235017132
4,88,208255.6625185867,58.753587503720546,26.77883913754527
4,89,220038.76576939112,52.75576522064015,26.831179994245346
4,90,206241.4096614594,65.15749168579568,26.780021514136116
4,91,185798.67701712175,78.62682998266575,26.90235517160012
4,92,200790.31158620672,62.448055823536784,26.826443511173636
4,93,209802.5970224687,56.1998295652182,26.83476985732503
4,94,219723.30048809206,52.27853103276492,26.851632704426557
4,95,229869.01213050092,52.175438487511,26.792885786113814
4,96,190784.30019783138,72.24114775804881,26.826158297070215
5,1,249383.933715267,33.3894921365699,26.98827820743957
5,2,249383.933715267,33.3894921365699,26.98827820743957
5,3,167000.21645530214,76.12256553598952,26.874843501239596
5,4,250016.46864949272,34.913601366057826,26.97221737240232
5,5,198356.99744383828,59.153395697333735,26.81243192820189
5,6,166646.24860583717,73.37272649932152,26.9074229655984
5,7,217743.62984983023,37.69752325394663,27.063057215309243
5,8,228541.83578298078,35.90279532808345,26.955976756899034
5,9,240576.73951776355,38.08244770349172,26.953357811704556
5,10,189972.6790102325,67.96088867187459,26.818773462377763
5,11,241381.92260027025,33.876720800642914,27.004916186760013
5,12,189138.42432844953,49.28733426250959,27.04581968546229
5,13,194626.0850382916,50.10074111912382,26.988704213157476
5,14,244017.8117364936,36.0484120308937,26.954261355329102
5,15,167272.76902723365,72.66110955837526,26.890269192765714
5,16,210488.2413154216,44.69853211920991,26.921767375250212
5,17,200201.57903909584,56.41782637794334,26.828955897438554
5,18,187144.1125167694,51.65531939349943,26.937325956418128
5,19,172182.9370863501,69.42148604966829,26.86258782218193
5,20,223352.60428819523,40.60163790509041,26.9491366392976
5,21,220624.40929783764,39.987942546504655,26.98174913989771
5,22,186450.36290136498,51.626292821208274,26.95410731782429
5,23,171775.46974109125,70.5817805707478,26.87561461830561
5,24,173410.3103878084,57.923207418634185,27.021556670459894
5,25,173410.3103878084,57.923207418634185,27.021556670459894
5,26,215132.74846650168,47.23504187900625,26.90010088599263
5,27,194731.39283198753,56.69396830585923,26.81247566235023
5,28,213286.90135017748,48.34524296412935,26.88451882441059
5,29,203142.82683216207,46.21226512856693,26.948329030397495
5,30,197214.54139497108,44.67469050212507,27.028082908257907
5,31,176085.45945512742,55.903950432674996,26.964983880158826
5,32,202361.36894858707,52.769110601115734,26.849610357052732
5,33,205086.93259293513,45.40864623148797,26.962366870811373
5,34,212584.1706390673,41.2983631141555,26.971113227231193
5,35,183913.24795969442,53.887991584999355,26.846775828377098
5,36,183913.24795969442,53.887991584999355,26.846775828377098
5,37,181042.29189633578,55.07156379246991,26.900686410065582
5,38,169620.15091632277,71.21711564056712,26.84557644066099
5,39,203760.34189861797,49.32533862680206,26.834849589889437
5,40,207065.80554376144,43.80364191777928,27.033689489686722
5,41,217024.68807679613,42.85295695143827,26.954447831796926
5,42,203574.14953295398,52.441488767456995,26.823834229809123
5,43,189646.01808911053,50.157281166443205,26.87157577021368
5,44,176636.99003211912,59.754155756353676,26.893688265739883
5,45,225254.99441497572,39.6220893451934,26.98151241157926
5,46,181241.50577002412,58.02043197577956,26.865123090555898
5,47,170486.89143953993,65.36522283740183,26.895315245460232
5,48,196244.90821921843,46.709132062488784,26.950973955200418
5,49,219944.15280991225,38.81661634726593,26.987580691247736
5,50,208375.27913896655,47.62118677416141,26.906421891897978
5,51,175348.711374544,60.14905845450177,26.996765997885035
5,52,199107.37054198125,52.93303643158307,26.83768846949004
5,53,219255.77738474705,41.10475493480853,26.976828643705907
5,54,225635.98834702818,37.0807614976495,27.003487971228154
5,55,225635.98834702818,37.0807614976495,27.003487971228154
5,56,198102.51262389345,46.58173997242884,26.918013045963242
5,57,169175.41542901134,71.19056533221597,26.847636873663724
5,58,181635.744008003,66.77630503533196,26.83995201909731
5,59,180145.2178594161,62.32595103642792,26.856160039227923
5,60,187072.17341708855,53.13841701700885,26.896999793752023
5,61,174613.13387031705,67.02031876167591,26.85312332370669
5,62,171329.41234243676,60.69668745066631,26.930750669931975
5,63,166723.92297496894,62.63587449545723,26.9262658780672
5,64,178287.39384207965,63.66023127912778,26.85394540147319
5,65,207083.84582314585,46.17496851518101,26.91297344129245
5,66,172488.0875719103,66.42877598364977,26.883053085217092
5,67,172488.0875719103,66.42877598364977,26.883053085217092
5,68,196788.35031740376,47.67781103013611,26.912959990368613
5,69,170869.18249444006,61.24671242965484,27.03700915685681
5,70,170869.18249444006,61.24671242965484,27.03700915685681
5,71,226881.27634093625,39.12298756378616,26.972657572133926
5,72,188802.36320723008,52.1993148482859,26.932097171922713
5,73,183444.44857078773,60.882457232734275,26.852622983694573
5,74,183444.44857078773,60.882457232734275,26.852622983694573
5,75,220291.2578327082,38.20167675414078,26.99666443484722
5,76,220291.2578327082,38.20167675414078,26.99666443484722
5,77,219928.44221893346,40.774218990628526,26.96906695307331
5,78,217530.89207537237,47.093829429358244,26.909957660201542
5,79,167567.0449740791,66.84961743178832,26.884343574584513
5,80,173035.46857349685,65.8568306742613,26.869842756876004
5,81,176256.23760978147,64.82777478345741,26.839957246086527
5,82,203588.3299171813,44.26304382026774,26.97461366146473
5,83,183770.75003090268,61.176417006284844,26.832004974191257
5,84,173273.58881521798,61.359521052910004,26.871171607418383
5,85,171223.18754729893,70.80176335987987,26.860600853913205
5,86,227619.14775682107,36.37567782747046,26.9700837110557
5,87,227619.14775682107,36.37567782747046,26.9700837110557
5,88,219252.01188772137,44.520072095931184,26.914851925071062
5,89,183743.12933517373,57.55267889590781,26.896826615128624
5,90,188665.28523292887,52.90270720854623,26.874810055187183
5,91,227284.49778236673,46.50985249535595,26.84273606856214
5,92,218739.49517934682,41.94285556277838,26.962536070669863
5,93,218739.49517934682,41.94285556277838,26.962536070669863
5,94,205917.2252818486,48.46364504372457,26.873415131250574
5,95,205917.2252818486,48.46364504372457,26.873415131250574
5,96,217067.62919276464,42.22465045858794,26.960850868334354
5,97,217067.62919276464,42.22465045858794,26.960850868334354
5,98,206129.7288261182,44.455746679408925,26.923773527835138
5,99,206838.9996947802,48.371271916189684,26.8428857368227
5,100,172039.49497759016,63.84885733713814,26.904302286113357
5,101,175528.59996310918,60.29999419694468,26.902364306557246
5,102,226307.0890523928,39.87554767419577,26.93485449647104
5,103,226307.0890523928,39.87554767419577,26.93485449647104
5,104,171090.06284959312,63.130972841362585,26.924990837348197
5,105,208315.95805797915,42.55797924086972,27.03392621800517
5,106,208315.95805797915,42.55797924086972,27.03392621800517
5,107,179727.08673112903,52.36681668370316,26.92398854164167
5,108,173271.857802796,66.10800498555548,26.85737461801783
5,109,175425.932773325,63.80098817340679,26.869287991861825
5,110,177144.71948829413,64.18786428041305,26.866537015320596
5,111,177144.71948829413,64.18786428041305,26.866537015320596
5,112,177838.90980115076,63.48855147601043,26.85615207482659
5,113,205723.59659609644,44.49734088942774,26.949712574431665
5,114,174312.31999132916,64.2603307868723,26.861472512686746
5,115,174312.31999132916,64.2603307868723,26.861472512686746
5,116,180808.2161263947,62.96804232099435,26.845639167328777
5,117,220048.98310536094,40.741911024741235,26.903293876530768
5,118,177440.5237531176,64.6615030873682,26.856761113782547
5,119,177642.9860937473,57.68870555309979,26.909026884310684
5,120,177642.9860937473,57.68870555309979,26.909026884310684
6,1,341283.75809716067,39.08421923821384,26.944780501142624
6,2,341283.75809716067,39.08421923821384,26.944780501142624
6,3,256729.31744386588,74.92780737571088,26.571734494144955
6,4,234851.06150138442,94.01430628409905,26.60674421538215
6,5,207408.57702613264,85.62160617765831,26.66589328567658
6,6,301472.95265746146,41.389316708785124,26.81465028813907
6,7,337620.04025547433,40.72155442760909,26.922036161095697
6,8,337620.04025547433,40.72155442760909,26.922036161095697
6,9,313639.713344965,42.27946885049047,26.775439092762518
6,10,336561.9778559106,40.60437886164892,26.942574618102668
6,11,236283.25303922303,88.99312586700937,26.594843198592685
6,12,337637.79557815066,40.08546945304874,26.92976652325742
6,13,303264.2286338785,41.62226174434811,26.795410479406506
6,14,286750.99821633764,44.329098765305574,26.7662174831355
6,15,273051.79408457864,45.74014376030993,26.77015549065279
6,16,281290.4078995605,56.49129062978544,26.651466680896263
6,17,224313.39955148924,60.94495159210668,26.759171578925816
6,18,221078.99379424634,67.23316938217346,26.792855705406993
6,19,240111.1845459057,54.5293001621983,26.74107942780386
6,20,309130.31407847285,46.45783896550841,26.71336652148286
6,21,309130.31407847285,46.45783896550841,26.71336652148286
6,22,274381.6120434027,44.19647950244937,26.807266337937627
6,23,213489.29956049353,67.67478998148617,26.747545729622537
6,24,295553.1425444871,42.5183944096714,26.714572781362797
6,25,262968.797622108,72.8711312757126,26.606701232418295
6,26,215255.53133842276,87.4932090145857,26.663839109707844
6,27,257021.57729302905,62.500227564158436,26.6559961128428
6,28,211255.3373465212,84.50695149352663,26.677229853746
6,29,223732.8694059887,82.6711649029815,26.622096972630835
6,30,237918.23709568675,75.28788171299917,26.596954590238468
6,31,302895.90201261156,41.37940452510514,26.807139617882314
6,32,288748.9119807649,53.57128165493643,26.625829449894667
6,33,237163.5301808933,60.16116960819257,26.723344311621787
6,34,238404.3615284725,56.238489669390894,26.737260405142884
6,35,298009.5797026544,48.9814079078912,26.67741249390854
6,36,280992.63106448896,51.40134080058275,26.666496258297293
6,37,252315.08275848284,66.17928221828375,26.65666878948752
6,38,275973.0955271951,63.231258147930795,26.62897885505133
6,39,245246.93416049314,81.79301209925636,26.57960983927495
6,40,268777.34815035673,48.236506343425866,26.716558475799467
6,41,241918.6627220285,81.38750143338548,26.589920702396768
6,42,270279.56161862763,58.19014038654099,26.637306207570624
6,43,249691.2847114011,49.05658165209509,26.73142295253082
6,44,226452.31303297172,75.76889229231192,26.671541531374523
6,45,223118.09877667908,68.92176847883773,26.69259655298066
6,46,224978.70291683477,77.11518072679605,26.68181751572822
6,47,278996.8716262565,47.40089648148036,26.747895363589592
6,48,286882.8191147384,44.95485490937813,26.71432334678311
6,49,258589.88789172913,68.23558428683818,26.639237901813345
6,50,219171.67416081033,69.37915125081032,26.725152725269254
6,51,260767.89737017185,70.09323921678995,26.61916048020577
6,52,264795.0999471623,59.61645433175701,26.652922117059568
6,53,254919.85425539056,54.171001852094214,26.69580115174781
6,54,248142.93177219678,84.91641964533532,26.577596355503104
6,55,280768.3715236592,53.2953758941927,26.65380064450764
6,56,242336.25252366718,71.57975128022045,26.65039490035516
6,57,247230.76905796616,55.725825480470185,26.70151274458393
6,58,266259.8671308403,50.64525177286756,26.714800409794705
6,59,256410.43487386112,58.06171841440432,26.680693738992417
6,60,243317.76510597384,58.926029871682815,26.70710230168789
6,61,214571.58789421746,88.23822758266338,26.652283605614734
6,62,274357.6038376677,50.530799120737285,26.709230148726867
6,63,246306.64720802434,71.90102173274187,26.61528579140714
6,64,291996.50060380716,47.69364871298052,26.6888951442403
6,65,248567.14223996946,77.96024638058358,26.587442903370224
6,66,275216.2752223202,46.900118521903345,26.755929387942615
6,67,275216.2752223202,46.900118521903345,26.755929387942615
6,68,301725.6807171047,49.78252126769739,26.642479599321902
6,69,226026.23362224517,62.92710062373607,26.688466365662563
6,70,243885.23872080355,59.64435978212417,26.684923308760254
6,71,268365.32015162933,63.85117313393363,26.61719775541554
6,72,219989.45035353117,68.20673448016264,26.69896133176791
6,73,296163.9567547742,49.063514349959306,26.66700411286297
6,74,256323.28753595863,74.67487366236263,26.586168739048787
6,75,233035.7639907705,87.75362249809483,26.61467232428481
6,76,248204.01329140656,70.85870941882379,26.64435553058447
6,77,211301.81497661048,69.85286025402658,26.70359356662904
6,78,229857.1197006352,80.1461335724271,26.633152961007205
6,79,255944.63936443985,65.02460650988859,26.653757654465572
6,80,228681.51494606797,66.71196779343585,26.675457891333338
6,81,262450.2030060941,66.35156569068498,26.63574482208785
6,82,237004.8432392104,79.7885827983969,26.61280677248564
6,83,232782.26347109553,58.35306329732938,26.72741781653682
6,84,260292.27099920463,53.635997276976184,26.66116682634783
6,85,256515.95183956827,65.5085434335857,26.64730714108888
6,86,254335.57410861136,49.16859405094719,26.73116241457093
6,87,277981.44403738645,55.181397891009034,26.654636984293198
6,88,277981.44403738645,55.181397891009034,26.654636984293198
6,89,239582.7578697381,63.44508083317047,26.661763437092574
6,90,230577.18055199977,75.65030175379056,26.66433060830048
6,91,217818.69821160485,70.53773482880982,26.684603622339175
6,92,256808.51214183774,73.69302771644749,26.583151583703625
6,93,227642.47641868712,78.63958032815452,26.65896609125005
6,94,227278.3872883358,73.3597302710438,26.6776761915008
6,95,222601.93592479866,83.72934576160584,26.640448648869345
6,96,223446.64610567462,83.67052815270854,26.672479844134898
6,97,228083.46553681698,81.08617018064112,26.6576694365393
6,98,229705.66096864617,79.35720260333447,26.65128974942747
6,99,232725.3067692872,64.09013191203006,26.66364221279629
6,100,280158.74781858735,53.34636810153661,26.699388751818297
6,101,293460.76773372357,47.39681654840503,26.712245565966732
6,102,293460.76773372357,47.39681654840503,26.712245565966732
6,103,223578.98980553722,80.43332206254415,26.675973903972505
6,104,232503.86093039587,63.89990795427653,26.67978504676072
6,105,217951.69333186338,79.04409957784945,26.679408774189646
6,106,268368.49270100193,72.47182701452815,26.61356415913906
6,107,242111.76345429668,50.85360972389037,26.70781179263954
6,108,280650.1494421882,47.790616308638164,26.70575637035965
6,109,256165.82369300502,47.12007517827477,26.768169338417337
6,110,301902.08976658125,49.20768598115741,26.639558120516327
6,111,247354.0623949212,65.67807757063035,26.660463669275345
6,112,230117.48744949637,77.31197876583134,26.657242103668175
6,113,235455.83439500196,79.75330581422133,26.64003518627657
6,114,221933.47151489515,67.09451904990735,26.706614345128635
6,115,232725.6134412578,73.80712908563247,26.65240004011448
6,116,290893.35931463895,48.427645334723266,26.67756970166296
6,117,290893.35931463895,48.427645334723266,26.67756970166296
6,118,228075.64007269678,69.80832333778241,26.67301215211188
6,119,216498.73521051876,85.27254701897041,26.641492475788553
6,120,223900.73987701166,77.82427397684347,26.664641145326883
7,1,382360.72702677996,42.419756822877474,27.174936310570466
7,2,382360.72702677996,42.419756822877474,27.174936310570466
7,3,244679.9803351249,87.08588950952485,26.77770575723607
7,4,371614.6544348981,37.241133170017086,27.24506646543677
7,5,371332.72987560154,37.33103371572114,27.252369384875706
7,6,371332.72987560154,37.33103371572114,27.252369384875706
7,7,249036.01967271662,91.226811781394,26.692527548775786
7,8,296125.48219216836,77.63537396316825,26.58362034710529
7,9,365684.31413736136,42.669683775307895,27.102563428110287
7,10,301647.2720672366,49.506117140692396,26.949095714809488
7,11,338541.13552719716,46.07044143470932,26.729050818237575
7,12,329328.648086184,45.00722648622001,26.86134124353198
7,13,356700.0602884176,42.636659338696134,27.217908870580473
7,14,312169.64682997845,51.755168250591204,26.737310995154452
7,15,379979.9175302419,42.40880140408683,27.197189595476097
7,16,379979.9175302419,42.40880140408683,27.197189595476097
7,17,368908.50249818194,39.26170740089206,27.213989922059014
7,18,359977.87517465616,41.5883742936246,27.209722239437696
7,19,319527.56619473046,51.17595693748536,26.816365057487076
7,20,372548.15246028145,40.40426645918878,27.211562267554157
7,21,372548.15246028145,40.40426645918878,27.211562267554157
7,22,329060.24286782375,48.379422153874245,26.852251742020677
7,23,252374.31442030263,89.76965971063234,26.676222533780518
7,24,357982.6268352297,41.74032352243226,27.22163681264523
7,25,305369.0697766996,52.14459065757555,26.72665455597243
7,26,245399.53880706703,84.36325848519091,26.756055039346748
7,27,325225.1630146004,56.87522603992543,26.653373694221393
7,28,245184.5318533572,86.37083664742919,26.760959838683604
7,29,307070.15258905117,59.39861366148768,26.682561488400452
7,30,337563.7025743201,49.37158723932051,26.740471569527195
7,31,324889.00105891307,50.482146671802546,26.8050391471984
7,32,297527.44087922294,50.47882216054784,26.835720494241663
7,33,333589.1578012684,47.75703721313363,26.763430440613632
7,34,253646.80686004163,71.25355330350622,26.70787140047088
7,35,292375.0037482956,74.51930112016593,26.617383843416405
7,36,248482.2473329057,80.4823359143949,26.790540296761115
7,37,266302.46906060353,82.53527943692424,26.66240930124944
7,38,308887.1032956457,52.56378700254814,26.71707380863846
7,39,269044.65095550835,79.35414250809937,26.658168131834273
7,40,284324.4988804845,57.929086157307225,26.726881265647684
7,41,334940.71274470823,43.589512819433935,26.774454064666962
7,42,334940.71274470823,43.589512819433935,26.774454064666962
7,43,272400.1934884719,63.84443950131839,26.70060208124788
7,44,320514.14515634143,51.52342385989032,26.745619999255254
7,45,328133.0079346122,50.33242946125715,26.810435626358746
7,46,299508.260001698,53.530502457225715,26.803218515282914
7,47,261602.99897967288,67.65020111629181,26.747536697671997
7,48,289871.82075706415,75.32821551698173,26.632337330766028
7,49,260153.7585988,71.89820094676305,26.683774548879022
7,50,257366.68545283715,65.72305307391551,26.760522030188056
7,51,367793.67846475146,41.055174768210016,27.23399455945671
7,52,367793.67846475146,41.055174768210016,27.23399455945671
7,53,276585.9326678618,83.00286713278447,26.624434631183547
7,54,307387.30008510465,54.64523587425539,26.701675934094226
7,55,332190.27195529925,50.26552539868659,26.78061178674014
7,56,333653.54807753797,45.51035843064607,26.81879839328309
7,57,255759.19557361322,76.30857291597204,26.68983469407852
7,58,330031.1759029195,50.10217382450745,26.828138739005574
7,59,278798.726909038,84.01263593464279,26.611809581299532
7,60,295932.17486624775,52.3667889833865,26.855443574073377
7,61,269367.02853191993,89.91352019529965,26.64080330532483
7,62,332724.68870193115,50.060618458499576,26.79871648537962
7,63,293187.91483237693,76.57642785952122,26.59305168770559
7,64,278539.33052132535,53.99809259822379,26.770042173751506
7,65,268244.96239769313,63.438791362246626,26.710660750154254
7,66,293503.77100716374,60.08442835051949,26.626371857474176
7,67,262882.48498854315,68.99878949657196,26.7197827775763
7,68,252399.33463314443,81.39520191917724,26.67786869793533
7,69,282166.4543814714,62.10175278718472,26.704194768109787
7,70,270227.4119968726,60.50497787354058,26.73241924727423
7,71,284939.20077352243,80.36261621015097,26.611985393139356
7,72,298666.81788080244,55.44555288155254,26.701313556420324
7,73,282749.23882402404,66.83841012363668,26.664211746903426
7,74,258114.0407026898,75.8668594650402,26.67203710270411
7,75,276126.0488771973,72.97876354858123,26.678041133948987
7,76,277691.68204692466,56.43616541471075,26.73241924727423
7,77,274961.86713951867,61.219516103628784,26.71750613090431
7,78,287780.55914498784,77.31641381935876,26.60072585228898
7,79,286360.83125320927,62.69075200458713,26.660739713801668
7,80,264041.3097524609,66.58266498976269,26.72740642464194
7,81,288375.59554808016,55.7744069104427,26.711581579040597
7,82,285677.29362451466,64.80444903500636,26.65056093900595
7,83,285677.29362451466,64.80444903500636,26.65056093900595
7,84,275605.2039796727,72.19718601378096,26.678504591072056
7,85,251970.77233836587,76.79876927466486,26.824928337712826
7,86,301077.9366270943,52.82529585265251,26.72731167357515
7,87,264135.27796432696,68.62091518940639,26.693566065589927
7,88,264135.27796432696,68.62091518940639,26.693566065589927
7,89,281467.99644253106,73.58753913604241,26.677339212604423
7,90,281710.11920924875,81.07704769896667,26.603210839612885
7,91,251348.2192081692,78.46864180702785,26.71909039743734
7,92,278057.9951703405,74.89802369365393,26.64310324858618
7,93,246916.44996074238,80.97051048281347,26.709296175683953
7,94,284296.0407277219,70.48827699091801,26.633341188164515
7,95,269610.9612438487,60.62234589905159,26.75278067635319
7,96,276838.4588255909,69.31670571787436,26.680898061470437
7,97,258769.95856018525,70.02680165339495,26.711264583169616
7,98,280086.2415266041,60.99572092600515,26.72991946505013
7,99,278211.2597224811,74.10373066978177,26.668881146621764
7,100,274165.9072177497,76.64270757211814,26.667934335787194
7,101,266791.81699337566,63.98555362231754,26.745716071351666
7,102,289212.4306832232,60.11574761830564,26.67041918090804
7,103,269490.5144854653,78.51706818137538,26.626139416182276
7,104,266847.2860967123,63.93803333571167,26.74485618209883
7,105,282432.4577205893,77.21183749284185,26.62931124371606
7,106,280820.43994391814,68.841683999418,26.680163306505534
7,107,282226.3672131957,70.68294081894912,26.66650812041354
7,108,258738.20413050023,69.75394511763977,26.7183163733529
7,109,246641.31591918,87.0689636240995,26.693469552570996
7,110,269285.551505262,67.97581503929818,26.703692985056307
7,111,284660.9650951064,62.79202031104735,26.661105701620478
7,112,283861.193598264,67.87674245889268,26.652130603093802
7,113,278860.6376688575,67.76643941423147,26.68828550305178
7,114,246193.75739621132,77.35752217627653,26.817084863356598
7,115,282425.5829069083,55.74908935013837,26.764731250751318
7,116,279581.1514281109,74.70407700951671,26.66203843197942
7,117,301122.1485097791,51.26930255928079,26.759544188367904
7,118,256608.32255946842,76.67160624138324,26.670817970048688
7,119,282245.7700294772,77.8504760678154,26.641194447862695
7,120,269058.06873876945,78.19460469407142,26.66149396531167
8,1,158312.0993535429,88.31693724592489,27.179788462029492
8,2,275700.80813545367,32.76590852865377,27.462345320003948
8,3,201021.4595514251,66.91365127895357,26.943256298788157
8,4,201021.4595514251,66.91365127895357,26.943256298788157
8,5,159294.46462729492,92.06407002640488,27.13421278158851
8,6,236785.72148070947,40.07547591131536,27.310300607251115
8,7,246222.13258974467,37.30364774073623,27.380140827687356
8,8,246222.13258974467,37.30364774073623,27.380140827687356
8,9,269394.4119108734,36.5196472117423,27.41962083919954
8,10,267464.2100545641,36.59398231853017,27.41962083919954
8,11,163151.62303558836,83.73327349002516,27.139994397197718
8,12,253029.47619291992,33.65095363595016,27.447266616543445
8,13,222577.7709838742,45.10227243832708,27.27043770706564
8,14,162885.6701373761,87.77954641431903,27.157746820136083
8,15,268204.14113698,36.384714688707575,27.440744583934716
8,16,251163.55106956168,36.59960448723434,27.429669353844538
8,17,167319.02540278723,82.61676887441293,27.039535235455944
8,18,167319.02540278723,82.61676887441293,27.039535235455944
8,19,243966.83890387806,41.24963098281318,27.245894248162436
8,20,243966.83890387806,41.24963098281318,27.245894248162436
8,21,168026.4291760933,79.65535817848682,27.13886797059199
8,22,225351.84034911668,45.26166195384316,27.206488446947795
8,23,228245.82541630743,42.87204233456942,27.25675912197005
8,24,167483.48339589327,76.91183065361416,27.240360202133175
8,25,200652.55580285456,51.711052838771856,27.107151832619692
8,26,229884.1331598333,42.20092817174429,27.26949858049155
8,27,177750.78829666876,64.52492636912072,26.994733412567534
8,28,177750.78829666876,64.52492636912072,26.994733412567534
8,29,181263.69600244335,61.156212386899746,27.086481344863913
8,30,168233.224536673,76.97090407719931,27.168964175309036
8,31,168233.224536673,76.97090407719931,27.168964175309036
8,32,168407.16009097965,78.48520988763953,27.150528093286205
8,33,169286.94218478407,74.55030495462992,27.045254483465364
8,34,172403.73168336827,70.52558106003798,27.103612940099794
8,35,172403.73168336827,70.52558106003798,27.103612940099794
8,36,172403.73168336827,70.52558106003798,27.103612940099794
8,37,178106.9567771873,78.97092092648685,26.9815657501954
8,38,231570.51047190506,44.55858657691948,27.18571466498711
8,39,231570.51047190506,44.55858657691948,27.18571466498711
8,40,247491.7372622862,42.233546450300075,27.24411620498681
8,41,168901.09072311872,76.30975739644015,27.009079206022705
8,42,161389.54692823763,88.29818693080537,27.179788462029492
8,43,161389.54692823763,88.29818693080537,27.179788462029492
8,44,161389.54692823763,88.29818693080537,27.179788462029492
8,45,177384.06725422377,72.46226471718583,27.018372084555295
8,46,192480.95744423906,68.5337582352061,26.991691718641043
8,47,192480.95744423906,68.5337582352061,26.991691718641043
8,48,170783.53487469463,71.78663560225768,27.061739885257154
8,49,183419.20685824673,59.90239708732144,27.03915929767434
8,50,174292.5951683508,71.1758408719745,27.04297593258255
8,51,210334.04814891063,47.42118438632872,27.093276030470996
8,52,228751.1549928744,44.97503911950916,27.14677169613782
8,53,214319.56946802273,46.23046517207412,27.083127149900022
8,54,214319.56946802273,46.23046517207412,27.083127149900022
8,55,186207.1677764689,52.44926176072785,27.096871737965586
8,56,183747.2404272129,61.91680119806846,27.026263715004376
8,57,194832.01510219154,70.7697739811117,26.96817252300771
8,58,185134.6421700377,58.39103505321585,27.090448379150722
8,59,205597.54373861404,52.43342465304365,27.021758768279746
8,60,207627.78716120013,56.114818121396404,26.961231161986973
8,61,207627.78716120013,56.114818121396404,26.961231161986973
8,62,207874.0272671594,51.07622353005511,27.0368339712481
8,63,231415.76815466827,44.773513925493276,27.201909843634155
8,64,191458.87783623333,70.61897840288589,26.973255636618212
8,65,190631.39955874908,58.835523753352575,26.99940020059553
8,66,190631.39955874908,58.835523753352575,26.99940020059553
8,67,251895.6630436572,42.664769379302435,27.214425149365574
8,68,251895.6630436572,42.664769379302435,27.214425149365574
8,69,247206.2325483075,42.76940808452179,27.199587043632114
8,70,174467.26700751475,72.23431189393546,27.033881827142892
8,71,174467.26700751475,72.23431189393546,27.033881827142892
8,72,212470.4833989053,46.61988182374695,27.060695738330047
8,73,220893.57522126517,46.848353442504234,26.993019782376358
8,74,220893.57522126517,46.848353442504234,26.993019782376358
8,75,197234.3855698177,58.55957173978267,27.005194380334764
8,76,204344.7807956791,53.053589856071106,27.035432336505586
8,77,194924.89981507102,55.73640270170988,27.039796757132798
8,78,203982.37464647545,53.204764500495024,27.041266840887857
8,79,186277.58988380755,63.69470196705637,27.02511783578602
8,80,186277.58988380755,63.69470196705637,27.02511783578602
8,81,204023.09745911465,54.4897590894805,27.009647650035177
8,82,201029.04220483283,53.71811033007663,27.03277735160156
8,83,201029.04220483283,53.71811033007663,27.03277735160156
8,84,201653.34467746713,56.045857127963856,27.01714375470729
8,85,201653.34467746713,56.045857127963856,27.01714375470729
8,86,194996.75913532986,54.001021961208394,27.03229177956029
8,87,190667.67902491157,73.29053152762022,26.940011928034018
8,88,187030.45664138865,57.16047871061634,27.010836795451233
8,89,187030.45664138865,57.16047871061634,27.010836795451233
8,90,206180.15687305765,51.37592198827646,27.03557176406906
8,91,162521.05764641517,79.95156338496423,27.1687785149406
8,92,193741.1303379239,59.17702951940274,26.975563044856848
8,93,175132.03910855213,62.54259111844307,27.053360290050612
8,94,181967.3949353653,56.07910908681839,27.092156168380768
8,95,203335.1104527994,49.48449362323044,27.142548498949374
8,96,198867.79240031695,52.21376940764246,27.07132490288594
8,97,160188.26948480052,88.589370148429,27.134029225836116
8,98,192494.17862772822,52.34668505606095,27.10038932724722
8,99,163129.83990708267,88.07482217530814,27.062113196920386
8,100,200487.17527373214,57.47043699185561,26.998007989509638
8,101,210863.32077867285,46.945666462041295,26.969160267780538
8,102,199882.68727035334,58.69860151995738,27.001244321409963
8,103,241001.25887429935,38.49774580349223,27.47312568904791
8,104,169575.65967601695,73.38923773267112,27.022335714922832
8,105,204531.89837152505,51.450790266569356,27.035652191225466
8,106,243830.60545702363,38.188569842492925,27.38560788814908
8,107,187603.43452818194,61.186475355515384,26.999738035775714
8,108,181628.30473783842,60.28550397881007,27.092048877681414
8,109,234632.7668553818,43.03495356234477,27.067704086867863
8,110,174194.07252408785,74.09418645394642,27.01595767295202
8,111,205823.1893693597,48.717763013886554,27.03784775048924
8,112,202310.42437984922,54.90963422873972,26.984750819047633
8,113,196596.018298572,52.40774270669287,27.0485796968629
8,114,201514.4108715543,54.56782002307542,27.019008746454126
8,115,184590.58789921,64.35219119064472,26.991898778944396
9,1,371517.6958818704,38.187239288460226,27.61764709206541
9,2,371517.6958818704,38.187239288460226,27.61764709206541
9,3,281793.5620711372,82.65440765260827,26.702092052199333
9,4,361191.8932880178,37.11674492678873,27.75421699571079
9,5,244422.77073711093,91.46157682034459,26.874318276190756
9,6,251161.42176221046,89.18804313607839,26.83100084165904
9,7,354934.60567884997,42.994732504706064,27.456418530379363
9,8,359304.27256520384,41.474546034422154,27.699248590641787
9,9,305933.95460289106,53.82070210911767,27.10119388948802
9,10,247739.95076698135,84.92668637108774,26.971583880394775
9,11,276011.14750074554,78.56417135533685,26.740883149253406
9,12,327488.9708913976,48.10231830850574,27.469173098854075
9,13,321893.42706408346,58.15213146981901,26.925706477937666
9,14,367551.9775024097,38.97582668299498,27.656913078003836
9,15,369933.8385512426,38.87649760793899,27.567233651172725
9,16,266117.38112465455,84.44279275102956,26.77179093620541
9,17,263968.3452739669,77.66843922175346,26.949638285800145
9,18,283669.2760718605,76.4241740403987,26.793732338106665
9,19,260988.20768331623,81.20176891743407,26.91031435652454
9,20,310067.9795978373,52.09051417054193,27.227157549210233
9,21,361490.4046566571,40.85864330080104,27.635350168548452
9,22,351050.0293057437,41.47547790865128,27.4787352486099
9,23,284516.4848544291,74.55467326112426,26.71397844292843
9,24,302630.2716734487,52.75521176436635,27.256803546597123
9,25,346804.58685928857,47.163929461412444,27.199177905101408
9,26,281266.9083074977,63.84878318089562,27.064534966280764
9,27,265079.74609050667,80.57348164756962,26.905778268056554
9,28,369128.7540764321,39.186448229580606,27.55240095402463
9,29,283686.30049360386,56.652627147904134,27.1673300024386
9,30,288061.187325034,62.224934862013164,27.00092300135369
9,31,315496.23290457414,60.09391893098041,26.851185194362724
9,32,348846.03437731706,42.57689475236768,27.52654163686976
9,33,370630.5356214633,38.196347105376546,27.745579826641258
9,34,312510.99885826756,49.097022149708486,27.498891254020904
9,35,317306.1485811434,55.180465171976984,27.081886792094128
9,36,338991.93887046556,47.95854115750107,27.33752370986252
9,37,360872.5500761561,40.16324396315695,27.65274260736365
9,38,271989.6319958431,71.56235715382222,27.045041259254365
9,39,257783.12753158607,75.1469382422754,27.0154071611996
9,40,364482.0919538053,39.384737551192806,27.509723069702712
9,41,287430.337802393,53.383181853784215,27.13354511277461
9,42,294919.29505246837,68.70431599651825,26.877870445903532
9,43,313751.1044287867,51.801205534399585,27.215585428947893
9,44,341720.4253329092,47.403548759613194,27.147287838560782
9,45,312980.6836190391,50.8558555577798,27.31536917893345
9,46,363617.384726922,43.28739355185849,27.44404316167047
9,47,270493.56837361184,86.31565481562382,26.769014709662745
9,48,362393.89916973654,44.10751551561023,27.365158289053042
9,49,335664.7060392682,52.62856074731627,26.98964101672469
9,50,329223.3450161192,51.41539383729461,27.144041561588097
9,51,371077.0545535891,44.07155568964838,27.292603980402212
9,52,337963.3669576041,48.39774805727299,27.183290819641385
9,53,359765.4029022753,41.421152513633956,27.528728742684756
9,54,262353.123506623,82.97283349973239,26.809789049051645
9,55,290352.6503072974,69.47057878143065,26.85797557715827
9,56,271332.1281198758,82.34573575722023,26.807133531264245
9,57,275189.8631949926,64.67362366039042,26.953789104199032
9,58,295668.07461495406,65.97235868700578,26.896572342902353
9,59,282022.31837416365,59.549708761929296,27.23629802591615
9,60,333520.80328400823,45.62550858421541,27.50225289472189
9,61,337780.49566252565,49.873900283482996,27.281495056939562
9,62,346875.5190935041,44.15584519589721,27.48345132649217
9,63,349787.33377778286,43.52117026989942,27.446279300997926
9,64,365430.03970244585,45.33162357983651,27.341636090545
9,65,303782.4912492344,52.20908690977421,27.113629217419028
9,66,330975.45232270705,57.180727835655944,26.995401451450594
9,67,289743.86683996645,60.71739786376473,27.11726644972523
9,68,360977.90548239026,45.297569695532,27.388746803693458
9,69,320435.1881874364,50.6832669625877,27.351548861428817
9,70,272910.06791573466,70.06401843116691,27.07020478838269
9,71,255354.87888097693,85.74730700363001,26.933773277449003
9,72,321119.89820674824,50.430410139167385,27.41802144756748
9,73,336597.45324865903,46.7516692759787,27.35317688439985
9,74,313017.8142433957,58.44189490116587,27.01455377259446
9,75,343690.85323606886,47.20958152000761,27.175998830665858
9,76,262311.4477718642,73.62318597172117,27.09661333197503
9,77,254010.04256803286,87.98611062919086,26.748399214187362
9,78,292393.2483479263,66.24614106762176,26.89100291409277
9,79,318090.4814766741,50.82573487743263,27.223138371630863
9,80,343298.7319588317,46.12520415124971,27.230398898234355
9,81,293056.0554458031,59.61939023240621,27.0744996331193
9,82,283570.0129623145,70.51225706426715,26.888245274630645
9,83,266716.40447198995,75.21910737993879,26.813183020381793
9,84,274868.3219281227,80.94060567076683,26.800598997388185
9,85,369725.1218352077,38.675195599187994,27.712051910604615
9,86,369725.1218352077,38.675195599187994,27.712051910604615
9,87,269526.06142364023,72.58557284367451,26.820127778738176
9,88,332073.28471789946,45.69569960297884,27.41156682308975
9,89,279437.4731518409,66.80631115785418,26.939456978912588
9,90,252665.41891790577,87.8047572173227,26.96478264061728
9,91,297667.7250607998,57.564896432256916,27.08429474935089
9,92,267083.94390072476,73.28152417158651,26.9086058906694
9,93,336682.2862985816,44.89349938390787,27.416696809165863
9,94,299530.6826800016,55.679711852265406,27.089204344769506
9,95,340454.54066634236,49.3324350310035,27.07339127505845
9,96,261243.5819840327,86.9959498803385,26.81317522828185
9,97,340950.95992720994,45.996531755957236,27.403268233824182
9,98,255076.4231729359,88.10515730239753,26.74435286512218
9,99,297473.5508341758,70.77180117939882,26.83307621445952
9,100,288667.0539758094,67.58346835048813,26.894813927951052
9,101,287744.0035863397,69.20802128695262,26.870016284651403
9,102,300471.5738794855,52.51414859948734,27.26968330797924
9,103,313045.8120965467,51.22490002079125,27.243435937825303
9,104,300504.43326822034,66.70256856093461,26.745159238569155
9,105,298976.65975393454,61.9196378919653,26.956215407241135
9,106,348064.59307855344,45.177931515330556,27.404803682078878
9,107,299656.2630968952,68.03789329129192,26.82228576944761
9,108,256357.84228746634,82.85063157637968,26.960489429013354
9,109,268787.1374479221,72.20688328512439,27.033408905197465
9,110,265083.4366229959,87.39060018908346,26.798604052663045
9,111,286444.92146634334,72.04010412835744,26.723301672263272
9,112,254273.57535952964,85.16620093169117,26.951388001171676
9,113,295593.0959841231,61.68040019304062,27.03579950305444
9,114,299567.62234553247,61.259971717270666,26.84306318485578
9,115,270366.8866643901,64.21216347252636,27.090077935793797
9,116,297385.54425013403,60.80990972680111,27.0226238375843
9,117,300462.5407837174,55.35583616652844,27.031873386248872
9,118,278179.25577350805,69.86407721163286,26.908188895748392
9,119,285828.0409400166,73.46477317043886,26.74264607197158
9,120,331196.15307331545,50.290516585617276,27.175370511072536
10,1,156253.6635223367,65.75188130659683,26.827346084239906
10,2,301210.75822130067,32.376553867682674,27.495332470708888
10,3,189824.74783512077,61.28252091435042,26.746550957812047
10,4,189824.74783512077,61.28252091435042,26.746550957812047
10,5,176093.12911394055,72.27928888638729,26.77306023251353
10,6,312846.32398300816,30.851103548018862,27.43368551305999
10,7,300609.84969088255,33.874690533491275,27.40618478739991
10,8,204022.80297911665,37.611692595991634,27.09231771665265
10,9,204022.80297911665,37.611692595991634,27.09231771665265
10,10,239113.6525276022,39.04245650994388,26.85364888953479
10,11,205504.65111256938,40.45408290364429,27.02959742488523
10,12,214674.93931250143,35.27426921002697,26.967173719621698
10,13,205700.55238536396,40.91674668498208,26.973267987624354
10,14,229642.81841949327,34.54998638016694,26.9577234212395
10,15,179347.41202581616,40.94114940389809,26.93637423351184
10,16,208047.0444484773,38.50764758987104,26.933053543186617
10,17,215447.01850501934,36.14573596996776,26.962429999705584
10,18,193127.69594923293,42.93814196704944,26.894255348428267
10,19,200239.8359301713,40.576264696671934,27.067403356458826
10,20,203800.37713265856,42.601471903171934,26.910063273185116
10,21,195306.91058053874,45.2043867292995,26.89361762191779
10,22,218690.26326580893,40.29711522698189,26.929508686184008
10,23,191355.7622648578,44.39230002763028,26.91065587527553
10,24,200699.08932479098,38.859497137396694,27.056517729193793
10,25,205943.7307189985,37.465469824088814,27.07340895661678
10,26,204625.85279434588,38.48703220667737,27.03670307644073
10,27,188521.79968045722,54.19948688022709,26.77227900523507
10,28,184733.72454935976,54.930395975216484,26.761900424561922
10,29,200955.80348302488,44.580452992321646,26.887519870167147
10,30,226825.7379847784,49.96988097572316,26.795976625115003
10,31,178562.66977166253,45.78643700562719,26.950352971248712
10,32,191854.13838205795,46.32376455620836,26.798345688503332
10,33,167193.90373096493,55.360485051969036,26.823820509137704
10,34,179857.6582917743,62.01128525194399,26.780716864903482
10,35,172392.57400821702,56.46895476397049,26.8031921092862
10,36,177422.6823190038,48.92235547440447,26.836702119101155
10,37,194257.2489897264,55.20488045683767,26.75938503233261
10,38,231961.89260073678,39.43314096056978,26.905134444110445
10,39,167549.6059216911,60.113144800030035,26.807564677451744
10,40,167549.6059216911,60.113144800030035,26.807564677451744
10,41,163446.08446164787,58.955244945497924,26.85200774969759
10,42,161091.70219144464,61.279299909014185,26.863874452927142
10,43,160037.037495684,64.8100972683117,26.864335226047864
10,44,160037.037495684,64.8100972683117,26.864335226047864
10,45,170021.31873644082,59.51276283788062,26.811507545144003
10,46,190361.01910526978,53.958838414068396,26.78033793911117
10,47,171853.3434109206,57.73448906117307,26.819669033439105
10,48,225278.6179877395,39.905632993201756,26.91092505992946
10,49,186871.4002412941,49.569772408022224,26.81036670538095
10,50,186871.4002412941,49.569772408022224,26.81036670538095
10,51,224057.11031187148,37.96744073697358,26.921114376538945
10,52,224057.11031187148,37.96744073697358,26.921114376538945
10,53,238118.03615936334,36.26936221698148,26.909571910836803
10,54,222153.29928517673,40.515597337005715,26.928677376136363
10,55,184034.4712343937,63.76488093984851,26.76877381600263
10,56,174273.97974993926,50.50860758600327,26.879510065028768
10,57,161542.65378793777,63.38212498328921,26.81839750010011
10,58,236592.91473726134,40.23234626270498,26.89444961882866
10,59,160717.77058395723,64.28632720080655,26.870001512442414
10,60,181367.98679520973,47.074983082314745,26.858181718228245
10,61,178036.27083013722,47.39952263618753,26.922616879879044
10,62,175067.06344262898,47.8356343013974,26.931049708215205
10,63,175067.06344262898,47.8356343013974,26.931049708215205
10,64,203383.32506509105,38.20549822293143,27.06111716158125
10,65,203383.32506509105,38.20549822293143,27.06111716158125
10,66,166438.27186812053,59.36284437576628,26.82965006935173
10,67,164271.71028388102,63.87374795171215,26.805505766386233
10,68,232347.31559703697,36.5431823932364,26.926523917180347
10,69,166715.6917027677,58.317748287499896,26.818088519469164
10,70,175156.15099140833,63.19954772375698,26.77306581355311
10,71,172332.56345685216,51.79167004832846,26.856149804031865
10,72,234249.06771139742,39.85371771999303,26.89795885779983
10,73,234249.06771139742,39.85371771999303,26.89795885779983
10,74,236713.20892075414,36.885068566495605,26.922910491762217
10,75,194758.02482295674,45.42285164081807,26.874189511298326
10,76,226344.19958407656,37.19193559004845,26.931840589885418
10,77,182684.19989816117,45.60386399844503,26.84887101240848
10,78,168639.96446453902,62.7917715073242,26.80223472393333
10,79,168639.96446453902,62.7917715073242,26.80223472393333
10,80,232580.411145085,36.97614714744299,26.90392638679183
10,81,168158.16450255978,53.62254140557383,26.863028586240638
10,82,172438.01901296034,50.7916635144895,26.859558233908942
10,83,180331.13536004323,57.07815900340839,26.781560000841473
10,84,173385.39132130664,52.8269216988827,26.80753728246725
10,85,181802.46756689623,51.19514624035544,26.79083381050671
10,86,230867.06921421894,44.909524539006526,26.830447911293305
10,87,175442.3468249551,58.87107967305683,26.787734595036937
10,88,222519.53073080536,38.22299563655438,26.961172990770685
10,89,165154.08402999063,59.80767687037805,26.82390098257114
10,90,180115.80862488563,58.04686678184309,26.790702611116565
10,91,180607.21545458797,52.30688508080342,26.810553837855593
10,92,164966.803971099,57.26449035032658,26.84252537964791
10,93,176181.10098567948,48.95462261499439,26.84568522138275
10,94,183379.51872911403,52.55778420236695,26.780781364788503
10,95,171343.9855619328,51.62795456339723,26.87296785081036
10,96,224902.47708199738,51.210732235328386,26.787531050187482
10,97,167072.19027980344,56.76728470805554,26.848127811822906
10,98,173373.5549931114,58.31012449193675,26.800376146052812
10,99,170755.1505397937,52.32572061830435,26.85794439550837
10,100,206664.31889356903,46.04384994492433,26.83972758586804
10,101,207278.43669861398,40.63742389312606,26.83552787693734
10,102,193610.79438646918,51.339576364773784,26.761900424561922
10,103,207185.26925042688,38.346799823591226,26.966828543067706
10,104,184730.5039496743,44.834150779523625,26.902033457197767
10,105,168267.87703133567,53.414272881510506,26.827975815334838
10,106,168267.87703133567,53.414272881510506,26.827975815334838
10,107,174457.73317560577,64.41651303136967,26.794086549975212
10,108,175819.57378813656,49.592802782321805,26.844767167499214
10,109,176295.21422981023,50.41633348395273,26.84434400421324
10,110,178743.6383934539,50.75380974718973,26.83151170466879
10,111,179380.23063797023,47.084572547441816,26.832976725065187
10,112,183892.25595284151,45.05833176856338,26.93636721355712
10,113,179804.87467530018,46.02550476434522,26.93412110048186
10,114,189904.31541888852,46.0848808502178,26.83432527464803
10,115,176471.376462563,50.49593947493351,26.836729793599346
10,116,160722.94372416858,64.44001572017524,26.826932965491032
10,117,175377.6161696538,51.47261323301027,26.82657458283837
10,118,167001.6160354241,57.23079569942402,26.9010302562723
10,119,164730.1925369954,59.85794704924745,26.84744011340571
10,120,175091.65053454138,52.80750725304013,26.844188077289175
11,1,401213.83788015123,44.973477249140515,29.333031657217198
11,2,386793.54736280727,44.446462999437585,29.595846312459713
11,3,386793.54736280727,44.446462999437585,29.595846312459713
11,4,386793.54736280727,44.446462999437585,29.595846312459713
11,5,386793.54736280727,44.446462999437585,29.595846312459713
11,6,386793.54736280727,44.446462999437585,29.595846312459713
11,7,375277.33019544417,45.3321489226245,29.103644970350835
11,8,288724.3709177106,68.52628952145334,27.70732361730912
11,9,387081.0968079276,43.90702541365705,29.63704729554292
11,10,281345.53664533095,69.38335270898318,27.855917224326884
11,11,278098.6784451378,70.17144272581342,28.02341827451439
11,12,278195.58576768794,86.04206103743951,27.37300979958083
11,13,296132.5487145375,80.47687694931757,27.42111221312569
11,14,315819.3391637137,50.90515767609967,28.102692664406554
11,15,302709.4760059118,60.24928671964853,27.71647376453733
11,16,304961.0015208085,75.0914250794847,27.481224696386427
11,17,304961.0015208085,75.0914250794847,27.481224696386427
11,18,287260.4929631682,70.94122919708515,27.52196962097098
11,19,307841.33976167155,58.768313476170555,27.80323624438049
11,20,309986.54134337837,57.60962448525287,27.549263374454338
11,21,299267.88497064833,61.12374495304438,27.797918824988002
11,22,301638.43906272965,75.84688315592808,27.445196638752808
11,23,282146.95999714395,69.00133628055924,28.13576387680331
11,24,311963.57794006437,54.10862756255204,27.89337825140315
11,25,268678.50443641754,72.31050280998622,27.80317159306355
11,26,305105.2799244684,52.82031755253857,27.961374269092033
11,27,294965.1689203782,83.40818155805916,27.404804397800845
11,28,263851.1858363076,82.92871241032431,27.87407267984053
11,29,318212.48894024105,54.924335116139545,27.817772524592932
11,30,318212.48894024105,54.924335116139545,27.817772524592932
11,31,314865.66057079326,74.5485067296902,27.488141563054178
11,32,284021.19863744045,70.28889192896337,27.84351646015028
11,33,292702.57395194075,61.86286271857231,27.594972365194906
11,34,286076.56780468754,65.4385935665657,27.723376101638898
11,35,275390.9437702064,70.95971388486083,27.772717815950404
11,36,307997.61986291275,60.38877958477162,27.68770784055233
11,37,305290.00080541807,61.354936898571,27.544450402674837
11,38,304842.14839764487,52.58441140617822,28.05799366216892
11,39,292545.4722019633,61.49172848004172,28.04873820951979
11,40,263863.5518945304,95.39350420423743,27.788375551226657
11,41,307607.92780869064,60.86243928804465,27.53879881213847
11,42,324389.5699498767,52.001643293478836,27.82867869028704
11,43,324389.5699498767,52.001643293478836,27.82867869028704
11,44,302334.03766123595,69.34130022820521,27.556738524609788
11,45,260104.12081368465,109.71099991466365,27.70532733057408
11,46,308215.08500958007,63.28224188446781,27.50306157123264
11,47,286087.4238075422,78.68258352577924,27.452005254347835
11,48,288795.7548398715,68.52257364475578,27.713006890644863
11,49,291454.990726628,68.3487256747206,27.690471814486415
11,50,291454.990726628,68.3487256747206,27.690471814486415
11,51,408260.97976512404,39.82301629272862,29.730549537723817
11,52,304138.4774310858,55.95209015734208,28.07825747467671
11,53,304138.4774310858,55.95209015734208,28.07825747467671
11,54,392302.0739651638,41.82699728007534,29.709976011026974
11,55,403703.3865438985,44.90158969388746,29.4496000826993
11,56,310561.8014837373,55.502564575212546,27.617838495566975
11,57,265727.65169085993,106.04773924636615,27.70469130209443
11,58,263547.8299290801,106.84892007213703,27.71388740334133
11,59,316097.56484505563,54.9649127465782,27.81885022558
11,60,288293.05454908963,65.01358976279289,27.75164043091203
11,61,320145.0497809278,45.43104408152435,27.92899896947726
11,62,288496.7077100378,70.69198830016543,27.64116940070291
11,63,296667.9759549981,78.19355729493581,27.349010609418297
11,64,291554.7756529113,65.05752314412013,27.673556906090784
11,65,284192.8263879165,69.54981227806846,27.705427638198834
11,66,280223.9167722297,84.88525366409912,27.43535581486743
11,67,324407.16609573347,53.852618454959355,27.644677946562695
11,68,287371.26139281224,70.48857282857519,27.641969788208286
11,69,267436.60242927965,84.54610447841038,27.553940858566328
11,70,319604.85033611633,53.71005601987485,27.828037246740685
11,71,298824.7821037619,57.41326986072248,27.903994890108287
11,72,337228.399868551,53.19208588710655,27.749799590513323
11,73,265938.55054341536,92.38829516927291,27.549514511550093
11,74,280279.6706167569,72.34092284190604,27.72172203334522
11,75,274393.3493183305,76.72049043351159,27.594771991544068
11,76,299582.42851237435,58.38037767492777,27.83985553543453
11,77,273405.6322863486,79.9695818188658,27.540295903057462
11,78,293929.8897251871,77.54438806806162,27.43899267305349
11,79,315905.5741558019,64.97520671787316,27.485750378343198
11,80,284693.9509375359,69.30675526260153,27.77932911766424
11,81,310467.1159617946,55.033410559804636,27.679604866719902
11,82,269095.8019798878,80.01293067241998,27.629445539555253
11,83,279024.79574164737,73.02931334051183,27.58471369134576
11,84,281419.10088182095,84.88117529571356,27.428157680646027
11,85,281342.7464951395,78.90874695496382,27.493102121852974
11,86,277747.8397646111,73.88589711145453,27.50047382922323
11,87,276531.2340947704,75.58462553582142,27.628908164794627
11,88,317203.8984600822,58.50637181277163,27.450104634065358
11,89,298472.2002179777,61.49278659404982,27.946188107000793
11,90,381476.01631270687,45.06039411270937,28.964610768194444
11,91,307475.94896131067,50.542494078046744,28.152396545499254
11,92,302218.68261799304,55.99961681312354,27.83625897149838
12,1,213172.20181770294,52.2987865665357,26.686837113492267
12,2,194801.35418421222,40.17379619541206,26.87885846269149
12,3,194801.35418421222,40.17379619541206,26.87885846269149
12,4,194801.35418421222,40.17379619541206,26.87885846269149
12,5,194801.35418421222,40.17379619541206,26.87885846269149
12,6,217245.7735657887,45.30658333020551,26.703885840737847
12,7,217245.7735657887,45.30658333020551,26.703885840737847
12,8,171162.86418897993,66.36141337214971,26.823250848794444
12,9,213653.0772410073,30.46259695934783,26.846576416644204
12,10,205480.87592246648,36.164186476232324,26.864018457426788
12,11,209445.9276252979,35.13524553740447,26.843692612221275
12,12,209445.9276252979,35.13524553740447,26.843692612221275
12,13,203958.18692843465,37.33586589210339,26.851588106800286
12,14,196351.0586395111,38.234884591259174,26.839019599903736
12,15,196351.0586395111,38.234884591259174,26.839019599903736
12,16,181128.5043731196,65.58517036672913,26.77502964028575
12,17,173368.4214862476,56.257653032669296,26.792709421224004
12,18,202578.25519940746,59.5225589861149,26.701965292221843
12,19,183481.70144395856,51.3749443374112,26.827835326071217
12,20,188910.09201192466,61.60652541575035,26.72393100978217
12,21,176976.75183515373,66.08387043083808,26.749738554174435
12,22,197663.81258778585,41.74584148024786,26.812226558619336
12,23,213099.17281551845,52.00353470244437,26.696763799946247
12,24,215585.17710325395,45.11878451436236,26.726002994585784
12,25,200093.3733687561,40.0635064028026,26.7565101606707
12,26,213454.35513513235,49.115201019789644,26.691180188699718
12,27,210036.95042719564,42.70906248669928,26.734076330381363
12,28,199386.14111302656,39.46874767438502,26.81277570537562
12,29,198727.65985558685,43.681662404376645,26.765771931703014
12,30,198727.65985558685,43.681662404376645,26.765771931703014
12,31,211724.38524399587,56.51334399423282,26.708290213277415
12,32,194242.49874360027,48.4289341274651,26.767408105205952
12,33,204231.1157362895,38.166150552108476,26.810511625971117
12,34,208169.98801973966,35.271897625377555,26.789048586242508
12,35,208169.98801973966,35.271897625377555,26.789048586242508
12,36,182589.7062652187,52.4383525595873,26.820584025805537
12,37,207620.53330673694,36.536367407505615,26.815331440640982
12,38,212388.37657352816,36.487794235445456,26.75905273513019
12,39,179502.1411345965,60.39449178735511,26.77967032625535
12,40,202581.52659237385,54.603823752832774,26.7161635465174
12,41,205981.40547930324,55.202677817528965,26.71051545937525
12,42,205981.40547930324,55.202677817528965,26.71051545937525
12,43,188440.33587065738,44.73793649799102,26.810821432036775
12,44,199329.2736040054,60.733649723919,26.716672307299554
12,45,186067.8101204027,49.70248009601187,26.807643319952966
12,46,185958.39033700374,57.605605600819054,26.735229028199853
12,47,197366.01749100228,46.78358957131378,26.766429083566486
12,48,182985.39268085302,55.79924263326616,26.77620039672776
12,49,179753.92616632616,54.28526764438691,26.801087944316883
12,50,183063.26648709713,54.23420370270842,26.796243143095474
12,51,190648.23044048127,50.33801398824173,26.78205315808612
12,52,205301.6277695262,53.569460241834,26.71464787676004
12,53,191537.9854587922,47.12763258593768,26.775481198331207
12,54,210562.57883815217,46.78096355788001,26.717445263764
12,55,182488.40428313258,65.82647501020747,26.728974872067894
12,56,184584.40689882322,53.74086888553882,26.770838825766184
12,57,184584.40689882322,53.74086888553882,26.770838825766184
12,58,214497.6885536743,45.917513483278995,26.733675498930374
12,59,195637.77647407234,45.70019029029587,26.8007794939343
12,60,187975.00889113382,45.91680610104168,26.80348575789568
12,61,195979.43684347323,43.35277768479691,26.822826458976216
12,62,205013.5027986857,36.5910912226594,26.84533471866913
12,63,188717.76964177415,56.721961691979416,26.74620002197122
12,64,188219.07762604152,56.92218622180102,26.762582561512723
12,65,214890.45614700922,46.24323320650254,26.709481842165644
12,66,172612.58692104818,60.30885374107881,26.80226335345204
12,67,210805.85767756292,46.231667669029655,26.72418940864278
12,68,187367.82206261906,51.156617192927904,26.79050051385999
12,69,192854.0662308783,46.200656288716175,26.78342990184273
12,70,192854.0662308783,46.200656288716175,26.78342990184273
12,71,188993.1083540536,54.13241709643428,26.763693660784114
12,72,205153.78010254068,36.86790555238255,26.811538186414957
12,73,186367.5888768076,52.628822195946256,26.790361525438946
12,74,211970.20620349905,50.28092404425625,26.703113406750468
12,75,213132.59944622728,46.35897171068615,26.72016213399605
12,76,213132.59944622728,46.35897171068615,26.72016213399605
12,77,213132.59944622728,46.35897171068615,26.72016213399605
12,78,198408.53403182988,43.52244287664851,26.800375906543053
12,79,198408.53403182988,43.52244287664851,26.800375906543053
12,80,190429.96780577573,53.383813018089974,26.731565651486434
12,81,190429.96780577573,53.383813018089974,26.731565651486434
12,82,190429.96780577573,53.383813018089974,26.731565651486434
12,83,187254.78416301397,51.27899706501216,26.769114144160802
12,84,187254.78416301397,51.27899706501216,26.769114144160802
12,85,192016.09962459528,43.39201098375948,26.81349551089035
12,86,205259.63521789009,50.044332641266024,26.7161635465174
12,87,189095.90566676835,54.243862685508375,26.757778896353507
12,88,197651.66925755044,48.19403942487838,26.75846222161926
12,89,196035.13295055763,51.731678926378706,26.71730348727619
12,90,196035.13295055763,51.731678926378706,26.71730348727619
12,91,199974.2503214931,50.65557065438553,26.741066687289
12,92,199974.2503214931,50.65557065438553,26.741066687289
12,93,186967.65646005142,51.34007827757192,26.805599122358693
12,94,186967.65646005142,51.34007827757192,26.805599122358693
12,95,189259.48010714224,51.57759265133846,26.732545738371897
12,96,194097.6238827426,50.66068027672863,26.731329827711534
12,97,171181.3589754762,60.696184384749735,26.78045649374431
12,98,192156.7206457169,52.181771003486055,26.718011374518284
12,99,184547.23191444963,58.464792190614965,26.757186314374955
12,100,200491.9391843323,49.15966066664638,26.726435178939305
12,101,200812.44815986318,44.39640877181198,26.735216271140153
12,102,185348.66571127888,46.319402554150784,26.82156830287454
12,103,184203.58346841208,54.84894951066106,26.79078173419552
12,104,196173.7562436956,43.02063483879063,26.839019599903736
12,105,191251.02071905628,59.37900044970118,26.71899850792075
12,106,201310.49399408879,37.73733212761894,26.871997079252324
12,107,192573.17880825937,51.237284907267934,26.735825234611205
12,108,181318.1530110254,58.68077995663922,26.746262471803874
13,1,252443.4461717834,43.29067176748942,27.229840474725563
13,2,210628.60195224965,68.67290168236484,27.068698651539982
13,3,251042.10709530453,39.51176584999968,27.316207569283456
13,4,229583.8571631748,39.937644305135656,27.405855802867208
13,5,229583.8571631748,39.937644305135656,27.405855802867208
13,6,159775.61594034077,94.02608492597672,27.153944496392945
13,7,159775.61594034077,94.02608492597672,27.153944496392945
13,8,157265.90700735836,87.80126722865025,27.210001880162665
13,9,242334.5146447247,40.49090635878131,27.32681847517531
13,10,211187.07576938835,50.58062983441815,27.3654746149328
13,11,230648.55452703996,42.645966288743,27.235472366329084
13,12,228588.653278463,45.30266342271601,27.262671187625095
13,13,211576.8997436069,49.56840574420355,27.348252965564726
13,14,217371.2973121697,48.263742221402055,27.1485562644475
13,15,217371.2973121697,48.263742221402055,27.1485562644475
13,16,248828.4753024904,41.399275717323334,27.326739422837278
13,17,214403.52015324225,57.18252359971527,27.084233322002447
13,18,182527.4376760173,62.28413049014831,27.26908311192151
13,19,229502.95955555688,41.09507546965078,27.332475525727624
13,20,249850.46552280386,41.82308596830742,27.293935413227736
13,21,198254.15981370868,50.8461650913005,27.30600396850503
13,22,194283.91341482633,51.46307105343935,27.204751023192685
13,23,211244.89108100758,50.720625603600794,27.27903717777076
13,24,193713.7124750654,70.67778370738719,27.089863466339473
13,25,170307.47719145662,88.71473047970498,27.085857389174713
13,26,159704.16936898296,91.51046968591598,27.189710664660765
13,27,184532.95662747216,59.54387597033653,27.262405158294797
13,28,161992.19398962427,80.67107685005998,27.18750162110502
13,29,213262.12491502071,54.15329066551143,27.155437765679338
13,30,185392.9476877896,76.1321657881469,27.09776397143574
13,31,212219.38977141623,45.53457487765532,27.167008102908078
13,32,212219.38977141623,45.53457487765532,27.167008102908078
13,33,165820.61725718895,71.64395756175658,27.161623957570193
13,34,250892.87213389127,43.85068639648646,27.226222748296706
13,35,199885.23952974778,59.70849503308244,27.159736468093115
13,36,196929.08765727634,51.33254649324063,27.242650489495205
13,37,196929.08765727634,51.33254649324063,27.242650489495205
13,38,189025.69575930742,65.9885101554789,27.116130406990337
13,39,159000.20154491742,86.42115235801148,27.20865461144448
13,40,163973.62926793363,80.08489873514701,27.233860600737742
13,41,175232.5075375425,65.02090728760702,27.17309268998705
13,42,167769.32257888012,84.90738354627067,27.13315950128299
13,43,193209.13503477012,67.19839891744121,27.09929663789
13,44,187668.68823017593,73.53549973159389,27.118574656056104
13,45,205363.7309978304,51.10482883849802,27.294369479411642
13,46,177991.99527129158,63.160930256553684,27.17825706010352
13,47,202800.46422291553,58.106407007147254,27.168941633006163
13,48,204566.94768519915,55.87874732071737,27.16461656828813
13,49,171825.9803217637,79.3437233421317,27.092230287625263
13,50,176577.12547801886,73.33336351054594,27.123708842284053
13,51,208587.25277764868,58.57421984925709,27.114622115340815
13,52,161734.1450286727,82.23401722094576,27.209534119509073
13,53,160277.4614357209,84.14719829123237,27.216469240679345
13,54,188070.66501269065,67.90786916651109,27.115066429964564
13,55,159706.67784874263,91.77128978973491,27.172402356255887
13,56,192192.15324849833,72.36081995366987,27.11015654892691
13,57,208313.64664143237,54.20833735679161,27.140765555412734
13,58,210716.52837519086,51.21738938165384,27.22174597653732
13,59,172511.4614677965,77.97872767725335,27.10176902862117
13,60,212133.67342841515,52.20813762372182,27.180980564175464
13,61,212133.67342841515,52.20813762372182,27.180980564175464
13,62,190734.4956382656,72.55583625425821,27.105072156609594
13,63,211382.59395206277,60.83928759953194,27.08443416587683
13,64,175691.5014864601,74.45551216394573,27.1053148126186
13,65,207020.27180911088,51.3875736858899,27.193694782199927
13,66,207020.27180911088,51.3875736858899,27.193694782199927
13,67,201958.4333234861,59.567117676592076,27.131448116684787
13,68,174308.85268998294,76.8149240090415,27.127341100143283
13,69,174308.85268998294,76.8149240090415,27.127341100143283
13,70,179775.8426835583,79.88888026304765,27.08668371234834
13,71,179775.8426835583,79.88888026304765,27.08668371234834
13,72,169874.99250401856,82.92794590673279,27.128649160606017
13,73,205559.7171525109,54.573080047528805,27.185213290931962
13,74,199250.24190137538,54.95039831302136,27.186562499391826
13,75,166804.7129855384,87.57642904353894,27.09857632645722
13,76,204428.82104140194,58.77210716848205,27.15099626548413
13,77,160550.69210488387,83.45609976080976,27.216469240679345
13,78,170559.41688033985,85.84460328890482,27.12467337826989
13,79,190058.23118057734,63.156853256419055,27.14461803586977
13,80,169262.9993916191,83.7577621988374,27.134502591269204
13,81,192788.29337383504,54.79863164228199,27.226014069141428
13,82,207132.72454509974,51.6068728454117,27.189231967915866
13,83,171734.87766089587,75.28851689341585,27.144973931205186
13,84,174007.2325027877,65.66162407618356,27.13314945503378
13,85,204457.48957513127,56.31771673765101,27.18066607892137
13,86,199173.8374606161,56.96600437101081,27.187100409155207
13,87,158153.9520351752,87.38300609627323,27.234400138659332
13,88,158153.9520351752,87.38300609627323,27.234400138659332
13,89,191723.17577920842,74.8672926469385,27.104960352375066
13,90,171391.15195412695,85.74152010510737,27.10406432944746
13,91,184029.19304922744,64.2485697377998,27.134070750216658
13,92,161291.766075377,83.66318890647248,27.151361235900914
13,93,207973.3332996371,59.16404894093806,27.132219427107863
13,94,173452.939357653,63.30460317895348,27.181056633978542
13,95,173452.939357653,63.30460317895348,27.181056633978542
13,96,181771.19115377165,78.60400716020597,27.085276095060692
13,97,181771.19115377165,78.60400716020597,27.085276095060692
13,98,184825.3124190005,58.32796837135798,27.183743790892862
13,99,165048.15325458482,78.48724611138094,27.17075309216341
13,100,169938.1992868607,78.21963579183786,27.136328106661658
13,101,197053.69489231208,62.88185377331776,27.109587250007692
13,102,214176.98845645424,48.81580882009312,27.102635103698233
13,103,214176.98845645424,48.81580882009312,27.102635103698233
13,104,182872.90772534016,60.66318025209722,27.171057525603295
13,105,182872.90772534016,60.66318025209722,27.171057525603295
13,106,198088.61960986606,63.098696734030554,27.09115799544775
13,107,187769.10297704357,64.27754889199325,27.12261336093605
13,108,206669.19027741684,59.04945284623777,27.133312321961796
13,109,171105.5499863837,82.5577330928734,27.122957557412583
13,110,172570.0107181758,74.7302709722895,27.136308283781695
13,111,171220.13682632506,76.50181989699271,27.145590283914125
13,112,184874.38378250098,74.19293884599105,27.109034980569163
13,113,172353.33506932948,78.23639153284523,27.122004066122393
13,114,196988.59559916533,63.962727843182314,27.130930962127422
13,115,197380.75237883037,58.99610649157642,27.178330582865136
13,116,185116.9339081494,73.92307676127993,27.123010797250494
13,117,169272.84100082912,78.28570310435366,27.13086311919752
13,118,164802.79328179048,74.75423898206316,27.172061470538168
13,119,171474.14969305883,74.19453689053715,27.146725097809174
13,120,202581.15803115338,58.932271397511435,27.157533845302886
14,1,402013.95480174175,41.76643198927077,26.79435166169796
14,2,249608.35863459125,87.84290682532657,26.648380851412
14,3,311344.53831148427,64.29122246091535,26.50867307812385
14,4,379190.3579869398,45.447066387207066,26.88417119338684
14,5,260283.77010782913,90.25234103520066,26.5792382932299
14,6,347808.6384593718,45.52654793303755,26.79245776230202
14,7,257519.7926288277,77.7077420008352,26.667404507908664
14,8,380358.2215918318,41.98942488857613,26.646381367694403
14,9,329220.2039021688,46.1946828685988,26.667042350069877
14,10,267992.71464655705,84.87656229692361,26.562703277974578
14,11,338290.83610408264,45.99874001968226,26.63018596109122
14,12,311983.81230621063,49.22858416911227,26.622477726136793
14,13,323351.0577598102,64.14426953361212,26.513885049001495
14,14,262117.55418693667,81.86226967698711,26.58655268980629
14,15,255430.2505179851,88.64724410028873,26.64345501224775
14,16,318281.03863886895,49.895884996663476,26.554373157759514
14,17,265711.2085915425,74.1588123863749,26.576711034044465
14,18,335600.45486548654,49.45803642977971,26.609025702362032
14,19,251144.06628585656,79.29558825644804,26.661529356403236
14,20,251144.06628585656,79.29558825644804,26.661529356403236
14,21,284931.61050656746,75.47332083632577,26.52802753472814
14,22,255860.13315480933,78.237292946626,26.641874098285754
14,23,308131.0475760633,72.46458670878675,26.522571344368735
14,24,269658.5617574141,68.45723539340088,26.616052925695215
14,25,306111.27476091194,65.24592140763345,26.53175404378205
14,26,283941.3223062883,71.55215567551056,26.535134918835887
14,27,258648.10731067328,75.86382982293863,26.593860300532384
14,28,266422.91073140875,70.71159594254213,26.626537040577034
14,29,303032.528835847,51.59573848575688,26.63565285912867
14,30,283195.2232886188,63.3674355364255,26.55572062927937
14,31,259288.45753643283,71.85697264141878,26.664887348950202
14,32,324593.86591081443,57.77739140889104,26.550079864967138
14,33,277279.81545262295,61.93146654143006,26.580925223993404
14,34,258104.3196404798,80.92163308647719,26.626136989981426
14,35,258104.3196404798,80.92163308647719,26.626136989981426
14,36,315743.77707700623,52.2171699401724,26.60217187401085
14,37,276930.6544752951,72.90560122569255,26.5680070336714
14,38,280216.41890702536,61.17805427753332,26.560242958196795
14,39,263108.82090177096,72.69242404980777,26.61067432579336
14,40,263108.82090177096,72.69242404980777,26.61067432579336
14,41,297091.65712736273,58.65802632007513,26.55189543479321
14,42,274699.1631240421,64.4948121142818,26.601179007856075
14,43,270947.3178492639,69.39557785130883,26.591058142990633
14,44,294627.5284642956,67.99178370721725,26.544552659586294
14,45,291227.67282068945,57.79329980650217,26.588610100052
14,46,290651.7534590479,59.78402528285563,26.568077547423954
14,47,271491.4890749506,67.92649478990332,26.617520243287053
14,48,287301.76980009885,67.36198500201304,26.549787738608295
14,49,287301.76980009885,67.36198500201304,26.549787738608295
14,50,308179.68438214215,62.91140412100217,26.54217057597414
14,51,290123.87268157024,60.79526792380483,26.565562018971868
14,52,290123.87268157024,60.79526792380483,26.565562018971868
14,53,315216.9307435631,52.94179809057231,26.559390791067557
14,54,313473.7375862762,52.03160402721723,26.609114138909455
14,55,276950.65840943914,66.05508455139156,26.550945794916423
14,56,286756.6622571782,62.33714197643138,26.55108959290002
14,57,300103.5935180397,54.78780280595965,26.596689075257835
14,58,261210.02471026976,70.17807422268285,26.647393653236072
14,59,270275.5258129146,69.41498803228765,26.600509908458186
14,60,276058.3113667895,68.13966914621788,26.590418160554137
14,61,271545.57582453825,77.37187018645528,26.548410312515912
14,62,300518.1870013154,55.75411328679791,26.574772823745192
14,63,300518.1870013154,55.75411328679791,26.574772823745192
14,64,298701.92658943677,55.008707652300565,26.60979058047139
14,65,272223.0688596631,65.81044158811733,26.595014376669646
14,66,272223.0688596631,65.81044158811733,26.595014376669646
14,67,315413.4111425184,50.73811299104487,26.602625857439975
14,68,315413.4111425184,50.73811299104487,26.602625857439975
14,69,296559.67904469214,64.57930516873978,26.548665215872376
14,70,279979.8500747184,56.87134211132734,26.58897611884943
14,71,279979.8500747184,56.87134211132734,26.58897611884943
14,72,282055.76363856206,62.945457882101536,26.559919174770407
14,73,303640.60386724997,52.04570867032006,26.604393518929825
14,74,308046.30885170214,62.92381084210463,26.53392437520308
14,75,301605.0538890726,52.93085589032876,26.585085686187703
14,76,262323.43326414167,76.86810327143566,26.570026409912728
14,77,262323.43326414167,76.86810327143566,26.570026409912728
14,78,298059.1029730748,56.27014652685875,26.616479405203528
14,79,295879.89428549365,65.26634930655739,26.54158283205514
14,80,292491.8932222799,57.33681335254548,26.571015303188524
14,81,292491.8932222799,57.33681335254548,26.571015303188524
14,82,302837.5932972161,53.98398964672943,26.564279129624836
14,83,300424.5354152825,53.969904842558144,26.606997785823566
14,84,304804.8684894041,58.867169827198595,26.546887356724817
14,85,267102.69549060724,70.02455196304284,26.63361942439427
14,86,305039.0349922417,53.268123688031274,26.582389092275314
14,87,298950.125807217,65.59277393877913,26.539182932638447
14,88,298950.125807217,65.59277393877913,26.539182932638447
14,89,299858.95604139013,53.26790513648636,26.624302262438405
14,90,285273.85086734296,59.44447895518178,26.58358521886624
14,91,285273.85086734296,59.44447895518178,26.58358521886624
14,92,301955.6323887342,53.695564995504114,26.57964287528084
14,93,290944.2080199567,58.87535867588014,26.570679154188923
14,94,300434.88960047194,54.24513061424629,26.60147152284805
14,95,300149.8040260991,62.766428579889734,26.546974137427824
14,96,293179.17690800276,69.92989974101796,26.5490562601751
14,97,301335.2940136002,53.568495614394195,26.601586089523543
14,98,297183.9369135109,69.87613951087975,26.540231016914788
14,99,299367.7785683191,55.89286005802558,26.582639655990064
14,100,292247.1640879599,61.006204184421854,26.555550580486596
14,101,268115.09821722074,70.15863780247334,26.568821707849494
14,102,288818.4033119919,61.11376747365344,26.568780893413894
14,103,289003.0561014028,60.843023067609565,26.569964337041924
14,104,297263.9938524559,57.14699240139182,26.584335464167154
14,105,303546.2943110915,56.59701552118523,26.550492539388657
14,106,297425.6474499387,66.00987696903438,26.541435647351207
14,107,277043.246620316,57.624754375224086,26.60965838464604
14,108,269913.04351480457,69.94014938794068,26.578974756918186
14,109,299561.6193389861,63.02772082755736,26.548795686119348
14,110,298727.26572259766,56.49627137142668,26.58649137142565
14,111,308172.1587003635,51.674196011095226,26.63290324074279
14,112,308172.1587003635,51.674196011095226,26.63290324074279
14,113,270958.75178802066,68.07655784430489,26.61053879652853
14,114,290455.88218188967,62.0725009698086,26.551504521360314
14,115,290455.88218188967,62.0725009698086,26.551504521360314
14,116,266805.05414776574,72.84290618257292,26.579982639878317
14,117,266805.05414776574,72.84290618257292,26.579982639878317
14,118,298988.61762718216,61.982314023523884,26.54992003854916
14,119,297274.60509278445,56.36971079660021,26.610566644245637
14,120,299753.84160494007,54.843807915344726,26.585039936822405
15,1,301774.71654024697,39.55155188334157,27.302859048840233
15,2,301774.71654024697,39.55155188334157,27.302859048840233
15,3,301774.71654024697,39.55155188334157,27.302859048840233
15,4,301774.71654024697,39.55155188334157,27.302859048840233
15,5,301774.71654024697,39.55155188334157,27.302859048840233
15,6,301774.71654024697,39.55155188334157,27.302859048840233
15,7,280484.79331297183,40.87965150515716,27.205124656253524
15,8,332557.2991188265,36.506241246512836,27.48187390608191
15,9,332557.2991188265,36.506241246512836,27.48187390608191
15,10,332557.2991188265,36.506241246512836,27.48187390608191
15,11,332557.2991188265,36.506241246512836,27.48187390608191
15,12,310534.0920735083,40.539059986603334,27.151206393146715
15,13,305116.9772094865,39.02527977945738,27.31461670601498
15,14,305116.9772094865,39.02527977945738,27.31461670601498
15,15,232455.59721142752,56.542479390292094,26.842720363930376
15,16,232455.59721142752,56.542479390292094,26.842720363930376
15,17,232455.59721142752,56.542479390292094,26.842720363930376
15,18,232455.59721142752,56.542479390292094,26.842720363930376
15,19,232455.59721142752,56.542479390292094,26.842720363930376
15,20,232455.59721142752,56.542479390292094,26.842720363930376
15,21,320283.1869900541,37.70907655339504,27.457148465679126
15,22,247041.51289616444,48.36309601612908,26.872407347123094
15,23,209855.67919962434,94.80562548938643,26.740266677977274
15,24,233954.93947566245,56.33341836626866,26.836545172393215
15,25,321240.55629791156,37.73263159878784,27.377186277390287
15,26,321240.55629791156,37.73263159878784,27.377186277390287
15,27,321240.55629791156,37.73263159878784,27.377186277390287
15,28,228844.87017730356,55.942972275015116,26.85782678012074
15,29,224942.36452903747,60.680239558856606,26.73859605891287
15,30,241133.56326121144,47.69375539360162,26.930140423842026
15,31,234279.95663218678,52.386019490564884,26.816042972454355
15,32,216637.1331063576,66.07085790421176,26.731079680413984
15,33,216637.1331063576,66.07085790421176,26.731079680413984
15,34,315074.5420113179,36.0834259114345,27.48200674936308
15,35,207524.2797491711,74.52378612894017,26.811918768979602
15,36,207524.2797491711,74.52378612894017,26.811918768979602
15,37,266683.5882421697,41.83760198710273,27.098037337162125
15,38,225508.39697536075,68.08256040721145,26.721732363923984
15,39,289330.8123978221,39.61883435528859,27.200450150642624
15,40,338302.36176103813,34.2866763228322,27.543852313935922
15,41,250388.78552302998,47.76731696622703,26.930027067892006
15,42,250388.78552302998,47.76731696622703,26.930027067892006
15,43,216066.62548595533,65.07781741687593,26.769712558021716
15,44,237219.69307281793,55.7082914153597,26.807625136401036
15,45,222055.31019847537,57.63035421606874,26.809938603722912
15,46,231012.83269209327,55.93859945243003,26.848677526327798
15,47,231012.83269209327,55.93859945243003,26.848677526327798
15,48,231012.83269209327,55.93859945243003,26.848677526327798
15,49,231779.9468824658,57.244410708813845,26.84447197506927
15,50,231779.9468824658,57.244410708813845,26.84447197506927
15,51,210543.17534061446,64.66353671096755,26.82993158195579
15,52,263024.73846131767,42.38734038516288,26.99431476333647
15,53,201344.37151486066,92.41219229956567,26.862150084050064
15,54,192994.43474935816,98.1583377344093,26.938434103752343
15,55,195148.0567975888,95.59633672554583,26.89178788435715
15,56,334763.24329745135,34.81947031717505,27.557308887969683
15,57,200909.91424807833,96.28943259570765,26.830879176246775
15,58,206466.4670545308,80.04937334413528,26.764860637707002
15,59,264022.8103240171,42.83024769831321,26.9534699322801
15,60,208827.46477674495,76.38404841498186,26.795717319372628
15,61,218237.5145393362,53.584148455082996,26.8657229385731
15,62,239060.3083474116,54.468539498139435,26.806512056368476
15,63,240834.74930126598,54.82786033547487,26.798760266166546
15,64,221959.21856763092,69.62467920199238,26.71085011639019
15,65,216111.52140817023,69.82721016141655,26.742899337260084
15,66,218492.03290579005,75.10588078454659,26.713544431131453
15,67,200818.82357932947,95.51651303231407,26.943719549353922
15,68,204992.71386116886,70.41735976516307,26.830176159838587
15,69,218935.54774243484,58.19633728325546,26.76776614721055
15,70,194683.22863873304,95.45270895731443,26.95512054739578
15,71,219026.62284893764,57.90041785734167,26.823091189715065
15,72,303891.37156978936,38.413325688978674,27.338951752152944
15,73,212394.98518488082,80.65034988355904,26.755448213228483
15,74,215529.5013845594,69.87401852334976,26.776754840861514
15,75,206752.91643624954,75.03305779153456,26.805079038151653
15,76,216749.6887741598,54.0963259180014,26.909369028648854
15,77,217399.04887981174,60.85283003290159,26.869873992423756
15,78,227618.67089278746,50.034099292269694,26.858177101269952
15,79,205885.18395538846,78.30116505644004,26.766128295125824
15,80,205885.18395538846,78.30116505644004,26.766128295125824
15,81,291036.1510141892,41.045145200343384,27.152740208377466
15,82,217996.03511364135,56.50795361191962,26.89615988696434
15,83,220997.06306067144,69.24245708281724,26.7175477976348
15,84,212182.25600452672,70.53205978724525,26.78898241648104
15,85,232991.89184767287,54.441906881000165,26.838193856824788
15,86,252262.4880258659,44.12317674546331,26.894202049310735
15,87,226991.87217122482,56.17072807737269,26.86130013641604
15,88,212438.64973831343,73.71191763096654,26.740362637303114
15,89,202143.37702843014,87.04420263367386,26.83916253987529
15,90,333825.034605001,36.06627605329097,27.48187390608191
15,91,202649.98429004216,75.18393656486876,26.796543749069123
15,92,260771.32202608944,43.75008761448682,27.1965843670095
15,93,218402.5574545984,64.37678200307177,26.732886169337178
15,94,208633.4905306008,64.70670994018104,26.815741465412152
15,95,208488.47458880488,77.06196280312501,26.79048408740219
15,96,216847.11645424087,66.19309272306877,26.72426462901891
15,97,215757.49793101527,64.5368555962771,26.818858562167186
15,98,219864.7391584008,72.94847924628745,26.692979597850638
15,99,217647.909088367,59.21680019846332,26.90923182113813
15,100,211305.34291133936,77.36208943190873,26.782249631639964
15,101,212903.41337137297,64.9167952035515,26.778015733840462
15,102,225697.53106938093,53.011985838057136,26.90611083119436
15,103,211627.31753815603,71.01286432033694,26.802439802194037
16,1,266192.55605902756,34.19296818693552,27.08307985319034
16,2,234617.76348205068,38.927933879398104,27.237269725283724
16,3,260140.76940410843,31.850555047049706,27.103767233628382
16,4,260140.76940410843,31.850555047049706,27.103767233628382
16,5,222156.9198971675,50.77771907104926,26.850132113294812
16,6,173140.71386117986,72.39366320632655,26.931974946508966
16,7,169455.59060464456,69.15947482215577,26.944791131128696
16,8,208064.99296078275,47.91669716376855,27.158576241270573
16,9,173657.3061394297,69.30893047842217,26.940142277746993
16,10,237721.77840769046,37.7149245707264,27.187163048435877
16,11,254176.075786743,34.12050779858795,27.229711836538087
16,12,254176.075786743,34.12050779858795,27.229711836538087
16,13,199578.2463447508,54.956546720509294,26.916477383282732
16,14,181031.14050224342,61.275878401234884,26.901113823850622
16,15,196021.88953540975,48.202642180581826,26.991321250888042
16,16,265409.3501973285,33.58510308632194,27.095977940047632
16,17,188044.01235081285,56.71290582959582,26.90715776875323
16,18,254930.06259621424,34.71534402312517,27.20256859184218
16,19,254930.06259621424,34.71534402312517,27.20256859184218
16,20,181058.16635742103,67.83920289696088,26.878479822322852
16,21,223341.3035115047,39.82321269926249,27.141803402055864
16,22,242164.14162894854,40.786688850802136,27.046510357368426
16,23,238188.08968425763,41.97632276742734,27.0219322290949
16,24,200759.87010283401,54.00916126085112,26.88428511224189
16,25,171797.9879057965,64.27803765877388,27.005243355069616
16,26,193226.71010522865,49.94739346387264,26.92801060750049
16,27,172687.17906937492,62.85285307019125,26.989737231629334
16,28,257483.04953098609,39.221409065287844,27.031527275435003
16,29,259518.30887650413,36.01252855882346,27.074932673023362
16,30,207573.08226781897,48.28841149599932,26.969421679750525
16,31,232811.2011792266,45.81013050486849,26.885376725533206
16,32,209539.8725885495,46.48752432983634,27.033615172399145
16,33,198639.35437516915,58.422351160795756,26.89860493451691
16,34,255933.47588378304,34.79628988894934,27.112965270172076
16,35,222814.35282777713,39.83028246931888,27.126156375395396
16,36,252093.36902496385,36.869944272995674,27.193669470858467
16,37,229374.33592441163,44.74072109744699,26.92465696082325
16,38,226861.53243514552,42.811742828430575,26.926612481364018
16,39,263662.99845628074,35.71755951973593,27.0704749142687
16,40,212193.98145378378,46.18314110350255,26.999813017599365
16,41,208330.83276347516,48.07471983146438,27.010005641911363
16,42,243974.99137599816,37.42008965584131,27.144516177321456
16,43,214209.68673718703,46.886541707040934,26.950006845160495
16,44,244193.09675460687,41.72697598480661,27.021279603514962
16,45,248720.88688232622,37.59327830859659,27.087832013383
16,46,214572.36156242614,45.32137739790522,26.97248214587524
16,47,204030.7509467207,48.93611334674041,26.974795823707574
16,48,191110.61231246986,52.948104245189064,26.93750868543905
16,49,206447.09581573776,51.996764903495865,26.896301316702434
16,50,179452.08076010944,66.37460499469812,26.927808435662442
16,51,220235.98180951978,49.73929418055312,26.892584618744785
16,52,226351.6313670847,42.05035847296247,27.083399422381746
16,53,251072.12657917026,40.30026941164678,27.052940953815266
16,54,179742.24664037602,68.37512323576928,26.868826608398997
16,55,176912.5065684356,58.92402676353134,26.988440963476513
16,56,178280.8458872759,58.042538426115385,26.9549219672826
16,57,178280.8458872759,58.042538426115385,26.9549219672826
16,58,236115.88647306134,38.38213484030934,27.187163048435877
16,59,202634.9972058374,53.56634937154313,26.871810991828404
16,60,188666.41558916576,65.71320817765663,26.859904449501137
16,61,253581.8947281033,35.824375936787725,27.12471587123222
16,62,253581.8947281033,35.824375936787725,27.12471587123222
16,63,211456.87547583898,55.597601450132686,26.867973386038038
16,64,219124.1538065268,48.71570894480038,26.92468123592851
16,65,186196.41619794868,50.95096858601376,26.98128011598596
16,66,217354.51353186075,43.53736041694133,27.105493396728598
16,67,221858.9251669225,43.256407702773664,27.0702317324846
16,68,184674.60086993646,66.3223035085596,26.872982737985858
16,69,175961.95121156852,60.249957447845,26.950642671285387
16,70,192001.79968175277,60.198607664854215,26.85743652199418
16,71,264455.38690497924,34.917067989111096,27.0973792120813
16,72,246367.7478002798,38.665050175324005,27.09638566986454
16,73,191882.79570079476,63.6713399796847,26.890854695624903
16,74,211400.0415252358,57.218913958789884,26.866540619483075
16,75,246731.850069578,41.071669168138534,27.04226029328092
16,76,184371.971516889,53.311570558730786,26.918396908045132
16,77,216804.56000200292,44.838962418706515,26.97079111104565
16,78,250245.6297111484,37.48545924909661,27.078732608620513
16,79,261619.09239334322,36.74031561102306,27.06430396125039
16,80,261619.09239334322,36.74031561102306,27.06430396125039
16,81,219909.1917517633,43.7973924874687,27.06762897147069
16,82,183460.75171134862,52.21428942212243,26.97766579467102
16,83,260995.46578793452,39.021286453200084,27.05168206952768
16,84,175133.70875200114,65.54871849824059,26.978106673286064
16,85,226633.04771169374,44.567594069481515,27.040003433558496
16,86,226633.04771169374,44.567594069481515,27.040003433558496
16,87,182711.62061932508,56.826980856259816,26.976173982342218
16,88,264721.5854609487,34.47079495869387,27.10019160801206
16,89,180917.28505437827,64.61508282733517,26.888939943929444
16,90,231062.00980312104,41.32725986748848,27.079624311685563
16,91,231062.00980312104,41.32725986748848,27.079624311685563
16,92,260084.4960673753,37.16413765868589,27.058211862646033
16,93,257313.51377520297,37.955235908630186,27.067571608759984
16,94,224545.99026421574,49.06807759361686,26.878389353306147
16,95,224545.99026421574,49.06807759361686,26.878389353306147
16,96,190052.05345514137,63.89453408842434,26.867803953912173
16,97,172535.3297790198,68.8670665627242,26.98566360350258
16,98,189495.02899097395,59.75358962144465,26.892094280675977
16,99,178561.70568258924,57.55796029776524,26.978011400715182
16,100,184553.78844118104,59.30561231443266,26.896178174074883
16,101,213075.06729768438,44.90979537591614,26.978737950377948
16,102,242197.7831734322,38.29913456445711,27.109680273369676
16,103,185688.68594083577,51.291409337525934,26.97340036976214
16,104,201987.54892270197,51.370491390092184,26.896844654829394
16,105,192484.5608704387,51.56125534024678,26.926922199112035
16,106,243549.60009311806,38.164988891161464,27.125135189875557
16,107,213008.32168200318,43.72009271690026,27.091140083008774
16,108,173494.28039010102,64.9242222435885,26.98798166320079
16,109,187312.83336209325,56.93047714197377,26.91808558823179
16,110,212571.72986042476,46.83645385854207,26.952846686389805
16,111,237179.45211353962,41.68890473560651,27.043392598277975
16,112,183715.93394797505,57.041853396708945,26.9436899153265
16,113,224538.7363618892,41.75452607678385,27.10295004772314
16,114,189273.70474122168,64.6460947505456,26.863865948965525
16,115,236920.41557334605,38.95675627057684,27.05752569521701
16,116,251427.71179841083,36.93895699360646,27.08880394547503
16,117,175284.14268244835,64.84600182801172,26.985471806720454
16,118,211558.16086388938,48.164203335220236,26.93659286488215
16,119,175947.47298242603,64.70138061580198,26.932106047626228
16,120,226420.39458194003,40.98586890558434,27.108081997988414
