Cluster,Solution,Distance,Turning,Elevation
1,1,305881.867503039,16.937584582409468,34.019259086101286
1,2,305881.867503039,16.937584582409468,34.019259086101286
1,3,338257.0721483697,20.23652316863711,33.70612262035553
1,4,338257.0721483697,20.23652316863711,33.70612262035553
1,5,187108.21907170687,78.11885998980637,32.6336800900944
1,6,187108.21907170687,78.11885998980637,32.6336800900944
1,7,238484.01439255872,70.06260443662207,32.285762631169845
1,8,195716.62919209304,85.53097395571109,32.44845925934692
1,9,195716.62919209304,85.53097395571109,32.44845925934692
1,10,266698.4707888302,24.60128060156708,33.02995405127228
1,11,266698.4707888302,24.60128060156708,33.02995405127228
1,12,295488.90994202247,24.205088682308094,33.44564925681015
1,13,317550.0609306815,21.560627924012056,33.55927389813368
1,14,290997.7527044496,23.89356051354946,33.701244940250206
1,15,336782.40685606946,20.345397762981285,33.663926579370084
1,16,295187.3162148565,20.401404765351344,33.849326341353716
1,17,309653.9758068345,19.70990086362857,33.958233608928346
1,18,295763.9274938969,21.831473512183877,33.83965209080485
1,19,291510.1533910034,23.758037941943453,33.71713269326224
1,20,260022.8593690244,29.791241591610177,32.80747589270868
1,21,262212.45596794295,26.40023501305532,32.86768394218724
1,22,262212.45596794295,26.40023501305532,32.86768394218724
1,23,265003.3235472161,27.39400292719824,32.67112581226375
1,24,193989.952403715,64.68669388742367,32.70910728591638
1,25,252900.35929690266,28.955975234146404,32.982867836246676
1,26,302128.9706097282,21.996779287915814,33.534388693943214
1,27,313568.9492963261,22.10753215361633,33.533720169196144
1,28,253907.93267763598,29.7688452728061,32.93701160900305
1,29,253907.93267763598,29.7688452728061,32.93701160900305
1,30,197510.04817581625,79.69621637141071,32.42950003940281
1,31,303031.0010524745,20.95268474904834,33.62417021537807
1,32,303031.0010524745,20.95268474904834,33.62417021537807
1,33,295679.56076973525,24.043538085586114,33.47764206797086
1,34,297083.0357050735,23.103459089300053,33.46815542809572
1,35,297083.0357050735,23.103459089300053,33.46815542809572
1,36,254918.32417625768,29.769713410408794,32.85064239721706
1,37,302602.09220159694,21.05797980359236,33.62417021537807
1,38,305834.93556472147,18.83568748435099,33.97175045137057
1,39,291784.33925417543,23.489926716699376,33.71713269326224
1,40,308249.8216062639,20.53130113506247,33.66441909855756
1,41,308249.8216062639,20.53130113506247,33.66441909855756
1,42,219474.86105056584,48.86294235362958,32.41284232788894
1,43,192866.92422600332,65.30072226114322,32.6752406699796
1,44,256177.9546260814,29.541126693448856,32.811669779112464
1,45,256177.9546260814,29.541126693448856,32.811669779112464
1,46,235408.55442439328,49.97423701892169,32.325221392814186
1,47,223626.1843691368,47.46011478038819,32.326127654944145
1,48,222081.28995018298,40.00348038595645,32.54530164542511
1,49,212042.58102648915,44.83907442998526,32.697939778019176
1,50,310377.4658540141,19.03357386418712,33.95851193232002
1,51,201109.40257091742,76.47653986424508,32.33391708599173
1,52,207638.13556906543,75.04745081180565,32.28904117161579
1,53,197180.64615181542,53.84595109803441,32.606807483996214
1,54,215488.05966546698,54.87201596423732,32.35918075627643
1,55,305660.17968905374,18.86036301302524,33.97175045137057
1,56,249992.6465742026,29.589763380352615,32.99459192793801
1,57,249992.6465742026,29.589763380352615,32.99459192793801
1,58,244407.04948302067,34.09113380124238,32.55208528314676
1,59,202504.71522928425,81.86183101243502,32.32778292935441
1,60,229384.19836861175,36.20793246977734,32.528147009451125
1,61,189138.34647645688,74.0621001501147,32.58595585746797
1,62,254440.30935113068,32.62655019908399,32.39497917412912
1,63,243462.98018735246,38.91533548127053,32.372414264231
1,64,237681.94623821267,37.31483519343469,32.39128471442263
1,65,236474.38976530515,39.23909518423239,32.49619484814224
1,66,258013.10869155638,33.84946746388476,32.38471137747695
1,67,315059.18922157993,23.332668679403053,33.44593102867922
1,68,203410.26548361202,78.31317954057012,32.30972470151187
1,69,227870.43686619445,35.62068943469833,32.55091126425937
1,70,305622.4587267057,22.53577775598438,33.464780766743225
1,71,246803.25972227546,35.25285583483778,32.39749180063808
1,72,225897.54542973416,57.07437895155251,32.308293807416774
1,73,227512.50745073907,38.80433996026976,32.59507165887375
1,74,230797.6988861228,42.32660584043792,32.416009148452936
1,75,190463.60770283215,73.53692354930816,32.56792769419854
1,76,240947.8486723505,36.66960946159876,32.376763395222795
1,77,200640.19303718017,81.05549468587535,32.36130259717616
1,78,251292.75509614532,28.82268757164884,32.99459192793801
1,79,198210.47135582633,83.43568636612753,32.37441236360017
1,80,192442.49532524613,72.74693461295519,32.500465352374604
1,81,205785.88863989722,56.569161693823276,32.46786285028874
1,82,213562.3684260144,45.66047660504112,32.41717874718475
1,83,195059.14748635347,59.95551619969811,32.59791922421442
1,84,245599.49364168485,36.345755326284156,32.37592009259288
1,85,210036.7955644144,63.68436308730701,32.33697003023531
1,86,199687.73857233723,59.3812865491788,32.5349873674014
1,87,196054.388808412,84.15049680748412,32.342923731926334
1,88,196054.388808412,84.15049680748412,32.342923731926334
1,89,311540.6116255157,21.739665622334957,33.55632162580079
1,90,311540.6116255157,21.739665622334957,33.55632162580079
1,91,219847.92378966228,41.4252670980314,32.56775074187839
1,92,248468.89126059695,31.483269143739072,32.41358178362698
1,93,195503.92582983887,68.51770025918482,32.560485766322515
1,94,199246.5489427942,81.11666495523505,32.36106378883233
1,95,248057.8796651475,31.82054146271489,32.43490240911822
1,96,206174.49998188918,64.15675386228008,32.40567974444282
1,97,211379.0705296431,51.23645243909954,32.459724265345926
1,98,221460.01967832923,42.13629369833904,32.50610986498682
1,99,305097.8515515135,21.83754009472061,33.55751360019151
1,100,259587.39209656577,31.120909813068046,32.473928322991554
1,101,255907.23203924426,30.49373840412795,32.80894833230758
1,102,197822.3260986421,66.19128291526363,32.497628789489966
1,103,200490.57170803167,60.905282136197314,32.4745748814783
1,104,209361.14677746943,52.01866780831984,32.45474124217575
1,105,219755.28862630983,44.353079312727225,32.42692967455915
1,106,201067.35146240314,69.22690953809062,32.36019493438451
1,107,231103.4089402646,43.04327844281026,32.385070545852365
1,108,193586.68227241503,70.31791271905377,32.51167823902934
1,109,232695.70831169328,41.43184966487966,32.38625339803397
1,110,189894.86645365515,77.03679627954756,32.533111377996065
1,111,189894.86645365515,77.03679627954756,32.533111377996065
1,112,233936.66508259685,74.92604887421015,32.289006598067886
1,113,244085.6812396781,31.870091643783546,32.59601816569809
1,114,239720.86588033132,38.10730246126303,32.382713918802956
1,115,239720.86588033132,38.10730246126303,32.382713918802956
1,116,220914.38242306828,55.59865399722719,32.346481924216164
1,117,196210.01080411175,69.63460419359284,32.52220894066221
1,118,213135.35583609805,66.82904555045093,32.29333415714619
1,119,194092.26808467275,65.78673455219939,32.6131190247644
1,120,224774.28048196685,45.158346541144226,32.33698189749944
1,121,195829.0311545637,62.775770583322576,32.528179591155606
1,122,254849.25960579733,30.782731174159345,32.70839485218019
1,123,251493.8481345567,31.216665661479286,32.40449114665219
1,124,205497.19242955674,70.9958074792834,32.32659954808955
1,125,214306.4149116559,53.00353057204742,32.372787836479006
1,126,209474.99377200994,54.988405923764226,32.42208501528037
1,127,337828.16329749214,20.34181822318113,33.70612262035553
1,128,210521.16908632044,60.44128825036974,32.35151346723022
1,129,254376.13623848528,28.210294683507783,32.987091156837536
1,130,254376.13623848528,28.210294683507783,32.987091156837536
1,131,217310.43411762675,50.64595847791124,32.381734994791984
1,132,214333.15158036206,44.85620214677657,32.51889106324782
1,133,213542.83181982444,46.27582421453128,32.61693164552004
1,134,213542.83181982444,46.27582421453128,32.61693164552004
1,135,207959.3761602371,52.34939427095012,32.51020491301951
1,136,259678.74022987788,30.079880772786048,32.40080136046585
1,137,190965.90072862257,68.27725574689694,32.63222255572149
1,138,217669.40887558373,43.55380867377977,32.52802599907218
1,139,221666.75794004684,58.06853603874382,32.32460856143197
1,140,225500.61909672298,43.89875896207577,32.376022016807276
1,141,314544.291514635,24.020703489512805,33.450561019876695
1,142,196348.4639553237,71.57718855987756,32.44514390803215
1,143,203532.27071971574,59.655174116150995,32.492394811125905
1,144,192038.80429347922,72.46723713205874,32.57692992619556
1,145,200076.66779582284,62.68611590941187,32.44470480062928
1,146,216164.88481395817,45.18485843335235,32.41717874718475
1,147,196509.9562907499,62.23486069961159,32.55653750136989
1,148,233015.12113566135,33.686110855341866,32.591740682571874
1,149,216724.60642570048,61.52064721270988,32.31802317103214
1,150,227700.222902567,36.73866029146311,32.51367206917219
1,151,191556.336373022,74.5389892328509,32.543601190099736
1,152,210513.35436477806,50.375053603060614,32.56668504713443
1,153,221072.6972831365,57.610220827695635,32.32545992311812
1,154,201805.64138023823,68.38407447172533,32.36232667227726
1,155,237566.52624729706,74.59354106251476,32.2874679380559
1,156,218671.66051077517,58.854758080480245,32.32084025616549
1,157,233450.5452883418,39.6430485399395,32.35939895465381
1,158,218553.5823186244,56.307970853024244,32.354305075178516
1,159,204724.7396429723,72.16698812908331,32.34245199232674
1,160,203222.88590902076,71.31187240165299,32.35109350654283
1,161,205101.14465950715,67.41988520505707,32.38481403031571
1,162,208497.90940511355,64.60148392324173,32.32534489197276
1,163,192550.03027845154,65.75991577025924,32.64981821837779
1,164,192550.03027845154,65.75991577025924,32.64981821837779
1,165,198000.34501013765,67.91093486709343,32.38437500471461
1,166,222384.59283930575,43.74953617136773,32.48183360603914
1,167,240736.63090249003,35.41435721374477,32.39119614276657
1,168,204345.66976065346,68.17601478414387,32.366510685869656
1,169,211959.9125546174,47.9275474413874,32.61693164552004
1,170,211959.9125546174,47.9275474413874,32.61693164552004
1,171,200094.55198854528,82.74114882851393,32.3470978863916
1,172,188194.1320299968,83.14891031138592,32.62177541829434
1,173,188194.1320299968,83.14891031138592,32.62177541829434
1,174,238600.159111107,33.44788908456844,32.61913250928194
1,175,238600.159111107,33.44788908456844,32.61913250928194
1,176,206741.60656718654,65.69626607793398,32.36057255590759
1,177,219942.2924810322,52.1647971032961,32.350153196114064
1,178,218796.9141026994,61.712084289374566,32.298388665813036
1,179,207819.81974170514,53.424018060556016,32.44829801001322
1,180,218696.46999206714,61.854260872852606,32.31223871864758
1,181,313022.79848633904,23.190027245794628,33.453856794199496
1,182,313022.79848633904,23.190027245794628,33.453856794199496
1,183,222478.41151979886,53.21434366982479,32.30832593679325
1,184,206518.39622572792,64.8034986894957,32.38530975366525
1,185,188534.6224375392,82.436525915692,32.600972828664275
1,186,188534.6224375392,82.436525915692,32.600972828664275
1,187,209592.92354782348,57.27154122312015,32.41026325246254
1,188,247216.95484710997,34.00617851324017,32.47452798252475
1,189,204052.63632457357,55.946744677249974,32.606030904167056
1,190,220915.45534487354,58.594509440685435,32.340261852084744
1,191,201136.36387377855,66.88940964030074,32.43109335761466
1,192,205301.29378149068,67.11631007002208,32.411211285919386
1,193,219116.84924716922,43.37813811593107,32.616934516449135
1,194,222110.1915902301,51.64917554477261,32.33598370676793
1,195,208269.1958070011,58.320629410264736,32.41448209087106
1,196,190330.23433681866,72.36135692911586,32.580700757617805
1,197,208102.92461661773,60.64575566869197,32.378652049453294
1,198,206605.23154230084,56.27099866275698,32.48685202833045
1,199,203450.80377599178,55.95209303053863,32.572111574013704
1,200,233572.82543607737,50.05869840550069,32.31931620027708
2,1,274913.78810266894,28.683733697884318,33.24343956164032
2,2,274913.78810266894,28.683733697884318,33.24343956164032
2,3,153037.7825309073,81.80025861039222,32.8500883712926
2,4,185143.15757235448,72.125211658372,32.62321552433005
2,5,166163.84747049955,86.43505339360844,32.67101002460457
2,6,243888.8096536258,33.11541609655739,33.151035832846105
2,7,263691.3290659092,29.673739576409112,33.062274367388945
2,8,199089.42935138213,39.20305155269034,32.9626408611658
2,9,162885.2542571724,84.35252353817344,32.70215955487363
2,10,234419.95206478974,37.11362956591537,32.92482142940747
2,11,249423.79387006644,32.760002959960985,33.02082328362059
2,12,244009.98959838183,32.922699928897934,33.151035832846105
2,13,211345.4262451454,36.11261405104364,32.99946977926785
2,14,224093.46549737945,35.165201028862086,33.07152183741098
2,15,253990.51353918618,30.335320259608515,33.11351730127508
2,16,250898.7497127254,31.539910543536124,33.12007156366015
2,17,250898.7497127254,31.539910543536124,33.12007156366015
2,18,255557.53208214528,30.72976690780734,33.05243892711798
2,19,260251.98492044513,29.923240317124346,33.09297732346133
2,20,201927.8876571146,56.11524006566514,32.65348159759254
2,21,194829.1473509141,39.53394500734586,32.881639614339775
2,22,236529.93007268748,42.174065506235735,32.71811790521212
2,23,228625.2905674542,40.17119052432765,32.86548636746136
2,24,236026.51149783083,37.07001395842679,32.99248822760477
2,25,258406.7434529135,29.824483021391575,33.09663566130826
2,26,219178.90264002077,66.92771913160283,32.63127390628241
2,27,207729.4644193458,57.44454026210196,32.647587517927015
2,28,227481.80143109418,37.34039125968686,32.906438531996066
2,29,251339.44501118895,31.331400097075136,33.089430489632264
2,30,189626.52209996877,41.34908746972746,32.90111843878756
2,31,204377.0279805286,53.10891852734203,32.687516915544556
2,32,242137.38661036678,35.561929756364364,32.995808331274546
2,33,239531.34532188164,35.75641512505595,32.89247595101407
2,34,233374.64955271623,33.943708233522194,33.09827719373984
2,35,201036.5040606644,37.58526470518266,32.93450818134199
2,36,201036.5040606644,37.58526470518266,32.93450818134199
2,37,259473.0118664234,34.953250045061424,32.9811725047553
2,38,205868.8663929259,45.387799019661436,32.77099688087495
2,39,253401.2384986818,34.18741637874797,32.98795513260292
2,40,231983.69440755696,43.57782204049828,32.71290403327457
2,41,248412.05769975614,38.37360061525419,32.83574209939925
2,42,153110.78591712264,82.95935657824087,32.830098119211954
2,43,209650.50861347845,50.27445300811087,32.664357817320166
2,44,156734.12588897214,75.23306296416389,32.740553471611086
2,45,168947.78453380193,83.4065143042606,32.67316195727353
2,46,252847.63296600597,34.81557691532975,32.999427733509734
2,47,154577.40396865658,82.7023454189629,32.774999702332956
2,48,188555.26705427648,46.672505449075445,32.78071306249635
2,49,221302.73190027507,47.34897896025313,32.71231163823278
2,50,156153.98421420084,77.89359188436467,32.750649596560244
2,51,160011.7614237399,80.5587942915567,32.73260577908219
2,52,193015.44530994823,53.865338563307795,32.66474498705787
2,53,247382.15767798168,32.33427949630264,33.04613377540216
2,54,247382.15767798168,32.33427949630264,33.04613377540216
2,55,233696.90889327705,37.08455684920231,32.94669361407675
2,56,233696.90889327705,37.08455684920231,32.94669361407675
2,57,196665.02809882935,60.74937129972815,32.64793650958097
2,58,238963.68070755736,40.74040845243228,32.715450835547934
2,59,185262.76669603874,45.496881659843254,32.8884921566547
2,60,253362.1295159837,31.71457180313805,33.05463821375039
2,61,227716.18484550965,37.236164821219894,32.973518425095186
2,62,162466.79964457836,69.3523957281491,32.736747629559176
2,63,175211.23821295786,77.62054838551163,32.6819247747311
2,64,168099.02212414113,55.58170316184919,32.78705758596312
2,65,191220.88108023422,42.50984646648571,32.87097298870599
2,66,164868.46486040502,68.44823294785596,32.71391853576602
2,67,244759.13009932954,38.30706041250223,32.84420814050303
2,68,226092.28664984615,42.822237770029574,32.74632501447492
2,69,178241.9373992493,49.49479022484137,32.77479093915644
2,70,166952.54860968367,63.11651135150287,32.77750771660202
2,71,155587.54325394848,80.10688922926987,32.747539329504086
2,72,251363.34109417046,31.04120167835468,33.09053715529101
2,73,213571.59277174372,48.12651997825626,32.696605356723246
2,74,246563.25336600468,32.49682337799733,33.03662297362221
2,75,246563.25336600468,32.49682337799733,33.03662297362221
2,76,232449.10733640692,38.87764601511707,32.859199691793634
2,77,224816.69841066786,40.82741834201655,32.84069980514353
2,78,161288.4356940555,63.9606622497325,32.8197582837447
2,79,246570.51350558453,35.61010882707513,32.97030473707712
2,80,169868.85193581623,81.99966556625488,32.69151373430045
2,81,173415.35348884814,75.86173565244358,32.69291809033771
2,82,221898.06756773268,42.65348961812919,32.75676900020634
2,83,171742.10150228432,78.75887761555562,32.70882881307595
2,84,171054.3653185013,80.7514194856662,32.68300424785025
2,85,244769.5626289277,32.904710395225514,33.04996537217806
2,86,216540.168252865,40.22228550821098,32.87421537674827
2,87,216540.168252865,40.22228550821098,32.87421537674827
2,88,207344.61466266317,44.546712150077546,32.74378443496817
2,89,163262.86218587152,79.34990008664573,32.719308875627846
2,90,200322.50481568914,46.14631624542472,32.754959793493555
2,91,165648.8597450284,64.36480614130755,32.761321455458386
2,92,183680.96722353145,50.92754969664552,32.728162216852375
2,93,243081.68764838306,33.992341100639464,33.00140197291138
2,94,155568.60155488498,76.57893320743771,32.82378794408652
2,95,165296.12760544434,63.61865947846227,32.76303641159416
2,96,168737.81795299472,81.34460776538293,32.69808933357228
2,97,185371.13386643524,58.11443399568555,32.71878990821962
2,98,168709.30819549898,51.59731924242107,32.78867889045512
2,99,224501.0344749472,33.962473569862524,33.007654562745756
2,100,227270.16013080167,37.41863814036115,32.90198675279402
2,101,209000.4846733982,53.33023195408902,32.635686109824896
2,102,185230.9095264725,58.88047714658208,32.7256610233952
2,103,193965.78824432427,40.66040728825131,33.0068566551495
2,104,174413.83715481087,52.02622190358172,32.769166768487956
2,105,229710.68428379158,43.64703319785073,32.68480770082876
2,106,181734.3747753278,70.62402112315897,32.670327180944824
2,107,217330.0784239767,47.93336237660049,32.6913168892733
2,108,229655.62622362937,41.16851613107344,32.82843120963093
2,109,159627.14100325498,68.10278048939243,32.77650589611687
2,110,204800.45585909893,52.608390617522154,32.65348159759254
2,111,246550.2498416871,32.68816944460834,33.05154257040529
2,112,188062.63509150088,44.447128290259876,32.814699385309275
2,113,186180.97123061446,65.90636648989951,32.68572697634277
2,114,166281.96552598296,60.00948159101539,32.79118581305706
2,115,179048.8361151732,49.079055623271294,32.84686958803611
2,116,170599.7989705715,78.81657954102131,32.6993894099569
2,117,163720.20437601922,77.27747699819355,32.727720701347025
2,118,183850.76645577906,69.5746870999044,32.66769569082816
2,119,207316.26437025654,51.12091163823492,32.66344482056538
2,120,196220.42754456605,55.82338470698814,32.654658439924866
2,121,160774.5869811206,67.68399737944847,32.854148414139416
2,122,187578.8412973215,54.675859007490885,32.721748801523646
2,123,187578.8412973215,54.675859007490885,32.721748801523646
2,124,181310.70765577408,62.539339944604954,32.7166059504639
2,125,232532.67390595528,42.85065346181297,32.72442305692794
2,126,224264.25099992976,35.01333063200074,33.07152183741098
2,127,248943.74030593951,31.69707189293421,33.11414911166855
2,128,218588.9559633257,44.04982068781658,32.73839536994104
2,129,166943.25066496085,59.207333008432826,32.79513718586602
2,130,173879.800397071,76.93040834769634,32.68498444535476
2,131,215132.60280100282,53.22635227674033,32.64816139356265
2,132,189732.03545107244,42.60254431381159,32.82303220752167
2,133,191712.88964376104,67.44770116969775,32.65086695455486
2,134,177081.34967679073,70.25901349654269,32.695247914061916
2,135,159105.22054144452,72.59647615888706,32.75398598881383
2,136,187868.47180095734,47.837206805546174,32.83884287808882
2,137,184472.68839785855,46.16126716770775,32.87304621963256
2,138,188337.24000049918,56.93980612960071,32.65873884952681
2,139,180130.5214245158,73.45545149020234,32.67438609463555
2,140,154961.9006639917,79.24146800450936,32.756364142178235
2,141,187133.87593563524,48.039564634994186,32.806134055199415
2,142,182880.97711236734,76.18475027256338,32.649725843706484
2,143,218193.32804880737,52.59135995022192,32.63676271437448
2,144,218193.32804880737,52.59135995022192,32.63676271437448
2,145,170089.87749694992,71.88858646777223,32.71046892141005
2,146,187408.13689158225,61.4996999840848,32.65998555999556
2,147,183313.02345560983,72.63844051237639,32.659338454138904
2,148,161684.378565686,70.15244707202774,32.756694103264756
2,149,165070.97402709816,60.51149305643674,32.80296262450447
2,150,186331.97265554898,65.45781099298615,32.65988715800193
2,151,175912.82897848458,73.34691185427803,32.686433444615254
2,152,200503.9805437997,48.39444119756417,32.7421957688653
2,153,192254.90631599192,43.59755755539528,32.78143509412681
2,154,171577.5590671028,62.040760604213695,32.7391040552347
2,155,183484.77998896205,59.76264934781961,32.724782686546284
2,156,232947.26602576688,42.50958989872488,32.80867326171785
2,157,195672.9093979503,57.00804268675548,32.65767854920115
2,158,214539.77949807222,41.09414333358384,32.84691928345167
2,159,157642.33074729622,74.27557759178718,32.785605351298074
2,160,157642.33074729622,74.27557759178718,32.785605351298074
2,161,158693.39788505476,74.7109900538769,32.75809479595755
2,162,189700.96100501603,66.45659453677281,32.65671211033492
2,163,186518.78540285758,62.58073120862361,32.65758834628487
2,164,221552.85730243093,43.70687465382424,32.70636951839109
2,165,164097.30377382375,60.150113319770355,32.817877311892246
2,166,177084.4399769635,70.94201664969648,32.693334922883615
2,167,164359.16960376903,66.20226798377642,32.754730329297914
2,168,182277.51229024812,67.05893335442386,32.673020955218796
2,169,194203.8419487104,43.58005383373021,32.80995587274356
2,170,206860.03037966523,50.08334693057821,32.675296855395985
2,171,208972.58267580695,49.29677527973046,32.73735873867499
2,172,162445.435226062,62.30615532571173,32.78697667127265
2,173,240329.86001107734,39.115264796982395,32.80277687652735
2,174,240329.86001107734,39.115264796982395,32.80277687652735
2,175,179280.58770560636,59.17204676352392,32.76891398477976
2,176,166216.8306630643,73.7632803393186,32.713874084488204
2,177,172895.5651188988,64.98450291381783,32.705193273612196
2,178,172895.5651188988,64.98450291381783,32.705193273612196
2,179,167518.4629522116,57.77044671459149,32.79513718586602
2,180,161568.86204895552,74.75422733495269,32.74841644964934
2,181,206355.63946616283,49.96115715218325,32.721454923401296
2,182,172070.5968952942,71.32180425472568,32.69650530421356
2,183,168473.19276355513,62.06521533558063,32.76644470364457
2,184,180109.5307898377,64.69324082569834,32.69585137791386
2,185,259859.3531478535,33.607588263772946,33.00395535877708
2,186,259859.3531478535,33.607588263772946,33.00395535877708
2,187,160659.95442136496,71.18061221407405,32.764852121056926
2,188,188228.99494107996,43.62077518795675,32.79888871474213
2,189,184096.44676627012,61.45570911974506,32.686850155786196
2,190,158938.96081311602,71.59702572461146,32.81744843810798
2,191,213747.85926267056,49.30775128137398,32.66591866858499
2,192,161603.27943338986,67.75645917102341,32.78539548864873
2,193,206646.96550106764,47.17548093974527,32.7424761022582
2,194,218425.99921876303,67.57852080020778,32.63127390628241
2,195,175996.0573415339,72.06127948676465,32.69305311122658
2,196,195240.43080082073,64.57255971207397,32.6367461246466
2,197,177614.9722823696,60.951562453183875,32.718514019578556
2,198,156213.26891643912,76.25832298499341,32.764852121056926
2,199,187929.21029517747,57.96985970514777,32.67835257682882
2,200,206547.5815347723,52.14774164890196,32.65968724227315
3,1,136308.41678713256,105.19895055774748,32.710304910782
3,2,136308.41678713256,105.19895055774748,32.710304910782
3,3,303371.3237451782,27.316765909402278,33.231365080512326
3,4,303371.3237451782,27.316765909402278,33.231365080512326
3,5,151433.64582434707,109.67915167219351,32.5991154882672
3,6,151433.64582434707,109.67915167219351,32.5991154882672
3,7,204618.56688656338,67.13060512891542,32.522153552096746
3,8,259867.50052797952,29.404712968041505,32.90047270154516
3,9,293960.52712676226,27.930666181725986,33.218070279975855
3,10,293705.76688840974,28.157410626860294,33.218070279975855
3,11,293705.76688840974,28.157410626860294,33.218070279975855
3,12,222005.0605645338,36.68390666049901,32.561490881880786
3,13,242030.85576379645,31.19997519096573,32.87794842656569
3,14,242030.85576379645,31.19997519096573,32.87794842656569
3,15,246025.05016672006,29.836369581339746,32.87794842656569
3,16,246025.05016672006,29.836369581339746,32.87794842656569
3,17,173349.75840048975,48.99799746948826,32.800166985701296
3,18,173349.75840048975,48.99799746948826,32.800166985701296
3,19,184174.37536629685,42.61264167262048,32.84660594505482
3,20,184174.37536629685,42.61264167262048,32.84660594505482
3,21,145066.9132056616,73.14417777442276,32.7354484155946
3,22,156553.6553836557,60.69636407075974,32.7693253622368
3,23,245935.29746186017,30.16739967407605,32.88851908368998
3,24,216822.3423700072,31.80392273967066,32.635093620066684
3,25,215396.25452027618,34.21557763808748,32.65016761392305
3,26,220089.62162978927,34.29678738335026,32.610504604427874
3,27,302333.0484655549,27.67768327081219,33.22806291526879
3,28,142187.93395682913,98.68631924083148,32.633593424615
3,29,299906.3539771622,27.54265253063822,33.2301486185062
3,30,299906.3539771622,27.54265253063822,33.2301486185062
3,31,214374.06755639048,35.136210028010716,32.731178171033335
3,32,141238.57967513506,102.40492527084726,32.62308766065813
3,33,141238.57967513506,102.40492527084726,32.62308766065813
3,34,242269.91271678725,30.78304066883713,32.881480815838295
3,35,242269.91271678725,30.78304066883713,32.881480815838295
3,36,211572.4976865607,47.559052074873485,32.54433393654234
3,37,185005.46865629774,46.866435569689806,32.60786821347105
3,38,139266.23228117192,90.00868992250494,32.663428013505154
3,39,170752.2667286396,58.090815383318144,32.59519996188114
3,40,167668.44483441734,85.2538160811138,32.57471621545007
3,41,141373.33896045288,97.06747006213325,32.6382150629546
3,42,144307.05830221775,82.99487594979493,32.6344723154749
3,43,137268.30357059385,87.99807462900284,32.6751550909109
3,44,152607.4002575426,81.22078527445612,32.607089410743654
3,45,146942.894310404,70.65586454936071,32.771592926130644
3,46,139405.12883304126,95.22683422539642,32.660659802263595
3,47,216738.0583965665,38.124399750410525,32.566966524397635
3,48,136992.171167445,91.45188690467093,32.68937564450056
3,49,195678.0852944189,51.96897623588158,32.53420486833535
3,50,171783.30103228218,49.3225637934743,32.784522013502844
3,51,171783.30103228218,49.3225637934743,32.784522013502844
3,52,141281.4671269428,100.00479959895553,32.630950790401634
3,53,195588.81759614844,65.91586204649548,32.54298040854622
3,54,190094.53270118643,50.42976102849568,32.57315465343979
3,55,150666.9566370893,68.3548393055251,32.62803939753442
3,56,177886.56162594302,48.82652294020588,32.69210530780655
3,57,139764.03120216486,86.86652148363888,32.67090264415809
3,58,191207.71368371267,39.58874138852719,32.702539880999325
3,59,200482.39202063507,35.37907014303007,32.722022081150584
3,60,209642.85538571913,35.99112187057012,32.63400730916108
3,61,141592.6804523053,100.70778404091273,32.622798226849156
3,62,187395.7286558376,50.78413721837084,32.59048035054117
3,63,144893.22529926948,78.14240488422423,32.61961959420283
3,64,145345.63220868196,77.07175044861573,32.65905275268853
3,65,191673.0222648967,48.14215634871493,32.556268640469234
3,66,179456.29905013237,43.59278456654852,32.67874675718806
3,67,195950.14766274605,45.67774315871228,32.60838126437235
3,68,145596.70325855626,76.19694120318958,32.62899853614793
3,69,182555.25144286896,53.97062773847985,32.570483324051274
3,70,144358.57335315266,92.92464451657185,32.62718642833534
3,71,139966.88399585782,84.18159829533721,32.68519706445791
3,72,189596.5163084521,41.043770352562504,32.69494639343853
3,73,174018.9590420303,44.91386496071163,32.69813318464987
3,74,208807.99491906312,41.926575658998836,32.58314519839015
3,75,141320.20973650768,101.60082508195003,32.62883767625613
3,76,140326.29108273712,92.41340201499766,32.65953884754053
3,77,161327.17514032673,64.46109500947219,32.61519148309769
3,78,172593.47987014358,54.43540673467185,32.63241910833107
3,79,143139.3414547533,78.67109915577927,32.6546757312766
3,80,147427.44519307665,93.81209354299342,32.601992780246505
3,81,147427.44519307665,93.81209354299342,32.601992780246505
3,82,198181.21296392503,51.76505156047877,32.5489248498961
3,83,148159.62002695334,83.777434355984,32.60359436074955
3,84,138892.8827889925,83.15105292285773,32.68826753663306
3,85,202964.42314757867,40.040837495704345,32.63030520719349
3,86,214331.2998930617,41.265527908983536,32.55811421312824
3,87,181830.5977822861,43.1676503421877,32.61838692931495
3,88,193443.25230692019,40.615025769770696,32.643879723652816
3,89,168969.82302580634,55.64834387989761,32.60539897441952
3,90,194718.29821407096,39.08579085066749,32.64547860477894
3,91,200582.28012462112,45.03593361336116,32.546810131102355
3,92,207548.35017670196,37.34517134927458,32.63626555711856
3,93,203931.02726362692,40.915928997768475,32.609870366877594
3,94,182863.69567531097,51.41663068077078,32.60459104507045
3,95,153956.6346891941,76.5160533944097,32.60112844438028
3,96,146811.06850532163,90.86908511837383,32.612129772810356
3,97,188325.49792343238,51.0868480891756,32.58460814015592
3,98,174261.561494526,73.38760956620591,32.55390778249782
3,99,136651.34113302818,95.61679873453828,32.69951433744658
3,100,164641.9978645952,60.29722955130365,32.620182287992726
3,101,154750.43508476336,70.85262975700483,32.59264312778019
3,102,137569.91287501898,87.91477125850876,32.6852645571505
3,103,201708.28161641193,36.824209311836434,32.70909569875968
3,104,154588.718409887,74.80246558230978,32.61063325722239
3,105,155926.57380228932,65.22935552341791,32.64020697342906
3,106,204906.08614420245,38.37097759597736,32.64547860477894
3,107,194534.53485298535,54.79633139215506,32.554477591398786
3,108,151642.59889452343,63.026948503878764,32.71299045105765
3,109,153634.60986175243,75.1317610748487,32.61063325722239
3,110,206458.28866861862,55.9397205339013,32.53020977862457
3,111,196742.8899227728,67.64129238919337,32.524221130545456
3,112,156601.083054238,59.7279830089965,32.66622224818099
3,113,153713.30064716339,61.075052497263684,32.717482796935684
3,114,199322.612661778,62.13924786757985,32.53199494722789
3,115,142586.30037489717,96.04494958060646,32.62718642833534
3,116,185777.2289620028,51.122311015608304,32.57824055347525
3,117,192774.54545333027,38.79676320967348,32.65614501491973
3,118,196415.60341922802,67.72307854563743,32.53269820578859
3,119,168072.93228870042,49.657466169277264,32.71522230532217
3,120,163758.02317248733,63.54627028945602,32.618244316909745
3,121,210203.2113763576,36.943023941121155,32.62265593422649
3,122,199956.35347132612,62.19881744883082,32.527291406900275
3,123,176066.48018156242,71.35789950829512,32.55212261389449
3,124,176886.59613210728,53.5299998839665,32.594710636493026
3,125,140853.63917568998,87.66549481036462,32.64822273508063
3,126,201082.29625518038,42.20409450680292,32.58857618661149
3,127,197272.71347412764,38.78154661542506,32.70496589417827
3,128,150706.31024649116,65.61120513749229,32.70194587638136
3,129,145914.80978456495,75.07879178963064,32.625323604329395
3,130,206287.81177629094,37.778453158958854,32.65631950359514
3,131,149540.62136680333,66.32705697227502,32.64767575263455
3,132,162798.00802989176,52.72422452540824,32.673979313785274
3,133,168773.96384321144,59.369546602199684,32.587101488872406
3,134,182457.15955748066,52.676826061731184,32.59230992702602
3,135,140223.444070644,85.90440735348292,32.670713150869695
3,136,180798.35990800575,57.710693827135636,32.5617371214609
3,137,157632.41085253275,66.95862483878626,32.60593110770315
3,138,197647.20194233936,66.570087862972,32.530056462154626
3,139,178747.95619839296,47.912248088575566,32.6541019020996
3,140,198711.9944625341,40.38591524797214,32.61977624140717
3,141,180275.51778196383,44.23139231773839,32.62001934756176
3,142,207765.0630511725,37.07742883402716,32.63288075817762
3,143,140883.66320928468,79.79484187942614,32.668087626696966
3,144,140883.66320928468,79.79484187942614,32.668087626696966
3,145,177254.85036867775,48.98294334786014,32.68435532277294
3,146,197739.1126840803,43.983716382421356,32.61455114425075
3,147,179582.52049570277,70.32347870042763,32.55941210949282
3,148,166746.93101961626,61.25665496065719,32.60060506358624
3,149,184007.3708119423,47.84789597071755,32.60683425636866
3,150,150022.8472439155,71.48713197073931,32.63371481518969
3,151,167956.2405311729,56.7604678713185,32.63586029691274
3,152,175265.0283641034,72.68955038371892,32.577315207140046
3,153,174927.9769893556,65.13201859004177,32.582296162378135
3,154,160305.3991618619,72.56278133680881,32.588203742560886
3,155,147541.02678863745,69.99276350700136,32.771592926130644
3,156,180442.25803213427,56.41143754453684,32.57489457932886
3,157,143663.8145476234,90.12851284552251,32.63595563465687
3,158,165492.42254810207,57.39047764018188,32.62611229738452
3,159,177604.76739888807,49.974508607621594,32.631806159762355
3,160,201308.62970229727,59.06202070807866,32.53020977862457
3,161,161795.31765286496,61.67047508714698,32.6490091558079
3,162,165113.23883326468,74.04353847394563,32.57788144208454
3,163,138933.55623540076,85.96519820231913,32.67392629527482
3,164,159754.4546076829,62.33993095540743,32.650773445562216
3,165,143565.29353671792,90.68535114755072,32.63803803703563
3,166,175906.1232882405,49.37666948317311,32.66239224191923
3,167,158265.39057650915,72.65883358439756,32.57843445845263
3,168,191583.48514934225,45.61081851809656,32.61730049399419
3,169,157999.4100004778,64.14966725259747,32.63770499145869
3,170,171372.58893884337,57.67312102366375,32.597436861385326
3,171,165256.80984073778,55.434611595272685,32.65079089096346
3,172,160642.96318881505,61.72701202247106,32.65073746218134
3,173,165880.43174906902,63.3284012762568,32.59719631013301
3,174,147903.59939207527,74.05455204989555,32.65355455092824
3,175,200241.08630963665,38.366757011156025,32.72114153943111
3,176,156690.36433839708,59.072035858671576,32.66791567036697
3,177,142479.71775442548,78.64050082059197,32.67716509216102
3,178,211257.04651794778,35.30009307667993,32.631216875785036
3,179,208927.65163334113,37.74199191537457,32.61608915520467
3,180,177123.35473016964,53.126625040451,32.62265796774795
3,181,159433.53007503905,80.95367924937128,32.57652308707201
3,182,162173.73578900052,59.49463336299277,32.65345683433942
3,183,148583.10967302363,69.27923048802532,32.67126053115845
3,184,181421.20191772038,54.95382005091085,32.5587738447832
3,185,148577.74543519178,71.8830708690566,32.6485069131224
3,186,148945.9749450609,69.44948205225207,32.658972544406005
3,187,158033.1136218963,62.82631455291721,32.65998336753551
3,188,174931.40073813428,55.102502183724994,32.61283044173647
3,189,202739.7558211174,41.14214791347163,32.61672160423704
3,190,176758.14088633168,49.79732657377695,32.65854520443934
3,191,159346.38489335548,66.1546832282579,32.616578618340995
3,192,140530.04726141645,81.03822985123055,32.68779851412934
3,193,157650.25541377772,73.17481328346015,32.58060618608763
3,194,174656.2061071122,44.211668573522985,32.700664633412394
3,195,141519.09406755617,80.19377533842889,32.64218976557401
3,196,147945.89487017345,72.14711128804578,32.6193756751848
3,197,176133.44118630918,69.70625037973689,32.56001524645292
3,198,176157.88473661436,60.45458041039562,32.58488106997166
3,199,155521.02933434947,63.808789089023584,32.64381521136652
3,200,187724.34220514738,41.23283370684132,32.67856455115408
4,1,156780.33689821913,55.40480456381555,32.733518541024
4,2,156780.33689821913,55.40480456381555,32.733518541024
4,3,212494.94150850552,14.733736668246197,32.99556227114531
4,4,212494.94150850552,14.733736668246197,32.99556227114531
4,5,89789.16217299261,90.95203189024528,32.84890502053792
4,6,89789.16217299261,90.95203189024528,32.84890502053792
4,7,211797.7162311274,15.774816403685199,32.99783076141496
4,8,211797.7162311274,15.774816403685199,32.99783076141496
4,9,103023.64289097759,55.456886315349415,32.91963140055074
4,10,203897.7052747837,27.356159733466676,32.74499687606126
4,11,93515.06185008859,89.69403009993539,32.89908043182246
4,12,191236.34111401282,25.095617872833348,32.750224286515206
4,13,143212.0821395724,61.901064322948486,32.767686730170915
4,14,98203.28545625304,70.93945980692293,32.88832695588006
4,15,90346.00415004323,89.84924917562527,32.845818784281064
4,16,132805.39247579902,68.2845507039593,32.76975812003089
4,17,105451.16236357165,63.15123374746003,32.848643132643204
4,18,103022.40217609853,60.028710751830786,32.916069211479524
4,19,94490.69900340834,88.14198877831807,32.83753873054892
4,20,130373.13157217133,70.4994871327354,32.77037762887626
4,21,130373.13157217133,70.4994871327354,32.77037762887626
4,22,157243.46966018944,26.649547244850613,32.89418127901337
4,23,168078.07657021243,24.24383532994698,32.868784514559316
4,24,196258.33581472567,28.279759635322282,32.74797349842764
4,25,178694.72617522682,19.80008920205751,32.903565795962535
4,26,178694.72617522682,19.80008920205751,32.903565795962535
4,27,163898.5126901439,29.180325512548762,32.79189678362369
4,28,194992.6607696065,19.509330485089745,32.75759640319374
4,29,194992.6607696065,19.509330485089745,32.75759640319374
4,30,138022.21202923384,41.92403724451184,32.784418348711476
4,31,154845.692493127,54.62970141646886,32.737597464212165
4,32,148785.85532340122,50.93371377503407,32.75147322042287
4,33,137095.87906748324,35.20939737707681,32.79804773891793
4,34,120400.66468731227,55.74729335428757,32.78608390535893
4,35,171698.48389340888,22.354000288994797,32.7956852861907
4,36,145921.89918978413,37.76493966663093,32.782895162772164
4,37,139250.87160356998,42.67330936299796,32.7794411767177
4,38,131577.0623010329,34.86592446343599,32.83878801205065
4,39,98135.61017707553,74.62337148120315,32.83313508592607
4,40,200059.23162002704,36.27317435482868,32.7407841153599
4,41,179936.3877773659,31.648936779717864,32.75561517105406
4,42,162369.22692754885,38.877852994846336,32.76580424020839
4,43,159646.07938984898,26.353310008501403,32.882885461902234
4,44,136235.57194446312,38.22872241737477,32.817900133776845
4,45,94715.58926127711,79.11951566596856,32.89584382287456
4,46,100822.08675269692,82.1567149990805,32.80793644693892
4,47,103994.32229749602,61.27301070537455,32.85566077939379
4,48,174516.3968320671,20.812513828291117,32.81121828751018
4,49,167348.98812455134,25.469114261989755,32.80093889304438
4,50,166794.94550670174,40.18941735075828,32.746668518671015
4,51,200649.6393836169,19.262111237007783,32.77842198121494
4,52,125495.34381020544,79.41680050671,32.76975812003089
4,53,184572.16562658816,17.525685731511146,32.83206237293094
4,54,160926.0562340072,26.777993821609243,32.79928909193721
4,55,109227.30723073058,60.58578876152961,32.776693627622706
4,56,161541.8877525966,41.490657217455905,32.75289364767909
4,57,108460.27717392717,56.62170286283896,32.85318720555163
4,58,169132.88594022932,23.59829956865973,32.8731077255098
4,59,153179.5288711825,45.03748026971419,32.76113823193313
4,60,188929.09330663327,36.280214437365075,32.74318358489105
4,61,164887.84638832818,23.557015855264808,32.91638377086411
4,62,96286.37934445126,73.42580251749,32.86646810762874
4,63,140547.38707439124,42.256495522709436,32.78038908780315
4,64,99923.34673200526,68.0616197567141,32.884913654264146
4,65,141363.36614206954,66.802589858167,32.76397297707051
4,66,189399.77745140827,20.271266145356744,32.75686233155896
4,67,124215.77303605771,41.0136431327222,32.83454156835031
4,68,97476.78805354224,75.95328153863483,32.85390763934339
4,69,179748.5310307638,18.530135210804087,32.83723095279421
4,70,101315.94417966034,64.7256304457129,32.878910613587166
4,71,170391.10873975116,21.713940199349885,32.89602576286006
4,72,95964.27430314156,75.99122542136051,32.899388521465305
4,73,197950.4384284953,23.04003936168416,32.7457062081761
4,74,97119.66901220311,78.08623130824107,32.830852032308975
4,75,172807.32334982924,30.22454010324942,32.76186898379877
4,76,141627.0827573421,33.391809113671655,32.82310985254742
4,77,111767.47208951428,48.86582531288857,32.8322540695445
4,78,103029.67665404538,54.78427866608148,32.909988511890234
4,79,103029.67665404538,54.78427866608148,32.909988511890234
4,80,173663.54361826292,27.942772630992813,32.77272396990561
4,81,116849.56590196541,54.237173831839954,32.81870736235596
4,82,115029.22304665095,54.274967270361344,32.81565139958365
4,83,112283.67470464973,58.88623732409853,32.807627457258334
4,84,183936.5099907175,18.088359942384837,32.82979121737554
4,85,94287.15720686121,85.31773032727156,32.84452860206159
4,86,175703.2168199846,26.20286337441812,32.794393382043694
4,87,166988.1122074185,43.944108956914285,32.73902440787505
4,88,113906.34657230134,58.04774464907963,32.81668052144447
4,89,170724.80761045846,32.46410390834295,32.762623018712574
4,90,135458.64071071192,47.20761119567912,32.788196685798624
4,91,107152.01576599317,59.356859231973374,32.84520034192497
4,92,95698.94473539892,81.46076285198231,32.85288159734715
4,93,100030.37615814389,67.7883942943446,32.881949345992915
4,94,95400.6773913447,87.08062436156698,32.83753873054892
4,95,114561.22901522314,57.63596576601518,32.803527476325385
4,96,119969.56440936032,53.916447252220024,32.81479503246912
4,97,102539.24666008184,64.04495328641718,32.87139200881836
4,98,110106.4046566837,52.72427840522793,32.82643011905857
4,99,176336.45621374607,28.49655654540151,32.768506371931025
4,100,107491.79173963408,53.04689643677573,32.862689006484345
4,101,185506.39219854557,31.33232445963657,32.74918184584826
4,102,102133.50444085956,65.21473495903388,32.843014965278336
4,103,182239.52315703634,26.088993979277703,32.76248530525634
4,104,110828.53011409924,52.68392441271959,32.863445107210744
4,105,96917.66522630899,73.91911629801498,32.85880677823779
4,106,128964.39706129028,45.21559510491159,32.799516183668615
4,107,181210.1558854258,19.140722903997325,32.82882590066458
4,108,186782.6701991229,22.514536887587603,32.775914239822924
4,109,182764.27588524713,16.97293169213896,32.85821857790541
4,110,104808.00493408147,54.8689387021454,32.87637127521584
4,111,200293.41583037763,32.78934098870994,32.7427435991499
4,112,122095.85835355103,51.357463637945536,32.8062135769849
4,113,127346.75187399136,45.84219403220841,32.79177811073611
4,114,174765.04252611243,21.3037834636888,32.80683573447748
4,115,151156.1161535979,35.34975715493399,32.78983296137492
4,116,169861.40923891714,22.875430430561014,32.83560928638257
4,117,96246.77482372116,84.58533305497842,32.8346749905679
4,118,106440.62503563914,60.588041553864855,32.83073899179688
4,119,144617.73086768613,49.57636002418681,32.766904974016754
4,120,152652.09565438164,46.41070822061707,32.76628077511824
4,121,186810.23873337448,16.170623527071267,32.859851417705116
4,122,133527.90725145457,71.14653124854368,32.766010619192436
4,123,198209.84722624224,36.09748119119047,32.7427435991499
4,124,129150.22354369971,39.75570062049626,32.82784798519203
4,125,103458.68701443245,80.4444680346799,32.8134864903768
4,126,126802.784238671,41.37886954581685,32.812747574441886
4,127,99161.3115890196,72.24869621584452,32.841138027241115
4,128,112007.39370553027,50.20570187226771,32.823579081335886
4,129,99531.41426994679,90.44249883320337,32.81990222932469
4,130,95671.2415905065,77.72634422337842,32.85488995840332
4,131,102368.16146236197,71.79741222656808,32.83335774086981
4,132,183016.98284827615,45.42611984839057,32.738053431156125
4,133,180847.18450866416,29.963408941371057,32.758451282466375
4,134,97878.95832018352,86.072003147641,32.82883743986442
4,135,100998.8553693028,67.22469938552634,32.87629820928934
4,136,147652.94989477648,46.33023498900288,32.76969378575204
4,137,135782.02072652816,49.67186119790724,32.78506461350349
4,138,165824.45565584544,30.65572048709067,32.78241408706834
4,139,123487.03948686192,64.40382096115944,32.77370016001514
4,140,111210.99918950094,58.21118712871807,32.81492187054517
4,141,101360.12834061145,83.67873710401004,32.80689458078114
4,142,132137.16172164018,43.33903653512029,32.79460511565399
4,143,104039.17903248915,57.95829425396783,32.87461663745549
4,144,118115.82877454905,44.59360444493407,32.829126332912075
4,145,158092.27868844764,51.93140847389466,32.74544406658975
4,146,144968.15795988523,57.26479071513254,32.76482299018989
4,147,159047.1148243445,29.843550989016116,32.81040707099181
4,148,167842.55337028223,37.14038361296564,32.7651349340337
4,149,134335.02675198595,34.69525568800013,32.81928660827989
4,150,122554.86068754431,55.018755612461575,32.80459827479823
4,151,102754.9311896156,63.66804366218669,32.873434469308314
4,152,96530.86210094698,81.92328857379165,32.841577991269965
4,153,145146.98858998716,28.45157179848404,32.864225619137294
4,154,185684.67688381378,30.879226616684956,32.75797296956565
4,155,123166.85098089674,51.64094592943309,32.802511405167564
4,156,103368.61154565588,66.33623318842324,32.82513562404548
4,157,99801.19532869189,81.05011611108102,32.82240394755765
4,158,99447.45191859604,86.85384219724675,32.82049188067062
4,159,146597.27375039516,36.9158592955059,32.79179717375735
4,160,119379.42168601701,47.82609091051539,32.822133248888555
4,161,133995.2991161571,31.067960484916885,32.82432577234564
4,162,122862.06065176161,56.74814631295384,32.78111600977736
4,163,121140.51804829796,44.52912804626139,32.82777732233432
4,164,149632.9475639506,39.87146024230295,32.78217025116719
4,165,139791.2690347118,41.27584288480224,32.78897064729969
4,166,187225.32107220148,26.61626539159853,32.75460337849233
4,167,119591.80842583056,50.68105269092697,32.81697419255351
4,168,121485.24039666257,48.020579811732055,32.80931433579773
4,169,150611.73624484165,28.821470815270263,32.85978368013247
4,170,131995.7952222645,53.07640503415909,32.788564876509525
4,171,151793.23473316507,33.58212152524583,32.81007757695425
4,172,202200.72293952887,27.5597327310503,32.74304306842654
4,173,202200.72293952887,27.5597327310503,32.74304306842654
4,174,189903.79537810685,36.11361967801912,32.74318358489105
4,175,125472.58087501829,46.24526238548313,32.813882621912654
4,176,106722.76908542248,58.79606040974697,32.85566077939379
4,177,177644.55432038527,24.991301583970014,32.77391923475179
4,178,158946.13301098533,39.333876361384526,32.75445624234061
4,179,101032.28274856214,65.78270605001966,32.874052942616586
4,180,164269.64707102938,24.48485326356006,32.8731077255098
4,181,177287.84099188691,34.6098894631907,32.74404598302803
4,182,97607.36882293933,72.46246446398999,32.88028526468638
4,183,150531.819937564,35.782640133973146,32.791042530175304
4,184,101374.8158732201,65.99850595541244,32.84724624801818
4,185,97625.39509772915,77.11137477514968,32.84352458571548
4,186,118803.44031344223,48.22903835893673,32.82570525828039
4,187,147035.7046195774,47.98749732924952,32.77122564822807
4,188,124632.25653065772,45.84182372838393,32.822200775341514
4,189,139495.35253754992,64.14109887036547,32.77444479988418
4,190,156269.153718529,27.82393838851429,32.825660798328535
4,191,152043.73899940576,30.43419468862518,32.844127379857845
4,192,184207.62839178686,34.528057833841245,32.74436592620499
4,193,101834.69567247783,76.91895480916914,32.813658445500586
4,194,171098.43061695423,36.9686868153544,32.75956774154508
4,195,171110.66280005733,21.97405375428245,32.86420472960466
4,196,120869.64323542692,43.362586677764355,32.86079532673798
4,197,96952.06329726927,80.50316628750339,32.83642551349769
4,198,165296.9813245394,24.85666562825242,32.85317765413487
4,199,98942.54052081807,81.62702521163864,32.82933740239557
4,200,149994.69670600555,47.55616020914893,32.74625558408188
5,1,172450.56672887676,96.7220962882452,33.15328037375289
5,2,280163.4417588809,21.342699852968245,34.68794321355631
5,3,280163.4417588809,21.342699852968245,34.68794321355631
5,4,288986.60339244443,20.353680549630077,34.46746325319954
5,5,288986.60339244443,20.353680549630077,34.46746325319954
5,6,215963.40970059903,57.87984976774659,32.54985989921002
5,7,297661.77954635426,21.77308301584649,34.4041809817553
5,8,297661.77954635426,21.77308301584649,34.4041809817553
5,9,227966.85842159222,23.74024359969276,33.600187903053666
5,10,227966.85842159222,23.74024359969276,33.600187903053666
5,11,288641.81567701855,21.02018607726578,34.566485174113396
5,12,173439.07802753203,95.15517381608886,33.29031269329744
5,13,173439.07802753203,95.15517381608886,33.29031269329744
5,14,192241.94687738278,83.11797992708938,32.714794587606455
5,15,278093.81894016266,34.0515252165375,32.67203064066379
5,16,272844.429219357,29.478281418964773,32.80074828425226
5,17,268278.8872512662,30.845410110366192,32.776200960913826
5,18,173846.04966566677,82.1794753135462,32.86210884628947
5,19,293040.7958150434,22.539670551215263,34.4578768003762
5,20,293040.7958150434,22.539670551215263,34.4578768003762
5,21,271719.7878723875,29.317825530655778,32.82347557233625
5,22,208060.19665245753,34.96475248302402,33.44743818726151
5,23,220424.39607263255,28.332387542438926,33.50220983036533
5,24,263179.0182239118,32.636156225647596,32.81484121356958
5,25,212823.3012695026,34.89976677534033,33.339027773983986
5,26,241924.6591798395,39.379962816384726,32.60593295397241
5,27,193220.58564433322,77.20484583959127,32.71223962274899
5,28,290807.8796386465,22.551124327208594,33.52884228406478
5,29,290807.8796386465,22.551124327208594,33.52884228406478
5,30,252161.39000264223,28.78590720807809,33.0290562142101
5,31,259369.6837130231,34.37690253730574,32.733551053216736
5,32,235858.8222159263,36.913225118614406,32.8142084006238
5,33,233853.43263869826,31.95852433807993,33.133925170991574
5,34,226274.88124338677,29.809047650644672,33.25562744594513
5,35,221298.92452009348,46.91532109340773,32.63053568436605
5,36,191308.0483538741,43.419193581300426,33.264086693028915
5,37,254867.29082979396,31.675789199418702,32.89857151161401
5,38,222532.89171445946,25.634985112410696,33.593235808608526
5,39,180910.8648161379,75.02410897384071,32.89259042754108
5,40,203498.5210253652,68.90991802111742,32.60361630383084
5,41,180544.8481938711,78.80438218401255,32.90113312787371
5,42,240377.44805451258,37.8171186122241,32.673024191314106
5,43,265176.68108815595,22.569793531951717,32.88596921824978
5,44,231747.37972402343,40.38024538435799,32.618599771118085
5,45,230051.59687962863,47.2818308334228,32.60259082954488
5,46,223052.40161395952,32.344563684904564,33.09117697759038
5,47,237462.2926868552,28.246894145927328,33.4060709276646
5,48,265709.9073000932,29.382547984553142,32.82158234636688
5,49,183515.35853402998,80.4649235086382,32.81738582895642
5,50,185683.28805684226,55.180315051363884,33.02828042818366
5,51,255518.70633295627,33.30515459108923,32.81982440745545
5,52,238687.54003722564,27.64103011175525,33.167529228385725
5,53,203512.97172053848,36.32157811859743,33.303169928427906
5,54,178380.57416903222,79.41470488270001,32.88400196177324
5,55,246404.6801501194,33.10987518079511,32.83527981547151
5,56,212169.70846121048,34.08916368673327,33.349977487841485
5,57,179370.2361082245,58.95610060435581,33.12267055437364
5,58,182903.16626292822,63.76303438841156,32.953219055914815
5,59,186452.3449474792,70.03906331266246,32.825207617841805
5,60,228057.5981460086,47.992182292655635,32.57794793734194
5,61,208957.92573438765,30.892332392086285,33.39689270275534
5,62,189516.62239637825,55.56435774674376,32.86863798855265
5,63,185044.71082331537,75.97182835985666,32.810587079652436
5,64,193927.92277174914,74.33568445385038,32.69902214188707
5,65,175495.08222326057,80.3146488228183,32.89876580076637
5,66,176590.2666832485,76.98389737593729,32.90989132980052
5,67,192972.1927405288,74.07765969686521,32.736105612301074
5,68,238087.35065243553,25.77383612521604,33.3769600771506
5,69,198216.13030676497,38.146026578275446,33.20753630779748
5,70,177114.68241308563,72.56644981378284,32.91275240624034
5,71,243178.49688828902,39.371039024196264,32.638698495264805
5,72,196101.33415479434,71.3153414600192,32.66156405760978
5,73,217365.72539118768,44.47784693659387,32.70257092176422
5,74,230934.83898975735,35.65979934047925,33.05281927536214
5,75,214524.1228263924,30.05715863739495,33.51236854980735
5,76,238206.57029930083,26.280005190503317,33.17029550041384
5,77,243965.56386315316,39.25620030269634,32.586943474182405
5,78,191942.14449918,73.2286965516936,32.746365733102984
5,79,244939.89646896956,50.38901492072411,32.564555825975624
5,80,215543.51842612232,38.968140026294215,33.02027364795045
5,81,245221.8314140817,35.47741839292079,32.74748561333901
5,82,190439.13199993194,50.28162953298537,33.042887278097034
5,83,205118.01097429614,37.38210048244101,33.13441512658369
5,84,209758.69520366745,46.513818034672745,32.77178676082055
5,85,225085.0037133129,38.652232112919314,32.68971552476555
5,86,202270.16679778544,58.54782533328353,32.715167522339
5,87,223858.70917215163,23.8124112524169,33.521625001670685
5,88,218099.42075256177,48.136616028803445,32.668364701885466
5,89,233055.9822875461,25.335860903485386,33.521262885984754
5,90,197955.95504798793,50.89496455569609,32.85594043682582
5,91,213279.2041914963,28.95674853308877,33.56865126591062
5,92,213279.2041914963,28.95674853308877,33.56865126591062
5,93,194906.79859676037,43.976450946707345,33.22577903616255
5,94,188458.10540859506,52.15111909424848,33.17806623535799
5,95,181915.5588234393,68.02123272651285,32.9239455822638
5,96,205875.9714609606,43.52164298749912,32.848846248191364
5,97,194381.33293695864,42.122419000185175,33.23191326483749
5,98,249038.16807620242,36.53975200283411,32.71860034004478
5,99,249038.16807620242,36.53975200283411,32.71860034004478
5,100,224209.63316256265,51.03952983522254,32.62566564607992
5,101,199445.36840129728,62.04076749056254,32.683001100925715
5,102,259294.39706145378,34.385351403763714,32.733551053216736
5,103,186100.76082160138,53.0677973167621,33.217612600313515
5,104,215700.08011503622,60.62091509058911,32.61619510354937
5,105,208268.55037235608,48.91439594567348,32.793975924115756
5,106,219498.7908682885,49.715438167026306,32.645715646558216
5,107,194229.40282242929,56.76567480217288,32.80502120402325
5,108,236854.95282194827,29.79507320511107,33.11160452936863
5,109,196176.26863603073,70.55898955686123,32.60947288703731
5,110,207924.84313546316,47.82195414584663,32.82929044598595
5,111,224804.27448514538,45.30314547014681,32.65381438339304
5,112,225028.8036430882,26.918310904332518,33.43684201306398
5,113,200446.49511689116,37.18608170993356,33.17999592392016
5,114,218183.8687777188,33.022476814458265,33.06465197206866
5,115,208976.6988840602,61.21903628941108,32.664560930110795
5,116,194707.9730448382,62.79717141798757,32.784836009118024
5,117,191882.06534420612,72.04991153150401,32.75072181648428
5,118,192669.20284777062,76.12779264108795,32.714877041915116
5,119,233205.33707349483,43.04768236804462,32.59442964479224
5,120,191800.272012159,72.9581768487225,32.75899032649317
5,121,206786.18910220574,56.15135909872004,32.6814817322025
5,122,259339.8220170277,31.638193769530368,32.985427004432566
5,123,211244.58716637787,44.90209952343646,32.77395324742078
5,124,216862.0850702655,40.64320816463439,32.935178853169916
5,125,190587.2076744344,49.00610394090734,33.192071413743435
5,126,180961.50898843404,64.2799604337904,33.109743228587234
5,127,215824.64631624724,41.22588756855857,32.97277472422422
5,128,196411.77169277845,38.43441401472565,33.08147007069511
5,129,186720.0863583361,61.72915323334748,32.945686741182705
5,130,220190.04956599456,52.82758009375606,32.59972499368271
5,131,181140.35607544243,67.43697224313138,32.936597782052274
5,132,226983.5990525233,49.50971146727798,32.57192240263272
5,133,181996.31748167437,62.367656406508765,33.0670788748881
5,134,264441.70356880594,32.62244605366584,32.82048777265136
5,135,216526.3129502826,57.183202447381845,32.58306492950646
5,136,257273.95247099997,32.20998019210004,32.8269506338612
5,137,239367.30320137748,39.35208842383629,32.67495000575816
5,138,178758.8388176486,66.0190427732738,32.990085893685475
5,139,232279.40912082844,25.62817566726732,33.505712320847515
5,140,203032.35636689936,63.349172321902515,32.645587238212386
5,141,179478.11134439296,72.384960761716,32.92513710070714
5,142,201416.08982415625,55.81785566556236,32.729041794559734
5,143,210386.1044563588,33.02563762571855,33.367664511028565
5,144,187858.83671391825,67.77443767695723,32.763284706469975
5,145,210840.2257488042,35.92749335075336,33.35988007594396
5,146,206120.49480647553,36.14771638291638,33.376381813386416
5,147,187553.14216017677,66.0920925804865,32.874233282042866
5,148,203791.9270670585,46.33903910511742,32.91706518912763
5,149,206931.82965453784,38.02135295147465,33.117653912551674
5,150,263481.56366880145,33.74541921565547,32.73442821468089
5,151,181917.93373780994,65.64435211349523,33.00386640790976
5,152,247631.28776291368,28.86753846281645,33.0290562142101
5,153,250839.8951111531,39.084017365879454,32.602623480595824
5,154,250839.8951111531,39.084017365879454,32.602623480595824
5,155,232897.1597869275,27.196226447099317,33.41816301754456
5,156,232897.1597869275,27.196226447099317,33.41816301754456
5,157,181550.98160290893,65.82309557428327,33.03368503414427
5,158,200733.1795657285,66.80160521769056,32.62203753847861
5,159,204575.2036067212,42.89577118973356,32.926361248882344
5,160,196858.04655414313,46.18345673066641,33.0746220248146
5,161,195213.77100902327,64.55143728633844,32.750171264528376
5,162,196236.3857451398,51.857740958409046,32.96359025275969
5,163,203181.1970104723,66.57940613970176,32.61222055724599
5,164,214737.53901015097,42.36016161350584,32.90875213559755
5,165,219068.09697699378,55.63886420085008,32.61697763183642
5,166,214565.29225306818,33.61452053679665,33.1983802412583
5,167,217164.68360176694,41.78358174350016,32.86296651174011
5,168,216549.75669872714,28.6013680237417,33.29577502675944
5,169,238605.9049294333,24.45881614096516,33.21233602178154
5,170,238605.9049294333,24.45881614096516,33.21233602178154
5,171,183219.0566806486,65.06139924438547,32.87562518533704
5,172,247262.7360973954,35.76466799274739,32.728496133549
5,173,199621.80395915097,58.36970110410367,32.73098958151003
5,174,213977.1024864496,44.82868121366132,32.72356431450247
5,175,186340.05957450214,79.11405924270132,32.77790381283977
5,176,210794.41548472046,41.41016034009204,32.97177563098534
5,177,227546.50230220685,45.76140063026595,32.605127432929166
5,178,257662.6637970974,35.74352200374417,32.701816954668104
5,179,195405.70937991567,47.2889984513478,33.115886531609036
5,180,197293.5432666127,54.108786098872386,32.76614422057716
5,181,184413.12096409,60.00102019145544,33.0714008178648
5,182,184413.12096409,60.00102019145544,33.0714008178648
5,183,214248.82244999093,59.77030415695771,32.679568312385314
5,184,220110.4873622512,53.51224848257429,32.6106149904185
5,185,203106.69232604056,42.73344975255532,33.05091310179352
5,186,247580.54427120741,26.916582143262815,33.16902262875461
5,187,214054.45317254524,61.40951486084802,32.66020903650501
5,188,183516.24230634526,61.832025723680594,33.03916231673615
5,189,195814.95903049008,65.2250565425392,32.66254982060548
5,190,205547.97730547484,42.36021105459659,32.913984365579054
5,191,196890.4066092652,49.15828566833759,32.99001274756695
5,192,208682.49047801754,41.99021360955381,32.96656743258196
5,193,183342.19154568238,63.648669870876944,32.9631567323342
5,194,208765.07149235505,54.42078337284623,32.68155365841746
5,195,201098.06468358898,62.593764822603035,32.68144167088336
5,196,186357.99223182065,59.53736349626622,32.96357281098477
5,197,188561.1722695724,55.580647545135086,32.83052531028207
5,198,199876.78334574556,61.91306022664048,32.723039060892766
5,199,176040.33319040644,79.92093226413085,32.89949425830922
5,200,227885.12697636647,53.745232785830154,32.561686979453974
6,1,316315.68416799477,18.79074814163861,32.91367558584348
6,2,316315.68416799477,18.79074814163861,32.91367558584348
6,3,302965.791322169,21.394979305937177,33.01924030894667
6,4,302965.791322169,21.394979305937177,33.01924030894667
6,5,155938.2549429246,79.35524330209977,32.532047992072634
6,6,226052.622781901,58.52328169215607,32.42466755708269
6,7,161423.84119707852,91.79572621999323,32.47647659272429
6,8,297196.24187664303,21.94207556949152,32.95484578745551
6,9,263532.40448250604,21.96559644396148,32.841206650534176
6,10,263532.40448250604,21.96559644396148,32.841206650534176
6,11,227352.41270397505,29.685428973853497,32.73758017982004
6,12,227352.41270397505,29.685428973853497,32.73758017982004
6,13,300729.6724742838,21.913500896096913,32.99316440254265
6,14,254369.35799027176,32.738400922428184,32.54619182154477
6,15,313052.5416011467,18.811074592176602,32.92784299828541
6,16,313052.5416011467,18.811074592176602,32.92784299828541
6,17,311386.0820245388,21.64823769248711,32.86902927006211
6,18,249976.1508643087,31.31984460844017,32.54637413174821
6,19,300814.0210958963,21.702673726654275,32.99629972508818
6,20,307370.30517712136,21.410060256720037,32.89632696668376
6,21,240299.54517810477,24.401203664396974,32.64802821040899
6,22,220472.26630604523,31.0550654789907,32.69343876358699
6,23,237461.01992001626,24.356646852893867,32.65186219769563
6,24,176198.5245720673,88.3200450088641,32.442480715528525
6,25,176198.5245720673,88.3200450088641,32.442480715528525
6,26,222664.00674257387,30.705546869841292,32.71296248796637
6,27,228105.80295783677,30.193726762959756,32.72334651334787
6,28,243189.5681101094,26.43608647196221,32.61389973188094
6,29,210993.7112656226,34.87388091569399,32.68575806135836
6,30,245087.6995510297,32.3385882233874,32.558873698573265
6,31,245087.6995510297,32.3385882233874,32.558873698573265
6,32,169442.8663525951,80.61802548115863,32.450371469139085
6,33,177411.05243658548,82.97984303297939,32.44976682260087
6,34,177411.05243658548,82.97984303297939,32.44976682260087
6,35,217573.47684984692,33.19927021172597,32.71772383097302
6,36,235515.48446303452,21.975199632642628,32.67465771057582
6,37,181999.74996439557,49.454963130987494,32.56836963159214
6,38,160524.93364075574,86.8914038011607,32.48322602260423
6,39,165072.30980067377,65.69592660833554,32.56313903628268
6,40,186445.40754248697,46.88217809781031,32.5489954755932
6,41,232320.68409566607,28.734154108038126,32.66862785829065
6,42,176349.7952066484,85.08967699992094,32.436929204262945
6,43,176349.7952066484,85.08967699992094,32.436929204262945
6,44,199871.66461013255,39.81212824752136,32.578090378436485
6,45,309902.3213533217,19.166245115904392,32.886636515556006
6,46,309902.3213533217,19.166245115904392,32.886636515556006
6,47,169887.78279933782,86.40812531265327,32.44382751318242
6,48,214731.96792579658,33.86038681257205,32.67616222931454
6,49,311167.4693120431,21.449023281163118,32.87155514088017
6,50,311167.4693120431,21.449023281163118,32.87155514088017
6,51,231348.59350653097,27.920557968328552,32.69058256781355
6,52,243173.44619409187,26.676013752172317,32.64392958373304
6,53,309195.6424093937,20.573758860449484,32.886636515556006
6,54,223501.4070326963,31.826011262910786,32.59969802951509
6,55,192954.78280442688,43.7052125382686,32.580524589826624
6,56,214222.6697919087,36.04938599521096,32.605862389619894
6,57,158139.52303045822,76.68938597578921,32.54035445826502
6,58,243946.01871854835,50.61505379977148,32.45936797868213
6,59,233518.70231677874,28.364681530066303,32.674383340478435
6,60,179869.7279746065,51.935024042517306,32.60256678109121
6,61,198723.88331079207,42.74236702858182,32.51497138001883
6,62,208997.77005097546,39.63548038932663,32.48628135875644
6,63,171027.16095074866,77.64216531759146,32.45793131288542
6,64,163425.6526897394,69.37699182548582,32.4972493156944
6,65,188969.75532338952,44.903297946702175,32.586457359017224
6,66,207077.28794652096,53.22037536397181,32.46565890589171
6,67,172477.776497326,66.16307895229664,32.50155219064067
6,68,225182.37163165267,59.79197862361005,32.43153796344369
6,69,163831.1486222749,74.078682674331,32.49371570498841
6,70,194105.39956667097,48.47000780592254,32.481787278390904
6,71,309182.08695126494,19.686599787391273,32.903550704458226
6,72,309182.08695126494,19.686599787391273,32.903550704458226
6,73,200996.6813889625,42.38154879459086,32.50755711259618
6,74,175890.29123994042,67.11540357090053,32.473575259280864
6,75,167038.74694065924,63.944954103100976,32.55465581693811
6,76,161676.62647933542,72.964856597677,32.5020999952089
6,77,171403.48815448815,68.07868185292767,32.4834422161243
6,78,219023.03454852456,37.285405887036305,32.5868022727492
6,79,235648.7229350706,27.46839863194744,32.636661234223716
6,80,156671.17799421816,78.21866234289634,32.54156242618505
6,81,193806.95372182076,68.75421704161155,32.43718495953575
6,82,173456.0216740441,58.09138479803308,32.53560344566241
6,83,158704.82180275596,76.81991173384812,32.51215114819194
6,84,190749.21022178364,55.06589841714641,32.466683759869525
6,85,182368.4153026925,51.372226213986856,32.55416119578535
6,86,234149.01646822342,29.329761479646592,32.61839027536321
6,87,308149.18976227735,21.42287032462782,32.887322328691035
6,88,218267.8624205733,33.839856334346905,32.640852147094606
6,89,170683.99872595404,71.09348761378342,32.47889009580055
6,90,201584.17984637636,40.66669730626611,32.53376058106623
6,91,191878.64628942043,47.76693405546284,32.491470852809094
6,92,198662.90168552124,43.464351142062554,32.50384863024321
6,93,187829.97079785692,68.44171951961962,32.458271248526486
6,94,168735.84137722163,71.86367907593997,32.49019181502521
6,95,204739.97619095317,36.45815156583484,32.62238602945427
6,96,185565.51432192145,56.23730094025881,32.52257624341063
6,97,169130.4660967595,59.02088545590012,32.51535258544469
6,98,196987.83268466083,44.42634603490041,32.52056576396089
6,99,177135.25582568438,64.63982769027368,32.4953706231899
6,100,203213.22531726386,38.531872545170295,32.62191587108796
6,101,201068.07130212904,45.51470734081782,32.479309413626325
6,102,224961.98048990834,55.634124209129766,32.444022872767775
6,103,165928.41097760844,65.20618701377894,32.55592117426311
6,104,235936.65186462464,27.209447558942394,32.649245665573005
6,105,183836.70973213582,79.90512337968872,32.45033197057098
6,106,215407.82277722095,34.53318315803143,32.61019907390545
6,107,210018.59925818467,62.15200141347073,32.44618523283111
6,108,192058.58103950653,63.44407734858748,32.4542626680524
6,109,180474.3369994567,63.323485262057304,32.49376492351989
6,110,168805.72209512853,61.26126434031053,32.56275253644612
6,111,180323.00046439964,54.70484053233626,32.5745525023684
6,112,205293.73319030248,69.8812338709089,32.43594873572273
6,113,212213.82775935595,57.982085233566416,32.44153198653034
6,114,231307.50777002156,36.28803804656353,32.53768164639989
6,115,229104.41618385285,30.312246110811095,32.652659870487476
6,116,232379.7487881113,29.909788095871015,32.629631138333785
6,117,223046.8751295393,35.52484976343898,32.595854748880804
6,118,170162.33894623895,61.81739564068704,32.51020688048195
6,119,229533.81107727997,29.860640916384234,32.6618536419568
6,120,175925.34750900278,70.1761932551293,32.46399136863315
6,121,169261.90984830572,75.43906798308942,32.46905531020752
6,122,219839.5805020965,41.409200479686376,32.481787278390904
6,123,234064.56056518335,30.35838246391157,32.623203646110184
6,124,197899.846244321,74.57296207719158,32.4332629093084
6,125,184453.67009093516,56.725319259525165,32.519473067787
6,126,162554.09369160168,80.51250108321706,32.48209237823632
6,127,182225.34681327682,53.08021899236342,32.5270751346312
6,128,157713.24779266908,78.26198412031339,32.505601189745576
6,129,206867.14375783564,48.88228238093636,32.46993367327416
6,130,174668.51599039065,56.99483247313519,32.51240055959286
6,131,197642.56178219037,62.84123867788694,32.452167140037396
6,132,238919.8957505455,29.477844419866404,32.617726313583304
6,133,228918.53695526364,31.44974708604289,32.595078879440116
6,134,205392.78265651822,39.31369725976146,32.50743113830296
6,135,219836.32776874976,37.53032076415899,32.580938564391886
6,136,196290.050538217,47.08948251901057,32.547588915255744
6,137,203712.96791535628,39.52535611321027,32.61206597000839
6,138,163692.91855332034,66.8027516877815,32.56019806566105
6,139,239570.64294625487,34.38307727042877,32.53962487314542
6,140,187157.08892261473,72.19725108916464,32.46002424814297
6,141,189309.09240931738,54.52127871337294,32.48821580879507
6,142,221389.02090025423,53.73038555893363,32.445028403522876
6,143,206631.16244546938,38.94596882747218,32.58966319618494
6,144,180210.16416334215,55.33799768608302,32.52903468109805
6,145,229944.30562561206,33.10901867657013,32.57008280655711
6,146,222613.70009231122,32.661134483479636,32.63106957495483
6,147,223212.77096192018,33.211573509965,32.60705834055693
6,148,201934.28130816453,37.866960066494805,32.64640151731338
6,149,206483.76540652514,65.18894181751581,32.445142044990796
6,150,178375.14463728244,60.64946467069087,32.49498937655724
6,151,189640.54330747144,62.448634486354706,32.47946936825229
6,152,227774.78267525206,30.660280750670033,32.66252843310332
6,153,238566.19989692213,30.95312592905503,32.61291440743711
6,154,233075.1725952508,27.148400858850586,32.67465771057582
6,155,189901.95086033086,54.09048480783122,32.493461237431056
6,156,174299.35898999765,60.277187257771956,32.50109327331895
6,157,229155.63276942883,30.02648246428508,32.66644953395845
6,158,185272.12260923802,52.117897645065895,32.523660375437345
6,159,222597.85055732427,33.05599493017693,32.60956906062162
6,160,175002.6377288772,75.14201305684702,32.46003590408791
6,161,162244.25695408817,78.49793968337339,32.48399233292507
6,162,171931.27287467697,79.47814275107248,32.451857023670975
6,163,210991.7011612458,35.15765250859303,32.62111482759099
6,164,199822.61889144563,45.479438541024976,32.49937636454243
6,165,159307.54581409463,74.18507647093016,32.52544258028374
6,166,160017.6279957057,74.67208348830002,32.50280952718936
6,167,235284.04481037677,27.626233334255044,32.623203646110184
6,168,179131.96592514537,54.069848583663344,32.59257275800456
6,169,167554.52298398048,72.72723785286261,32.470669232115206
6,170,201058.27282429693,52.43469567263884,32.471097896966
6,171,195424.584493964,41.76888131655639,32.57122748645406
6,172,195424.584493964,41.76888131655639,32.57122748645406
6,173,191399.78017861734,49.808045630138814,32.497639854441644
6,174,179046.77599839552,74.25687842946763,32.45657848028234
6,175,221578.47992984744,37.54634632162496,32.539284564090785
6,176,204827.78828246682,45.116253471845,32.48437777097914
6,177,201477.02271555967,40.90396288131221,32.489531352828294
6,178,182677.0377311004,49.92840777051777,32.55310833251427
6,179,178486.99305012883,56.55950419639152,32.54315511642474
6,180,169603.75307809486,71.14104236430487,32.47060459778638
6,181,210040.07626430332,61.62146731203768,32.45074795006968
6,182,201341.3883801835,47.38408343646486,32.473433234508065
6,183,210722.54956481626,57.85793531557122,32.45318392357733
6,184,191632.22535590702,44.6006153197352,32.5875129658692
6,185,218475.67883336492,60.170282934110155,32.43153796344369
6,186,165724.67816561242,64.33472378571113,32.5586201347074
6,187,218073.35922008078,38.014409813750845,32.59823019028822
6,188,214842.99981137976,38.16051416072238,32.59910277743878
6,189,186094.9041906758,57.44352448077173,32.51222901743944
6,190,161048.0259909887,72.63716129350833,32.55283019827979
6,191,308123.90988355863,19.09067830039671,32.90646712484893
6,192,308123.90988355863,19.09067830039671,32.90646712484893
6,193,184559.24774929864,50.43180477674549,32.54681255001387
6,194,178302.29616942935,56.53173572992067,32.550978878940676
6,195,195699.07255392565,53.88342794266257,32.46435458923118
6,196,184739.49047384216,72.00652190092181,32.46362787728332
6,197,160991.282893416,74.9894016971837,32.499921606080235
6,198,213055.70491369368,55.55252283009356,32.44873759416212
6,199,240108.51242092374,26.647594020953157,32.651608321422444
6,200,201573.60063314086,59.62129944407489,32.46179437809766
7,1,282939.4512066737,22.222824826272596,33.10818557056553
7,2,282939.4512066737,22.222824826272596,33.10818557056553
7,3,174224.0620142527,59.41433235215813,32.60547568994472
7,4,264817.6592548006,22.555305523537136,33.136800851251124
7,5,129892.54941766169,88.34239776158883,32.69028502756074
7,6,267652.5482330826,23.5039642721732,33.08711494676874
7,7,267652.5482330826,23.5039642721732,33.08711494676874
7,8,217760.40675107177,30.319853835550497,32.88087962982832
7,9,217760.40675107177,30.319853835550497,32.88087962982832
7,10,206210.1398329603,30.474389695700303,32.75264461327982
7,11,206210.1398329603,30.474389695700303,32.75264461327982
7,12,234090.52545136467,27.469821361318136,32.97957613629196
7,13,231024.23895971823,29.865394204973185,32.84249071591413
7,14,258989.7187336113,25.007635357344736,32.99727180340755
7,15,238931.65285893448,26.139313300081618,32.9496985617502
7,16,238931.65285893448,26.139313300081618,32.9496985617502
7,17,250245.0752437556,24.139280432191402,33.0546425023724
7,18,250245.0752437556,24.139280432191402,33.0546425023724
7,19,235204.61439144425,25.9018016715976,33.02402301282382
7,20,235204.61439144425,25.9018016715976,33.02402301282382
7,21,242804.74289679696,25.45833766382392,32.98947633616425
7,22,237765.57330731247,26.45245721041858,32.91435610730301
7,23,237765.57330731247,26.45245721041858,32.91435610730301
7,24,224317.2140067204,29.49906804040174,32.87290583327973
7,25,224317.2140067204,29.49906804040174,32.87290583327973
7,26,132827.677223971,86.97138002121878,32.67226498214408
7,27,257332.7144083897,23.02622888956487,33.08876645084614
7,28,257332.7144083897,23.02622888956487,33.08876645084614
7,29,234407.82681930094,27.91952781553823,32.933354188963804
7,30,187669.32641872304,38.50246665166436,32.63625334021966
7,31,138705.37390723743,82.56003918255361,32.645736437662514
7,32,200194.5866280559,32.62598075721013,32.74002656928209
7,33,203456.82419518975,31.43436188418265,32.7693164786748
7,34,131642.4346764637,84.88858967179596,32.68320646074821
7,35,179263.26831288548,37.66153330923741,32.78365970249451
7,36,155285.10410069075,51.35478830626479,32.681762715277394
7,37,253721.91199760395,24.975117414975603,33.00912101900491
7,38,253721.91199760395,24.975117414975603,33.00912101900491
7,39,258050.73445808465,23.861767843643722,33.072024701824304
7,40,258050.73445808465,23.861767843643722,33.072024701824304
7,41,166439.19332443646,41.60138972858705,32.82454458892516
7,42,166439.19332443646,41.60138972858705,32.82454458892516
7,43,196899.27289247268,31.34961396316652,32.79245327718409
7,44,183093.14535777393,35.748911226147904,32.7789159825784
7,45,249080.80625868705,25.23742047241695,33.0147010779306
7,46,162736.68300494595,52.96115959634952,32.65640928627851
7,47,221211.96198785942,30.283622032902613,32.89477026238042
7,48,221211.96198785942,30.283622032902613,32.89477026238042
7,49,137541.56478578792,70.7003932021893,32.75488009729465
7,50,177224.67254873898,38.370962106870735,32.808023988662626
7,51,222951.67466121758,28.04197927375413,32.87502766797805
7,52,236882.18252094107,26.88604713711706,32.934083329893824
7,53,236882.18252094107,26.88604713711706,32.934083329893824
7,54,186272.76582822078,34.92153932492227,32.662271405593295
7,55,145485.13546800584,58.683154155246285,32.716057577320434
7,56,190231.15209210064,33.93435723888845,32.803731461000616
7,57,246218.9207026809,24.44738732168901,33.015153371718796
7,58,165946.76863073144,41.24004916644363,32.85325722962192
7,59,245377.41988176608,25.38012517763884,32.90125621704273
7,60,245377.41988176608,25.38012517763884,32.90125621704273
7,61,134925.79244664777,82.20354201316016,32.67189237745898
7,62,235238.65646743777,27.17222808295558,32.98251575618689
7,63,164826.5279610733,43.54581505007958,32.70482413231767
7,64,203222.7018599407,32.01319195230112,32.74790325739456
7,65,172703.0178688912,44.1145369092332,32.669719108845264
7,66,196490.3384081245,34.16324714840461,32.700823366748274
7,67,156185.77307532637,57.57656940371733,32.63171451628476
7,68,194045.00856160666,32.600153839350995,32.78776305759849
7,69,140114.41260137135,66.68475408666292,32.76559643588557
7,70,140114.41260137135,66.68475408666292,32.76559643588557
7,71,141375.1070021052,59.66792791766566,32.79736133887477
7,72,163077.05683461577,61.917856366476165,32.615294378597184
7,73,130560.33428512339,85.30556159280621,32.691666508599006
7,74,148487.93410034332,69.56725934939173,32.64943056814178
7,75,150784.18863166225,49.64623347182228,32.72669083008169
7,76,138824.02716287572,67.99367850424444,32.74453264099316
7,77,132345.19840334533,80.03109057686261,32.68119555870249
7,78,184847.03849727122,34.68303327764443,32.74927890979329
7,79,149513.3018000798,75.50660212709582,32.6326542713643
7,80,173344.0321916215,39.43745651165444,32.774431844122326
7,81,176711.090524744,39.31838218231411,32.78073301404006
7,82,138268.14165739252,78.69854914280414,32.65787647191554
7,83,235987.88317313467,27.031303916248103,32.98974162578662
7,84,144658.31447751116,63.23012458352989,32.698420771685186
7,85,165889.4108903786,42.730327050636774,32.787750744173515
7,86,137962.08865693462,85.55919204496,32.64470774347331
7,87,168148.15514996107,40.20289012859083,32.863025759524405
7,88,220152.21497754578,29.28324043420566,32.90110248808872
7,89,159413.78949545967,55.920923418176,32.65396428207757
7,90,158301.26536415945,56.70605304164023,32.65120132835728
7,91,158782.60027139846,53.9208650933159,32.67842546522803
7,92,193867.22988918744,33.664195781716614,32.74797607852653
7,93,231921.3104237908,29.859758542622245,32.84293291268631
7,94,154343.70979382205,64.57999769552028,32.6277978917646
7,95,240462.11523160315,27.61411641558991,32.90069018238913
7,96,240462.11523160315,27.61411641558991,32.90069018238913
7,97,251801.07113910993,25.20154492197108,32.9950991089282
7,98,251801.07113910993,25.20154492197108,32.9950991089282
7,99,164100.5800885078,48.13634732980629,32.66332252981314
7,100,175925.5024009615,39.88940990955218,32.73830477906305
7,101,190349.20644019722,34.335313835259264,32.80347887632142
7,102,183144.90954270164,36.47528068672962,32.673428871530064
7,103,144510.40686630795,69.12778210566064,32.668304669039706
7,104,182267.2660764077,38.00734187594384,32.6732118704409
7,105,137114.1229931365,65.38130222107644,32.79093437862652
7,106,161971.2227312579,44.79533103781721,32.856367270603236
7,107,161971.2227312579,44.79533103781721,32.856367270603236
7,108,173725.05799348516,46.368943045758215,32.61736691984877
7,109,144990.5287695865,62.883654902142005,32.712734687987485
7,110,191012.96555832142,34.9147356579011,32.74328585894093
7,111,139013.76227327954,75.9664906480464,32.646519030339775
7,112,147155.76301525076,72.73400820820366,32.63311120473013
7,113,143569.03379512695,79.15022329989246,32.62793477740919
7,114,192489.78599161797,33.19669448309004,32.75145160427264
7,115,192489.78599161797,33.19669448309004,32.75145160427264
7,116,232856.69628826148,29.602431675283064,32.84991040498921
7,117,136123.00025745964,81.19883021393727,32.656115062564766
7,118,148334.1017926951,54.91287610714531,32.71228694364726
7,119,138735.43940216472,72.45610193995194,32.7073701004353
7,120,157110.72551773922,45.13418374126607,32.74157254462804
7,121,139480.2468150314,79.36398724332862,32.64090303128203
7,122,159219.88262201272,45.95730124794383,32.73650408134508
7,123,153796.3814023642,48.6182210047749,32.73411228708535
7,124,135732.20284949624,64.97351234598644,32.79838429481244
7,125,146352.35310780368,60.245038335048,32.71578005731359
7,126,201687.75605595348,31.113815044799104,32.78993575207784
7,127,201687.75605595348,31.113815044799104,32.78993575207784
7,128,169394.07337773588,41.889759343219204,32.67357201944047
7,129,141878.2174374566,74.09186543803986,32.65240277000111
7,130,173313.47165472925,40.44547434640401,32.653880970050366
7,131,152809.97081537353,54.49353170231822,32.666923900801955
7,132,159052.34077769498,59.18737681892371,32.62525045963556
7,133,145393.20335897902,55.450198255799876,32.81445004187813
7,134,156012.59465296927,49.94177290907724,32.69891089096181
7,135,137189.82103855506,80.29757266569356,32.671720293045354
7,136,170586.547192218,50.95816666168587,32.622888101935956
7,137,139454.27209134193,67.35868539497193,32.76641637907319
7,138,142850.86459073058,77.25840152211408,32.6381091768725
7,139,149609.25415947236,74.91174348588656,32.63027068686643
7,140,172641.15231170744,42.05572731463875,32.67155131285819
7,141,170860.59450044975,40.182998745596755,32.725909900036854
7,142,234775.57475465682,28.60921866643777,32.847623132271906
7,143,234775.57475465682,28.60921866643777,32.847623132271906
7,144,133487.07012811617,72.0074107713869,32.78074587801024
7,145,141081.88602696088,60.5910252857452,32.74771193379631
7,146,133476.2754508583,73.5875032721753,32.78265507113211
7,147,160824.2306594379,64.73216487188981,32.622471092639934
7,148,147760.20899173568,55.52762851309079,32.71852012003539
7,149,160998.3733069297,46.754398515747056,32.667371370394754
7,150,170215.65738917456,64.87356283956433,32.610306162736734
7,151,140611.90500730544,68.79234276769479,32.694410320749974
7,152,165654.7976521108,47.400016449484845,32.64933646606136
7,153,134944.83524933175,76.8151406340541,32.68949408339463
7,154,151921.97784973626,63.84110990744198,32.64330606042295
7,155,161246.08896749667,50.40284438513287,32.65718696343176
7,156,146034.7529742406,57.004963453584885,32.73015852538065
7,157,163545.86252973706,60.37400480761995,32.61507737750802
7,158,180857.79995849382,38.25972985530315,32.68223173492848
7,159,219634.7193093017,29.728992884389207,32.90110248808872
7,160,136571.48622001294,71.76996067583033,32.788993293094045
7,161,147950.82508966097,64.00389662573963,32.65876074343901
7,162,142623.83805334364,71.35980694328212,32.64104532842534
7,163,168541.0241144668,42.242124575817094,32.68808153472317
7,164,167501.70500058864,46.49175369068236,32.683709407180196
7,165,169876.92806004477,53.36288946734406,32.63356722102096
7,166,139894.25983781996,64.91735316794102,32.814208638392344
7,167,151363.9504890414,56.21876871164413,32.706985256682
7,168,235210.81753843665,25.206564722018282,33.01845790002188
7,169,132979.29401442947,77.04147384295219,32.7016876026431
7,170,151306.82331598035,60.93200693115862,32.66114928337497
7,171,165574.01807712927,45.468510638721376,32.691163024145524
7,172,180514.35010569988,38.28408124381825,32.67920207292559
7,173,151444.44917330623,48.978196395575644,32.732482150115395
7,174,140423.63605622904,66.22273346552225,32.753573125680525
7,175,167143.1739970157,43.29460000410926,32.70137974445528
7,176,147243.58555596363,54.90438303423409,32.72982078412579
7,177,150332.09782804828,71.51295541207017,32.62028276930954
7,178,167060.12631851865,57.23190210350306,32.62859770204477
7,179,158980.88890587183,49.018106942336495,32.6595240710423
7,180,154153.353592484,68.64961431508019,32.63101548759107
7,181,152146.2701416244,62.31709915388189,32.65337826308314
7,182,165314.94641794547,53.483995623999746,32.6379926776245
7,183,175476.3798085893,39.9911127939216,32.66599770923331
7,184,183852.87486514627,39.42549748494064,32.6483465131167
7,185,173437.66097649414,47.827079003508636,32.623430398358266
7,186,149827.04139715273,67.42832066937467,32.65571338658235
7,187,154173.21754936693,53.390936712734934,32.72002295307848
7,188,142575.23049496431,81.15917054473377,32.638133266700386
7,189,142442.02178691127,74.39338143240238,32.64297715417186
7,190,184551.4166093882,37.869142495610014,32.66486265426061
7,191,174740.01181473176,42.17353623581126,32.63825125565331
7,192,150280.43171066715,59.45887100468769,32.68668365198615
7,193,168125.96202189112,65.89173734048862,32.61163424412257
7,194,144585.60866426618,76.39563132480261,32.63802738671544
7,195,140329.0745801534,77.96003027871255,32.64436603552615
7,196,135699.04555712568,73.67252022046748,32.68370276336092
7,197,157532.81637389128,62.431228237591895,32.629591504799535
7,198,150434.36445200318,54.09106359005435,32.73541563208871
7,199,140447.52425774315,67.36654439878137,32.724923218923166
7,200,156733.61027657735,47.962727626065835,32.744183400012
8,1,149412.02687558942,71.6910438022546,32.67647565428182
8,2,186764.93445586425,54.65985166139904,32.43105739360286
8,3,165320.39169994742,80.37652889452195,32.48843014971559
8,4,298478.346547494,12.843678825167508,33.25547448487138
8,5,298478.346547494,12.843678825167508,33.25547448487138
8,6,291761.0242008972,13.688402162753786,33.21073671994892
8,7,291761.0242008972,13.688402162753786,33.21073671994892
8,8,253813.52767375525,16.26228794005035,33.08122787886748
8,9,253813.52767375525,16.26228794005035,33.08122787886748
8,10,224325.03947360767,20.845733780319016,32.84622169302725
8,11,277648.7858142775,13.882798115220012,33.07828239612843
8,12,277648.7858142775,13.882798115220012,33.07828239612843
8,13,205045.44980366188,25.29625671488306,32.74090565794367
8,14,205045.44980366188,25.29625671488306,32.74090565794367
8,15,257209.6562202829,15.470759668348544,33.00486168540233
8,16,257209.6562202829,15.470759668348544,33.00486168540233
8,17,211441.80014859868,21.9601167311852,32.49535488384414
8,18,247000.73425754075,17.1780938523914,32.9738035991082
8,19,222083.64471490952,21.523257580251393,32.850925444293175
8,20,222083.64471490952,21.523257580251393,32.850925444293175
8,21,270019.1523212546,14.539211372558455,32.9473135533259
8,22,270019.1523212546,14.539211372558455,32.9473135533259
8,23,162863.3360945691,75.8088842773727,32.492381362827196
8,24,237185.81177922295,18.154663789124793,32.957442107100384
8,25,263301.8299746578,15.383934710144734,32.90257578840344
8,26,263301.8299746578,15.383934710144734,32.90257578840344
8,27,207482.19073838857,24.781060367799988,32.70395369315417
8,28,205307.28473095276,25.5616329195229,32.73196778720443
8,29,160519.09975713305,60.60184725867046,32.5545504139871
8,30,152177.6020845713,75.76994978720626,32.66304296862259
8,31,255582.67433219362,15.548880773550476,32.91468193726595
8,32,241683.15619398074,19.182337597410736,32.862011730203484
8,33,243419.49343751417,17.647570559436627,32.87963781842745
8,34,153529.2442300157,64.8543347829692,32.698558229885556
8,35,154664.22121844502,67.31636678807037,32.510801049103506
8,36,238879.34913309812,18.147159760590267,32.912655596927316
8,37,152113.06729648326,71.45310096469984,32.69628110912533
8,38,205889.4778151841,27.15952661937465,32.48494984470315
8,39,164016.68360775636,73.50892922711488,32.503272374842304
8,40,175507.85960469165,52.40995340487078,32.49060243633081
8,41,197275.82653727237,26.40077729428664,32.51453913391534
8,42,208261.2288709676,25.073698820240917,32.49658926771725
8,43,159262.88448377658,54.96207252620987,32.62969522875904
8,44,243669.67787525523,17.338559213275854,32.87963781842745
8,45,184384.6479810013,66.12221993217797,32.45578742233123
8,46,231953.3307124356,19.637489954920113,32.66009548638766
8,47,164735.04393627605,53.72618350447912,32.52607806816596
8,48,176370.7474014028,35.853282712177574,32.656433014645124
8,49,226756.0351933696,21.139080306282118,32.688687601541616
8,50,158821.12979734718,58.98918705591359,32.57906619661538
8,51,180668.63587275115,50.486072339313246,32.46160609690923
8,52,208244.31107299955,22.859315696787647,32.49975814681718
8,53,208244.31107299955,22.859315696787647,32.49975814681718
8,54,234336.38348720202,19.433940653209923,32.89282751600349
8,55,152762.91695356678,66.27486844959188,32.71818685011097
8,56,202762.58651171924,28.464382024924454,32.48936133767738
8,57,162074.3528585096,74.07328603107574,32.507179487993874
8,58,162074.3528585096,74.07328603107574,32.507179487993874
8,59,252423.13276783098,18.9269013808034,32.71487178340103
8,60,199304.6396421179,31.706315281040872,32.49446171493573
8,61,225259.77074229677,20.473699640220858,32.84745607690036
8,62,195104.5425777731,34.47052153433096,32.51493050575191
8,63,181308.8021118748,33.2343757436316,32.52762176156254
8,64,192281.63344799686,28.90701796403709,32.58877731632109
8,65,223914.3119156099,21.408253845133544,32.64674343111473
8,66,244026.3844536014,19.29836982997753,32.675475451926786
8,67,244831.84526437928,19.107726608192614,32.71599652912609
8,68,229754.41422293943,19.449092957175402,32.93297294733731
8,69,241328.40221924195,19.179676017442006,32.89062551545238
8,70,156583.99090517894,63.2792468843951,32.53007499535209
8,71,154580.2727980239,56.32111801075592,32.618332837492446
8,72,169582.34244233416,69.47090131883283,32.50252390594232
8,73,191413.75813038257,45.58503403177258,32.44825949451709
8,74,185218.41796339062,35.43834598446087,32.49782118999679
8,75,177369.28180520004,34.5671561056419,32.70518286599359
8,76,172664.2558639009,43.124058003788136,32.59485081422422
8,77,164282.0569336632,72.34667344214866,32.50873567221381
8,78,240283.41191094395,18.02281718997768,32.92906583418574
8,79,229614.71153929326,20.14806572909255,32.67564660681272
8,80,153595.46861456247,56.59052570329148,32.61396080279333
8,81,169349.242483774,47.11000811486804,32.558417098162515
8,82,167015.4074876297,40.71662053431028,32.6420339955711
8,83,167015.4074876297,40.71662053431028,32.6420339955711
8,84,157740.18775040514,62.55679325845901,32.51873358089688
8,85,224884.14479869325,20.17840378296526,32.85266631806449
8,86,161035.53034036525,55.31806824497127,32.55134606138225
8,87,235232.35803122175,18.650238304832126,32.89665032259525
8,88,235232.35803122175,18.650238304832126,32.89665032259525
8,89,256976.33528961043,16.71960591227808,32.9039369677589
8,90,188481.9333727182,54.261770522405875,32.43213815009385
8,91,181995.78681965946,70.28429512108508,32.45580032086065
8,92,190199.88115848735,49.723776350180394,32.43634370135238
8,93,165668.6331777987,45.01858242691914,32.60655391582019
8,94,196829.11783772337,27.74066878980376,32.56126017090437
8,95,226773.19647054237,19.91615618287636,32.86193109984615
8,96,226773.19647054237,19.91615618287636,32.86193109984615
8,97,191520.90365730945,32.34540274296294,32.54789053603844
8,98,194430.622548727,38.01831497436449,32.45139526350527
8,99,254017.8878629713,17.22233898115664,32.68068797435093
8,100,170771.0452698568,46.492975526202244,32.519730249370745
8,101,186712.58431792457,49.79936705138131,32.440813202962936
8,102,168677.99500218287,42.29576977132542,32.60732447791678
8,103,161171.69633864384,58.32902801880694,32.53456101838131
8,104,158241.19103767566,61.91322715944531,32.56645047133468
8,105,167572.98124456516,71.20550180465762,32.492381362827196
8,106,189126.6443616246,29.487954691487325,32.56056364310937
8,107,165279.1728041173,43.78891567888583,32.647585127687236
8,108,199953.6512533926,30.984632425681397,32.49309152098241
8,109,255882.5608061043,16.767951176624113,32.89471932193619
8,110,249976.2808849063,16.548457621684378,32.91327009583594
8,111,249976.2808849063,16.548457621684378,32.91327009583594
8,112,201358.43025256274,26.144332112797862,32.52780942451902
8,113,202179.19690169737,28.191446854528873,32.50543593250127
8,114,160319.12659538118,51.42234933772872,32.60655391582019
8,115,168886.73672736017,48.63403964646934,32.52217706795172
8,116,230130.04016654295,19.744388814431,32.927762706173176
8,117,230130.04016654295,19.744388814431,32.927762706173176
8,118,180266.4348711121,41.64274172539909,32.50769101288936
8,119,231370.3508567949,19.496560160806997,32.92906583418574
8,120,173581.85700311154,39.57643689703842,32.57698601750129
8,121,158627.65509502194,58.53471697173947,32.60086190461367
8,122,160662.34444710118,44.03674627468958,32.62722884376519
8,123,251706.7625795418,19.002386185597345,32.71487178340103
8,124,195511.04273783544,45.850206212943476,32.4433994441384
8,125,187871.77757805213,30.945943363749898,32.55964255540422
8,126,174846.53212005837,64.52674100544262,32.48715274808395
8,127,170682.98920317428,66.90546738648389,32.480037188790696
8,128,173977.1995793583,38.41001487252393,32.59497812390233
8,129,163328.72221686665,51.672295105008814,32.52715325763944
8,130,192631.9569363906,37.33308739249688,32.47638572967486
8,131,159959.13882344484,57.37523298721983,32.57065602259321
8,132,195686.4812406636,30.20608499562452,32.547613260765935
8,133,156729.53918014772,64.21092032701868,32.513183322795335
8,134,161169.48001145115,57.45167129608476,32.54377626214673
8,135,195043.24741417207,36.62010361801125,32.4735295137661
8,136,193361.41667961451,37.38875454283791,32.470505544779904
8,137,172005.5497003183,47.83798273262778,32.5040957384651
8,138,187505.29725301542,39.98989332223396,32.46989347711697
8,139,180750.69588049603,49.26818052015707,32.489129059609496
8,140,174226.61267793993,66.59515732194713,32.48538669646752
8,141,197006.9098226833,36.05643893557628,32.48606934003506
8,142,167276.15812816552,44.143020179224884,32.58918833504637
8,143,171684.59772893522,40.100596233289956,32.690376932751356
8,144,182719.32264984207,49.43349511430083,32.46334426226556
8,145,173358.2290563672,42.63277204855702,32.50048992739414
8,146,190876.73974656273,32.972527024417026,32.528342091604024
8,147,202602.8502879222,30.364927069460844,32.49481640504769
8,148,177800.23758693042,56.96645937192968,32.46812317431497
8,149,167803.46478364355,72.10146088739324,32.49037541354138
8,150,168273.62276498292,47.64960459984711,32.526539761419336
8,151,162475.25759836254,53.80338250365314,32.57764525834625
8,152,169782.44640024097,44.73692249340458,32.53760707916842
8,153,178544.16679411317,37.084797326837815,32.54497492378701
8,154,161882.4738042457,56.08810601681215,32.54253035587089
8,155,183066.5776254581,68.21082787822074,32.45686817882221
8,156,183066.5776254581,68.21082787822074,32.45686817882221
8,157,152816.32270923498,62.190823620102485,32.70404124964411
8,158,152424.37520884743,70.38713446000672,32.69711637428373
8,159,161275.2132980391,50.036371556787714,32.58244453492561
8,160,177723.55654258662,57.28410328324511,32.46725054354944
8,161,176566.11380010901,39.188914966866264,32.5410175099432
8,162,172585.86768103772,46.18432820611138,32.50120059568811
8,163,182599.0885243121,39.52809405703277,32.473716346313765
8,164,186968.97950552893,31.432234048154648,32.56281143450415
8,165,191770.45957405987,41.89591096452981,32.45138634885123
8,166,183609.73709456951,37.873966988473626,32.47926660441531
8,167,170600.7503484095,48.49632916842282,32.51900818885179
8,168,182989.78467138854,29.689837976125503,32.56356546598223
8,169,176753.8390405951,36.652234568222426,32.600673703102466
8,170,161119.2813293954,61.32220737147046,32.54501575154049
8,171,166320.5939740638,49.91484484452525,32.50622305449852
8,172,189781.6129624776,47.7004127530099,32.45380083796459
8,173,171322.8604739244,56.79624186159893,32.504930544350685
8,174,170537.89752125327,45.95510907155949,32.536849118677274
8,175,160292.4236034636,61.39382998800039,32.557298515924515
8,176,196317.75241575047,31.685547890038997,32.537655785473355
8,177,153533.39604159538,68.87076931078234,32.662875328239494
8,178,179569.95210576642,42.04907074809665,32.50849141872744
8,179,180140.31852033146,52.0348889347836,32.49439529504664
8,180,193299.03212797258,31.26121610209576,32.54596458534668
8,181,181253.54998787612,32.76213312070105,32.56911659809837
8,182,252123.9344464427,16.544465915693817,33.080138443047936
8,183,178595.89962337923,52.22974690127917,32.457794004164015
8,184,176479.70792205975,44.45633245264107,32.49787973558684
8,185,161340.2685184849,58.955669272517575,32.513192237449374
8,186,175111.95362092636,40.379870153840436,32.53880716370751
8,187,172591.1362069674,43.66135644969708,32.54607641239934
8,188,179779.85676911526,37.80739450674106,32.53087770940228
8,189,180335.84573128895,36.744273863364214,32.535255089330086
8,190,206424.1309435281,26.071993332142355,32.69750906811693
8,191,159451.532225682,61.98966546831024,32.5395707108882
8,192,171983.00537710264,44.093085185698186,32.58347124095188
8,193,173255.07908631914,38.907852097451034,32.59538626495465
8,194,184020.31019075974,35.002610693731036,32.50393564924266
8,195,165810.70837254653,47.71754123375409,32.53115353947714
8,196,180228.49274310333,34.90557314527724,32.56356546598223
8,197,188611.39900964976,32.82440892531693,32.556706299313156
8,198,158680.1055438177,62.83326526268289,32.513183322795335
8,199,173143.4169744968,41.985857140067935,32.57922362233642
8,200,160668.66660046246,63.85872192642646,32.51197075210569
9,1,235532.56234019058,108.88620951189093,32.46622922881657
9,2,160644.71618308855,147.08034129539539,32.578724267321114
9,3,176021.20234080797,156.43484508311073,32.534081135143715
9,4,326852.9637305268,29.971401970169904,32.81095980860563
9,5,326751.0378593952,30.317727189334743,32.81379666879927
9,6,193403.90161713064,66.63295981259228,32.76300900858584
9,7,224099.03965507285,53.66544351759151,32.79078666435036
9,8,306477.9493071508,31.851746067265797,32.81054677509145
9,9,184384.38291691948,78.84381360575863,32.75016796891656
9,10,326185.2480936394,30.548691042511056,32.71772558803442
9,11,191638.22691424628,74.54059969481908,32.72435486984004
9,12,264265.2072018222,53.01226044013622,32.56326189923807
9,13,240297.22500799544,105.77914705621036,32.468720825392566
9,14,319626.96015292726,30.418378018172557,32.778182763515666
9,15,319626.96015292726,30.418378018172557,32.778182763515666
9,16,271331.96489940607,46.756205015388396,32.639863023727244
9,17,238537.7398870059,45.1478621246795,32.73666407703692
9,18,258417.03277361274,84.50279010585194,32.48715628070214
9,19,197979.7295944148,96.66096238980808,32.59376731585645
9,20,259470.68204880756,79.29239679460089,32.50689107035314
9,21,227125.9141307052,51.90257700226958,32.784687102863
9,22,274520.887130975,78.00889249179559,32.52141413147202
9,23,257010.87204809661,61.10591556396882,32.56036255168072
9,24,162689.56477852582,140.53290628583133,32.60361746300929
9,25,237189.18149442456,97.14066461101689,32.4837106791087
9,26,291563.41780942027,40.554862903087695,32.65129348412647
9,27,194902.44216345184,68.6365366141174,32.740719451841606
9,28,218002.42439619772,104.17495697908892,32.49574556095584
9,29,228687.96103335678,115.57736465814658,32.47911145551023
9,30,243606.28257905476,87.20060623045852,32.49211572974766
9,31,230106.05116941535,49.66474917064223,32.71203922097888
9,32,317161.02647147415,31.010447024958022,32.6989175991887
9,33,317161.02647147415,31.010447024958022,32.6989175991887
9,34,182923.08487965073,121.55586729517846,32.56962633167527
9,35,178371.87428519595,155.65406583701235,32.50343850611373
9,36,189368.20348217653,148.69090526134408,32.526731658306396
9,37,221616.3253608916,62.76757892185709,32.61050031154468
9,38,253180.21424046403,50.20143973487858,32.62633429296522
9,39,243228.27759569616,99.54581149895756,32.47282745490106
9,40,267744.75712742447,72.03421887918826,32.544112454748976
9,41,245524.27905311112,82.62568765452149,32.497224047411514
9,42,219957.87752210762,63.788617333288094,32.57310679890613
9,43,275866.01115101867,39.89864029633336,32.68098543334506
9,44,216848.4683137309,56.06170851482778,32.65381254974194
9,45,236115.7105121583,86.59447388724827,32.50657043678103
9,46,312749.9691186485,33.32673154139627,32.671463789815824
9,47,287818.64412120543,70.48481550170432,32.539158569194875
9,48,297763.05030589446,39.493166311968736,32.628112641625705
9,49,202450.77461790174,64.30377742599173,32.69592713866822
9,50,202537.400913593,133.05557539525566,32.512326871297105
9,51,250034.6497553714,73.62817164175803,32.544502987050706
9,52,234288.84740857748,101.99697049636492,32.48958656677578
9,53,179649.5265621354,111.33918174341024,32.590835495504365
9,54,204125.89654961578,59.65982156722394,32.74388479234039
9,55,230469.35849568172,107.4117358717249,32.47657179629424
9,56,213250.85211917356,54.87905475379182,32.67614178094595
9,57,223534.22460943513,94.4929242030546,32.52021973279402
9,58,295405.6819813647,36.64016652351416,32.662708686239675
9,59,176735.3769014555,120.54259068367826,32.59913854595999
9,60,190490.41536458296,75.65176723658541,32.656908324566764
9,61,173100.30505482608,124.71906841860257,32.554448204221
9,62,169089.806421573,136.6334468992671,32.56588970394583
9,63,266946.43137852754,37.547580930455794,32.69180272139603
9,64,211838.9979272167,113.34537046187089,32.524105214305855
9,65,294636.14544355986,34.67995158341364,32.69324977734408
9,66,193112.10565352833,89.18523614917403,32.62166265764925
9,67,170315.98842490776,127.33091634896788,32.587009621682135
9,68,193445.1768562431,84.97185864961642,32.6053345432862
9,69,288871.0432302542,37.52674853561976,32.666275849675074
9,70,182213.0211602579,138.88723567125422,32.542466048071375
9,71,163021.06829814677,143.7621342372285,32.601858216513264
9,72,207549.55385898112,60.10276842112045,32.68606858439224
9,73,211814.94870571882,76.80932220643973,32.58790793087146
9,74,200808.54020793654,116.27244672512452,32.5649714260168
9,75,284302.9763081682,47.70997335396444,32.6173064358324
9,76,172531.4612339657,130.26586254183874,32.58653711144477
9,77,172531.4612339657,130.26586254183874,32.58653711144477
9,78,167573.85253343845,129.1001738034609,32.61403741947244
9,79,191821.97319784152,142.90566261046936,32.53162805151951
9,80,250904.98659288714,40.66170132995258,32.68921706448644
9,81,307960.9488407266,32.62544917623083,32.6776116972779
9,82,200556.0224343659,61.69079767585558,32.707387280902765
9,83,247209.1422242266,46.16583865509829,32.64949600399676
9,84,172619.43157191164,126.33470795436786,32.57956675796072
9,85,278324.4294854985,69.20602623701454,32.54141278128291
9,86,203377.6475706284,81.11391226571257,32.58397727972865
9,87,307350.5636984623,35.845114420698785,32.66059411080914
9,88,301897.2775582942,41.60665407688167,32.62236278870428
9,89,176450.7738586814,152.44384667149893,32.55111625325927
9,90,303085.1043882258,38.633251622400024,32.62978329520308
9,91,187647.6270147421,137.05596905460197,32.54977226577469
9,92,282279.76075058524,44.39032809721742,32.6444286203981
9,93,300551.7084409073,44.062402590775044,32.623238085631954
9,94,251972.35390732624,79.49213705973645,32.51887504826987
9,95,232088.0599520376,92.50773817766155,32.50936249796952
9,96,308636.97027977905,34.67612632359015,32.668240534162976
9,97,209464.3133860404,60.96985591304379,32.647001066500366
9,98,301281.11997705535,32.85417225028058,32.783293017418764
9,99,176834.36191606394,154.11961909474644,32.52315949030556
9,100,225471.9425344988,93.67831756318283,32.4995244593486
9,101,180650.66356742277,145.9759178556294,32.542640581058
9,102,210176.16054162435,59.92686867354249,32.6324875861617
9,103,199820.0924658701,66.17315142097588,32.61529899372459
9,104,204089.27652870343,123.19971227067946,32.529319781829834
9,105,241913.43476913124,90.76369835855924,32.47722705511872
9,106,277614.39390553825,71.89864662030607,32.539158569194875
9,107,241416.10747301267,48.451335455754034,32.67055530623499
9,108,198502.67409211348,73.23915844937267,32.716578773971946
9,109,196151.05419358306,118.63348974327506,32.54085121987281
9,110,185417.1167163105,142.40061500529782,32.538243734662736
9,111,284995.4967992671,43.64857947370355,32.63573367333684
9,112,199910.90231978445,97.83718278642101,32.5791378378008
9,113,280828.4031768051,44.18097055905034,32.652605764109055
9,114,254569.68094441513,56.248315018015774,32.587206516306686
9,115,174590.22578631205,153.8263742061745,32.544292444562316
9,116,194415.2837139623,128.3922627411509,32.5392058992553
9,117,197128.58261975925,147.78434778491555,32.52417326621821
9,118,164374.5379351002,135.2055123820879,32.57748131515974
9,119,296555.50370659545,45.87378741156256,32.62949887883344
9,120,204693.53479272436,132.0199197197081,32.49831949098192
9,121,176229.62513640872,150.3464696610036,32.55198122772345
9,122,184210.18068238173,80.07712266395272,32.658776475477254
9,123,223815.10313038703,58.24427648144924,32.60843192019297
9,124,234289.4723126349,56.7240936027665,32.614451582413324
9,125,304111.88331218675,33.03829118532154,32.67200357289941
9,126,199578.34598701217,117.87491565663657,32.55408297702212
9,127,180396.31848166938,151.06351974340862,32.53553127477829
9,128,306501.1553866976,35.0181628815542,32.66565040683553
9,129,197098.09404968313,107.62563019262127,32.57577054725497
9,130,168340.303132583,141.73552585330066,32.55436886765174
9,131,285624.0589372344,42.58179441966813,32.64055093786104
9,132,285624.0589372344,42.58179441966813,32.64055093786104
9,133,186745.0641752871,121.09837652971704,32.556377016917565
9,134,195874.92656556764,102.30058152245664,32.5773005490417
9,135,205922.00360743896,53.827240604818364,32.70750648425389
9,136,189048.1778809021,80.01163394128784,32.62475126196646
9,137,232000.4382995888,93.16721484672077,32.516264761532184
9,138,192541.11474516318,74.08839712047202,32.71500964441404
9,139,180382.69287481497,100.09545383684322,32.61081652948063
9,140,248439.9578789565,54.68924269267711,32.614589912114944
9,141,310636.45434588083,31.174159289882112,32.69296021186885
9,142,238858.06996508554,90.92572997763017,32.4992862742305
9,143,246101.77267733356,55.4232317741638,32.61701788224375
9,144,179357.7839397997,123.00075787781898,32.57256744789974
9,145,226162.52135359464,60.315775859998624,32.58952200099643
9,146,226707.76454476643,88.73648322550848,32.539077202897445
9,147,284063.54980164475,44.889746912228674,32.641531017704104
9,148,300891.6221012678,38.606101463008066,32.633947607352646
9,149,166759.94501425946,127.58478896805836,32.638795299639455
9,150,186388.25123694979,91.92496545377777,32.63794686804286
9,151,166187.39424235153,132.1726216801868,32.572026307944945
9,152,304354.32231114083,40.07005638900228,32.622733920629884
9,153,228214.74214474653,53.5856001856871,32.73818953431936
9,154,190149.5519954038,77.36654899072182,32.644807962758314
9,155,203315.8593358455,114.72297411951018,32.55542673656523
9,156,209787.63233607856,120.10230504648806,32.53438986940879
9,157,312612.3649052973,33.71755504783383,32.668786395644965
9,158,204409.939380132,110.5468071537894,32.550553413791405
9,159,187653.13007355135,82.10707524881694,32.62866261960934
9,160,233264.83738392172,92.07700468345696,32.52841838483279
9,161,163313.6103232259,144.64205098472985,32.55436886765174
9,162,227917.24726533028,59.34555349739155,32.606589778203904
9,163,225263.2979626067,69.76640746260381,32.5729880333301
9,164,222554.0624766955,58.83662595385847,32.65077242913269
9,165,284595.4350935096,37.10485005204452,32.68470547783517
9,166,187102.75463837598,92.75002707646304,32.61251085162165
9,167,178193.47956407888,109.68088661799855,32.60817429071204
9,168,186773.08050802955,136.11786834219234,32.552479639741875
9,169,178456.62435644478,113.98608653200013,32.58102637917473
9,170,254014.42377757642,88.97223706956231,32.49088411176042
9,171,164361.2649952279,137.66615959276572,32.58160428806486
9,172,214443.68813101543,58.9946415438814,32.66931549154295
9,173,280987.74285076826,34.08108723081595,32.71619810505096
9,174,206422.592183744,63.80932240732237,32.61086081885046
9,175,283433.0009369147,74.68036081591615,32.53736177417614
9,176,310732.48173273844,37.40104115970907,32.64660389139998
9,177,192810.6058622274,73.80926077911103,32.68274603431037
9,178,196466.4765436217,75.08005059120683,32.646076029600174
9,179,180599.08683424146,103.47410637492158,32.5866555225943
9,180,164150.1055275475,138.42845467737814,32.572026307944945
9,181,205119.9522786631,61.52877496033265,32.69124940276236
9,182,232009.56038940273,114.30316716543919,32.4745615759131
9,183,174124.91670911925,121.52662637622402,32.636764899456395
9,184,238238.36341590853,52.72633202837186,32.66001991028156
9,185,267459.1079456428,52.57014716306821,32.59234401250048
9,186,245595.25396068755,49.134372223869654,32.627809274885976
9,187,295068.7084837491,33.98016124005091,32.687805769048495
9,188,182385.007218785,145.40521538943267,32.53714370686551
9,189,165301.18573661352,134.12507412193972,32.58160428806486
9,190,165301.18573661352,134.12507412193972,32.58160428806486
9,191,196963.583625357,132.82075736533977,32.53677354629792
9,192,214891.7788693845,109.23731133941034,32.52841353152712
9,193,202442.73639548544,69.00558666443699,32.60835256365419
9,194,245835.73615597916,81.40955129241227,32.517036146196475
9,195,177695.25836458054,120.17243214134895,32.59155416292193
9,196,223714.74930410506,54.370413534226635,32.657324916347484
9,197,223287.53567045962,99.71608475707895,32.49480559077514
9,198,242443.11516576403,54.91938179844646,32.64450119245172
9,199,173429.09422366266,117.18769231024805,32.64994801759249
9,200,205582.87948501296,81.64783117511949,32.541049871392985
10,1,374151.1186090381,28.921108552513317,34.479719970813335
10,2,374151.1186090381,28.921108552513317,34.479719970813335
10,3,370483.0875850959,28.734125197792824,34.49296777991209
10,4,154680.6021050742,94.93598959400556,33.05715740559857
10,5,154680.6021050742,94.93598959400556,33.05715740559857
10,6,361927.80944090337,29.483324974377506,34.50761565043243
10,7,196359.3395259248,84.50865088078001,32.96987721804464
10,8,153708.2497553235,93.89954525824359,33.07325291362646
10,9,315261.67202977726,34.09824816085039,33.91157827092498
10,10,315261.67202977726,34.09824816085039,33.91157827092498
10,11,205986.18749193236,40.77787349615597,33.331152423584236
10,12,262281.8774373589,38.47497437828682,33.16180753138133
10,13,345503.7062194593,30.609943847324548,34.13270230361841
10,14,367699.32987011626,30.362588860705937,34.40267549619193
10,15,367699.32987011626,30.362588860705937,34.40267549619193
10,16,346458.9744260578,30.78916765617177,34.09372789197765
10,17,361192.2095100795,29.985306245604114,34.49296777991209
10,18,322781.2216994364,33.62649860678825,33.94227566519278
10,19,371852.83441786416,29.460240573893675,34.40604310741789
10,20,165639.8277089145,70.8104564686151,33.22234167063849
10,21,190434.65973358194,91.0763726202651,33.00207871091418
10,22,251796.78078637714,34.50398840943383,33.32160606790562
10,23,166787.3261108696,68.80250788987023,33.14473727756214
10,24,331307.2784200594,31.91704422561802,33.976451736959156
10,25,343247.6543482726,31.146687769942254,34.0114984110454
10,26,329486.91471008316,31.674107270228337,34.02382680818704
10,27,334009.3783666182,31.204338119493645,34.06727706781247
10,28,343552.7735196783,31.062292952189257,34.058970412273055
10,29,171838.85686586823,64.59876358076339,33.07502455125865
10,30,327239.93456970085,33.460720020065885,33.94227566519278
10,31,255249.67523694056,35.122464628840305,33.281033944888335
10,32,187020.18953392486,74.0728890057383,33.002618511340785
10,33,183047.02092898366,72.65525157338215,33.02356013372492
10,34,367493.6538176943,30.014503959764582,34.403035711726766
10,35,226822.4744697478,39.098997863679486,33.292153277390156
10,36,170059.7478542136,66.22789035262252,33.152681108103344
10,37,257224.40055032718,36.50027896673322,33.1861715547432
10,38,154739.4060271926,92.9586231318816,33.07404105634716
10,39,170722.90682467096,64.17181024952073,33.19406139727286
10,40,239009.92384307488,53.817319620097024,32.99353165866382
10,41,232832.55408217473,38.434941945086806,33.189344689713096
10,42,327777.4020005433,33.02959539679687,33.96546640622345
10,43,164705.77101619603,78.4323592190549,33.07809998894004
10,44,164019.96024006122,88.44214689212295,33.04611557821499
10,45,230827.45485501955,44.141032191504515,33.069506603841035
10,46,259211.17481623442,38.88392606873042,33.13420959585612
10,47,184216.1313354271,52.450162665414005,33.058015296786735
10,48,255703.37706821866,35.2866565082589,33.27138128138316
10,49,161387.29452053606,76.43522453510329,33.14625788392
10,50,262112.57177949583,36.887152476352455,33.181307173739214
10,51,223445.57219783167,43.18824612796961,33.07136704495372
10,52,166010.59190432206,80.71708675530923,33.049985946548084
10,53,203230.6071984301,47.26654129902592,33.118460146068486
10,54,210074.6240139697,59.006217493392334,33.01309209204562
10,55,326069.1636359001,32.775276853411604,34.020749532413184
10,56,326069.1636359001,32.775276853411604,34.020749532413184
10,57,169354.18181431,67.40320224516678,33.05719686086335
10,58,201395.2538875484,48.626306130492665,33.10895457526008
10,59,174032.78749295505,62.87214838831612,33.07125299319809
10,60,248332.78707323744,36.10690590858465,33.196735288767236
10,61,338066.4249199554,31.28189750660733,34.0114984110454
10,62,158779.2397302762,83.5790282842552,33.06273448393662
10,63,191937.67138874592,87.45712479158458,32.999043702883675
10,64,335165.6305033755,31.70799242334668,33.98533937252748
10,65,335165.6305033755,31.70799242334668,33.98533937252748
10,66,171675.74804102548,82.01745164551562,33.041582801147115
10,67,244594.866622812,37.370494826383506,33.170248222841785
10,68,226268.45512137678,56.172000493528046,32.98674875298195
10,69,223226.76304803317,39.755593111058445,33.25854063846842
10,70,223226.76304803317,39.755593111058445,33.25854063846842
10,71,212551.40034587163,41.828051679833955,33.176133098847814
10,72,157568.34879487622,75.18023282614334,33.15917171183328
10,73,180211.925258536,58.507881326809546,33.030999932388866
10,74,192328.80574494216,59.81939024906842,32.97055379954855
10,75,215084.14057992652,50.363544658573204,33.016487477672904
10,76,216772.17504447582,57.85286704126227,33.01023232846984
10,77,169459.24385347829,73.62623942826298,33.051287287383154
10,78,188681.18348162304,58.084548595350455,33.053912045026806
10,79,239670.89855150937,38.42336609984846,33.180925397635484
10,80,165018.59181663522,75.66016716828817,33.1286318355361
10,81,252384.2618588417,38.60931949561857,33.13684468945092
10,82,236979.36977862817,47.76217559338286,33.05899623512001
10,83,236979.36977862817,47.76217559338286,33.05899623512001
10,84,187532.98589964176,45.282048348304194,33.18784773253832
10,85,177079.08171903226,60.57373236079336,33.14122625655677
10,86,202659.477712715,46.19022071115935,33.12219109329787
10,87,156038.53413772213,89.75889280660095,33.07140466608754
10,88,156038.53413772213,89.75889280660095,33.07140466608754
10,89,197543.64653198444,53.07473905890355,33.035669388983834
10,90,337660.65125484066,31.444942575327396,33.96139957351486
10,91,198300.63293573042,55.94984573193446,33.01915408821887
10,92,165311.03732672805,85.47500237603846,33.041078696165854
10,93,210606.12806780022,44.64813561240442,33.16673832782355
10,94,183624.08805831344,54.33367275041932,33.137966889203774
10,95,246954.94404462038,41.41155805871413,33.088851859729395
10,96,193486.22577643284,56.64875482867588,33.048304730857325
10,97,155124.82316085516,92.96666360187668,33.07219280880824
10,98,226023.86408045667,42.994380819325926,33.12504969319805
10,99,372593.64443843515,28.974783345571577,34.40604310741789
10,100,242489.05061459524,38.90493086973979,33.17894815293956
10,101,155978.38262611208,86.68710179396126,33.08407684363154
10,102,193200.62652589224,51.0325663475757,33.12730609036046
10,103,160026.37523439847,79.84320478402847,33.09950543094499
10,104,162474.52039951118,70.91081214553417,33.15663691460967
10,105,176358.5056900741,61.635290838747856,33.140485810946245
10,106,165242.0962665956,79.30857346461127,33.061845191590145
10,107,180179.64217300387,54.97140425700977,33.193878888432586
10,108,220765.54706813305,49.28418790461764,33.09159439141361
10,109,165487.5042747793,82.79971798511981,33.03551093743887
10,110,214382.62142914935,46.10390491535624,33.143541595771275
10,111,179594.7814103621,60.36551925597099,33.061398369777805
10,112,156917.08140637702,88.32021837228864,33.06273448393662
10,113,214156.3759962275,41.49995182438192,33.17192354088497
10,114,229074.9235753282,39.578909834006254,33.1889234848371
10,115,154093.66688898604,93.90758572823866,33.07140466608754
10,116,216905.40252546815,46.84400418479903,33.11877106812277
10,117,208683.14561590072,52.914116183762175,33.03557151768371
10,118,167670.98377192806,66.61767463639727,33.14768918518348
10,119,217067.51399117624,45.21611842480919,33.095537166254175
10,120,219799.94163029135,50.21001791562986,33.02194015638136
10,121,168686.80784951686,86.23375275635021,33.02856182465138
10,122,241359.06731490666,40.60439118847851,33.13580871782514
10,123,208853.15358141303,40.0967657907508,33.19724284095905
10,124,231166.54423937446,45.21052838637186,33.063536904911324
10,125,207020.62583341775,55.3685179771387,33.03131097141687
10,126,158586.69260796963,80.46088840070743,33.06976759445129
10,127,171103.8858536973,67.07211108852538,33.07948736554271
10,128,244502.55520851052,42.738273197977705,33.11852803779982
10,129,212591.08654789272,51.23343762399578,33.03477469786967
10,130,370086.8604171528,28.757217996239977,34.49296777991209
10,131,336391.4903306884,31.672997066262763,34.02042403961352
10,132,227589.00484347518,39.660874334735325,33.20687598060594
10,133,182123.27781577362,55.22065469173439,33.176357698618446
10,134,226525.55575062364,42.345584789080775,33.123264361467875
10,135,190628.06674164042,47.63521176719466,33.14670709280963
10,136,206525.6027288488,50.11705283984744,33.091589042954034
10,137,336948.7251883884,31.58698363656766,34.06110594555691
10,138,176049.63687299797,62.44285464842972,33.05753889585051
10,139,177429.85923637933,59.67134452942591,33.107004043966114
10,140,177429.85923637933,59.67134452942591,33.107004043966114
10,141,162313.92896766725,71.55310005879373,33.18087810473745
10,142,246288.59020517074,35.741884577199784,33.21489047596483
10,143,192597.86630461845,48.97979671898361,33.14052193644494
10,144,163306.59693638768,84.19250635920368,33.05399701957972
10,145,219873.87973230833,44.22539021904549,33.16845941254065
10,146,160425.92223314807,71.75077786821295,33.17015599065202
10,147,200649.8619487159,51.43648463218327,33.099369736982766
10,148,173773.60487105488,55.62567856007145,33.16496711154577
10,149,156631.33836984038,77.65501080241178,33.14679255400618
10,150,156631.33836984038,77.65501080241178,33.14679255400618
10,151,183306.45183495106,62.726232758120936,33.004009136042576
10,152,246143.11102390016,35.47045588135225,33.21492496908976
10,153,196994.5237225582,51.569885479795225,33.11421515188964
10,154,178584.38240540592,61.95600102795082,33.07327059327695
10,155,227904.23035529826,37.248474832812995,33.201224601160625
10,156,166321.60335188554,77.25208542614644,33.07203079229461
10,157,166321.60335188554,77.25208542614644,33.07203079229461
10,158,196875.51564139145,44.95126073101196,33.15181369561339
10,159,178242.96150618108,62.258247452720575,33.08699177622074
10,160,240569.92422842165,44.74219258245995,33.058443468627104
10,161,173238.0242573449,61.735379559412905,33.13190859067851
10,162,238771.148700768,43.080711721756785,33.09924697886062
10,163,221633.67190282073,50.17217259906902,33.09059173630481
10,164,154519.5792092192,86.95246719598633,33.07940604594474
10,165,168445.14392678443,87.26922709966338,33.032254995670186
10,166,183146.46259548992,57.233183275326546,33.08724399277206
10,167,248187.30789196683,35.83547721273712,33.196769781892165
10,168,174823.32651655312,51.86591134976304,33.201795872360215
10,169,179722.26742769108,56.76078024452785,33.14384389364927
10,170,228220.38074529707,40.29667309751534,33.15792086399927
10,171,184027.704514781,51.9215263027743,33.14384389364927
10,172,182156.72517795095,55.900213361224594,33.09688152857954
10,173,223178.7811563778,56.48283208065407,33.014475888894104
10,174,172390.51139970316,57.44087207921344,33.19523440229602
10,175,172390.51139970316,57.44087207921344,33.19523440229602
10,176,245911.41872780077,40.28195757334274,33.136204192136944
10,177,156557.66636233788,86.00807116839377,33.116576976999816
10,178,161034.05564128264,85.82249103331517,33.0580637910861
10,179,165372.18834191654,73.86340346398629,33.102514808476215
10,180,171667.5677545127,84.11166793773748,33.02260627179476
10,181,183625.4982991801,49.55617201014143,33.14791523043878
10,182,160490.78848403302,82.27912534148452,33.061845191590145
10,183,337827.80968360056,31.391466220743062,34.0114984110454
10,184,164478.68758410608,87.31075278261527,33.03960962447548
10,185,157851.28425337645,85.88949103108831,33.110876095249594
10,186,191946.05063077383,42.59529688362211,33.176549315357384
10,187,174799.88316067582,66.24628539069774,33.02649729218642
10,188,171633.34281912193,60.568703157534415,33.2029086209815
10,189,226601.92737178382,39.3220914675418,33.2859198433015
10,190,226601.92737178382,39.3220914675418,33.2859198433015
10,191,167002.16939658514,79.79591531667738,33.053345566394846
10,192,174781.17042537953,61.826158579798545,33.08811517581937
10,193,161775.16859625772,71.59977866896655,33.14818150884623
10,194,201213.84090632212,50.33532710857596,33.08682325891741
10,195,166290.92512663783,67.21789994103864,33.16504369146751
10,196,167425.21958901337,75.25261052848217,33.06341156914522
10,197,154023.9425743343,82.47465511636142,33.1189285051837
10,198,223203.53661896504,49.50796334997988,33.04281212464285
10,199,222790.14743222197,43.10079508360985,33.143206139548525
10,200,161870.5957849539,79.58587985199846,33.10232798109287
11,1,258682.93470495596,73.99254274139183,32.81725288992797
11,2,334413.7410786873,27.43998363712501,35.72337791287883
11,3,366390.9273129829,32.8539846378683,34.33858206378309
11,4,366390.9273129829,32.8539846378683,34.33858206378309
11,5,214882.7844366522,95.09718707328926,32.96594401832645
11,6,196437.25119618184,77.05428047609342,33.316474082647424
11,7,317842.4056536236,27.696824663493132,35.26718989712303
11,8,302687.0577352333,29.93598836783718,34.59034379825241
11,9,296232.9290696947,29.934423581223452,35.108798150115284
11,10,296629.2974455241,32.40257566272763,34.87899033396821
11,11,296629.2974455241,32.40257566272763,34.87899033396821
11,12,314195.98159114324,32.166153447386165,34.515883718867784
11,13,287151.8291078215,35.37274498989785,34.414015332288926
11,14,217880.4502363607,91.48611651497353,32.94013579045303
11,15,247771.49244180924,44.301276525631984,33.7721405651357
11,16,325012.54993344145,28.413359062144576,34.980481006352335
11,17,325012.54993344145,28.413359062144576,34.980481006352335
11,18,297325.9044684013,28.14788138486872,34.98493102418903
11,19,334603.7205964773,28.036129487431484,35.116597187482604
11,20,296308.953450038,30.483638363718473,34.946335254562136
11,21,235602.3226725159,87.37747442817383,32.82286238888823
11,22,197077.9237441505,90.18596358747916,33.23882701218142
11,23,277282.5757572169,35.138529886828515,34.44682907446728
11,24,282928.7690657115,32.57466004310949,34.47127540873643
11,25,335846.80542006885,37.79668959355423,34.05284210920307
11,26,279833.6476085781,39.78643053521782,33.616584852615894
11,27,300936.36329309875,29.310132122137027,34.97041771928283
11,28,309949.9373991199,39.40416916081128,34.033617049403816
11,29,309949.9373991199,39.40416916081128,34.033617049403816
11,30,350801.64580413693,36.90883860542679,33.90006074378134
11,31,350801.64580413693,36.90883860542679,33.90006074378134
11,32,341399.79630819545,36.33228003192251,34.22713380771505
11,33,341399.79630819545,36.33228003192251,34.22713380771505
11,34,358850.1631164183,33.4453421733888,34.13470148588132
11,35,359656.25947053183,33.299316111670436,34.12110832491072
11,36,359656.25947053183,33.299316111670436,34.12110832491072
11,37,316538.9918582988,41.623890306863316,33.6029985251587
11,38,355080.5240035971,35.81748124672875,33.97776571832151
11,39,249644.42122181156,42.95168724779868,33.725910336798165
11,40,346568.44393922365,39.37328587352203,34.01196414401957
11,41,223616.24753976695,47.53491875125323,33.50764968394979
11,42,198818.24955459096,73.19526960258789,33.31336727715032
11,43,272877.08406541456,61.28292694691919,32.87851561018354
11,44,323249.5773033039,32.90300820119717,34.37023013629813
11,45,286259.2927851158,35.57929953553501,34.39292513821632
11,46,201512.12886147416,83.79746939031267,33.25505356193383
11,47,335798.81877290906,37.3212308792553,34.09114917574475
11,48,300019.5698473782,37.114167079459726,34.25723856036973
11,49,357097.77479276585,35.217406532405555,34.19265709127208
11,50,255219.0850665605,44.60040919768891,33.597600543449715
11,51,254297.9710258543,55.57397542206452,33.023819011249785
11,52,216124.0694536515,81.06413561593872,32.99740454377325
11,53,237971.40223094617,71.63730566222148,32.94483061183388
11,54,212815.68132026523,60.427749400635044,33.677882994455544
11,55,223234.7147263496,49.86584884044734,33.43485897755737
11,56,199662.74433046437,90.36547644146565,33.193691843696854
11,57,251336.51903626946,56.26428353241832,32.9391558750615
11,58,256855.60670186143,52.12826450985292,33.05959726055
11,59,264279.1524392978,43.9338437361138,33.2228356941844
11,60,321962.5897434306,32.571157258951956,34.467717090698336
11,61,354214.3679276527,36.21994932156031,33.957549552896594
11,62,352164.7743359125,35.424023539912845,34.00651530461342
11,63,200817.15540639014,72.56629548450582,33.288101310354
11,64,313861.61526866286,35.215022574672545,34.40003248214295
11,65,226239.37182783987,76.09214728964062,32.953575125106454
11,66,240296.05790223778,48.463150233162985,33.15763276639581
11,67,265931.8846904906,40.82490258597023,34.335447114001255
11,68,217414.44477860397,56.62196171185103,33.52481833890479
11,69,219019.15136026478,64.78945065162328,33.37804073606928
11,70,221834.0303312582,55.00091322680091,33.390039553995315
11,71,268550.01476609067,42.230686850562186,33.63916678993751
11,72,351405.4105069828,36.77112483674945,34.1167319677065
11,73,349753.54190382216,39.68748561304992,33.928453588812374
11,74,213322.86493840505,57.42867515181739,33.56864739714004
11,75,240633.6975912132,46.742708070598866,33.134004755076816
11,76,275986.134145873,62.11217262391997,32.82882975856184
11,77,204486.9208599731,80.13752235576868,33.10092083561485
11,78,262812.68399249966,53.06373942088546,32.893050645836965
11,79,216381.5124541943,57.6841226295204,33.45247864740619
11,80,210338.23314924553,62.29035939930709,33.55554179939391
11,81,269429.1734809253,42.11485779533904,34.28888306008693
11,82,242782.83487436007,68.9500576241753,32.91978500846676
11,83,248083.92204136815,63.362043759750335,32.90680171985824
11,84,203861.36077064343,81.79887273005139,33.08383151298098
11,85,261355.55647656028,55.30482722745088,32.92975047317138
11,86,203164.4463148478,80.06821797396103,33.25505356193383
11,87,260169.82276941038,45.460120471827636,33.126117635916145
11,88,200465.5855962157,84.5164347954745,33.10930786283764
11,89,218279.63432989846,82.69374560156933,32.93505808290439
11,90,276040.5642646844,36.21554396558885,34.26206964650984
11,91,224402.25830225385,54.13384427370304,33.35416866500502
11,92,224402.25830225385,54.13384427370304,33.35416866500502
11,93,267930.85111819487,40.02553296213208,34.31204309484141
11,94,267930.85111819487,40.02553296213208,34.31204309484141
11,95,349286.37352429336,39.35864852428374,33.94179253150561
11,96,218023.8256377486,86.25429882748811,32.8569832655409
11,97,221518.36532622064,71.02903313082658,33.09141094585698
11,98,209110.87430524727,79.21944966426037,33.089264412783166
11,99,268928.0842384409,65.64519656917997,32.82233213253659
11,100,213640.93525458447,85.67558169227614,33.010101126061734
11,101,258818.74320561253,73.69206631775232,32.82321091935326
11,102,231904.56348226257,49.66539141616574,33.34836583450503
11,103,238472.29717626882,51.06200718369097,33.15514721027323
11,104,244333.7230719561,59.847990411266714,32.98534139341815
11,105,271710.01973624015,49.26075257030374,33.09912325551612
11,106,318562.1369148293,39.20266184074691,34.03385388761535
11,107,350395.3663086671,38.195604889064,34.015422596194625
11,108,212419.7658791159,60.6159170818703,33.41438153213072
11,109,264880.9312959052,51.67932740241326,32.93221580350399
11,110,206619.26674499447,74.8012313219103,33.28717666095503
11,111,208110.49937231434,69.25733252244808,33.18230680858311
11,112,266749.31507941266,62.44690316759031,32.88845238782721
11,113,257972.6370551063,72.67664274643823,32.833659629139106
11,114,205323.25817115762,70.54587019479338,33.41905927257588
11,115,244459.4864828904,85.0757446238283,32.85078657663844
11,116,229310.37711279135,52.740140134643184,33.24572786223233
11,117,319762.7757180122,38.617449007715294,34.130122250409265
11,118,319762.7757180122,38.617449007715294,34.130122250409265
11,119,264436.6278223119,40.99655710677607,34.30020600696558
11,120,250183.6878726606,77.52722871803772,32.851620831214646
11,121,240900.34677601705,46.086523687643194,33.13964593655565
11,122,229977.64090488388,76.52575202896325,32.86014440706036
11,123,232680.32965315573,44.88241861052001,33.35706181742897
11,124,277149.6845207553,60.20302235888007,32.864974228129526
11,125,236481.11952487973,53.74353714115052,33.175591079264024
11,126,230471.32172055563,53.56279767665392,33.18643422273296
11,127,220858.1976595936,76.92328699453431,32.9020429339846
11,128,209418.72647082125,86.03573439571815,32.987957240797186
11,129,218270.6511989979,78.60182070118047,32.94615342306301
11,130,247482.28022607358,68.5064132889026,32.87185317083514
11,131,243437.6455175381,74.18738767080218,32.89034788416966
11,132,237014.95543430734,53.26709992084965,33.13150589573564
11,133,222332.21165508596,52.9617172351353,33.47643725553428
11,134,234822.73320151336,61.51737142214579,33.035490029698074
11,135,245832.32905212714,69.01572088585841,32.878359883332365
11,136,231651.55137099716,70.03164036333554,32.953365322425036
11,137,215193.7943275653,59.51346668734665,33.45517941653789
11,138,240133.83593900583,51.293487552140064,33.150679668157494
11,139,265763.55493270507,42.1455774862767,34.23173032264833
11,140,222937.67436855353,63.79726345767792,33.160189010941764
11,141,233004.1510811514,63.07297011183964,33.13721799278383
11,142,218670.72120259417,82.47501016275271,32.9020429339846
11,143,211736.22432655565,77.32056176763018,33.12312354532776
11,144,207449.15336324522,70.4101593655162,33.35421396764828
11,145,203492.58732102442,78.22409698045418,33.27251518907305
11,146,270643.88699472765,37.64919653612674,34.1658177662473
11,147,223868.9712443421,58.42687627082098,33.17304042846224
11,148,228472.33340876686,75.28829030947747,32.922432886479925
11,149,317768.8794568769,32.59448965294026,34.40309801275059
11,150,220034.24071885063,58.47873619143499,33.36616468048145
11,151,238933.20102013607,55.91110837061465,33.069707723841546
11,152,210774.16896106675,66.5284346783982,33.47288752117382
11,153,210774.16896106675,66.5284346783982,33.47288752117382
11,154,222309.05600489696,67.29780967115143,33.172784943124555
11,155,206565.67391201446,64.17554668910427,33.51903791446415
11,156,211616.7123326927,75.74634549068433,33.147512123273
11,157,228830.91463707585,67.96918156482425,33.0676301110222
11,158,347890.00433656987,38.35586828559083,34.0511293016866
11,159,347890.00433656987,38.35586828559083,34.0511293016866
11,160,269905.0513719689,64.02908666230361,32.84645251589339
11,161,243660.50628935074,69.69758269576572,32.9040044429577
11,162,212892.01783894183,67.79884388889467,33.233119276737014
11,163,206401.81582901173,67.48438011792265,33.465175118799124
11,164,226846.79033495532,59.41452448608247,33.16501654533877
11,165,239235.22595988325,62.86537512593179,32.92597782025763
11,166,358732.33337553695,35.39314764317513,34.191482308376095
11,167,260273.72846214726,58.883384167446884,32.930898933354385
11,168,249482.1003970207,60.59623238360474,32.963074641420334
11,169,241147.49486669284,49.15722208522441,33.13345985264543
11,170,254362.73432146903,42.80124779766366,33.65657449479798
11,171,254362.73432146903,42.80124779766366,33.65657449479798
11,172,223712.74037761998,62.65356587633101,33.195450878924625
11,173,231767.0532455012,65.20040562077537,33.07870973215708
11,174,244765.9537129322,57.168790200814634,33.01195637256572
11,175,220006.8780195789,65.32540536249462,33.2144019726008
11,176,216785.35452416504,65.4244412221705,33.3926538608772
11,177,210355.34676360694,68.34016714280644,33.276661667696075
11,178,232328.43256964284,63.122756479190485,33.040479325249095
11,179,219586.3371915935,84.10952559019907,32.87871974247233
11,180,265919.7019769324,43.25174732245098,33.26315753907363
11,181,241302.75375222455,49.668023785042436,33.069707723841546
11,182,270894.2546782098,36.9955661085412,34.29701153057803
11,183,235639.3729240499,84.2398396008964,32.85637899806143
11,184,249609.5113589618,45.797763560342204,33.169514060798875
11,185,218964.17691674258,56.87004335203933,33.47031478004927
11,186,228210.217531767,75.01236639083527,33.011106295150455
11,187,227632.19625211685,61.71385868928684,33.14669539343316
11,188,257463.90062471278,79.44769727411274,32.83292672232206
11,189,246685.73937511485,62.02677714324705,32.96332221843594
11,190,268665.21905836696,42.20170485753785,34.18080488996485
11,191,219634.155828241,58.972713359781764,33.43057628577097
11,192,230172.9903781332,67.35475797911084,33.049308956811274
11,193,270410.85382038483,39.04230233142413,34.3785347298232
11,194,244690.67664962268,59.17697562369172,33.05955532698799
11,195,214465.09997377178,64.08883394735342,33.40101469388712
11,196,205915.26330103673,81.41356249977524,33.09247741562923
11,197,205565.9979260638,78.03387687040002,33.106252781995565
11,198,229257.4758270622,52.87315783769202,33.403604113436614
11,199,211240.57477335597,62.00130308398832,33.51137306928015
11,200,250952.99885011595,61.53384160314446,32.90296634321497
12,1,235038.08486606056,28.710900613071324,33.51674014592117
12,2,235038.08486606056,28.710900613071324,33.51674014592117
12,3,248289.83424557347,24.337198207244125,33.325784089352304
12,4,248289.83424557347,24.337198207244125,33.325784089352304
12,5,124519.77286720944,84.08159942377199,32.88167111735285
12,6,150662.3818963797,77.26791141825007,32.719872987312904
12,7,265617.40872354864,25.955701206807234,33.23152934828118
12,8,138272.5879840362,93.49850442718345,32.75505508722674
12,9,188465.51894285646,33.26549013986452,32.83264452562358
12,10,218057.4787187058,32.02728290675291,33.30330874527662
12,11,218057.4787187058,32.02728290675291,33.30330874527662
12,12,235050.46574690077,28.14508220572736,33.36352180257547
12,13,235050.46574690077,28.14508220572736,33.36352180257547
12,14,182430.7181292271,32.5012791518998,32.858850974781255
12,15,221502.41094343498,31.92055046774048,33.202667524769154
12,16,221502.41094343498,31.92055046774048,33.202667524769154
12,17,139355.0805464019,55.14400043882782,33.00879136565391
12,18,245804.40839158805,30.892666257655335,33.1368396167876
12,19,245804.40839158805,30.892666257655335,33.1368396167876
12,20,229377.8237022974,32.45994525871688,33.07151209637123
12,21,229377.8237022974,32.45994525871688,33.07151209637123
12,22,258273.29712823505,25.714771243880612,33.23853686068311
12,23,138277.2679010576,91.40630227299287,32.75505508722674
12,24,264712.2182177639,29.261942130827464,33.230607360315815
12,25,136287.03864261432,85.54604420553896,32.757873871489345
12,26,138493.4742635826,55.799740473915094,32.991232836292724
12,27,177302.57846650807,38.07213471900083,32.80916687213712
12,28,244734.08319573395,26.276444875679452,33.325784089352304
12,29,125463.16679763429,88.74080139541724,32.87616437691915
12,30,125659.46932565804,82.61742908867761,32.91769277184857
12,31,231335.63922144286,31.116790755122256,33.094626023230134
12,32,231335.63922144286,31.116790755122256,33.094626023230134
12,33,146523.64619899372,46.989635164323836,32.95411397935186
12,34,146523.64619899372,46.989635164323836,32.95411397935186
12,35,239754.4973029607,27.079380208900147,33.360044853374845
12,36,239754.4973029607,27.079380208900147,33.360044853374845
12,37,140026.67848346522,80.98946657419431,32.7372553302142
12,38,227668.24354760422,31.664739430193187,33.10890026686553
12,39,227668.24354760422,31.664739430193187,33.10890026686553
12,40,169364.14032238064,36.273000875909034,32.828537816948
12,41,227103.3920469616,30.86866891936439,33.21180757686602
12,42,237856.24760264857,30.55867007754024,33.2477565397397
12,43,127038.61641808043,88.42066914719202,32.86121103941092
12,44,127038.61641808043,88.42066914719202,32.86121103941092
12,45,244290.64365121414,26.65522165689136,33.29416922757303
12,46,252071.04287931934,26.950931661282798,33.25554518736669
12,47,252071.04287931934,26.950931661282798,33.25554518736669
12,48,238241.5785605588,28.67406265798885,33.284060311488304
12,49,220077.50029919855,29.182866121886438,33.30905167859326
12,50,256981.3828182415,26.83593025164124,33.23853686068311
12,51,256981.3828182415,26.83593025164124,33.23853686068311
12,52,157241.60097343643,73.86021967901551,32.72822418064873
12,53,168807.3341854385,37.65456101062334,32.86777529662066
12,54,158041.17470812582,50.368389317260586,32.77509749447395
12,55,174051.2028868255,33.53123078146036,32.82020154430694
12,56,155970.4483093868,41.12279987147964,32.944929815806624
12,57,249923.78923567611,27.670086205917343,33.273653055016766
12,58,250191.67314299627,29.54267905821736,33.22257356889866
12,59,163644.91329564364,39.834384811725116,32.80864472832368
12,60,241139.5942252844,29.562142327400174,33.20450505019872
12,61,241139.5942252844,29.562142327400174,33.20450505019872
12,62,160570.67854912014,39.06655051690071,32.9373255286947
12,63,229182.23437845137,32.1589131134098,33.086573707673224
12,64,229182.23437845137,32.1589131134098,33.086573707673224
12,65,133108.46661036275,60.70739211444812,32.91060958286979
12,66,165100.5755199857,44.74932185399916,32.79351891903161
12,67,219025.38581542528,32.05884345760588,33.27204268211494
12,68,170754.31635745667,35.16673264227958,32.83002557788277
12,69,170754.31635745667,35.16673264227958,32.83002557788277
12,70,156928.01950307383,45.99365705538132,32.79573997261229
12,71,137946.83347650233,84.57951730747284,32.75813023875418
12,72,127014.81372836352,83.77201941706022,32.87476509004148
12,73,222886.12126201825,30.71718876794246,33.25873861678661
12,74,245991.28375149198,29.20545376366649,33.24078609150849
12,75,166298.33643568988,63.995412931894165,32.74577592394743
12,76,127669.40919412237,79.96390383373144,32.808989253814296
12,77,134778.38277969812,64.68161699152024,32.8433944024616
12,78,224616.54352534446,29.466146055409876,33.29704915631367
12,79,224616.54352534446,29.466146055409876,33.29704915631367
12,80,235858.65866026503,28.935079180373066,33.275792322849426
12,81,130949.4828610861,65.0507751303881,32.9019670163107
12,82,144852.01627506805,66.89427020951912,32.77318971199092
12,83,152280.40260696938,43.112062869729876,32.80605034353045
12,84,133687.0189883172,77.07878408155128,32.7954430988697
12,85,170828.7112025268,43.97176431733299,32.77333151066907
12,86,142089.37326837875,57.4773822073638,32.813834510697234
12,87,142647.2533834019,51.634561775924915,32.85627304983602
12,88,139791.10510362175,55.214819664008395,33.005582873736834
12,89,160213.1697752924,46.50816851934311,32.784808656146545
12,90,139358.0575170361,55.499733228436945,32.995359437967096
12,91,162271.40616664468,40.51954465453164,32.884853770027064
12,92,230498.9911896981,29.064700552353262,33.253834626568974
12,93,126538.07154446427,73.26226009654594,32.93665672424341
12,94,138807.46973986784,56.50479526752555,32.85054905932046
12,95,135402.0079750118,62.278193498421,32.88987102370116
12,96,175819.08947477685,38.653194061679315,32.815764237222396
12,97,130764.15755395402,71.69904972289811,32.79920495996953
12,98,161460.02688059935,67.82538097696099,32.744438775798855
12,99,130543.59959526281,67.2712497018317,32.906822730131914
12,100,152037.67599835186,51.17525936552806,32.790407943444094
12,101,239170.2251983703,28.845510260510277,33.250887357806896
12,102,161033.5326597064,41.49061428583433,32.89322031264264
12,103,132357.74679799489,63.74178226047899,32.90229534672036
12,104,154187.1107173014,42.07668598699871,32.876888831283594
12,105,153292.57998884024,48.1753266036549,32.77994645215075
12,106,127924.28524473017,67.60530371140072,32.94372696590296
12,107,148161.09075962755,49.75976698055922,32.80432539064249
12,108,148075.9364864815,48.714573443045786,32.823375391595995
12,109,143507.34113797263,54.641667293717354,32.81124024259118
12,110,174756.7119989371,40.97936769231808,32.77785667325557
12,111,129053.0011814485,70.39552870673889,32.912576931183715
12,112,173759.35220590807,48.46542634905422,32.76592963327627
12,113,136023.57226946385,62.497173382822176,32.871158251696485
12,114,129162.84564120724,72.91925177287597,32.864942004246984
12,115,154972.55302822808,55.340066467855266,32.76449611518463
12,116,149099.77577189627,46.01316163381697,32.85099049032205
12,117,165692.03244137095,49.51091509460507,32.7597593457038
12,118,174295.92059209538,43.49174464208966,32.78602772563944
12,119,222568.75828794207,31.7460597363734,33.30330874527662
12,120,245096.0747532664,29.343056777184266,33.224008162466674
12,121,128567.90292995541,68.28079408194188,32.91899625273016
12,122,146861.5901628044,46.79776523218112,32.838750671499355
12,123,153100.14909566406,74.49490163910572,32.73394992002711
12,124,153100.14909566406,74.49490163910572,32.73394992002711
12,125,167404.21970511932,63.32902049505092,32.74278242254894
12,126,135852.62660769152,58.29694218582603,32.93111281202525
12,127,143892.6751953994,49.192661905518314,32.833060713443906
12,128,162577.66515819865,47.21510552451451,32.781164023117256
12,129,242375.5618571527,29.392772670802376,33.24054341492702
12,130,130121.46459172944,77.9852309372529,32.81850421334976
12,131,242273.47107470295,29.453753222213795,33.238373319104184
12,132,149334.81733965053,76.29934164187758,32.72827850846189
12,133,148587.27372525886,53.20218297710294,32.802427303014404
12,134,135654.08106714758,62.8937128051479,32.816954006377706
12,135,163777.56427372454,44.240303843001186,32.79668679192287
12,136,129802.55442503247,79.35471395423232,32.847435666221166
12,137,141400.58429417014,52.24578766627449,32.82966372423609
12,138,170061.5100979337,41.9148673004859,32.78899828904946
12,139,151240.7119805043,61.56635583285493,32.758337987232835
12,140,126286.67049506906,76.11300646032751,32.918443174664965
12,141,154023.29218691777,69.56365046877914,32.73982996751928
12,142,147015.09442690515,72.39295491364574,32.769639996378544
12,143,134417.42118293376,70.68603464768684,32.857357994766396
12,144,142650.8098630105,58.84127935054377,32.81190564835538
12,145,159407.29946328743,49.293415284526596,32.76789310439244
12,146,149349.99337520418,59.775847277283155,32.76300016547579
12,147,141707.16847364395,78.79755696116476,32.75328689860201
12,148,128657.85216279984,75.50938648291132,32.91833501942912
12,149,128657.85216279984,75.50938648291132,32.91833501942912
12,150,137310.33496191853,60.06033126900939,32.87852354900617
12,151,134959.27906656163,71.15325753043287,32.82722967952294
12,152,172891.33171594236,38.67623907293757,32.82089264877872
12,153,172891.33171594236,38.67623907293757,32.82089264877872
12,154,167640.33885394016,44.699093434381446,32.789409115102444
12,155,141323.9058850099,60.1479996356926,32.79138937721259
12,156,154289.48204090784,68.59750408730922,32.74194695576883
12,157,145237.80024583987,53.913225001731355,32.82884656770987
12,158,152708.1283163126,56.102247029207525,32.76859792756883
12,159,129406.24668676897,69.8872831289087,32.89631328276154
12,160,143840.44496713788,58.061834612192165,32.81062417112891
12,161,151931.05576586272,69.23007053595863,32.74974433089483
12,162,136837.19346581452,69.39856291987734,32.80721714417116
12,163,168369.31582318188,38.53470834189415,32.82682217454395
12,164,145790.73707148136,78.37059959227987,32.75251963049849
12,165,132091.75619820095,59.33412265533945,32.93097262291989
12,166,131824.4240733699,61.42225716346865,32.920981348527185
12,167,164560.0812230291,41.976803044362285,32.79858381349351
12,168,158646.50396832422,69.72520714446927,32.73688606906255
12,169,126332.54596488916,79.49614928496304,32.88282763989556
12,170,132210.0338806265,65.83393684193854,32.89794335634996
12,171,148621.32565114932,52.804676167094364,32.782033392580594
12,172,130205.14725124955,67.42655814456499,32.88555036562846
12,173,147212.5075481212,72.4850217921574,32.734242404175134
12,174,132312.68933520894,61.10592988229684,32.921097358826984
12,175,146670.14295944257,53.65000050776331,32.80210824827465
12,176,168310.5048938818,41.742978993878864,32.799895202427535
12,177,152660.58016365027,47.75214011207746,32.782487875028195
12,178,166291.1701395454,65.98042064761577,32.74932479506581
12,179,149926.92165192153,58.17269650395691,32.76802340207596
12,180,150997.93100488503,55.09106848714035,32.77381647395073
12,181,146060.64425979642,47.50716072645227,32.850567531256615
12,182,220073.09585873745,31.79636492892391,33.26277179610091
12,183,220073.09585873745,31.79636492892391,33.26277179610091
12,184,129409.83502767836,70.9392653654909,32.889822390184946
12,185,151572.18820518296,43.325749294864806,32.848205291029394
12,186,137295.0462302227,57.04689501230128,32.92616565716251
12,187,137295.0462302227,57.04689501230128,32.92616565716251
12,188,143422.01168921916,61.27789701708518,32.78286065371532
12,189,126911.57913957145,71.04757538444727,32.92464061873109
12,190,142463.0400115261,78.70564536493396,32.756175499589624
12,191,141082.1956059902,59.20623804577775,32.81582822723829
12,192,134551.49020683684,68.71064793497032,32.83297343731994
12,193,145208.57170348265,73.10615365964165,32.77094076938323
12,194,140691.32518328316,70.42883829147563,32.79408421436037
12,195,147615.7565431516,52.56301778499016,32.811544607895414
12,196,142734.429480913,78.08211110138718,32.75405851134007
12,197,152074.71009910494,63.299568225439785,32.75094118979513
12,198,140791.0674579501,65.57825686556146,32.77756662351078
12,199,151412.572532446,44.13940694472105,32.84608830277984
12,200,168586.10849420895,40.66423101348682,32.801498638058966
13,1,190486.05613616516,70.6885619869519,32.72589154445788
13,2,190486.05613616516,70.6885619869519,32.72589154445788
13,3,128164.08086147769,97.1272682283816,32.89717902562675
13,4,128164.08086147769,97.1272682283816,32.89717902562675
13,5,298710.2736728597,31.633647907954977,33.65102478160122
13,6,294960.14795928454,32.65445315528717,33.67085738199935
13,7,199915.34981443454,42.02208216213889,33.20876769040365
13,8,231691.6938303731,44.83704222089088,32.95287528311849
13,9,211876.32876242773,33.34397807161849,33.03550041097137
13,10,211876.32876242773,33.34397807161849,33.03550041097137
13,11,209672.59268509428,40.33722798871242,33.126856320216845
13,12,211508.21382352983,38.93227313005372,33.088777379323886
13,13,211508.21382352983,38.93227313005372,33.088777379323886
13,14,208152.53853790238,40.99696040467168,33.07494282208795
13,15,209135.54418124227,40.779168056830144,33.18890261223449
13,16,209135.54418124227,40.779168056830144,33.18890261223449
13,17,130604.89828158995,92.25982000278567,32.91574144194173
13,18,295012.8302270772,32.65439709121993,33.67085738199935
13,19,135019.81413161944,89.16832745720849,32.85052717780568
13,20,221719.50208374322,39.48218803032046,32.9812120658404
13,21,223772.7984114997,43.80398573086293,32.95991430217106
13,22,223772.7984114997,43.80398573086293,32.95991430217106
13,23,216352.4778485936,43.91223944695243,32.96791242533034
13,24,200307.6425291457,45.72990465719106,32.91472843263215
13,25,208867.81227404877,40.185584288675415,33.19188056010808
13,26,205548.2468048671,42.76458713829332,32.97673734260532
13,27,205548.2468048671,42.76458713829332,32.97673734260532
13,28,138390.07860697052,84.50510883040063,32.84847482630272
13,29,177472.7722467509,43.15719537742148,33.022448530183645
13,30,161479.79990920387,51.519482776729426,32.998233023527305
13,31,135206.22236122462,86.11226921738675,32.93865290846996
13,32,222004.255562053,47.15859758724996,32.897081090586774
13,33,200028.42313447938,41.060907344657835,32.98533634856576
13,34,129886.35328778619,93.34102217716497,32.9174786157105
13,35,213803.06496582634,39.060396169897174,33.019737433269476
13,36,131680.8690555803,95.72456972566752,32.873805546270056
13,37,191381.1479975868,45.82457883936433,32.94095151309218
13,38,128724.50940156104,96.09352804372763,32.918712483663576
13,39,138992.16017390235,77.38250509998504,32.88888630010436
13,40,148632.97354765676,66.60080450318098,32.82009595102365
13,41,195952.64931742806,47.646135845844995,32.9283518055707
13,42,139273.39929874882,75.94769017102755,32.84774817374837
13,43,151884.1408139686,59.56111784528029,33.03466439759586
13,44,146826.78677169344,72.05116115473304,32.79060806562714
13,45,137135.6172749477,78.66624887013381,32.876518327991185
13,46,184728.67039390543,73.12790938360814,32.73391013487758
13,47,158930.72250353606,55.548906934426974,32.919662682667244
13,48,186748.55914489078,47.94395860860367,32.8897672948559
13,49,166879.3522671526,47.18640928672713,32.95965625124227
13,50,129325.92474770284,94.37476236181892,32.89594515767367
13,51,129325.92474770284,94.37476236181892,32.89594515767367
13,52,184887.9299621674,48.97500014899172,32.88443884361426
13,53,162339.25291093095,53.422841977020084,32.95136311652603
13,54,138988.22718882645,82.69011372753256,32.8400304642008
13,55,184055.95433887115,78.43019154278562,32.7461794682308
13,56,191200.34147745956,58.90493458994459,32.76252030964056
13,57,197142.17460160994,42.53594816015608,32.98296479735393
13,58,197142.17460160994,42.53594816015608,32.98296479735393
13,59,174763.96632425702,68.6234184736597,32.76011188733883
13,60,178841.20626460869,54.05960579927897,32.86325113251967
13,61,187932.3755890057,69.5549489755983,32.736977987160934
13,62,131403.57484895427,92.92911036677289,32.89474258867221
13,63,175175.76545970075,44.155508741106196,33.01216497153606
13,64,137696.04581503104,77.63250868547985,32.89805178602801
13,65,139780.4894856013,73.486997829188,32.85781197032248
13,66,140621.88138910275,74.56490149164331,32.84125321017832
13,67,164564.60206933285,69.38963397526146,32.78823855533317
13,68,142846.01332598273,83.67741421232567,32.825636665866504
13,69,213233.36703558397,48.176683415136125,32.883359053598625
13,70,135392.13706364695,87.50742828526334,32.93140928068468
13,71,163571.8854914852,45.437416696429906,32.97333748654854
13,72,188432.68817330728,56.717197118234935,32.769523236584384
13,73,176599.31798693695,48.470220944786746,32.90259762751614
13,74,156290.64447199652,73.99312305974124,32.784724540643964
13,75,151092.77554521442,61.1276448898919,32.86069889770075
13,76,215237.40257655142,48.06611159070598,32.84712027376296
13,77,149054.067914759,64.07843973264733,32.84292885701489
13,78,161922.2547896878,50.89991425464477,33.00249037087273
13,79,168622.7389284124,64.48938066872272,32.772232186498755
13,80,180811.2243690097,56.112176187436255,32.859269862627706
13,81,189495.82952929792,49.698892557785875,32.85219068682433
13,82,179996.02400137065,59.31819546468083,32.81780228031456
13,83,132778.62002166075,92.52409789436007,32.86419193972203
13,84,159387.4509909198,52.53957613571643,32.961635522688184
13,85,160287.74779012703,81.47643619986243,32.768450296537374
13,86,160287.74779012703,81.47643619986243,32.768450296537374
13,87,142515.43523590427,71.92989463136432,32.84125321017832
13,88,181069.89932337275,49.999520931647524,32.83653415762555
13,89,177793.3448427932,80.52777512493498,32.743445357888746
13,90,134431.05173857574,87.83463013572296,32.87805585437972
13,91,132038.91882764205,92.72365377418284,32.905728020485945
13,92,140811.01862243214,88.21932421856,32.8276789592359
13,93,165365.60759767267,79.49022813660011,32.75203059504389
13,94,164521.36605635888,70.32796920877023,32.767467818003084
13,95,143817.1787696227,81.03871934419256,32.82441021289523
13,96,150030.57643535646,63.84208853524612,32.85395205193942
13,97,192027.23398105838,51.98528738023827,32.829491517199486
13,98,186925.72114407062,67.95268910798285,32.74089806671588
13,99,167923.44332457767,64.53399912193144,32.77722137173176
13,100,196831.4559209773,55.082416981633926,32.79297625205797
13,101,141166.95314555033,73.31268331074855,32.84774817374837
13,102,182333.4284566354,53.09593042740927,32.83034303810779
13,103,177911.63163845317,56.81772268549945,32.866442325579186
13,104,194632.72577506967,50.80809378381576,32.828669513826846
13,105,165559.0247436031,68.2074642649169,32.78512858637437
13,106,153933.9863865675,65.961425056138,32.83223080650673
13,107,165456.9120115558,75.09882261163489,32.74852672213801
13,108,169509.22007828756,52.558752453142645,32.90959778850227
13,109,154444.9824940506,51.52584175587504,32.97716996953299
13,110,155701.1709630738,75.72073005381785,32.78212685613728
13,111,183545.26088977282,62.34597976059976,32.755650806660256
13,112,174612.21431588117,61.470804238351505,32.783069417453504
13,113,183320.5419641571,44.328691642231696,33.004915661935364
13,114,156773.33297601365,75.69778575967484,32.77956554077104
13,115,215588.4265172719,44.46598466590249,32.96070085650462
13,116,161973.68055192524,50.34351165606398,32.980403993194905
13,117,175760.8744358988,65.6294480002293,32.76539072044039
13,118,135526.81677534708,83.93239747750438,32.85287581411235
13,119,176131.74729140947,63.51182843591216,32.761281036157406
13,120,168275.68545647897,70.91892424416204,32.76532908887014
13,121,145885.38971954127,63.85185056032986,32.869117453961486
13,122,176469.11508178955,71.57398629375768,32.757912020658864
13,123,142750.18982483688,70.05609958052924,32.85874369419944
13,124,133906.47695251976,86.48296402103276,32.95987045829714
13,125,134717.69654878273,86.82555562750316,32.93669378217406
13,126,134717.69654878273,86.82555562750316,32.93669378217406
13,127,170980.51125894557,61.7769557853147,32.79976356310259
13,128,133655.38963186197,88.87526580244986,32.93865290846996
13,129,146393.71047875113,66.1978408467328,32.84866232088344
13,130,171820.4678655083,60.52155785352014,32.81393538334944
13,131,193808.73250175704,53.124067104248084,32.805646186651344
13,132,176707.21003481973,52.03967332201109,32.87389979146787
13,133,183845.27656814724,57.182466641935136,32.81916742023205
13,134,163536.24697621912,49.26428092859051,32.9707559934974
13,135,173609.5995601732,50.561157295138955,32.90657803140446
13,136,163834.21559335996,51.748849904846956,32.95287067229882
13,137,162582.70683379238,52.780401472270086,32.89985934631403
13,138,171607.607886437,74.2204028460398,32.761110505599945
13,139,144647.1556314398,65.36412077840899,32.85237327307948
13,140,162937.39429768172,79.84196705481294,32.775512270980755
13,141,188857.26875512773,67.64123892829544,32.73295542718294
13,142,152817.7370090262,57.59758141755772,32.88083327031495
13,143,147251.31417548432,63.242985380626685,32.877051121537
13,144,157306.53748711196,55.32314817257803,32.93365554939372
13,145,156891.09295895055,55.67337779198446,32.91279362143577
13,146,193492.28191024,50.84154203028607,32.823761716265956
13,147,172008.83413992863,57.79365308529467,32.86025903699591
13,148,154331.68170339076,54.88597466035507,33.00969766385026
13,149,144077.95699241594,83.77112542127706,32.823115302796936
13,150,175019.81078557414,58.233122754852154,32.85040066105386
13,151,134184.2742046943,88.60945180798822,32.93911607570547
13,152,161560.9942704763,53.26226665101864,32.953210574876714
13,153,159812.6502900135,54.87888886236651,32.94549189549348
13,154,211677.7729465435,44.86698401700457,32.965432851720564
13,155,173832.4262394607,60.45691503026224,32.79346796382036
13,156,137726.13614624875,82.09968937980418,32.861756176025004
13,157,137726.13614624875,82.09968937980418,32.861756176025004
13,158,150599.82626885723,64.90506145862231,32.83608065670773
13,159,153287.71593713204,56.016988856158235,32.90907630441365
13,160,170697.52764286668,63.906161491400034,32.80237854123166
13,161,195571.81995395862,49.34761200391716,32.81512657673011
13,162,166220.66775557812,65.27496231672883,32.77642444044048
13,163,183952.61259931198,67.15234386182274,32.75120587192914
13,164,136669.38247428942,80.21758916469068,32.89880358261054
13,165,187364.58327407445,55.85288879047653,32.81295125481306
13,166,144643.7436716384,67.42109272025024,32.85874369419944
13,167,135745.06430643005,82.65985982439467,32.94597951005326
13,168,135745.06430643005,82.65985982439467,32.94597951005326
13,169,170155.17767921663,57.407612187050844,32.86992921642199
13,170,138431.4964749883,80.85981805953794,32.8501740674451
13,171,191044.47918180662,60.2486611126956,32.74530990190201
13,172,164800.58088230685,79.86693164260834,32.76056208102301
13,173,152530.85844084708,58.18684914214899,32.85392437746596
13,174,163125.32208600908,71.48193348386687,32.78019211953384
13,175,184606.97087541077,71.17448851413806,32.73889932011059
13,176,181652.33033550944,59.28585774530393,32.8152553254954
13,177,170247.11198092834,62.81574631511887,32.80682744582764
13,178,172535.80784893254,54.7582415201918,32.883829882267776
13,179,171150.31147954037,61.717411670871925,32.79976356310259
13,180,150734.41039356563,62.944535925736545,32.96087686369484
13,181,191729.19445803843,54.61799712965945,32.81428132618719
13,182,165519.4256075136,64.20441297488928,32.78590483051924
13,183,177030.40306758613,49.54158682202331,32.88731046994214
13,184,184545.64268701265,60.19537490417166,32.812334230232885
13,185,151298.07806482387,59.68860992245945,32.840290165542754
13,186,161619.63468860113,54.218236755452864,32.89628920331055
13,187,153968.21491258635,55.38033685015645,33.005800223286286
13,188,150303.5772977815,66.1595705642347,32.80160358607821
13,189,175037.4870454046,60.05515409385546,32.8284966478294
13,190,174145.6306547576,55.35668155367204,32.87307082970672
13,191,172214.13567784213,62.44167722797367,32.79776734186194
13,192,181976.35148444897,48.99222345235247,32.8645392667996
13,193,181415.3085452265,62.71406548495479,32.754719082783296
13,194,178697.30103678486,54.17832605508809,32.865694366960525
13,195,136675.69049008738,80.18084497826868,32.89880358261054
13,196,134356.42519955992,88.71215308472992,32.929301199584344
13,197,139655.46326737883,75.79837094629171,32.83366004308084
13,198,161923.9854418629,64.96071097910706,32.816629328900845
13,199,143054.64970312986,67.65638565628771,32.826800460417225
13,200,173308.76654517907,50.880835416135405,32.89515061794341
14,1,440213.3131378037,22.740882611358263,32.75983168358397
14,2,440213.3131378037,22.740882611358263,32.75983168358397
14,3,436241.9449719173,20.399992516140937,32.785160421217945
14,4,303421.52001205913,92.143775862327,32.427269890824526
14,5,228691.58584110223,136.44462512394253,32.56433876600623
14,6,228691.58584110223,136.44462512394253,32.56433876600623
14,7,221425.5903363498,106.64032638111196,32.657336573026456
14,8,413041.1305728931,22.289038000695175,32.83725395219055
14,9,375905.4821362668,28.855605715338275,32.729748401300085
14,10,405417.95916263026,22.540568833809633,32.82073562315012
14,11,232418.4644793509,124.7364696314855,32.56015108453592
14,12,230375.97708994127,130.63381099425598,32.55747813999839
14,13,432756.6055758322,21.298468082815766,32.79808467715627
14,14,396016.9894771079,33.408092071694185,32.533517920991066
14,15,425428.3456743811,21.553759469915853,32.79630845487403
14,16,425428.3456743811,21.553759469915853,32.79630845487403
14,17,247250.50293549214,121.08240073105222,32.477096158520546
14,18,231981.5490537134,128.98812436829002,32.55433536534987
14,19,331132.9673537383,39.73532632984408,32.715703313088
14,20,412223.02943689906,22.79085434357231,32.79872849093935
14,21,412224.07355817873,22.429484790831978,32.82526858440304
14,22,419484.99656752567,20.923076759593513,32.821236699100176
14,23,235359.88103745843,88.87865985593452,32.728023093674835
14,24,372516.03980201465,30.342711526486735,32.76652237383681
14,25,382515.5688985459,23.520889306744273,32.70082273842571
14,26,310525.9262238879,66.86525413460849,32.47385118116371
14,27,389238.79846781946,35.23592645071598,32.55539058981952
14,28,350821.3728910481,32.546017769139596,32.6734642345133
14,29,319186.84539639147,55.1895479618847,32.538965474408435
14,30,246542.3564129355,114.19483807315962,32.48790064634994
14,31,413108.2901007379,22.29341362332976,32.804421289520185
14,32,380359.9523335899,26.31039977230748,32.70403653364804
14,33,380359.9523335899,26.31039977230748,32.70403653364804
14,34,289002.749455304,82.41207450109854,32.453876096180934
14,35,386875.9843805092,33.247062666395145,32.59313850812359
14,36,375916.74147300073,27.143834590499413,32.67639961406657
14,37,416427.66011703346,22.53397822567994,32.775070158588456
14,38,416427.66011703346,22.53397822567994,32.775070158588456
14,39,240291.30647572692,83.98696227668631,32.692203145903214
14,40,325359.6574025204,51.113026810218905,32.49248096712979
14,41,245601.51599975303,80.70089683466718,32.697455119995986
14,42,417142.756275164,21.755207694145156,32.76329713437633
14,43,250839.09683633107,107.70516223808534,32.49938172654991
14,44,223341.54101941545,104.48761465143136,32.60259379287714
14,45,250165.5822270019,116.67149314574908,32.47716915920196
14,46,362928.0422702519,37.590084503816385,32.58219182918908
14,47,241492.95512624987,109.24988354906905,32.511874014513424
14,48,252727.6301846899,98.3618446000445,32.46508644814504
14,49,230219.99201977564,101.60544053314217,32.5723357863838
14,50,244947.02550120896,119.85002459894729,32.50499418548263
14,51,354787.61789789156,40.24860248389635,32.598556309423245
14,52,324015.9279813157,71.34006150017196,32.45012998872126
14,53,233773.04572241148,94.56697966094595,32.6882150878515
14,54,384505.3498944802,22.847154171678373,32.70862102957617
14,55,290358.8473899127,79.7530214731377,32.43940543948303
14,56,262365.11810418125,63.125245653740386,32.650185313237905
14,57,226657.05037092807,106.27261052767335,32.58688066705924
14,58,305275.64810602844,78.24822413849972,32.44259000113661
14,59,373926.8966088087,30.238313167864025,32.712826757517355
14,60,247942.3052372567,77.99905782520082,32.666101546046235
14,61,364539.20103887666,45.438526196025016,32.49744362466794
14,62,259609.52995293977,68.81054222816428,32.661674874496796
14,63,233978.0529429298,111.25256920562812,32.544014693832594
14,64,237230.85065540054,118.98719643528783,32.53120008150939
14,65,258278.85019331487,103.04809294080886,32.44884515332139
14,66,292625.83393892844,76.50452085440429,32.44487869359516
14,67,235071.20263775997,100.15346947378582,32.5545891407806
14,68,352471.8904596262,40.77067208767218,32.57029468866146
14,69,331099.24235687585,51.537190435988265,32.48934936448937
14,70,235298.40307309007,113.34779829450422,32.536069175443075
14,71,338624.7105633924,42.30376553909042,32.562855666348845
14,72,302054.49362226034,75.10880727248276,32.45798489233625
14,73,323159.04632168653,44.10855515000686,32.519303089708465
14,74,270219.5545444003,89.34304771044116,32.46735453327817
14,75,249944.00870206472,117.6782064754272,32.48655409820132
14,76,335454.6885964523,50.50188459515181,32.51585029158724
14,77,277848.37423228874,84.47149057824275,32.43303406077267
14,78,318654.3809702038,78.9633446446091,32.43695347942075
14,79,368596.9669238789,54.80016640497835,32.4759598001603
14,80,372205.136552123,33.5841870497177,32.618872224705434
14,81,308217.1489871631,58.17774543804422,32.518997845752445
14,82,229643.09258908633,130.13581964874172,32.56081310765811
14,83,327850.0191910993,47.536343421265364,32.517040201397265
14,84,237435.35849880084,110.61685228596068,32.52380573702034
14,85,345022.72230531066,37.091079449637874,32.680993565908985
14,86,234000.1159844978,93.61428596873111,32.62207989907992
14,87,258905.05354805436,102.85809278910745,32.46266869834974
14,88,254251.00250696272,70.4921923957905,32.63907933192792
14,89,274070.26458257786,53.69472711077984,32.641269983929725
14,90,287914.3513446351,60.85787688592387,32.55906501510764
14,91,332754.04157290416,50.61957229622181,32.51659695672389
14,92,357637.736496447,36.42371568638735,32.64062639229359
14,93,257629.3012180371,74.10455633577087,32.63493892728594
14,94,336724.7698880515,41.907583306593644,32.63530511202444
14,95,269402.98072858236,69.903395558221,32.594844473947056
14,96,244606.47147586805,79.55380627357623,32.7100028220114
14,97,260595.36231572094,68.2220771266714,32.63174342550442
14,98,237578.653575051,99.13307519665786,32.587540470335895
14,99,391563.68892925576,31.678205174769833,32.59749869519208
14,100,292787.18880244467,83.34792307727012,32.43265990976055
14,101,377084.6513383589,38.64831069030018,32.55262799555701
14,102,339882.49708251114,49.42254621794493,32.51404430490899
14,103,319056.9824585867,58.60688233807208,32.48584070577468
14,104,301280.47930691467,63.192400119019396,32.50278546423038
14,105,221913.65834271442,113.64487994001234,32.6445043163906
14,106,317050.6755011552,56.09939821528491,32.54214154729123
14,107,343305.36058528564,37.09877250061049,32.65640592355717
14,108,240750.60605403534,91.0590944605,32.56690035205635
14,109,317727.04140130494,62.08810591946482,32.48053600812074
14,110,374495.7071919497,29.36140490006652,32.69833309511562
14,111,296099.54475572624,46.7229151504902,32.61247000746864
14,112,224041.93130354074,96.93640285661618,32.59594352479674
14,113,298587.0372155785,52.13851543110935,32.601821998880276
14,114,391836.51783592906,34.39715088219975,32.537977405258886
14,115,346801.9119806475,37.24990333069117,32.633054087064686
14,116,280016.0739949156,49.84195212529253,32.63528862270629
14,117,284743.3039041382,61.91002448187217,32.550331546652366
14,118,255735.58003737757,67.52270839929733,32.67123348437448
14,119,239715.35027745902,86.7177836100252,32.606330561440366
14,120,314895.3222619012,59.87604451331777,32.517969108292924
14,121,297418.45137911825,43.51601831286854,32.65302154044644
14,122,276460.8364417431,48.09820165662452,32.645128501616064
14,123,261395.6136342251,66.28353900489638,32.67229700134549
14,124,382321.8738601742,38.42316620901674,32.54601812869315
14,125,348818.9820778133,39.508129619307056,32.601893986573614
14,126,419152.925452846,20.926219113820068,32.813033322821546
14,127,419152.925452846,20.926219113820068,32.813033322821546
14,128,254493.745131468,87.09378320309462,32.58485854027325
14,129,265052.32587061665,64.43787179596164,32.62833521786605
14,130,393918.23691420566,34.405260090291094,32.532557839979454
14,131,272750.68076804344,85.01739194865091,32.508533964390715
14,132,369731.6121555698,30.730644345070043,32.70082527019709
14,133,306616.3071043101,57.89775828152707,32.52976250590998
14,134,256160.90993104907,90.59756693172073,32.524042109228084
14,135,355918.26509921317,37.559810436063664,32.61103591072105
14,136,259277.24540611176,73.39815904560423,32.62576694389126
14,137,298718.9579253566,48.72136296529407,32.57803253377347
14,138,365649.0683822041,35.771720836522896,32.60847764203669
14,139,301126.57167645404,65.66201739402761,32.51509057066102
14,140,362173.1427519779,43.95857627170952,32.511158335113244
14,141,345433.6407970245,46.12771073695385,32.51709803267394
14,142,360896.18478273245,31.19004232480449,32.677408753115756
14,143,360896.18478273245,31.19004232480449,32.677408753115756
14,144,236107.20944207796,85.8136801810658,32.653634105784114
14,145,281644.5645296791,71.74324685380854,32.55246547545092
14,146,286551.2332370569,48.36312567026372,32.61630883626312
14,147,287660.14493890275,75.61573985889011,32.52065698936939
14,148,384299.7919641626,44.46451232505501,32.477136036169746
14,149,293490.510102599,57.26176634323117,32.59094374830329
14,150,327741.3631579058,56.1982027393564,32.46033990022156
14,151,337377.8205395452,41.15026967528055,32.61725723198515
14,152,252358.65337481583,89.44933804773125,32.524543456925414
14,153,244941.37095131114,105.68923149995783,32.53040272796819
14,154,282257.9363984603,74.7018398073246,32.546406767566445
14,155,296810.2646706674,52.80725226270772,32.589423412369705
14,156,295164.15610541997,53.06169961846095,32.59628166777202
14,157,378831.9141641126,37.284183915753445,32.57374352394444
14,158,266469.03281437105,69.00025397687402,32.614228318012216
14,159,285794.0630658429,81.85188071393857,32.477390589451815
14,160,293484.13837710174,75.95915104015508,32.49580206052017
14,161,291748.83186479664,85.4224674933382,32.42960885317151
14,162,264861.2421165644,62.611830861480115,32.669127055390895
14,163,247099.39137100073,95.74344526077279,32.51637182698819
14,164,291055.7684113077,77.11900144794382,32.46090862565494
14,165,249416.27198110154,75.81689078107689,32.68407142659262
14,166,238367.3010804933,106.9211660053638,32.53265380953995
14,167,313070.61862071755,60.28301973163872,32.49723704030768
14,168,341767.95693315566,36.619066291526394,32.70011999956324
14,169,254070.54268559298,86.14125553887592,32.594398626755456
14,170,241745.60712634563,81.25819487734645,32.62393789523001
14,171,304453.78973769676,57.48842371283891,32.54442303866314
14,172,282698.52242369694,84.36770365062104,32.503485744539326
14,173,298691.4266981585,54.22047077563012,32.568493595951196
14,174,267365.419275547,86.87341147210886,32.58608551920132
14,175,367260.00001047994,41.03648346597005,32.56039273336377
14,176,242958.73003430868,96.53322527789778,32.54885775795222
14,177,316777.89996493934,72.47047700641029,32.43729225825303
14,178,341736.8802386341,47.94544870044831,32.49889120200896
14,179,302512.9579797203,39.82835755061203,32.68280496485332
14,180,265733.46010053565,65.06912909269218,32.62457014411302
14,181,284198.8502291116,81.40650129787073,32.496877829824946
14,182,251378.84478024952,88.27186662062634,32.57454411396608
14,183,356934.38119803957,39.34016457243357,32.59796998760554
14,184,316503.2818025369,72.99377024837831,32.47084040839137
14,185,337018.89323460107,42.991297167583376,32.61867720314289
14,186,239272.33451869854,94.0411061047526,32.59701305140726
14,187,316334.3581003094,56.64757522325508,32.51342215693867
14,188,264537.2958896647,72.8991675251446,32.60295443923459
14,189,267022.62011008937,68.68293121532189,32.62162301363348
14,190,394574.4582021634,33.53909659570336,32.525474958203915
14,191,273210.6103892217,67.9399547452637,32.57760191090376
14,192,272729.5889450254,77.37942370494736,32.570482887777366
14,193,264069.15267933364,82.12855719274377,32.60839101995036
14,194,271879.138612726,88.58916419126894,32.511538694947276
14,195,274806.8348149094,84.48946979130214,32.46564743511569
14,196,275879.0217145423,82.39301378853914,32.53488577224214
14,197,248963.69708600536,88.61760267526681,32.52690102099408
14,198,276427.1603873955,60.17288232031085,32.578239989637545
14,199,248413.00431056775,94.70541851130521,32.51637182698819
14,200,254410.87510686304,87.7850025244185,32.57348140660496
15,1,277886.7090417974,24.41245455380511,32.9025027853391
15,2,277886.7090417974,24.41245455380511,32.9025027853391
15,3,266696.03595902724,24.521811698908085,32.9557107056559
15,4,266696.03595902724,24.521811698908085,32.9557107056559
15,5,163921.323782545,82.11858618005506,32.502415816960834
15,6,212333.69656494437,69.82571143733342,32.35151750737281
15,7,169575.3849286756,91.05071654605456,32.48921415424976
15,8,250922.17005543935,27.53238936318934,32.906776644694
15,9,271765.25302721944,25.330339098373873,32.838787846188
15,10,270788.70725108375,24.643878397173854,32.85717611018403
15,11,266555.0432165555,28.200809842431845,32.80891747957339
15,12,258809.61005974616,27.085851759771955,32.83789398452831
15,13,176943.4435702275,87.22575092386643,32.43078819724085
15,14,176943.4435702275,87.22575092386643,32.43078819724085
15,15,179233.8984845994,84.08350920912378,32.426955432857156
15,16,178247.7194656097,86.67789353648996,32.435031472341294
15,17,264411.2698356197,27.850672991953072,32.81770263590586
15,18,215646.6784087869,37.55855774374524,32.778330872677486
15,19,239323.8914519903,30.441848672524085,32.884378674176915
15,20,237393.30709561994,35.34592539932509,32.614612787316275
15,21,173518.57105527038,59.69647071529993,32.60096720845684
15,22,206012.7410504048,55.4244329446286,32.40893846968567
15,23,226512.69033104985,31.193510316603074,32.74432434606998
15,24,167187.48325341404,76.748961105861,32.492456607813445
15,25,227678.87845116074,37.96802307515999,32.59685012766647
15,26,225656.00291097377,35.67279044723672,32.70685755694584
15,27,215308.4510201384,38.554900182010975,32.75961274605355
15,28,230774.71686970937,35.05420543172975,32.63530278625457
15,29,223341.21813368908,37.10402525259143,32.64883035767081
15,30,253542.36756796084,27.733088713623648,32.8689348569932
15,31,195220.68415822272,79.8096065285074,32.37396518516169
15,32,254328.35882985956,27.30827198759603,32.88511832729951
15,33,246323.92174903903,31.541162854439406,32.66862234010017
15,34,228412.54211165413,37.295964511985645,32.591841584324406
15,35,234160.96942386383,31.27453239418537,32.734768916745466
15,36,261962.62140690183,25.895549276709325,32.828265603430054
15,37,259471.69591131463,37.756927301296514,32.52501629260332
15,38,262037.29314497983,24.79469547416281,32.85316831932827
15,39,219463.38636303207,51.37894608722685,32.40324129200266
15,40,248401.35880094187,28.441056683603655,32.90027892686729
15,41,184252.89649497645,64.0190062887455,32.40737135259588
15,42,193747.64196873078,52.24604900039545,32.48060786790552
15,43,267299.13848262513,41.78110060149467,32.49294528853002
15,44,232659.1356975395,32.35894387371834,32.72169663905285
15,45,193844.6878577029,47.74259510822406,32.52069406309817
15,46,256288.3942548319,42.099991633046415,32.491917982982216
15,47,231504.56153620046,37.58748714291329,32.54428750120342
15,48,188476.3397670722,44.94927909767885,32.62494831437813
15,49,168653.25649847477,80.56655728608096,32.49023326475804
15,50,187443.37332734538,46.01574719239545,32.55056461852739
15,51,204742.95144532112,72.37308702369825,32.35943290677896
15,52,241628.48540503148,29.988132753914996,32.75512362577065
15,53,254779.85431393754,28.310126439245327,32.847356317412334
15,54,171064.28325684168,69.11844975515672,32.46550140361236
15,55,229535.72668905405,35.540332559625554,32.6752785027626
15,56,200674.82153314052,43.573366451775975,32.56013742933204
15,57,206324.519737356,41.767863290743094,32.68003998284161
15,58,210707.35417880566,40.74124717700967,32.53668486167076
15,59,261650.0327025006,25.711508168539385,32.84281087218754
15,60,207344.71281871392,57.28831727201558,32.40512475319809
15,61,217846.6187894653,36.549825972983406,32.769075078937576
15,62,217846.6187894653,36.549825972983406,32.769075078937576
15,63,172393.89104656124,74.49834305185587,32.454881426723475
15,64,182829.52070843053,65.13472460437735,32.43902114070182
15,65,208098.35978568555,40.22151465064857,32.686418579867755
15,66,220953.35165189896,50.674020729620516,32.405343456359816
15,67,164287.22509601747,82.99380511089964,32.495758719125924
15,68,247416.12108793273,30.19346982118706,32.687581935133984
15,69,199971.04178750722,66.22173546838762,32.36367747756096
15,70,180282.19716792754,76.29073588064745,32.43245566541582
15,71,240837.45855669992,33.60654868942582,32.64336202179426
15,72,222384.8507246781,44.048550661657615,32.487368496819656
15,73,165798.3830035872,80.93560925132849,32.49278074599161
15,74,202773.94226512677,41.22125094784118,32.715650598239485
15,75,253123.69231170544,28.97168338704356,32.74161357173213
15,76,218768.18252942746,36.30745078357479,32.73001183290481
15,77,166077.1946011057,70.90105537438457,32.498251335662054
15,78,244689.75644162632,29.168157645939356,32.87913540897366
15,79,243982.96224039877,31.71152121065548,32.66033580457704
15,80,174546.31777353116,68.77255604360556,32.44632680525814
15,81,236758.96960657387,34.13985654479471,32.618632307649655
15,82,209264.82029513817,57.40167921983346,32.384307337414796
15,83,207230.85181050363,40.52386750526014,32.54165771256148
15,84,242918.6271898435,29.5042666207915,32.79283613521645
15,85,242918.6271898435,29.5042666207915,32.79283613521645
15,86,210137.1708457279,57.65498848098505,32.37309465967943
15,87,242920.9021810027,52.48783302048891,32.39861176364179
15,88,185388.23239947483,48.530249391213495,32.530561420078435
15,89,189490.10505937308,57.89094491866099,32.421087540598556
15,90,240017.80220113866,32.08861716966069,32.65696683054676
15,91,186584.7719517959,58.726294855777184,32.47105175574281
15,92,251699.91943745216,42.56668859554451,32.42170133708903
15,93,171914.23439660866,82.59991346815737,32.44970730095615
15,94,224867.92397998268,36.10681772481566,32.69837555414118
15,95,255728.53670688273,28.635057027313866,32.75002618565504
15,96,213809.74924199804,39.434085299578875,32.58554379647312
15,97,204112.43479789392,48.832101652560574,32.50897137474889
15,98,173399.1197215706,83.92644577961082,32.439824334336016
15,99,211642.3353707363,54.78525208323,32.414500731061814
15,100,190768.14822958663,62.70851552391324,32.39253972851491
15,101,214703.6065827915,38.80122490313311,32.70083683837343
15,102,248418.32407495455,46.75460875828986,32.43747760405412
15,103,263326.4184910265,25.608710939700362,32.84281087218754
15,104,235013.81569253787,32.97288915080267,32.670523589084745
15,105,208019.2685578137,42.953588573860465,32.50077481942133
15,106,216879.97864056745,49.01926875173687,32.44390539555865
15,107,192398.48670956588,44.239130517491944,32.61531486332028
15,108,204472.2500707577,39.36860710157803,32.72587526888737
15,109,242725.2300558629,29.679947165653285,32.874245038037266
15,110,192014.09343781657,55.2207320066796,32.45073297894546
15,111,170142.00414842973,60.890841361370136,32.58130510650239
15,112,164016.8585829829,78.1868559665388,32.516662769138435
15,113,254005.7891951628,41.049241344200794,32.503375331303815
15,114,221260.4514197029,35.444369433739205,32.82139500007695
15,115,188646.9530596117,68.08598346252631,32.38322556138862
15,116,181570.64165162464,49.9604841034112,32.56412619863872
15,117,169616.47142257984,66.88139665129133,32.4959638403634
15,118,170027.42305760726,72.02074968886322,32.463562931374334
15,119,212800.23319388716,47.07487232515599,32.453979291683034
15,120,169470.4927886198,63.132615725029495,32.51506707805878
15,121,197060.3739704188,42.34251265551965,32.577417328359225
15,122,229975.64155123875,34.59226189702903,32.66046461987296
15,123,165072.8982400112,72.6355341413202,32.51238028573192
15,124,179986.34539567368,75.1400410498666,32.4357360508037
15,125,263639.0071954278,25.7927520478703,32.828265603430054
15,126,235898.52665879863,34.39365825322382,32.67009086297087
15,127,244983.6068540938,36.48518126406091,32.556708750512044
15,128,178012.72882115352,52.904181584098744,32.57308943550048
15,129,198386.5880594371,50.61600427108906,32.46966884377945
15,130,186208.7758466517,60.75800897831385,32.43745577020209
15,131,230214.78265606627,34.477066568712885,32.696177623558086
15,132,200560.43281130627,51.655350912775596,32.43317939547142
15,133,182240.65966686394,49.28256320713047,32.58330959762254
15,134,181509.00038799562,65.8269754446882,32.439898150803835
15,135,201923.3555248461,53.52085148324635,32.42409904764453
15,136,250128.2305596815,44.30485909832718,32.411373730281085
15,137,178778.55908100924,63.56839873837929,32.46440001936835
15,138,234919.31323701964,33.549118272687885,32.70153125551104
15,139,178507.73803496288,70.35166228527731,32.43594887119869
15,140,203262.97796603918,58.07207343879733,32.41721622886462
15,141,175224.17176050416,78.70777599327354,32.43684243042381
15,142,175224.17176050416,78.70777599327354,32.43684243042381
15,143,198145.98974857366,71.44040525472485,32.36665938147317
15,144,237272.98350111517,45.56517516215528,32.477752324055196
15,145,187285.8764871661,62.142139187358566,32.412690340680314
15,146,182845.6954160769,72.7365525641865,32.425460689796665
15,147,168036.52187460734,68.47689800651948,32.53076406582766
15,148,201714.34332311005,42.611483675360454,32.53189768112843
15,149,198522.20472567854,41.83665774551514,32.73994140388763
15,150,247039.13002912205,31.370655712188228,32.722391999815805
15,151,236745.22931018804,32.945032328374474,32.7195772432199
15,152,198898.42385657917,44.357312570235095,32.553456308319234
15,153,202068.2142475371,61.55051058275634,32.39479293968658
15,154,194864.7429817891,42.355053041975225,32.7043886833701
15,155,199679.79356408812,45.44252573817711,32.53314127397623
15,156,183001.99099171767,47.52197240189036,32.573555740773806
15,157,247925.63089181058,29.722897538531832,32.72878465470533
15,158,172346.32582515484,73.63091784429284,32.459223521527804
15,159,167719.30555183647,71.28781299366901,32.49498186865711
15,160,196443.25839989597,44.558860293237764,32.56590157064131
15,161,196147.95461371366,54.33159898564526,32.418365411392294
15,162,188115.1648433586,46.321987008478686,32.53472443742734
15,163,241283.0281215508,33.80016343306277,32.567610841016574
15,164,202748.49881207594,62.63724012660877,32.36846776362548
15,165,208269.18067213238,55.315283735538955,32.40219968513578
15,166,240505.76717895493,32.199947431823674,32.653879369111955
15,167,165806.885934644,75.47127713925238,32.50149431817228
15,168,176476.14546940243,59.47955238885403,32.51139785351784
15,169,191118.62027936502,60.11803268980377,32.41735496190924
15,170,177257.82685114729,52.79152166798818,32.5868202824133
15,171,216553.52684753458,37.55560031068633,32.704441760323135
15,172,175740.7542859949,59.65707458133667,32.51448740871445
15,173,203169.26884489757,59.36343312418165,32.387797964067424
15,174,184866.30485338237,54.165422204584054,32.49306575545734
15,175,199257.94781318624,46.94310261171095,32.51874120517502
15,176,183184.2139436529,52.8309746386948,32.525553683334145
15,177,198098.8747731674,61.69486254014746,32.40235274437451
15,178,172204.72892505227,61.180805317280324,32.570638137823245
15,179,188434.42485965765,52.29710509881156,32.48693306761329
15,180,196972.63924331783,42.27185810664366,32.63017870009077
15,181,171096.63779739852,62.745652451571466,32.497717880276156
15,182,195360.87656670538,54.472520404371274,32.42674016486538
15,183,221462.21607017054,38.728027759368054,32.58382707253571
15,184,230223.64036071257,34.75827726777092,32.65172786777189
15,185,165981.55971119052,74.10154582048953,32.50927429508961
15,186,181033.96620645604,62.37913230424764,32.447575383348706
15,187,250277.07053252522,41.51351859842722,32.50151852391314
15,188,188835.81337427965,58.05573597440788,32.461019355193315
15,189,240977.54880421466,32.77684232283612,32.65209877389533
15,190,241414.03720588845,29.45152229565002,32.875386412729085
15,191,244836.06270587863,28.734594560522392,32.75052628015119
15,192,213936.2125634858,61.69080513516068,32.35703319864364
15,193,180893.80727249495,61.234837597303724,32.472705600655
15,194,178253.93883236634,67.37878497127905,32.49206818324359
15,195,202990.38408351695,49.90889527952542,32.47321352001449
15,196,176912.3162112508,67.71752414437582,32.492642230276395
15,197,196384.42596784563,53.996491943881736,32.45809075079135
15,198,183854.3808177301,59.22889842744972,32.45978297477521
15,199,206051.84756487544,58.99828517554389,32.378148418492344
15,200,177323.95290157737,73.77644027629536,32.44460613100468
16,1,293091.1138374014,13.684909595545488,32.82875863640347
16,2,233412.06936866685,36.18619786567321,32.620997889154054
16,3,136445.88153455948,91.59079834745168,32.71450112593122
16,4,136668.71996866955,99.04899106090203,32.695086023175904
16,5,136668.71996866955,99.04899106090203,32.695086023175904
16,6,282793.7615117022,13.26835992234007,32.90384849254247
16,7,279261.5321068072,14.76788456311413,32.78693464835615
16,8,279261.5321068072,14.76788456311413,32.78693464835615
16,9,161999.59187039174,47.04353765034093,32.80332961148975
16,10,286078.9644169268,13.862894278458388,32.80334119105367
16,11,166904.28624798253,40.74035981439593,32.770071128961675
16,12,154359.0307669565,54.56339898486089,32.779718859408725
16,13,292202.76672943897,13.736015919962572,32.80456628872439
16,14,140293.49780867944,95.9341269239388,32.6779879862543
16,15,142021.08731820053,91.05434173422537,32.68460748332526
16,16,165700.78332168495,46.186463092100304,32.74246881640313
16,17,273577.2754924029,14.93439171670628,32.82813705184812
16,18,273577.2754924029,14.93439171670628,32.82813705184812
16,19,171002.69554019402,42.29268173180357,32.753026437882205
16,20,192457.57625414207,73.02453442958287,32.64378712729756
16,21,154385.7230651084,87.52329564775587,32.66490008260081
16,22,170053.05051424418,77.72399594558563,32.65167028364204
16,23,167990.76277449518,82.73738955719575,32.6542472716711
16,24,153157.9516654178,84.94172679478736,32.67272116305107
16,25,138389.29160515696,94.91356715952679,32.695086023175904
16,26,166514.93645236522,44.33604457345867,32.75963907116984
16,27,277337.6788226877,14.767207817821784,32.818925605825065
16,28,158385.42108858668,60.946267639612905,32.70889613843953
16,29,223675.1915748458,37.736327215248984,32.622304605588795
16,30,165733.31476180846,67.65715870113733,32.65930995214469
16,31,189103.9301866376,62.69239745363048,32.6442965653007
16,32,144923.23600672686,81.89427528626838,32.67812897491626
16,33,278287.42275268154,14.711697446023646,32.81496162389594
16,34,140625.65370889503,93.36955295586849,32.68971489502285
16,35,247364.7871634005,32.007584615578665,32.62506413986517
16,36,202011.15061538233,39.97961176456064,32.66696536255441
16,37,152210.7511526016,64.41467595855764,32.701529173746856
16,38,218921.94900804327,26.62457705268718,32.65455373217551
16,39,210972.16301590903,41.63193568213168,32.635029974556026
16,40,206939.13938927918,23.166571325404956,32.69490116763143
16,41,194345.7977250067,57.428050603732835,32.639853316381384
16,42,200894.47649886197,63.21994459051409,32.62980127451722
16,43,224483.88431042558,24.749493851460603,32.642485499745156
16,44,185294.63354708135,38.572135661999525,32.684344387606195
16,45,244523.98239244107,28.170322342186186,32.63488888105545
16,46,138762.55597481853,92.80369570128858,32.70033137224762
16,47,215072.86033584367,25.20387651493477,32.680687536586504
16,48,215072.86033584367,25.20387651493477,32.680687536586504
16,49,159847.64119254265,48.03505915134968,32.765840974432905
16,50,142559.26967626068,74.31542811828882,32.72285158990954
16,51,160605.41446783056,60.017736532647355,32.67106859490412
16,52,153625.60023609985,58.41966857901247,32.73858006533624
16,53,282692.9018065062,14.471469834399436,32.81511176574579
16,54,209435.93507743403,34.228474550955895,32.6596647879775
16,55,226388.67129651076,24.629760393642968,32.6565221361146
16,56,261196.38954403636,19.668357597019558,32.649953147514395
16,57,139853.22580771596,79.0909244143964,32.71500731893187
16,58,156305.8345167183,69.04878453709227,32.67717581277633
16,59,228414.25748287706,24.251267728925843,32.6550932789967
16,60,149895.16135264764,79.81130529730136,32.67771717929008
16,61,282710.18927163957,14.765582582961391,32.807576384952604
16,62,148578.2413253302,85.22958345765286,32.67603669054765
16,63,147481.45824015365,70.34640566336704,32.73338434388453
16,64,241287.17493496873,22.793613842887538,32.64146585986052
16,65,230433.78790200336,29.5082544893912,32.63155637661226
16,66,191267.87628732802,37.04388349764168,32.668402396478484
16,67,178652.330923195,33.49775425063464,32.73085000481128
16,68,258349.82026484289,20.314947091250453,32.646417180346845
16,69,156210.5432864409,76.04688230354805,32.665789032386016
16,70,157324.6911764488,74.92696305454653,32.67186023963537
16,71,168765.71242317086,43.02715418435512,32.727392347522695
16,72,248801.1700917193,20.531347705894536,32.68736892141679
16,73,276695.29211358185,14.832863035745412,32.81858092113734
16,74,181310.6031635743,55.318698282406295,32.64949537951054
16,75,239235.25172823158,21.906254946010588,32.648421187747864
16,76,213445.80392687488,32.57390481326597,32.638096900115684
16,77,163259.78478631284,47.35531647302276,32.725277394160265
16,78,188628.86425634104,30.75329745040054,32.73392580439906
16,79,159064.71884722187,71.77226857836801,32.66921539141104
16,80,237581.4744551546,33.552768387207905,32.62637085629991
16,81,265442.45190131967,18.860323165362438,32.66844035557112
16,82,171529.95379963075,51.28929236815173,32.681068901699206
16,83,205445.69780782307,34.74431225759996,32.65576344791667
16,84,162298.3920167183,57.02479443205285,32.70652192296006
16,85,137094.85602187968,81.1830763643346,32.71056407001255
16,86,146935.51144367017,78.79452859565231,32.69087798931312
16,87,150261.9635199733,64.98051219435334,32.70314429254184
16,88,180079.6817530365,32.677216414815554,32.71258078757358
16,89,154811.40191075622,52.4712214435198,32.73120498660737
16,90,262214.35961332486,14.970060637344456,32.68834819380399
16,91,232157.20238991184,36.04009980469917,32.62863747480998
16,92,146325.67090752345,73.58911598225251,32.74063703908758
16,93,249859.46078773984,27.837859561759537,32.629287828844355
16,94,235155.47452094083,22.56003688998792,32.657438623236935
16,95,221010.58241821182,37.31478319057103,32.63297567528851
16,96,195260.00503466255,63.92188301987845,32.636824289549985
16,97,243009.21046424846,22.793613842886113,32.64146585986052
16,98,254431.94914389876,16.54492467792296,32.68343563551247
16,99,160580.64690240985,48.81734777409701,32.75347146510717
16,100,199598.56623695313,28.737352977118217,32.68619472844071
16,101,250565.77787825465,21.091502020988184,32.6417863913584
16,102,203008.7662168277,23.664797447939716,32.68229338837988
16,103,271060.67618175776,17.999603837910424,32.673646594646215
16,104,271060.67618175776,17.999603837910424,32.673646594646215
16,105,141750.41413820474,80.8558454671466,32.69128978493931
16,106,230062.713626177,30.190260729413417,32.630969487327015
16,107,196144.81959928028,52.85011254714482,32.639853316381384
16,108,186412.56674100264,43.352961624064825,32.65338846843341
16,109,175574.6723632434,45.13104403267562,32.70610658616245
16,110,217062.52685691038,50.502032360706735,32.633911370477186
16,111,168772.30579043904,42.4926718601947,32.71921651181325
16,112,150130.46165213187,85.86162183920148,32.66847637141462
16,113,141572.4833529546,91.92217526095979,32.683292156329976
16,114,143195.64649720577,86.7740604759818,32.671509477845305
16,115,150678.91913322697,71.45914019536004,32.69218446359251
16,116,256123.07497060316,20.15801904098176,32.64804442827947
16,117,167490.99976357413,53.79859797612877,32.68640451299198
16,118,174260.95953389484,50.01148029632845,32.69660233530266
16,119,277646.5071602281,14.503412492761996,32.81857359653556
16,120,174516.55666413874,53.50697574897307,32.66291001373614
16,121,159680.2085846255,61.9628330684642,32.67444940462825
16,122,246372.4802064627,17.49174160851131,32.6890977507642
16,123,246372.4802064627,17.49174160851131,32.6890977507642
16,124,165176.6967384614,45.62014500410933,32.76345163189072
16,125,217023.5829637806,30.355498671392464,32.651191938935874
16,126,217234.3041328874,30.322706591615923,32.63843759291544
16,127,184684.97723148155,48.23274681377824,32.646768971362455
16,128,163916.99624411366,48.80174998661787,32.70420258376818
16,129,213511.9331036602,31.564950041007734,32.63817305254855
16,130,203495.99149657643,29.062511613024338,32.67118080039564
16,131,182905.59641102693,69.26259121917535,32.648679655799924
16,132,222379.2935984014,35.28188632963189,32.634874515999854
16,133,250362.71747607362,16.975903901867245,32.692999090825026
16,134,179170.3332656483,49.28950600127464,32.66068904301032
16,135,232549.4541477007,28.587539808426616,32.6414475772375
16,136,222071.0534036078,37.27201742446585,32.62399587681665
16,137,168569.15269086146,58.13721262121218,32.68592703603606
16,138,254760.15320628576,26.799313481814767,32.63237746566633
16,139,234397.5189639814,36.08733445984362,32.62695252829359
16,140,253082.9263061534,20.916038500593473,32.65544596845592
16,141,183732.7069151209,35.835599340811044,32.711167529577715
16,142,155736.1894304938,55.63147611925918,32.70998092928802
16,143,167115.97244301048,55.94752312324037,32.69510777683818
16,144,156086.94741652944,54.568924217065906,32.7127892273624
16,145,204417.66141688876,35.46398753298775,32.65998713689586
16,146,227779.91608306006,30.012874708248933,32.636887402904236
16,147,176638.3827654153,38.35527702251086,32.71258078757358
16,148,236085.91080988297,29.89888104003284,32.62669320521827
16,149,146896.6834513769,70.4761584906806,32.694330312483444
16,150,163614.13733857957,47.23819923602348,32.76006489048535
16,151,198419.57864177594,42.66940356277707,32.65712093375526
16,152,172591.82525323017,54.49362923248447,32.66482038512802
16,153,210385.66548759284,44.12051857187993,32.637442363177286
16,154,204843.905148692,33.17767879527889,32.667158972215574
16,155,155226.67533179058,75.58977353726839,32.667930508318484
16,156,147540.1279474684,66.05931915293367,32.69375474233707
16,157,267180.84211601445,18.394589946336094,32.65477086479539
16,158,165646.88950195347,56.76380196081562,32.69327783444313
16,159,202403.86282763034,27.318989845966435,32.68457960964572
16,160,220001.98578362577,43.16775690729097,32.62448016237607
16,161,183886.7470350372,31.311935106908564,32.71083905176292
16,162,264140.69345156464,19.15260940594781,32.66217240497184
16,163,173940.06481981743,47.12449787121421,32.69774522801992
16,164,181205.5192455332,40.95713955188106,32.70000262585149
16,165,143478.00364772585,75.97606027743318,32.697909282010265
16,166,196131.38015905823,36.664300788296444,32.670005868482896
16,167,168131.55764718275,47.3781822824033,32.70586247116762
16,168,239094.61406202213,22.99917899753467,32.650494647969595
16,169,252792.52317249437,21.248430071256877,32.64015914342578
16,170,252792.52317249437,21.248430071256877,32.64015914342578
16,171,195325.46056984944,47.94556189797327,32.65219270791216
16,172,177659.1151706414,49.2652428666839,32.66482038512802
16,173,149416.04760731323,61.66428554328926,32.71662407085675
16,174,166589.16620093436,65.43208882264683,32.66240886083367
16,175,268904.1518585881,18.179234357774448,32.653143616862764
16,176,268904.1518585881,18.179234357774448,32.653143616862764
16,177,163603.86647376954,66.74431502325648,32.66493919518003
16,178,188252.37127546401,36.88996134353159,32.6817301719287
16,179,182887.1568506337,48.92167125627982,32.65650500811959
16,180,156782.72950542768,81.82686265782414,32.65562312612947
16,181,164755.44196375142,71.24215319065902,32.662595894340086
16,182,257812.53383778976,19.704217752537307,32.65039248703619
16,183,158785.07370396898,59.5379617094305,32.693587939866894
16,184,140790.26535143206,87.03654383309197,32.70033137224762
16,185,181164.86974805393,45.72695792376665,32.68520027862632
16,186,264200.5575487241,19.134997821838507,32.65346596578112
16,187,255784.24670036198,16.149398423228497,32.68343563551247
16,188,262274.22371048434,14.952449053235153,32.67964175461327
16,189,261562.61783557633,19.255309273788107,32.649564625720295
16,190,171996.12136552754,58.89182533843036,32.6757119896689
16,191,185168.98778287106,41.822678186773814,32.666435339802106
16,192,175010.82764976032,61.50907904118632,32.65857814502684
16,193,197786.16289013755,34.488750908655476,32.66956568160065
16,194,267551.85430212494,18.574760612468914,32.653143616862764
16,195,236794.9854354579,23.35286276398731,32.64497818911378
16,196,210307.73562878193,22.102880248974206,32.68457960964572
16,197,171785.09755563896,66.15205467243969,32.65102601456267
16,198,169558.18695732317,59.20729948471307,32.669502689118026
16,199,257875.15547000928,19.886945433153834,32.64747246922694
16,200,160489.47914496888,49.73932751264021,32.74082080791151
