Cluster,Solution,Distance,Turning,Elevation
1,1,366240.70802186173,34.065900651768295,28.889485116215432
1,2,366240.70802186173,34.065900651768295,28.889485116215432
1,3,357416.1206263867,34.7111153540322,29.079766224682587
1,4,244253.97857321982,71.8463148170812,26.915654273583588
1,5,227495.392791185,91.14207718441148,27.45796306900726
1,6,223764.6087257795,84.28296436512161,27.554512360896588
1,7,329845.9051018681,35.72489231291142,27.970183809653772
1,8,289698.30975803477,36.63378218346916,27.424662472669873
1,9,289698.30975803477,36.63378218346916,27.424662472669873
1,10,273355.6720695714,43.5618763675363,27.77356829731881
1,11,226317.06943517717,80.05639962860695,27.634129409712024
1,12,228173.94444497896,84.63571551552803,27.374794359478624
1,13,230405.88744127893,78.04147878546922,27.68072559603302
1,14,233394.42063546804,89.27267404458189,27.14150566500447
1,15,237374.3918637524,74.71810670429598,27.128926143411455
1,16,282972.1187032446,40.2696279235785,27.340969212048655
1,17,234054.86405368213,83.25637585314905,27.352771500992493
1,18,276679.80047351925,41.68173508502203,27.43657072994605
1,19,287581.2679617293,38.69747194406077,27.424662472669873
1,20,287581.2679617293,38.69747194406077,27.424662472669873
1,21,266963.96125183895,45.02574495001818,27.57556716532302
1,22,283003.2644588954,57.890819980487834,27.04768543678003
1,23,280876.97681447054,58.43412014019018,27.042550747836408
1,24,240966.06715617055,76.21908714016745,27.120287734165554
1,25,269390.3457670143,47.59188288893222,27.210066656322006
1,26,240153.2780835505,89.5159983603534,26.994066245220015
1,27,232071.75015569743,75.2354691533913,27.401543040154106
1,28,238737.6688156972,77.49768357328814,27.082543511057107
1,29,230917.120519365,76.9720181310956,27.519295906829907
1,30,274890.1300883214,43.06478535701279,27.284411267176345
1,31,251162.9263319562,59.12185923464935,27.18878846192001
1,32,258033.95731818123,51.71848870172907,27.202403345118856
1,33,256879.89777456247,54.20573695134111,27.219923126296163
1,34,231879.11378132424,79.00295704863862,27.36567027355421
1,35,261555.62665891135,51.133093112594665,27.152999735114804
1,36,234397.94763873247,83.78561303767007,27.20836440559304
1,37,272455.45752973505,45.158126792533054,27.23585844607921
1,38,273190.500629959,45.64057376294457,27.13728390023437
1,39,262847.07194975566,56.50345206492366,27.084092670256616
1,40,249550.10286905512,61.68120274201234,27.02378812532097
1,41,255547.97920378068,66.08727006878362,26.96031187364176
1,42,273795.977623892,42.76947176269182,27.37017128150472
1,43,248273.1037358461,63.21881951550001,27.06039872563819
1,44,257515.86941661607,52.89364651162424,27.087300708252705
1,45,235996.2097266584,79.48347087816737,27.13784473940843
1,46,247446.0594125418,66.19141908263099,26.920110506092474
1,47,257439.11915201016,55.31164780242871,27.100914253487115
1,48,261781.33720366235,59.659940021473346,27.027160396985106
1,49,279203.3698679807,55.64365148640775,27.054095298059963
1,50,248438.99754591478,55.65536949656956,27.21559602796097
1,51,246320.7781778698,67.93300105892237,26.971112707859437
1,52,244972.47652276326,64.96379841268518,27.321578657658694
1,53,256201.89941002103,64.2673342817117,27.00561452213332
1,54,240824.12467543394,70.5110295701917,27.292549937910117
1,55,251649.4221545254,52.14652568225398,27.55835714962684
1,56,240693.52623657027,57.48850472818922,27.475221903107002
1,57,242577.11065325016,64.12273808798312,27.384346189865273
1,58,260709.6045478597,52.7653480853237,27.172760872549617
1,59,274268.0638097585,44.12653527464691,27.30779121136337
1,60,253429.9423800245,50.583962382004714,27.52719364403914
1,61,265118.5294405196,47.38218113069092,27.41394389877126
1,62,244416.30924907146,62.7322567706228,27.323326492740758
1,63,278120.45536069374,43.69713462366959,27.259788638683553
1,64,244471.9058734271,68.82031013333001,26.978672122285506
1,65,259405.55051919655,46.83727301751001,27.430173397795834
1,66,249567.41027170976,52.39325596160908,27.32793123704691
1,67,266290.02138438035,48.31727641389894,27.269440051743185
1,68,253163.453865483,58.51295122286352,27.04713168819404
1,69,273940.96314744686,44.351353536660724,27.248570204927606
1,70,236090.5682744859,68.43191967088538,27.30117052364106
1,71,245779.33010785442,55.37322003894656,27.527911123432993
1,72,254783.05648452826,54.35659850673134,27.276083413254025
1,73,247577.83783254432,61.077451903297295,27.087469428341958
1,74,260865.80591704822,50.26274485054236,27.350987652122594
1,75,260114.9449258533,49.30703233530861,27.417866129832717
1,76,241728.13091432198,69.1533361538585,27.295905923525318
1,77,238913.263969665,60.32575637421344,27.464462620671842
1,78,259068.535073647,46.91204843447551,27.51259640773254
1,79,253919.40615174992,65.9454661050726,26.986002080559825
1,80,246443.28787182693,66.89419113595326,26.919361633601447
1,81,264523.2152442975,48.8616603689417,27.245739636676884
1,82,233223.58028880638,69.81937685113755,27.46268511548029
1,83,252018.88042146142,54.79251189471833,27.141319938694725
1,84,245601.78732588238,59.758643107310014,27.13614525828107
1,85,239404.93182916346,65.59019994959881,27.43198305685824
1,86,242940.704345269,70.00042219617013,26.915715250808002
1,87,277818.6532973426,56.8992894478422,27.049680545814823
1,88,255645.14709105671,48.03673397707865,27.46730182833243
1,89,267337.76841660205,44.19696364075877,27.35412089677498
1,90,236194.56429835767,62.77909882191864,27.47614552899053
1,91,258845.4180217629,49.71899737798619,27.415295553639304
1,92,250336.40597080177,60.574156694424616,27.01396803892843
1,93,250336.40597080177,60.574156694424616,27.01396803892843
1,94,242306.02681855808,61.39012273918991,27.410512578861027
1,95,242306.26319279542,71.51219321720284,27.050789176982615
1,96,246110.72631861796,64.72547065334045,27.132916541180368
1,97,243531.1018330733,67.4384287055948,27.177443803169925
1,98,243531.1018330733,67.4384287055948,27.177443803169925
1,99,263840.0650554598,47.79586225522915,27.359186938362072
1,100,263278.9404571366,49.83796458388085,27.152999735114804
1,101,236517.9845034267,63.50771158365895,27.475770241375127
1,102,241347.04099732797,66.92694994635298,27.337921987581186
1,103,240097.81817787956,61.12626130872816,27.44168474223981
1,104,266787.01126094477,47.059107291819934,27.405692217467934
1,105,241632.47497639566,65.40321829809191,27.429997320765064
1,106,241720.3317780613,66.33223904765296,27.364416881756988
1,107,242801.047172425,67.20473368328811,27.26429436298837
1,108,240068.93852658712,71.07526541478427,27.1286367281903
1,109,241682.25267763404,69.5691934469785,27.26861473136004
1,110,233604.6167713562,65.86910933295637,27.491006123398037
1,111,233604.6167713562,65.86910933295637,27.491006123398037
1,112,256599.79303364866,54.49457256061945,27.12793104846854
1,113,266890.4495877429,45.250993594190305,27.240184369251857
1,114,267061.4661875487,48.486899791729776,27.184212113171878
1,115,246245.4957881104,63.71051285451481,27.021288603520738
1,116,247463.04900979102,56.92010402048426,27.403029481051416
1,117,264534.4567150208,49.31628399727232,27.138342092067997
1,118,252225.42118163084,50.00852054939668,27.55835714962684
1,119,256618.97013264094,54.29485292042219,27.230832938791277
1,120,263709.3788518459,48.64611866164343,27.25584017495082
2,1,226487.24270812166,39.880256425416626,27.34908724502487
2,2,229092.6956724902,34.94492087008285,27.331150408754667
2,3,229092.6956724902,34.94492087008285,27.331150408754667
2,4,240513.148081491,37.903510094070505,27.284433628249978
2,5,141435.9544454685,91.27333051608016,27.065833250504568
2,6,166406.1692760541,72.76435163607412,26.94252613760692
2,7,235247.80661258596,38.23776682014376,27.254294786446735
2,8,215521.1707342605,41.542235880143664,27.227764986808886
2,9,229546.18186910692,35.21650986458972,27.315231129037016
2,10,196703.8018421163,44.90210085883634,27.179613161664925
2,11,216806.05517408438,43.2746146846544,27.16519161665886
2,12,225548.5486702179,40.408707830008986,27.348697336927337
2,13,208642.69133895275,41.87907488601595,27.170605056229412
2,14,148185.86902613082,90.03476479501184,27.01655020671474
2,15,153516.4953752252,83.93088394071219,26.99875893136978
2,16,180704.4417025058,48.24242384197363,27.174161154344212
2,17,229528.5174341123,41.10743216806721,27.301943830583646
2,18,189057.9016966598,45.50155555263854,27.118955947598074
2,19,203356.28546652483,43.50061977703758,27.067925791434206
2,20,199693.02058159473,49.49136300201447,27.03191108520653
2,21,226637.54758862357,40.75807097826977,27.337733732038544
2,22,170238.75859309227,57.1220261921144,27.050609548795897
2,23,142546.12099209926,83.007232678017,27.090812839689264
2,24,150404.9928589297,71.01480385790548,27.140612330756873
2,25,197052.9876629171,42.04653417548999,27.17538665039045
2,26,177739.4772933821,51.46376157299123,27.083433269385793
2,27,145311.827451052,76.24430996793612,27.01798207155079
2,28,163719.9201794867,52.92155764423064,27.1573938169376
2,29,202907.38652380838,44.743934609237634,27.161728679695003
2,30,154632.7316961899,72.97035689578159,26.962893116508297
2,31,161607.19510216507,75.88222633052536,26.956845298545076
2,32,149945.38549112808,75.2919490036926,27.028608478857166
2,33,155781.39877990657,61.5528641845814,27.018756587498892
2,34,161456.81530088355,57.5811039861154,27.105719026897695
2,35,153633.36119992705,80.5461516947143,27.015144144226504
2,36,159783.29646495523,70.15730273814833,27.00352148872843
2,37,146983.2122856485,76.12628685832686,27.052959776797373
2,38,153038.17234261043,80.91238287692813,27.00005757585035
2,39,153666.37310549233,78.5751563843801,27.006335672301823
2,40,153666.37310549233,78.5751563843801,27.006335672301823
2,41,173185.0886039605,66.1310217856983,26.986693849537467
2,42,182973.8697692305,56.00647450205179,27.031186699276702
2,43,143138.88067770028,74.45991054842878,27.055801056345167
2,44,157358.22493373853,68.33740350548655,27.012428475016492
2,45,176513.97039435635,51.81993953453545,27.122536603824564
2,46,153001.30431360757,67.58480815933245,27.133282868092202
2,47,195933.881564313,53.38811623593874,27.04005253437827
2,48,173480.8851941698,68.06867141111155,26.969903643136213
2,49,173606.68626262582,58.12430379479878,27.048097467309184
2,50,169483.6890360131,50.6964624158525,27.125950502269475
2,51,185988.1678382283,54.28805161254996,27.05815014903397
2,52,184607.06566694516,67.63287333228739,26.959136044898052
2,53,145092.36284546557,71.97087804477458,27.09895381408736
2,54,156852.1387861624,58.756895396051256,27.100897320377292
2,55,181918.19008220694,58.68338485517366,27.045780871733378
2,56,150028.2548459944,74.23571269565409,27.040751810107636
2,57,193590.16015124385,64.59668434317707,26.978757641105553
2,58,160448.948023103,69.85575963939446,27.010555938378083
2,59,187458.16864038678,54.05709458054785,27.055245293457297
2,60,150924.77294031726,69.66311240238055,27.04328184459269
2,61,195071.38469304863,62.238330896425076,26.975853789190687
2,62,154436.33706038658,68.12767055387741,27.028342439586062
2,63,148121.9866721176,71.7202938025577,27.136652774864707
2,64,167375.1605565103,55.10310492663301,27.063270437195015
2,65,175715.5416599411,62.89708791308862,26.99401305836627
2,66,164586.02963464856,54.72918338760687,27.092567701899995
2,67,163370.88862979665,70.30769779976762,26.977301116012235
2,68,193682.81162109834,63.17091939616721,26.976069321802306
2,69,165302.00423783844,54.264282749672006,27.11199271838636
2,70,188181.6152397221,65.98936701314189,26.973958992445546
2,71,169092.33722729748,63.65473484170569,27.011445812675504
2,72,164993.55660377347,66.44459675755584,26.998686935900437
2,73,192235.79093966496,53.7457083167308,26.99939313727154
2,74,183781.3456955008,49.864632438983385,27.080031105329304
2,75,155099.408672993,65.63467652484447,27.0898887639298
2,76,190895.5376132062,52.7407899758102,27.072646052333653
2,77,164345.45688307873,55.193418626124334,27.116860529312866
2,78,190612.36862846802,55.55745737400376,27.00134694490626
2,79,190542.6301487813,63.038261980197746,26.97968377682473
2,80,185933.0650568024,60.0755225404747,26.995213210111054
2,81,195341.30962770098,51.234798025050836,27.075580932175498
2,82,168317.78638580075,52.83135230864035,27.160278082321426
2,83,187989.45199761324,64.05760912894917,26.98072140962352
2,84,166709.997064038,59.83469226041022,27.06747587411516
2,85,174588.23936547115,61.52625331881379,27.010676009451565
2,86,150853.01685962253,65.4923249675019,27.13530376692401
2,87,185762.02581059985,48.69294762787511,27.111202933776624
2,88,167040.25529506544,66.76425395535256,26.98303153377377
2,89,193334.3777326428,52.554616414396264,27.04676973780481
2,90,183526.135135781,48.83021111491532,27.11522884322315
2,91,188828.13480743993,48.53370440731367,27.167991078990333
2,92,196290.57812365904,60.70408585317452,26.98527658866236
2,93,148192.34006046187,72.84508979409803,27.068673624815958
2,94,151475.0131329349,72.44629267382157,27.0315765098726
2,95,167980.4006957795,60.703844191234126,27.056558843807473
2,96,162705.14435588202,71.41839648532468,26.9846149151683
2,97,176984.14410303143,52.649514779492726,27.074288182940933
2,98,191615.8743216306,62.66618379011248,26.988180440577224
2,99,191615.8743216306,62.66618379011248,26.988180440577224
2,100,161852.9813952957,60.05849617853554,27.064273639953676
2,101,153927.8595034433,67.09649251801197,27.078528757854052
2,102,182491.31497293143,49.01851452294907,27.12345754573409
2,103,150255.89060157005,71.22476558212466,27.06898324531796
2,104,192971.0384384134,49.37996178194219,27.09035272240469
2,105,169530.28524160935,49.52594391654902,27.1247381406125
2,106,169171.00533589633,59.17989377006339,27.01189550020966
2,107,187925.2805649539,65.57608765949372,26.993061825396346
2,108,162744.51400309525,59.06901765167945,27.099971566726985
2,109,182391.2186802634,50.05709959641766,27.08729111645338
2,110,182391.2186802634,50.05709959641766,27.08729111645338
2,111,153899.89313517555,61.79684988909809,27.094761282996394
2,112,196468.44663602122,50.924893803327016,27.05688210977101
2,113,185485.09164544183,61.74818420864922,26.99991959450177
2,114,151392.9969479903,62.4332223678777,27.13531104020653
2,115,188447.75514283573,49.859180336975506,27.098093378966325
2,116,152142.27599007267,68.68466328500504,27.09653649081819
2,117,152142.27599007267,68.68466328500504,27.09653649081819
2,118,187696.85013145936,53.495581517454134,27.017449052647663
2,119,161250.42248838377,70.17687226746645,26.986258391282156
2,120,153179.67162069064,66.96304666026528,27.095486185436755
3,1,342989.90956271184,28.317885758997814,27.233734327285674
3,2,342989.90956271184,28.317885758997814,27.233734327285674
3,3,191490.4309600621,80.87199848783112,26.75648198410579
3,4,337773.6141065431,29.961552817954534,27.349073513160278
3,5,210366.41197121367,87.16923576019362,26.604165910213304
3,6,226467.57425787236,75.41865756951903,26.570122312393806
3,7,287479.91917818115,31.456936942900544,26.981253602406035
3,8,329618.0267660122,30.92647438183109,27.287366973846375
3,9,263978.33690153516,34.007337247351686,26.811894332883043
3,10,261358.06200056136,39.88498062270948,27.134234732566547
3,11,253064.36997718882,41.028328691797974,26.997853622307034
3,12,234382.51150467063,42.92996089297197,26.831483881899032
3,13,234382.51150467063,42.92996089297197,26.831483881899032
3,14,211956.6187771905,81.98677528996589,26.619224938928745
3,15,258735.16178321172,39.96936842266277,26.78325995161496
3,16,333510.84104467655,30.894350521864467,27.33468782526529
3,17,333510.84104467655,30.894350521864467,27.33468782526529
3,18,335931.89131065784,31.29321680160124,27.160995492106615
3,19,251083.13286158137,41.1463267127994,26.715533078009265
3,20,197856.29913873196,77.94059693049569,26.67825863829892
3,21,329808.01483019517,31.229480693974907,27.27490845245257
3,22,329808.01483019517,31.229480693974907,27.27490845245257
3,23,218434.5755841301,48.91282090517453,26.817317776727243
3,24,221457.47585936793,49.02463324482898,26.788654331647578
3,25,238883.89840413968,50.73665144576023,26.67485111299807
3,26,192492.54825847936,80.84741552673641,26.722131499644554
3,27,192492.54825847936,80.84741552673641,26.722131499644554
3,28,340356.73526346334,29.218095958271615,27.19441048125327
3,29,340356.73526346334,29.218095958271615,27.19441048125327
3,30,223804.7148252291,47.73276758750718,26.83131552082321
3,31,248041.15838191283,57.026490448151506,26.57696522733233
3,32,261950.00231122266,49.50643975929937,26.62247229269257
3,33,206583.1719500807,74.79398739772184,26.62201230336712
3,34,235495.5563951654,45.492942649641684,26.739793546888677
3,35,203805.74126098293,58.730633212606165,26.6965892477278
3,36,201865.0862205058,65.29167014256271,26.662174080564697
3,37,247163.75840837834,59.77539939689935,26.59248787727539
3,38,221366.6770581548,60.81529982205309,26.60570865804361
3,39,242550.34582432834,48.123202121311735,26.710748225419373
3,40,331577.2643441816,31.31075317929146,27.17384811252399
3,41,331577.2643441816,31.31075317929146,27.17384811252399
3,42,335498.6493342688,31.01793754786856,27.207271482311086
3,43,335498.6493342688,31.01793754786856,27.207271482311086
3,44,224440.86378775482,46.853132804510146,26.739618966497233
3,45,232601.28312882228,54.51699445568941,26.656084891683925
3,46,195465.7231485529,67.56973761264183,26.771535759218317
3,47,231864.88948130255,43.97531786379925,26.76952144224645
3,48,260123.94508232072,44.70593369243132,26.709618208025653
3,49,198643.83452431543,76.43709221223601,26.68983080086028
3,50,232835.6462802977,52.60454822884152,26.63336104146868
3,51,197056.61864999466,73.25806088633365,26.70391171017029
3,52,204468.31313294306,71.65993654312375,26.647038079086883
3,53,197358.08282904193,68.53162554386479,26.734525436129225
3,54,232100.0261669889,67.85968838781797,26.586720616515763
3,55,216945.65485034627,54.28251395640175,26.67093073238246
3,56,226150.71737746528,46.04747457782811,26.7653243864141
3,57,215260.0611770866,56.144496284670524,26.685324136665074
3,58,238022.15925090385,47.43224486742932,26.71956555355772
3,59,244501.1153425196,60.6985070568423,26.613903007281635
3,60,244501.1153425196,60.6985070568423,26.613903007281635
3,61,201778.4684869194,63.746360793251135,26.669218714718248
3,62,208495.34114664732,72.60607488234676,26.626262435765064
3,63,338663.92355901736,30.421394951314177,27.278874294288137
3,64,338663.92355901736,30.421394951314177,27.278874294288137
3,65,237378.57945639256,51.14978361893161,26.663966085356456
3,66,197008.29145091528,64.58515872048788,26.748901006272277
3,67,231618.60689299388,57.9374838216624,26.63963027309037
3,68,251145.5943770634,50.816751761024896,26.654197851338182
3,69,203210.31003627097,70.6501493596644,26.661352903402836
3,70,215502.74969345384,61.43499638012809,26.59621208282612
3,71,200435.1861608193,69.73922484496646,26.686781241518936
3,72,233465.5038395066,51.9879481575317,26.713182852502612
3,73,199793.52426813124,62.74584764181787,26.706702416829778
3,74,205544.6490338394,57.85287197224679,26.724639623594577
3,75,229095.36250556965,66.6191180366026,26.59583836398042
3,76,229095.36250556965,66.6191180366026,26.59583836398042
3,77,199719.64893804054,68.36673673575723,26.69129667510839
3,78,201703.64789992236,73.14541719561761,26.666234492499036
3,79,243588.1135540713,46.316711886751705,26.682056020295
3,80,215017.4589441648,66.79906555443566,26.625556500681235
3,81,228879.90285783022,70.40040535233261,26.594013453034954
3,82,247723.8844330014,44.85690224243373,26.729052695905736
3,83,215701.71057111197,49.179414693036954,26.726575671436954
3,84,231875.2806481166,57.318477469793386,26.619136454802238
3,85,196431.0012702031,77.17993183631512,26.683914829888984
3,86,209495.29336552665,53.37731083170065,26.698987262968487
3,87,200693.7616799223,71.00768368342682,26.680711543562836
3,88,195456.11747868522,69.87214865350653,26.71130187879372
3,89,195456.11747868522,69.87214865350653,26.71130187879372
3,90,198860.8929400457,63.11412772249273,26.722535750099176
3,91,214203.903298879,51.55332942139691,26.73533819460996
3,92,208930.96468720218,76.85443120859439,26.62043393270458
3,93,211581.54152310616,67.68578437483956,26.63055639817601
3,94,207848.32070473483,77.59687288362505,26.619462496671815
3,95,214569.71891401353,59.8596383407571,26.682561029991668
3,96,212693.15689796134,60.782922674772614,26.64971894727814
3,97,210161.01540981565,51.38927469593803,26.744522978082635
3,98,208607.03643757215,53.738901536429644,26.6907261553026
3,99,198912.42890854465,64.6750227443838,26.703231596824935
3,100,203684.86290292142,61.85482056086032,26.6592808718201
3,101,205778.8367658441,64.60963906471692,26.639650720259624
3,102,217619.90615665814,72.01717541413404,26.590598557058065
3,103,217619.90615665814,72.01717541413404,26.590598557058065
3,104,247899.65877246586,53.08558969496095,26.595671440706425
3,105,210793.8497637151,62.162406998350136,26.657493700335657
3,106,210793.8497637151,62.162406998350136,26.657493700335657
3,107,213291.0391703052,51.883166734571645,26.72836525549176
3,108,215393.4338738143,57.94639592864422,26.621132340854892
3,109,199040.92088385177,61.59290785335541,26.72167092500024
3,110,214710.83998110652,71.4768122705865,26.621274276805508
3,111,233966.64751557534,48.558686282415444,26.73238311098182
3,112,238712.02299044002,48.47208977092298,26.67794148427037
3,113,207240.10920226516,56.31968593846599,26.7110873660109
3,114,243251.1501664227,46.11173018066171,26.6846214371566
3,115,228266.15618996572,53.41888966205153,26.68614371573188
3,116,228266.15618996572,53.41888966205153,26.68614371573188
3,117,196541.3851091026,67.778329269913,26.766383956360194
3,118,200944.8369823564,59.85463867662932,26.707224275897417
3,119,207038.32268621924,56.173378433673534,26.748728510199264
3,120,213580.65985597981,56.77569524671619,26.685751710421314
4,1,173420.48713935813,76.85498003906856,26.836344100468622
4,2,221894.91702372878,40.4805629960264,26.956786974133664
4,3,250524.7061110413,48.79743143120139,26.796250296063548
4,4,222766.54045656562,43.6501452183111,26.886038170990666
4,5,201726.3599021331,50.422330463394985,26.90805797440423
4,6,223528.63082967515,69.07939927810588,26.713465607426798
4,7,217922.20144371802,41.24056541438538,26.91417826463661
4,8,233841.55252673253,42.2442274074752,26.82609649534428
4,9,233841.55252673253,42.2442274074752,26.82609649534428
4,10,218786.6913160674,69.27316475432457,26.733607640443523
4,11,194256.6927700786,50.648534852021,26.9407540593551
4,12,177359.9293654636,76.45914365161077,26.825541201170715
4,13,244914.11999452248,40.57251406177233,26.835223119499837
4,14,208553.41464503435,46.58984350117617,26.82958919544098
4,15,181282.7495457622,75.11017224136897,26.790175449818165
4,16,194761.0063941551,60.693924460489406,26.766333536929807
4,17,246847.7036784162,38.80183660229226,26.83087934401054
4,18,196804.7095167911,52.749394787561855,26.93282701265879
4,19,191221.3763501553,57.33800957751953,26.85945919182992
4,20,233623.16937713648,42.86958889714269,26.819544472080615
4,21,231581.20488882653,52.95416148559029,26.747540661467184
4,22,224365.6269466847,39.547373993742376,26.837086395156092
4,23,212496.49063769612,45.3998615921229,26.84696854563768
4,24,213007.28983269646,43.96786822442913,26.92072247808901
4,25,224398.4408128318,39.36405543602,26.913102578930783
4,26,198915.44211117542,71.11782038997457,26.750123504202556
4,27,192241.00078381842,56.538399306020935,26.82818959438334
4,28,211158.54465492212,67.17544084423258,26.760625017342527
4,29,201769.74773126643,55.568726432538384,26.78362130047308
4,30,180539.61374286938,73.78906919143542,26.813515724270253
4,31,212211.64265312566,59.68461526571072,26.74255855460617
4,32,209786.56865258372,45.24119272756808,26.871555057835508
4,33,245179.222415797,38.82161640097352,26.832796413125507
4,34,208007.80755717086,67.4494182446979,26.752280391297276
4,35,209790.1981532772,44.2698710318903,26.861041420574658
4,36,226415.81794861937,58.49735008267242,26.744484634464108
4,37,200668.10321880024,55.140464649740544,26.814950988451642
4,38,195708.52430667114,56.37025496149967,26.788105571757654
4,39,208726.16079520143,69.68728530074118,26.736584774417693
4,40,232796.3814325823,51.592368976890484,26.77254613752178
4,41,220299.48468287222,60.06419151876238,26.73688618858074
4,42,225590.47714888156,53.916747061662974,26.791029160393002
4,43,197199.82608134404,52.509159942106514,26.8249782768942
4,44,213120.07537164827,58.826782309094455,26.76252267305818
4,45,208846.32530213575,53.06671897815527,26.79904872555869
4,46,227532.67596531063,54.20287811800187,26.773437187316098
4,47,210050.0201028868,67.80074681168843,26.735165316043506
4,48,216632.9403320709,55.391106481876186,26.78917012761451
4,49,191327.41511129314,55.30332299824039,26.879046292219655
4,50,199568.56074025918,62.71698061516578,26.766302471979614
4,51,215328.79211566376,44.356979159850205,26.83645490837683
4,52,215328.79211566376,44.356979159850205,26.83645490837683
4,53,196995.50306317507,51.04010400465361,26.842590298381445
4,54,203103.4856023929,68.88636826844306,26.755369064227587
4,55,198427.03213509946,55.500922286921345,26.82294814717706
4,56,193144.07567309207,56.41725078682417,26.818089078845773
4,57,227409.80829712327,43.39985319114484,26.82437200820811
4,58,187025.17870389935,76.17353856729287,26.75967561197266
4,59,207767.90286993768,53.83318192256428,26.798397347047782
4,60,194786.18815429707,73.68855427858054,26.737140020402727
4,61,194624.37421731726,53.44739326087287,26.82421007837508
4,62,191779.9890624386,59.89139366621604,26.77199475713833
4,63,191779.9890624386,59.89139366621604,26.77199475713833
4,64,225932.49016038512,44.966832718207584,26.825224356789157
4,65,227495.85760463995,55.48416046531322,26.738798881084797
4,66,199079.19216683903,50.22910191684588,26.913919463852494
4,67,183093.1044046886,70.43963948501107,26.81771249366433
4,68,190724.83937997287,57.83559664039712,26.77814250130001
4,69,175290.15445365716,77.98770249559665,26.821231278340882
4,70,239973.00719672668,37.50950993420108,26.903006643537914
4,71,198453.52926491707,56.634619573752666,26.78362130047308
4,72,199950.86029859347,70.35885654250708,26.69388171212392
4,73,202189.50119082187,47.85076736670918,26.800600843665876
4,74,202189.50119082187,47.85076736670918,26.800600843665876
4,75,228585.52071283324,52.16535497855755,26.767903642559304
4,76,189179.74201624858,58.38798347749588,26.825573487851656
4,77,183665.30855882238,68.80506732289643,26.805025737411434
4,78,219031.54329877865,44.22104479674519,26.85698375540519
4,79,175512.32534647125,79.17764856001762,26.78174543150567
4,80,222385.58161604934,54.577959271927874,26.745064139582688
4,81,209398.42941966027,62.214768725822886,26.76134657712798
4,82,198512.00683850533,72.51671563346308,26.73902274559589
4,83,213082.1214557238,49.23752990966102,26.793650419346015
4,84,236938.70526877136,46.549418383837406,26.81750080481423
4,85,184815.78111573507,58.92271913401138,26.86881706300707
4,86,199840.25562641933,55.93358603352759,26.7926835106405
4,87,182180.06073529788,72.0948616395707,26.789554687683108
4,88,183922.2087563647,67.30360727166665,26.83390744278649
4,89,185680.6256891385,66.21760656354307,26.8043108069727
4,90,180862.17388693467,74.88713137462231,26.80380817957915
4,91,185941.06274376396,59.48263795004115,26.781429571400402
4,92,189923.59836072862,72.33643118253077,26.746391274953936
4,93,185390.48039763357,68.77703602043242,26.761715807138764
4,94,189453.19627347792,61.83217418486059,26.778479553992284
4,95,214012.8668568661,56.819129126665246,26.76678534753053
4,96,217101.0702460361,42.546875011880246,26.88666416084382
4,97,178405.63652853912,77.06776051132488,26.76195001306357
4,98,203128.7939363011,54.772621747648934,26.790886691414983
4,99,249510.84686982178,36.06225968094098,26.93451714485957
4,100,180803.30342870275,68.48902821202644,26.824282447286507
5,1,251106.8971367483,35.04170046482382,27.123652099057374
5,2,168941.00934268633,69.59874079005141,26.919857583440503
5,3,168941.00934268633,69.59874079005141,26.919857583440503
5,4,237488.1790442724,38.06092011310229,27.02224710836778
5,5,248581.24294670392,35.335178805558755,27.123648207895073
5,6,190498.05969567376,46.718787143239645,26.98298568134789
5,7,190498.05969567376,46.718787143239645,26.98298568134789
5,8,190498.05969567376,46.718787143239645,26.98298568134789
5,9,218749.9476366174,40.266757395949426,27.018841514717785
5,10,218749.9476366174,40.266757395949426,27.018841514717785
5,11,206342.4016754148,53.83382340922028,26.85286637092468
5,12,206342.4016754148,53.83382340922028,26.85286637092468
5,13,206342.4016754148,53.83382340922028,26.85286637092468
5,14,206342.4016754148,53.83382340922028,26.85286637092468
5,15,206342.4016754148,53.83382340922028,26.85286637092468
5,16,225708.8406503241,36.63616280761329,27.045902460201575
5,17,212609.09036268806,54.04631825401007,26.84661135585892
5,18,212609.09036268806,54.04631825401007,26.84661135585892
5,19,212609.09036268806,54.04631825401007,26.84661135585892
5,20,279070.6147696128,34.553634029418355,27.26118014329763
5,21,189651.10684830183,52.24677779646424,26.934372776981327
5,22,184347.10228039662,56.353847820656334,26.883343190314214
5,23,169769.72717690887,86.9555619417287,26.82162541201121
5,24,169769.72717690887,86.9555619417287,26.82162541201121
5,25,208716.1220785212,47.00477343199132,26.887499353917967
5,26,208716.1220785212,47.00477343199132,26.887499353917967
5,27,208716.1220785212,47.00477343199132,26.887499353917967
5,28,174571.23715144032,67.08098326821282,26.871889248675593
5,29,169348.39204540584,71.35323934489497,26.860659653453425
5,30,206859.85413250604,49.65242363487831,26.870330857411403
5,31,183248.18495165967,51.677409718570274,26.957528044040856
5,32,199886.3032716585,50.97152055081352,26.87026740220829
5,33,170209.6624032209,69.8597158378486,26.903363022422354
5,34,170209.6624032209,69.8597158378486,26.903363022422354
5,35,170209.6624032209,69.8597158378486,26.903363022422354
5,36,170209.6624032209,69.8597158378486,26.903363022422354
5,37,170209.6624032209,69.8597158378486,26.903363022422354
5,38,170209.6624032209,69.8597158378486,26.903363022422354
5,39,191584.20288054444,61.8516499761082,26.84372723367671
5,40,194395.35770328503,43.90141667832307,26.92173515854369
5,41,226336.92262352578,38.34059411538004,26.976956419265733
5,42,202498.8040865806,52.83369185178657,26.867287258479287
5,43,167051.3278849307,89.30918572351973,26.822908136124376
5,44,193907.84855210062,57.87235546327229,26.84630663578706
5,45,220236.64965839544,39.89271172934827,26.986853201689755
5,46,185436.44882846889,50.05960654631719,26.96938362475929
5,47,185436.44882846889,50.05960654631719,26.96938362475929
5,48,185436.44882846889,50.05960654631719,26.96938362475929
5,49,174754.2878001449,68.30835485423137,26.829190914025816
5,50,174754.2878001449,68.30835485423137,26.829190914025816
5,51,167456.55587263624,79.0223993818093,26.832299084127364
5,52,167456.55587263624,79.0223993818093,26.832299084127364
5,53,173391.5803987683,63.55095192269735,26.97333462339784
5,54,178615.48305049134,56.78056288461741,26.892666126356055
5,55,185886.86431323987,54.39515994605201,26.92926255247373
5,56,185886.86431323987,54.39515994605201,26.92926255247373
5,57,199922.19799488934,47.3882474913058,26.88636115232373
5,58,167839.46470066902,75.31948704599665,26.863849719394132
5,59,190081.39915632416,51.589713614816596,26.867503336041985
5,60,171423.57015173684,66.24213233722028,26.901624060184936
5,61,171423.57015173684,66.24213233722028,26.901624060184936
5,62,170949.8975814599,67.47804908966849,26.930346644492253
5,63,188442.1071685864,48.44259983257983,26.98792348075225
5,64,185347.37149884444,66.52449926934912,26.8199738065476
5,65,185347.37149884444,66.52449926934912,26.8199738065476
5,66,190020.4434505669,55.41952074320625,26.902766057191215
5,67,209910.09795169818,47.74011371301485,26.87991867658276
5,68,203759.79836076513,55.171758411280095,26.858654730082456
5,69,167642.87933219643,71.16161592699105,26.953076556525964
5,70,168848.79233331353,74.71784589302008,26.8619075963478
5,71,183253.3375263894,70.92775572320281,26.814989404822107
5,72,181686.64595885645,54.791768077552284,26.9179461174463
5,73,198506.83586129802,41.6334593066132,26.90789768046384
5,74,197289.64741858543,46.92585618158691,26.897953469921084
5,75,175763.6844958369,59.94769021621244,26.857881605798816
5,76,186075.54556707645,56.063168119438394,26.897379341584468
5,77,223021.46029709376,41.288039567177435,26.984162697671366
5,78,173189.8883665535,64.12752378125184,26.909738026548546
5,79,168477.28038943844,74.98085709656492,26.830950239805084
5,80,193679.42040439666,61.22406547065623,26.822971975331605
5,81,186384.42143060738,66.37078201304581,26.84010935056289
5,82,186825.6585192756,55.509703828479736,26.87836076325962
5,83,190950.00377811817,45.32868413180158,26.89861646182819
5,84,192105.98829052248,61.77342791636373,26.857544744806546
5,85,168267.6968815566,75.72613835904986,26.856861012633566
5,86,169951.82321778123,68.67140910028719,26.92778220244586
5,87,168619.2378626398,73.48543760529364,26.874289674172687
5,88,198766.8441183304,59.52962845545984,26.826829269362662
5,89,199630.20742497643,42.46042021483173,26.906725806764968
5,90,163629.08881880605,74.34562878237475,26.898335585466548
5,91,170912.05337153218,66.69001501796222,26.94035551406173
5,92,184489.7975906393,67.16206713950535,26.834124895790367
5,93,194241.16466948576,60.13115272290809,26.826014489261254
5,94,194241.16466948576,60.13115272290809,26.826014489261254
5,95,163184.01299904633,78.05859276211471,26.85173458050093
5,96,177418.99842224995,62.66378832564658,26.841177094955995
5,97,170678.99633949492,69.26663887178361,26.90269307970386
5,98,170843.64790541475,70.17771627751941,26.901190048249155
5,99,174950.25513659217,59.64785912946486,26.927221992110745
5,100,156422.73776687973,72.10801058925249,26.900597641516974
5,101,171246.42619221163,69.40971807575704,26.820057629537963
5,102,170152.21003510064,67.12629411662458,27.049942813896934
5,103,165283.24031388998,76.17574982565395,26.845358080775107
5,104,179356.4223902467,56.38645564608871,26.858484623937564
5,105,188424.22185683597,54.499342298150374,26.90776965426832
5,106,211920.4088641483,41.61962338608241,27.08052393234901
5,107,223517.85503098465,48.65843439747168,26.85429268761979
5,108,196622.78093311063,57.13010777475766,26.8548171934563
6,1,274805.47291793814,78.46484469056412,26.567621261049027
6,2,224905.51664116906,90.34472677007926,26.63757270199021
6,3,208902.99546542362,84.97768914789067,26.730344498592892
6,4,302470.45776008884,39.2008960665329,26.769375902634003
6,5,264352.8642512842,46.55043507504461,26.788462449381598
6,6,279692.504889868,42.360650580496994,26.69253522715286
6,7,290993.3674876623,41.85596990643115,26.73689854958439
6,8,290993.3674876623,41.85596990643115,26.73689854958439
6,9,295124.0822272689,40.167713982746335,26.768065021651722
6,10,213648.03164875542,85.05896362859757,26.729615561290963
6,11,221440.4121968522,78.45907344950304,26.719360786947647
6,12,272817.734984887,44.97333142734222,26.707702064185206
6,13,209586.16008128406,83.60497788954616,26.752631030174435
6,14,242209.81707369947,54.92470723807937,26.776998553910758
6,15,254902.4533318582,75.13696494254218,26.576444462215782
6,16,218419.6633294819,72.76847097679983,26.74985961304032
6,17,266559.8716425835,64.20091146726529,26.593133742709092
6,18,261661.4264430299,47.38887421821031,26.758290343231494
6,19,226364.26371251422,81.5573394909539,26.634651409103064
6,20,278833.97471784684,46.58754692208479,26.684814125749206
6,21,251865.53773838526,52.711683132909315,26.66093057662706
6,22,215634.4997541976,70.93464786197268,26.76835900168703
6,23,269755.5830478922,51.24798748881221,26.676176440065632
6,24,223644.70224051815,63.69059824368114,26.741130107336986
6,25,258773.59159167917,55.87593900958873,26.627980676848658
6,26,229540.7494432557,79.70909267848515,26.584253519557095
6,27,227783.60721808687,72.09588972920719,26.679384776031135
6,28,244315.8423765462,53.47493243515419,26.71156331652376
6,29,239672.53364060624,64.22974249979838,26.591808336446256
6,30,224436.487277485,80.99143042095432,26.656414965346038
6,31,248223.69084855917,49.05649313362546,26.731479421793956
6,32,236560.334242499,55.55597309623474,26.76805435561655
6,33,246285.65756360642,52.46706148143015,26.670445010739478
6,34,275929.3939118743,61.90019902556047,26.60337062510984
6,35,275929.3939118743,61.90019902556047,26.60337062510984
6,36,261042.32221995742,61.78882870856324,26.62014685475654
6,37,254024.61755840117,58.96013337509442,26.62275664045628
6,38,240164.759899663,56.84150779653624,26.715690062508564
6,39,229217.24155906995,62.15700603855313,26.76659879943721
6,40,248816.5855572517,54.53379608201788,26.668109599147684
6,41,256464.28412343355,64.90732105025141,26.579844899219417
6,42,262087.1773002889,52.80016415397602,26.61717778355446
6,43,219075.63333600108,70.10311481546617,26.72706841197914
6,44,257700.17284460095,50.682613480006694,26.697948734719645
6,45,235982.61166772482,58.12586146390109,26.644838435023367
6,46,229500.07504493662,83.99622664336032,26.609538632587814
6,47,247843.11355244968,56.1010128746331,26.636110054413727
6,48,255721.43625643002,65.66821457624964,26.570213750865534
6,49,214054.24747652447,79.11873692748192,26.716557127305286
6,50,271200.2534976052,48.04323028778177,26.701977991338104
6,51,271200.2534976052,48.04323028778177,26.701977991338104
6,52,223100.2907318483,74.09919993609152,26.66440367940566
6,53,249095.10811624705,54.9271688766062,26.63378168199833
6,54,228639.11437820317,63.00870904987301,26.77123820727833
6,55,263866.12033014814,59.8140359283586,26.607140034698922
6,56,219367.50896710338,78.58225287581342,26.6652825172402
6,57,229135.7406689218,70.41206204802832,26.650921501027604
6,58,265302.61198065063,45.50009492416544,26.71356024237781
6,59,277196.1848728458,65.56999352364264,26.574921768318966
6,60,277196.1848728458,65.56999352364264,26.574921768318966
6,61,271658.4443364345,45.53707538905189,26.696726691472065
6,62,279281.2846198547,59.32959682926454,26.60675523042039
6,63,269936.83000007086,50.365377577618546,26.681160982781122
6,64,249323.22937048745,67.11197230501463,26.58969372013047
6,65,249323.22937048745,67.11197230501463,26.58969372013047
6,66,227346.790131799,79.28342527171516,26.663892690023438
6,67,235057.83460864652,73.53517887529696,26.619159445375267
6,68,270715.612667916,49.36372897072201,26.69773177851632
6,69,223834.95358598515,68.99596496738633,26.68295323791657
6,70,218711.29204544533,67.06109367777604,26.750471439334525
6,71,243661.57158303377,57.83826477876798,26.692687774833182
6,72,243661.57158303377,57.83826477876798,26.692687774833182
6,73,230752.12317486826,65.08102299577227,26.737472917958982
6,74,233719.8870585554,60.316234002043124,26.768498936507207
6,75,230867.82440329844,67.5793247040032,26.713772417900422
6,76,271793.93711581966,47.33161684255963,26.648128088522633
6,77,231693.11362492363,74.02338840597245,26.580815920545405
6,78,231325.49801336153,69.63903383239764,26.626641191836377
6,79,231208.6214278626,75.07498344615607,26.592233010104074
6,80,229150.94903341393,68.72549399912056,26.65874445136791
6,81,219176.43452276647,80.70771473577246,26.674418238094148
6,82,228829.43286976023,68.50708807302263,26.674169578614098
6,83,232215.75379236837,65.03227565895719,26.6930856804049
6,84,228701.07340143016,73.81539207635396,26.613842998073338
6,85,246316.23556963576,56.83706539181691,26.64818410146139
6,86,246316.23556963576,56.83706539181691,26.64818410146139
6,87,246316.23556963576,56.83706539181691,26.64818410146139
6,88,244680.94416651974,58.65865914547946,26.624145330298788
6,89,234398.93355336483,63.53276415210584,26.681867527556484
6,90,244951.33600316985,70.03401248400472,26.587505839837533
6,91,244951.33600316985,70.03401248400472,26.587505839837533
6,92,235477.80807030707,61.113754256264514,26.6481804937239
6,93,232749.20700505134,68.27097929050564,26.62769121896293
6,94,230326.788361424,70.21758750658698,26.626352434883046
6,95,258151.3512352236,63.074475039754006,26.613339403474278
6,96,258151.3512352236,63.074475039754006,26.613339403474278
6,97,244776.84003104913,53.10843521117399,26.730933277568248
6,98,236058.94041449472,70.48395867454174,26.608101368204196
6,99,236058.94041449472,70.48395867454174,26.608101368204196
6,100,232743.2005745873,67.30208670412165,26.67963988996945
6,101,233318.4394666918,64.19267451122995,26.674670742660005
6,102,234810.86154885226,63.178600104294034,26.680638800657043
6,103,233001.40587572032,66.09985536499707,26.66621040140685
6,104,264119.1026025167,51.76356332421268,26.625650659067652
6,105,264119.1026025167,51.76356332421268,26.625650659067652
6,106,235661.9465583345,61.20040501969222,26.64715555947255
6,107,232927.48998311893,66.25285984235941,26.663965797125257
6,108,232927.48998311893,66.25285984235941,26.663965797125257
6,109,229200.5545024554,62.655531804275235,26.768316728472755
6,110,234896.07468772482,61.26859697359329,26.76723912543234
6,111,234896.07468772482,61.26859697359329,26.76723912543234
6,112,232038.37796928018,65.67610902577026,26.69688264010268
6,113,231903.1742737921,62.88872292689973,26.697729745004068
6,114,233878.04681236632,65.67085020075483,26.645882256203983
6,115,234815.86529490375,61.97412691638201,26.623179802094015
6,116,233179.19424247998,70.43192696113026,26.625392893536073
6,117,234026.7863739069,66.03333981093338,26.645084265708057
6,118,234026.7863739069,66.03333981093338,26.645084265708057
6,119,233418.20545209537,68.37966776992475,26.62413852328875
6,120,233418.20545209537,68.37966776992475,26.62413852328875
7,1,272392.75648489216,77.81969812750756,26.59067438584404
7,2,339226.5494460776,52.71852564199551,26.687161279058465
7,3,304059.50136355433,48.874151900921305,26.723512367482655
7,4,286467.0949483908,51.4909282805095,26.76814844965015
7,5,256545.2275737067,68.0226539208261,26.69174993915646
7,6,307501.9999500777,48.30702299076635,26.745892338504717
7,7,265499.23890740855,58.71000766770567,26.85373545264872
7,8,246684.24289576986,76.31387176892021,26.682821383600206
7,9,272890.51421570254,55.83632758161622,26.73607276019525
7,10,306192.50465102785,47.96734011379062,26.77787085849546
7,11,306192.50465102785,47.96734011379062,26.77787085849546
7,12,254181.87074512133,66.16059315162286,26.718213496836242
7,13,300418.6449522844,48.995878306745766,26.73883028484086
7,14,313040.02401736035,47.79315238718889,26.704379239767917
7,15,273936.9481095124,57.86634327254776,26.686354409323293
7,16,263769.49712842936,66.76527513849157,26.631843731719258
7,17,263769.49712842936,66.76527513849157,26.631843731719258
7,18,263769.49712842936,66.76527513849157,26.631843731719258
7,19,249488.1046824852,75.21074016371203,26.63636292351522
7,20,247517.4660670454,87.5959763120801,26.60571845015356
7,21,260738.3222089058,69.39539795500264,26.61243508587225
7,22,276259.84656583105,60.67388575073814,26.68121819000271
7,23,266163.9945255838,59.792039683901834,26.68729538186355
7,24,251947.24637405016,74.88345909153402,26.605037681763946
7,25,251947.24637405016,74.88345909153402,26.605037681763946
7,26,249913.25571209093,61.25289873062669,26.72586818487519
7,27,263226.9087716293,64.30068754134788,26.72560515797386
7,28,239673.80638948234,76.47134638409717,26.659975266435936
7,29,281577.42835813016,71.89079173125691,26.587698745026657
7,30,243866.45863941836,83.58289118205084,26.605884510664772
7,31,314261.1546572809,46.80349019655613,26.729793676192884
7,32,251606.7782417664,68.40998715244511,26.68699435671398
7,33,251606.7782417664,68.40998715244511,26.68699435671398
7,34,248203.7107255898,76.10285674396611,26.68041903922662
7,35,275692.65081263974,60.889481936683474,26.66318869624834
7,36,287392.93151316297,50.79846543056374,26.7741799918009
7,37,287392.93151316297,50.79846543056374,26.7741799918009
7,38,264764.7702848668,59.96010347107217,26.69233320112412
7,39,245246.8783070858,71.1815269490737,26.7451939274668
7,40,329019.7765562244,43.732331165399906,26.75755252552014
7,41,307472.9171452045,47.31821945355834,26.763264602608515
7,42,250801.8285688726,75.61730418786165,26.599347855394512
7,43,256336.07449948502,68.13159021440792,26.693607919299964
7,44,298528.8264682729,53.97820151121672,26.71699721828424
7,45,308536.7298486534,50.45488156763869,26.714457525364608
7,46,271550.81632403156,75.49520123826518,26.594512508869897
7,47,307903.30208158604,44.342089502912316,26.847632663400077
7,48,248478.58019026995,71.16365113638244,26.657798203098658
7,49,310851.6435717998,44.60908432080543,26.832784276767526
7,50,305722.20532978186,48.04109515093892,26.841194871463216
7,51,305722.20532978186,48.04109515093892,26.841194871463216
7,52,269407.74366068514,57.51807561920418,26.82156543808872
7,53,240131.54857584857,81.34975443417949,26.651619391706845
7,54,286399.56593542214,68.17674615337424,26.611250960530427
7,55,279359.1412045984,53.750987886919056,26.735125745110246
7,56,264634.9499454337,62.6994900592052,26.642772306774532
7,57,258438.24636940745,65.14398484990798,26.70649833308216
7,58,258438.24636940745,65.14398484990798,26.70649833308216
7,59,258699.01361717237,68.65519265185632,26.643535631169712
7,60,356663.7078251692,41.99595337993152,26.871866356854134
7,61,296259.6436246241,52.266159673573505,26.733477999487626
7,62,247178.10262767962,72.05835633994852,26.73282587034631
7,63,301111.921173416,51.704670209608935,26.71294698725059
7,64,324461.3825634296,44.50380368931577,26.749769196553622
7,65,324461.3825634296,44.50380368931577,26.749769196553622
7,66,291968.0731339492,52.779484867841745,26.73874353314551
7,67,257156.2070357664,59.28057751994339,26.731548056714317
7,68,320195.75858673046,45.1761059390687,26.742159183220622
7,69,269366.4286130092,58.13571335955589,26.710846642533653
7,70,247989.4821995119,74.82936541488223,26.72035518329333
7,71,247524.7296503216,78.75155663808414,26.629476910659577
7,72,247524.7296503216,78.75155663808414,26.629476910659577
7,73,258254.63371686154,68.1110920364786,26.68638182091395
7,74,273256.9682107219,55.335562433471516,26.739519700962212
7,75,243829.84067718763,76.59301731874949,26.63707005732789
7,76,259187.97870826974,64.56230448157373,26.670791937954093
7,77,288909.5054772281,49.67880259073238,26.74876213421286
7,78,261610.1354411804,72.35342172734924,26.596443980753378
7,79,266417.82532888674,60.93138837513581,26.686953155415736
7,80,274002.17487773596,54.3390083874151,26.7941992498424
7,81,286643.24777968257,53.11505501168965,26.72974155076826
7,82,238640.13950781134,78.97621065880215,26.7580469241393
7,83,267181.46473801124,68.29363504020856,26.61245420320064
7,84,260157.8382449673,68.51045995598145,26.63665193833542
7,85,271099.4379108671,68.81378170990702,26.611926849215024
7,86,315585.4516927531,44.67328683535732,26.78165052818529
7,87,255344.41567906173,68.94458355481746,26.64959901886099
7,88,277225.5300661099,54.39802781421198,26.645653575258855
7,89,315098.5822959819,46.560545284074934,26.73574458116645
7,90,270218.99626533047,61.928513144607564,26.65719600684831
7,91,264223.1822054164,66.35922585197969,26.626634092274564
7,92,310510.22800153017,51.17809518591353,26.688116330723275
7,93,262714.1136313798,66.60583020701836,26.663590408853615
7,94,314710.2608724481,53.7310745520891,26.67561966998609
7,95,263713.22771852324,60.78679753290814,26.687325749869245
7,96,254413.23960797826,74.43437496126911,26.618886449797365
7,97,285086.80777645006,57.6070124744645,26.622969239876987
7,98,266120.0236645153,58.48314412693462,26.698834390349262
7,99,258028.68753145274,66.56324578073082,26.688229385673843
7,100,257744.5915650942,67.6545775536465,26.69003392413279
7,101,277652.6498321284,56.68071390919264,26.627648664065376
7,102,291544.9079019206,56.987306903608655,26.6074895654734
7,103,309060.22420660337,45.93422585041505,26.834416834520567
7,104,286782.9665600176,65.88604669446954,26.619427453967155
7,105,301173.9463845233,48.53466715618535,26.784537822362353
8,1,244218.3993647184,36.268741420240886,27.356498340862373
8,2,191775.45659605073,81.97316220672344,26.984192356020884
8,3,170828.84260195316,90.842583311906,26.996641181783644
8,4,239233.49422965376,40.55250903455902,27.261371754173332
8,5,239233.49422965376,40.55250903455902,27.261371754173332
8,6,219136.49075463743,42.590523961809176,27.25728179327556
8,7,219136.49075463743,42.590523961809176,27.25728179327556
8,8,235133.36901465358,42.87230604969085,27.180163993109325
8,9,182234.15377683114,52.33312323015146,27.167893137022617
8,10,236809.1169053382,44.031404643002844,27.178403279295914
8,11,211743.75031464137,45.16521794907454,27.217315968019932
8,12,162883.02716934256,68.07089845060817,27.056602478082155
8,13,187835.64269508346,72.38951774002085,26.9892162560731
8,14,184548.35161693502,51.34768340204124,27.10554459343677
8,15,195094.8057009509,49.45986348221699,27.17757613635552
8,16,197852.27187193287,59.93848391559535,26.998759685651898
8,17,186555.27958445577,75.29932180401514,26.99579433563327
8,18,200064.17106989026,48.954871626509515,27.11008631432474
8,19,162634.57284226464,64.98825426095614,27.09621710439459
8,20,178220.64310949185,63.2020013179776,27.029457480961
8,21,185788.43361230526,75.29932222717224,26.9892162560731
8,22,195913.99544491325,50.474946729645616,27.089925660202958
8,23,195913.99544491325,50.474946729645616,27.089925660202958
8,24,195913.99544491325,50.474946729645616,27.089925660202958
8,25,191055.5010734436,52.723959002364076,27.10384325366568
8,26,176075.0368172011,66.50550417913075,27.0302304459387
8,27,176075.0368172011,66.50550417913075,27.0302304459387
8,28,228440.10345803975,44.482431428467535,27.19212587312972
8,29,176099.64249511313,55.96733798880583,27.11703932622676
8,30,161908.09131599162,58.59789489672111,27.113229637301828
8,31,161908.09131599162,58.59789489672111,27.113229637301828
8,32,178184.25462808812,56.38838667852,27.070033924073925
8,33,211100.67456632774,49.73094384496036,27.0603186723716
8,34,164357.020260457,66.31983807032616,27.088173751092413
8,35,202326.2655407886,45.92648759535906,27.108235548397907
8,36,181224.2207748524,83.65914252558005,26.984955126456626
8,37,220513.81139918472,45.10107665398795,27.255123219824796
8,38,201035.93128379362,45.57798007784874,27.15572914271408
8,39,201035.93128379362,45.57798007784874,27.15572914271408
8,40,174068.9967768004,55.23544244922965,27.17563486746419
8,41,169086.7710270125,59.44954621353327,27.065011034553457
8,42,159667.28301873876,80.18142863768995,27.059562168910077
8,43,165368.04143880063,63.85209819234984,27.068585110257622
8,44,207729.28639802712,50.318421664465845,27.042447033337325
8,45,189055.4143260732,53.47430567363735,27.048914252479776
8,46,169131.20430893297,63.13178084843966,27.03509738346758
8,47,169131.20430893297,63.13178084843966,27.03509738346758
8,48,233295.48421935036,40.18965219630486,27.358121193534608
8,49,167559.2766000361,58.27208985160843,27.07761769027354
8,50,160470.822399106,65.11263319723282,27.10646263111284
8,51,160470.822399106,65.11263319723282,27.10646263111284
8,52,160470.822399106,65.11263319723282,27.10646263111284
8,53,160794.972912491,75.55362599438023,27.040926244628587
8,54,165544.11827811194,65.69495228531845,27.046001313173264
8,55,156503.64757147993,70.13810913483647,27.183920770148077
8,56,175220.36109886624,88.72491476623303,26.98267228153464
8,57,171108.50942645778,66.64152583296719,27.02633334560808
8,58,202116.25907353504,46.127222780038025,27.074256556176834
8,59,157804.9399330236,75.83552674608545,27.071099159769112
8,60,171051.831384347,56.33026833394661,27.090242125094115
8,61,158842.71391920676,68.88781266385391,27.083540850122553
8,62,180743.1748265066,80.72012633837406,26.997824242350745
8,63,167627.7529817405,64.4366350887958,27.034948323779794
8,64,170323.03136950362,68.61907964928307,27.003791912089753
8,65,195240.68656233576,46.89384111718741,27.17128943587211
8,66,240745.19779477234,40.078131982919004,27.40932259644802
8,67,182487.43992735868,55.06063623800971,26.999809463356762
8,68,177403.51536590516,53.45083945963308,27.0846463905671
8,69,226376.6376445141,41.153509563250964,27.20430011192383
8,70,173493.36097183198,64.98229160779421,27.03129439310016
8,71,194369.14827647895,52.550346658271685,27.01475858147061
8,72,173719.80248061457,61.92283414899087,27.058481829556456
8,73,178391.15273799986,56.732455881217405,27.041753987852296
8,74,158175.32773153845,68.10747525581898,27.099392387842215
8,75,181856.92403122503,57.55915046322345,27.021122334256383
8,76,184000.1770698898,52.83052915796234,27.122465756048335
8,77,183634.91377243737,53.431803220357516,27.152071325831024
8,78,167251.28780882419,63.57356225878423,27.08181608027739
8,79,167251.28780882419,63.57356225878423,27.08181608027739
8,80,230776.3867997568,44.482806232464036,27.186079309453916
8,81,172247.58118566158,59.4157511239583,27.06909807079547
8,82,164452.245605628,67.3869829638617,27.037292483082297
8,83,194902.6698703031,50.562840113608715,27.026426367233462
8,84,166179.64164602445,65.10837450978518,27.06569068181365
8,85,198123.82442059243,52.09796643817949,27.023502750869206
8,86,187214.39080215344,49.72215123481062,27.141131653310254
8,87,177497.24378602358,57.562425756185434,27.08244923219155
8,88,168845.8059959253,60.71553013430042,27.07079990014976
8,89,197896.95328971348,76.52622787838555,26.966737286711584
8,90,171288.36188564604,66.17583326569347,27.03341078449322
8,91,202112.09147501108,45.45545867169451,27.15740242359174
8,92,177146.11541435932,62.644148969982375,27.042341628474965
9,1,389453.22427172755,36.263613411282044,27.91638746060468
9,2,389453.22427172755,36.263613411282044,27.91638746060468
9,3,282955.0444946266,72.19703585656546,26.74333016508258
9,4,240603.20209932968,103.34769350676687,26.970779664437686
9,5,378705.6082207616,39.25915316301596,27.946006193842653
9,6,321790.3528206303,43.65725880224791,27.413005366923905
9,7,375531.6020152783,39.59479236298926,27.737719242140415
9,8,373011.03131769854,39.49155440770279,27.82308105223479
9,9,333366.5003328057,40.20457165270116,27.190648980678805
9,10,248862.49622250552,96.18434052708508,26.79596678593465
9,11,241943.93424945738,100.863325068641,26.9118008977074
9,12,242644.7732415722,90.13257719247214,26.82116598285666
9,13,379951.6618653157,39.23036631355744,27.77773423359715
9,14,326488.4782475523,42.13816191230497,27.108839077038432
9,15,331326.39706647355,40.458419802457705,27.210144276531526
9,16,387562.8657404099,37.79305283201301,27.83624969455088
9,17,385607.20530975424,37.01380028089961,27.873796181576974
9,18,313476.54148259584,45.2707049207349,27.36062378266177
9,19,310603.9803906726,49.12778201795227,27.291937820322435
9,20,246696.98193034233,88.85825641289351,26.86865499160277
9,21,322367.91806965944,39.706847575484026,27.33075584579732
9,22,247991.20170554222,77.38916661706473,27.00005098411006
9,23,322602.7546388155,45.95445864025212,27.135136839025254
9,24,317683.4739909761,46.970411493857846,26.992806761049952
9,25,325961.3817797284,44.103980750719046,27.16693910908241
9,26,251562.0595890061,85.69050838675135,26.782307863575177
9,27,308289.15730318,49.188056632134646,27.291937820322435
9,28,291760.08322354103,51.61211043653884,27.035504385528384
9,29,385138.2965447359,36.8618452232319,27.9008459297988
9,30,383530.1943848158,38.1691552615155,27.820031633475775
9,31,289866.1774889246,66.52607637607841,26.75856381402365
9,32,278992.45119284897,56.29684177502803,27.058350535704747
9,33,246679.53570603768,78.18897846795691,27.00116963468246
9,34,255563.932367855,74.67038811222751,26.838769580121998
9,35,311145.69163541385,48.62861903486944,27.159721795871782
9,36,266183.8648038121,61.16407605719228,27.08228848914968
9,37,280392.93219616485,70.93717190419983,26.75274474621151
9,38,260091.3331311726,82.96163064138857,26.82433836829547
9,39,331013.2906094936,41.21338514101294,27.195558536549754
9,40,331013.2906094936,41.21338514101294,27.195558536549754
9,41,295940.570911258,50.64736227448977,27.029972037304177
9,42,313735.23773943534,47.958615336307005,27.14277607227162
9,43,253083.58229182273,84.62937991425888,26.824923832986716
9,44,247947.6951355851,80.03544259726057,26.957161856469742
9,45,247947.6951355851,80.03544259726057,26.957161856469742
9,46,306265.18101386074,60.760198737865686,26.796542441159175
9,47,276793.0700177522,61.394506033060985,26.947075331853043
9,48,264755.5441889205,64.42571334787804,27.013730366086115
9,49,268557.2060467636,85.45654132895143,26.785399543003233
9,50,298442.47157936654,54.06161443459189,26.976041336916
9,51,245846.95294970623,89.55801447562202,26.943116256433182
9,52,245846.95294970623,89.55801447562202,26.943116256433182
9,53,251246.8079542102,81.18436961471355,26.879524232727796
9,54,383501.8275755694,38.345940230176986,27.91360005151643
9,55,383501.8275755694,38.345940230176986,27.91360005151643
9,56,298801.27308841055,50.235163557066585,27.14692218146195
9,57,273912.165812688,68.19334154194327,26.788824059653948
9,58,273912.165812688,68.19334154194327,26.788824059653948
9,59,274357.89545118425,65.12603576412666,26.784975536539537
9,60,302334.48965818237,62.155578668132065,26.802907842412143
9,61,302667.42520331754,53.92204412446463,27.015376214083606
9,62,261264.0448020696,69.13315772701586,26.920835848539557
9,63,310772.22127584706,52.56329888731261,26.846780078945528
9,64,316384.0623853892,45.76922510317629,27.185123489593554
9,65,313326.73724806693,50.02697935352109,27.148084957571502
9,66,261907.03818550814,73.38812228417105,26.862670338785325
9,67,309107.96920990327,49.71716551372719,27.189083305526594
9,68,314830.6862749316,44.56755791579555,27.20009765026364
9,69,272095.52705708944,59.92014998124342,27.05379837466562
9,70,274168.0407120619,72.20362937004187,26.779396538152767
9,71,281829.6595478644,57.271656485380696,26.90670119757081
9,72,284826.9216791945,66.72090336565174,26.78143221689659
9,73,265034.7903987496,63.294564894776215,26.79557680077812
9,74,315979.4608168338,49.05430956977441,27.085701529076758
9,75,288046.9606951227,56.81197895374123,26.89940213393087
9,76,288740.7660444474,55.187704242492366,26.920048622667345
9,77,288740.7660444474,55.187704242492366,26.920048622667345
9,78,286736.3602116117,69.45827310398806,26.780912575003413
9,79,285918.18116258446,59.414245520571704,26.903385103775083
9,80,269068.4122664623,72.77128583454106,26.74570734038901
9,81,255540.98902044573,71.53165312736118,26.888550395090572
9,82,296826.4622497254,58.014437464150234,26.85268357399938
9,83,262210.6124738662,64.48482935959125,26.79557680077812
9,84,257848.2647082361,69.90736822481723,26.951724974934514
9,85,304514.86909968196,51.75259531499957,26.980271717876175
9,86,260383.89580302985,74.09380481155692,26.820919144338742
9,87,317524.22322938504,46.57318701971315,27.146161174692516
9,88,271464.4205605765,59.09696929588593,27.085262685475175
9,89,315975.52421769,51.03662165533081,26.934083081561425
9,90,269961.7055992847,62.75725969418342,26.81243440052772
9,91,274934.9549457452,62.22093456617096,26.817618576703012
9,92,250244.42201224528,82.38172364054742,26.82603600481909
9,93,258588.8773381384,72.86460187419011,26.87409381963008
9,94,258417.75572923422,69.97336194567332,26.886699712843672
9,95,303414.3932025491,50.779446086087056,27.024400085008153
9,96,282545.8878360329,56.013502225039716,27.145883046313077
9,97,280801.01429532043,61.08672685082151,26.926863238481065
9,98,256797.90372818123,74.59206079002153,26.883353027903393
9,99,314719.8674977041,52.102803585965546,26.85283209646476
9,100,246365.77964073032,81.94649513658696,26.936205449839086
9,101,265341.76830846735,82.05807541770749,26.794939792912466
9,102,295950.8779125098,58.32898638108857,26.898471875412824
9,103,290672.61577026703,60.15409800358581,26.89561262428138
9,104,253198.50767625723,71.97450474932056,26.98478237613805
9,105,272153.6470847274,62.30704988023672,26.84609346491855
9,106,274628.15192178264,61.4563713974163,26.830503990983445
9,107,303993.71639051003,58.0501130992975,26.838026292431184
9,108,253720.97034619882,81.43549530941657,26.85086926532219
9,109,252782.92586075046,85.690156410036,26.81251040362498
9,110,291009.5605108681,61.73402804301824,26.825124276041343
9,111,290003.3392140183,54.04853050926093,27.013068536137652
9,112,296391.91830281494,62.710437962411156,26.808972456110943
9,113,249476.96123770223,73.15817905973513,26.906332407621644
9,114,254543.83440317665,74.53001037985328,26.89838068990914
9,115,315109.943567485,49.0783771764475,27.0203275185326
9,116,271950.31788646255,62.50631655860975,26.840860602906297
9,117,249234.8954741042,82.56957521408629,26.906779255913396
9,118,249245.9690816853,81.50550384172934,26.893864639313776
9,119,254456.44206450414,74.60561528385034,26.853384851860874
9,120,270927.08707660524,62.358594879175556,26.935771579669186
10,1,229518.4594496467,53.76315508071118,26.777786815751334
10,2,245311.84518032012,43.2124744539769,26.919625192136003
10,3,255162.20530391994,37.29665413242441,27.079526871571815
10,4,235187.93756479258,41.208203434002336,26.945080908956086
10,5,266309.9098620886,36.56020024348666,27.00502619933949
10,6,221644.7469192911,50.49851777177128,26.806520049200905
10,7,182889.72188694665,54.112180418441305,26.920622399062296
10,8,264436.15007261204,37.96266690577006,27.01404706393781
10,9,268067.7795350465,38.27839048801593,27.003319449721374
10,10,268067.7795350465,38.27839048801593,27.003319449721374
10,11,232654.24698322354,40.98005287656727,26.979241175132252
10,12,232654.24698322354,40.98005287656727,26.979241175132252
10,13,232654.24698322354,40.98005287656727,26.979241175132252
10,14,232654.24698322354,40.98005287656727,26.979241175132252
10,15,215818.78990286952,54.204771720098265,26.782661645213118
10,16,186117.60882666812,49.675438837190214,26.89782989033258
10,17,219335.3308647633,51.5657483843018,26.81594795270466
10,18,219335.3308647633,51.5657483843018,26.81594795270466
10,19,231757.01771011442,40.966420066475045,26.998152762702205
10,20,158449.45759521658,71.93952873151872,26.861951989195568
10,21,170240.83249278073,63.34188132214448,26.961351155576708
10,22,170240.83249278073,63.34188132214448,26.961351155576708
10,23,170240.83249278073,63.34188132214448,26.961351155576708
10,24,170240.83249278073,63.34188132214448,26.961351155576708
10,25,184344.68386342016,53.18661139848297,26.78589198518317
10,26,246101.69241984596,40.26444988505884,27.025585043224126
10,27,252975.60018789078,38.630194656531145,26.972258548699614
10,28,249185.22224039026,37.53933236194669,27.02533066915717
10,29,249185.22224039026,37.53933236194669,27.02533066915717
10,30,155313.63963554925,77.0418831153012,26.85622435175746
10,31,265320.81569341035,31.980377122686008,27.05186264236064
10,32,225719.711240564,40.574125269997275,27.035693748986915
10,33,213325.97647132436,44.25836959839174,26.853744149516423
10,34,224055.14386785222,40.735220400023465,27.02630739347145
10,35,178532.60031490668,57.12064072481791,26.788357275989107
10,36,177755.37465058826,67.84646868540243,26.76479472488262
10,37,177755.37465058826,67.84646868540243,26.76479472488262
10,38,198465.15370450245,46.632073287263985,26.884919620211576
10,39,207178.34243955166,53.04319498506617,26.834816357618024
10,40,207178.34243955166,53.04319498506617,26.834816357618024
10,41,177116.74321347903,55.903325221063206,26.852881075342232
10,42,211529.28980388716,43.7749160832311,26.929546851232182
10,43,228312.6822804702,41.7898360724823,26.957663130024557
10,44,245948.97858063498,39.317439601422684,27.070948635403113
10,45,256186.2329441208,33.908986420011594,27.058769214615275
10,46,229063.08321535826,48.45344076906822,26.800053805657036
10,47,245213.79511061127,44.17260906638482,26.814739649713538
10,48,170489.77097781494,57.3372420170284,26.76586261435417
10,49,227509.88792089844,43.3272009072265,26.93776273681874
10,50,220233.23941962898,41.84695899788568,26.94147465247096
10,51,156458.4978949957,69.86122441885618,26.865313348191414
10,52,167913.2971881128,65.11225244965256,26.797867223762083
10,53,222507.7761300128,43.970192284435484,26.818761261076162
10,54,182275.63861053414,63.55468694433041,26.759900834911953
10,55,251126.3215616674,37.459940206727346,27.11049053950415
10,56,251126.3215616674,37.459940206727346,27.11049053950415
10,57,211254.80202791304,49.08585255481511,26.83863979725242
10,58,196448.24305159913,48.03803750370803,26.856852903370715
10,59,201012.14449766863,51.26823490752051,26.842969642309704
10,60,183985.9969412961,54.08401005009942,26.872376783636774
10,61,159676.08740529773,64.92305255852604,26.80443151728911
10,62,257562.3825088503,33.31158925759274,27.06904813231443
10,63,253439.56844552993,36.830585284344956,27.087794409554654
10,64,210361.7132871401,47.28302374957733,26.843079433470862
10,65,188402.43981761351,49.00337920373883,26.848923553746666
10,66,211951.49429470455,42.82654293763158,26.94300562463269
10,67,214379.33388758654,43.7929038809587,26.91561436397597
10,68,251780.76122872287,36.51355838198245,27.12312304706993
10,69,209028.0499046822,44.07030161649455,26.919619699840254
10,70,177634.9121596734,68.83926568304605,26.762727990883562
10,71,203707.1134754735,46.36850551832434,26.930021401138355
10,72,208766.83818263267,49.96942248973673,26.821512319840657
10,73,180367.43192510484,55.20070612208891,26.807693406538867
10,74,158225.92722648935,81.21305065606651,26.830456490068073
10,75,255343.16924286,36.89024447282532,27.068021226539813
10,76,247993.3182053614,38.799775463103,27.008111951324935
11,1,319786.6224991809,52.75829120890521,27.53510351956831
11,2,277136.2287137883,84.41168580896148,27.404367563218095
11,3,278012.94712666766,73.43443370941665,27.691005105023418
11,4,278012.94712666766,73.43443370941665,27.691005105023418
11,5,306237.4887746402,56.547988681466435,27.689001132296017
11,6,306237.4887746402,56.547988681466435,27.689001132296017
11,7,307674.4695232614,65.74064611672881,27.344202576486886
11,8,340443.4624689532,50.607227192495145,27.965907582884185
11,9,316471.59372173756,54.997360983514426,27.79445249845613
11,10,307712.9772417265,59.545916694721896,27.39403256386232
11,11,276614.65973912505,75.56655069962798,27.60612512398679
11,12,341873.8555577755,49.81778815423614,28.112715299255118
11,13,311835.4569296957,59.55136921628215,27.373109732311335
11,14,314796.85015026724,56.269152146604085,27.833397278397047
11,15,341123.8728368852,50.37343666776051,27.879392666431414
11,16,311042.2302388525,57.98129200658695,27.47738209399099
11,17,340457.94568780216,52.26998057588003,27.72448101919979
11,18,276115.31412420166,76.52289585760222,27.575415145399525
11,19,291110.675850493,79.54790880119788,27.13554911385814
11,20,336753.7391492131,45.27807125739866,28.12212744908087
11,21,336753.7391492131,45.27807125739866,28.12212744908087
11,22,291990.73807888356,59.69879120138414,27.75582027854998
11,23,279725.7005299514,72.03066885008516,27.664222708635293
11,24,294121.4377218333,62.68763404950519,27.46376783424476
11,25,294121.4377218333,62.68763404950519,27.46376783424476
11,26,291962.92803212604,64.31113734243947,27.57090018348206
11,27,283455.4660374991,86.50355235796671,27.139494832957954
11,28,303697.9173846609,63.41152474624808,27.434381901519583
11,29,331644.6195468928,45.715605299836014,28.114470539377372
11,30,283875.1352056342,69.57970115358331,27.49725931282139
11,31,293361.47534264927,63.28431106739312,27.692183499086923
11,32,293361.47534264927,63.28431106739312,27.692183499086923
11,33,294316.40529454127,60.25577784234615,27.562160441706375
11,34,279854.5224701156,74.42693943937849,27.45567140887103
11,35,272596.4414432901,85.74436612204701,27.28249547981352
11,36,277328.295153237,73.91678618330333,27.67850958343732
11,37,308108.65442650573,58.43323460316805,27.454234759249
11,38,282069.5776968812,67.57231726123902,27.693990688586084
11,39,267660.04908801964,80.23684666001108,27.56523006109664
11,40,306145.8577828415,56.65705800067898,27.773494145287227
11,41,306145.8577828415,56.65705800067898,27.773494145287227
11,42,342776.2025293446,44.20640663045494,28.326526178686212
11,43,266521.80934196437,82.54899463684943,27.505671850168056
11,44,307546.0944077879,60.47865400380309,27.414310036653198
11,45,316923.6088260139,57.595113534468986,27.53958306267482
11,46,267980.08283746295,87.8454614399716,27.186094880317203
11,47,276797.1411610861,75.34082075494422,27.639081741990648
11,48,285615.76696028723,64.77904154003701,27.45801139339272
11,49,278641.18120780814,74.07648432190067,27.565230926920357
11,50,273928.8958409225,77.72819780629727,27.42655452522087
11,51,301183.4328318235,66.58909475979402,27.43700927804228
11,52,272874.68950843264,74.06248264888895,27.66069360581701
11,53,276971.25290019216,77.1857826961893,27.41043503219422
11,54,282336.9019403366,67.61236473519907,27.626401925389814
11,55,272245.73354748887,76.4337658899864,27.62094701130586
11,56,277371.1768192332,84.30312701949323,27.380382830901862
11,57,292895.51936724695,81.14839490725575,27.11630915475475
11,58,263117.1183643021,70.39811018624245,27.725482838168304
11,59,286566.04020801,66.65239791218946,27.275601020425952
11,60,303597.213712832,55.392881034228395,27.901776005294533
11,61,281374.86348493886,69.8651784605161,27.495751883900503
11,62,274950.91157837625,67.06699847083617,27.765670056762406
11,63,328094.0064361262,50.121549242926214,28.097892800453266
11,64,284634.80586354766,78.32545641562504,27.14871505632265
11,65,304713.4815428123,59.33704763330386,27.492722822420223
11,66,272360.2021245203,79.44204924464226,27.54277412044463
11,67,283979.6074861627,67.14879359250122,27.4659563693445
11,68,309958.3941506589,57.91314017727571,27.57850871521154
11,69,299616.6822583186,57.22835707415872,27.582318129993
11,70,317425.52958239394,55.3358547558247,27.59788742500252
11,71,273750.90132439457,79.8424827505847,27.522498407247067
11,72,304162.434547594,64.55747844970871,27.36450592604835
11,73,267573.7698333142,76.75081855494801,27.58282581137332
11,74,280293.4976674034,71.47828362185041,27.1698764099225
11,75,274097.38026513666,84.70027716056032,27.421468013912474
11,76,304118.80652054114,65.7378259616451,27.391180437255933
11,77,319854.7370390326,56.94028728294221,27.519481631317387
12,1,264007.70827285823,35.207962380773346,27.07000620288685
12,2,264007.70827285823,35.207962380773346,27.07000620288685
12,3,257377.0943912663,35.83888671583652,27.097706833012097
12,4,257377.0943912663,35.83888671583652,27.097706833012097
12,5,171294.4005554606,83.90566766306014,26.911989780705696
12,6,207947.51304102605,60.87791882842407,26.690844833203222
12,7,207947.51304102605,60.87791882842407,26.690844833203222
12,8,253268.83922757133,35.881074447393885,27.09705276553131
12,9,233353.36675786905,36.21759233575709,26.95212770606463
12,10,233353.36675786905,36.21759233575709,26.95212770606463
12,11,201414.95316439294,43.75397598671878,26.979610093130717
12,12,172611.60006718888,77.72469427161593,26.924647208279637
12,13,231904.01732038351,38.56017250726778,26.926714127060862
12,14,172116.45211218955,74.75480576241532,26.94433300887794
12,15,216804.2081173761,47.060172016416644,26.7823058813889
12,16,186139.67055162907,72.70670581760291,26.774381141283833
12,17,221268.3841080509,53.94896112033041,26.73552894621433
12,18,228753.37887561467,49.051301967129305,26.758127932000555
12,19,174463.3140306992,76.33395828668156,26.77666870126206
12,20,194516.96696463827,48.363919525721585,26.847481031763138
12,21,213921.73538532227,56.32675015336842,26.718406142720447
12,22,202837.1382829339,39.28219921030659,26.91281152421297
12,23,178041.29308581995,68.66706487351422,26.798853710887037
12,24,179481.4552842461,57.452600482281504,26.85503798834042
12,25,210039.06453411828,40.49369192148228,26.895518371297257
12,26,195928.1004901638,46.789441288190176,26.87609505386782
12,27,198311.22105022255,56.7514277851982,26.71049521893167
12,28,178584.84316205618,71.01115774823198,26.782321212418466
12,29,223322.83466045518,39.041678672522835,26.86996507382088
12,30,224603.52288345998,38.75130141830537,26.90447164319962
12,31,180735.0079793855,56.89478019024502,26.865282247838174
12,32,196908.2976384348,45.72610644569629,26.873466626687474
12,33,193097.05690104398,67.85699818919939,26.7342677055085
12,34,193097.05690104398,67.85699818919939,26.7342677055085
12,35,210253.0200774244,41.74538703961129,26.892984521363125
12,36,205530.2234564439,53.089873569347446,26.741400249325586
12,37,201459.6767445956,65.55680138752311,26.699873135909733
12,38,225347.44700247076,40.88186504182769,26.841099844854433
12,39,225347.44700247076,40.88186504182769,26.841099844854433
12,40,196273.81944606977,47.13703833067772,26.80838992789048
12,41,201298.1076648542,43.78428332529885,26.920805914478848
12,42,172653.63642240874,75.60185099516535,26.869494952948635
12,43,231452.630180122,38.84223531941675,26.886074514386344
12,44,213371.0980349334,55.17934512067905,26.72175612463726
12,45,185270.65378121843,50.35198760398894,26.856771909923204
12,46,209401.6893640578,45.30193238665431,26.815649351203362
12,47,197161.52505357834,60.55867153004858,26.7468566176562
12,48,200105.34208979318,51.32029418579208,26.76604244786389
12,49,185136.83010197728,62.83082906232021,26.777914308684522
12,50,211655.54988178881,56.31072387203059,26.72340815118052
12,51,195196.18423703348,59.46983977395688,26.771709784469977
12,52,206989.4728212773,49.62766772516974,26.806818741108422
12,53,209912.9032442851,42.540145491487316,26.807480123669215
12,54,230260.4410566838,50.81310680083894,26.73800921072933
12,55,180977.45296532754,70.47447108255695,26.784356375612717
12,56,182060.56658562965,59.18271675518948,26.827556507540535
12,57,190381.90298202232,62.19635254987548,26.771084847821243
12,58,183741.50862642206,54.45437578706368,26.842924323409072
12,59,206415.61755866697,61.385461902361044,26.7036989060787
12,60,190287.2036235186,58.36670762864383,26.774246576175123
12,61,183297.5461894652,57.776964629429244,26.830511235509874
12,62,172732.23856401938,69.94265620039026,26.80378415159467
12,63,172732.23856401938,69.94265620039026,26.80378415159467
12,64,212340.78222421315,41.41204277327141,26.795229876905537
12,65,193479.29815121327,50.8361533945226,26.81168295531328
12,66,191990.33619231556,51.66511588882056,26.835045646298056
12,67,207965.6318736492,50.167626870635814,26.777169264336486
12,68,176860.0441214944,66.62387329801525,26.80148649892532
12,69,199571.32071899567,43.937107795036546,26.944922847407632
12,70,192979.80702751924,52.03694203020561,26.82238879940735
12,71,211432.79807837482,49.12701804371504,26.763767568448678
12,72,199491.57838906348,53.3998598337147,26.785971776490335
12,73,189345.1079313821,65.31862156199657,26.73978722830305
12,74,182504.93933003425,62.05940438065109,26.817608495473657
12,75,198613.71540270592,44.19016607967605,26.822206902364975
12,76,180385.56144321416,64.6418366406354,26.818828081501543
12,77,187724.31541448124,56.009676838269904,26.792818181048595
12,78,184403.1843172604,55.861024191289374,26.79616290273669
12,79,178289.91471751453,65.69271567647496,26.824224465391104
12,80,180489.35468459327,55.57400097598708,26.902603788833282
12,81,188234.37717517102,52.3809354947238,26.830382446146416
12,82,206501.25217347106,42.16868672040841,26.841146375919358
12,83,183977.08062618994,53.69837497921657,26.913492918042095
12,84,180241.82319670383,66.24075167142215,26.807529622974677
12,85,194216.8038303981,50.618502115180775,26.806055801934654
12,86,188874.9813415507,44.75887822795175,26.884549622104487
12,87,177711.60949570755,66.8340099980115,26.80131888548417
12,88,189221.34293560442,64.61993499555965,26.776198357820547
12,89,197393.79116457028,56.61816915372441,26.761501340662278
12,90,189751.68267645512,48.53227478488583,26.884427603110126
12,91,175349.8055113355,70.75608805080631,26.79306694470958
12,92,175349.8055113355,70.75608805080631,26.79306694470958
12,93,209578.31229335963,44.447631952293904,26.78296338389201
12,94,212282.4577626953,60.715549167445076,26.7036989060787
12,95,188709.00962324542,48.93679922140998,26.883862415723414
12,96,191368.39305832714,63.8706978166708,26.752085487266065
12,97,191368.39305832714,63.8706978166708,26.752085487266065
12,98,177111.20284500247,66.3471008647105,26.88235129829441
12,99,184058.94278378875,61.331806526562964,26.80114963404393
12,100,180542.3457146997,60.016898052825205,26.839405863941927
12,101,191985.1186211068,52.7132267909951,26.81408606182299
12,102,178218.63767529756,63.215756958987484,26.893411000361695
12,103,197501.82408483006,55.493419240311624,26.76296028411364
12,104,205914.43340568367,52.45298752302909,26.764483308473764
12,105,202311.64921513246,56.29485904048185,26.741382619391054
12,106,187607.2644891953,58.91310557682249,26.78762246532809
12,107,192064.12599645564,53.06489027104937,26.813928773598327
12,108,186816.43524796382,60.10011170463161,26.7956121084107
12,109,187287.44402774645,58.896090714266045,26.793650227350376
12,110,183131.30242296102,56.2519112516287,26.89444634866929
12,111,183224.83064668276,63.54014261049425,26.816806164208415
12,112,182445.29404443371,63.876697694937036,26.816806164208415
12,113,191029.53846816372,55.63712333227001,26.803040052438767
12,114,186375.79840262732,53.12759756094336,26.837502024902854
12,115,186363.67554639388,49.004853100529395,26.87999731665377
12,116,185169.2794946857,53.9359262066136,26.871931363990278
12,117,191063.26742100692,54.26564942759588,26.814580257209606
12,118,183876.31062092472,55.320453711768785,26.813729151393062
12,119,185957.85060443712,60.63338401228112,26.777099976104466
12,120,187591.23008630093,66.39840777406295,26.739516085857503
13,1,209450.36633934916,72.47462754892958,27.072805118415545
13,2,328218.50254822505,38.19283753602911,27.880045662989758
13,3,171046.56042030334,80.83675320801025,27.240814207887382
13,4,281274.79796478926,42.38563787920439,27.5439751527567
13,5,307323.64105375385,40.36841351017782,27.63844918869016
13,6,302120.76278339105,40.54641138323377,27.699470518713824
13,7,264982.9956894314,44.14857045245452,27.57423177685218
13,8,232976.499227545,63.2224427716621,27.074447288081167
13,9,304127.9227786536,41.60810151015893,27.664071936008163
13,10,212916.17596542934,53.50866479089384,27.33077985307453
13,11,212916.17596542934,53.50866479089384,27.33077985307453
13,12,218178.69331616155,52.63245151576061,27.329427321166285
13,13,222693.05848243838,49.47204629082841,27.234257090963617
13,14,180673.2342872663,78.3649481237769,27.132625299861296
13,15,221708.36879388543,55.043879699704895,27.22015976905943
13,16,200110.2975260321,58.06408566919914,27.314725823187757
13,17,203138.32280675913,68.28236494654392,27.096855796889947
13,18,218486.78874924497,53.15961096572048,27.292268000021558
13,19,189632.67562302155,70.35913812817518,27.114746259169465
13,20,186491.29879433315,71.91032940691323,27.155403618603366
13,21,226343.66796053253,60.77506351640316,27.11110399084022
13,22,185409.87814482744,65.28979866208171,27.1697214218162
13,23,185409.87814482744,65.28979866208171,27.1697214218162
13,24,193922.67157329968,62.037345640969804,27.25729075483153
13,25,193922.67157329968,62.037345640969804,27.25729075483153
13,26,191005.0921788276,66.35692232257801,27.146714119386623
13,27,203665.26717671272,55.265062288913015,27.231984423711665
13,28,183367.21208275997,72.11864709767403,27.18144347665458
13,29,228909.22473502407,53.40700485801958,27.190332541710006
13,30,178882.75621071603,75.50956831491524,27.232251240968573
13,31,184473.9264889722,69.25246474297035,27.19204648036947
13,32,191552.0406805975,62.39369858757888,27.222834341367594
13,33,196359.72469819282,58.96633508105957,27.299290886437632
13,34,196359.72469819282,58.96633508105957,27.299290886437632
13,35,196359.72469819282,58.96633508105957,27.299290886437632
13,36,196359.72469819282,58.96633508105957,27.299290886437632
13,37,216426.13881434928,64.84312729770593,27.08272924099125
13,38,212460.26931860167,59.65680400356613,27.123414818048538
13,39,212460.26931860167,59.65680400356613,27.123414818048538
13,40,212460.26931860167,59.65680400356613,27.123414818048538
13,41,227929.66180465394,58.69885746341091,27.077053250996116
13,42,185106.55592162168,64.87246485863415,27.174600584332076
13,43,200723.42766133696,58.14719251073733,27.28381680378841
13,44,222439.60231959884,61.672001673236615,27.091497427393698
13,45,189864.67279329654,75.03338775498125,27.111180851591456
13,46,191872.00238235263,81.05152176373628,27.09010607607381
13,47,190595.96830427446,64.7746807704013,27.199397189688668
13,48,184897.6324725919,68.6264442696787,27.188871271543753
13,49,180896.8934110824,70.82907744581111,27.21051908891446
13,50,188626.29068447207,70.84191347798648,27.11424151167835
13,51,228163.15792308244,53.11273915444527,27.232613659580295
13,52,195862.7350591278,62.1244383227551,27.149231786367253
13,53,188078.92598621873,64.71967850723307,27.21905006577923
13,54,197061.62794971713,59.41232288388361,27.27672663888975
13,55,197061.62794971713,59.41232288388361,27.27672663888975
13,56,207598.1528005417,60.23141672749242,27.128858900890755
13,57,196690.70862490995,59.41232288416246,27.27672663888975
13,58,196690.70862490995,59.41232288416246,27.27672663888975
13,59,196690.70862490995,59.41232288416246,27.27672663888975
13,60,212487.43341329342,75.0494106142521,27.067476400164317
13,61,184134.89345733152,72.00442374914718,27.119332924482862
13,62,205704.86306797713,70.18213628787204,27.08941216188999
13,63,236394.61626581918,48.32871149698572,27.302695245265674
13,64,226579.14369533802,60.7414441507709,27.115085501100907
13,65,192626.6348913497,63.62915138191107,27.196021142986766
13,66,199255.83188181545,61.22897224517782,27.097767969393622
13,67,208254.6220605654,57.82680858523288,27.124933048790645
13,68,178478.97613675395,77.37884446457095,27.145848485905667
13,69,200976.37193124654,59.39336304881028,27.166377059185656
13,70,200976.37193124654,59.39336304881028,27.166377059185656
13,71,211219.76750709102,57.41101569440502,27.140319062221828
13,72,173483.88521638082,89.84933519742165,27.13641474696572
13,73,175614.77016545826,77.18717267033516,27.22863180785476
13,74,219673.53697223752,53.56736171391462,27.281118154040065
13,75,179661.18607271224,76.04420562232359,27.159128212083786
13,76,205914.0979712299,55.87362292554502,27.149567737360506
13,77,231246.93185961852,54.40219709098237,27.116575648218017
13,78,200567.45457600572,57.099876352940385,27.323415772564935
13,79,200567.45457600572,57.099876352940385,27.323415772564935
13,80,174803.9353868659,81.6338215565459,27.117956358374393
13,81,197116.22386076837,59.16546605527865,27.289046072759106
13,82,217065.384020413,53.00923452436855,27.303262117226936
13,83,217065.384020413,53.00923452436855,27.303262117226936
13,84,201743.0829943959,58.26410763796247,27.239261027089896
13,85,198588.23853850318,60.088863609342,27.17317044309513
13,86,174456.7018246533,72.35417602576896,27.27070358782708
13,87,182902.25836392754,77.17012194835435,27.13816227835914
13,88,187033.63497857357,70.97956102576613,27.14690786290778
13,89,205465.66672878843,60.84800443897361,27.094240888184167
13,90,180772.29469126795,77.53037872661852,27.126290798722664
13,91,202388.65474300025,56.704011065600795,27.382452439280776
13,92,188377.70322441828,68.46965273263622,27.13799136440702
13,93,175221.3516705134,79.31270203596003,27.101385795615002
13,94,192657.00207393267,66.39465335265265,27.137281006922365
13,95,212559.35388313106,53.50905362259174,27.31815511392619
13,96,180250.7618551356,66.82049603112321,27.2117030838915
13,97,211149.71308434472,70.15485142713906,27.09201283918747
13,98,237200.89041607373,44.50034302475664,27.31660874747778
13,99,200068.98715183238,58.873454546573804,27.406893594083655
13,100,192618.31013740765,70.7603077733275,27.10596899033679
13,101,231334.0577342867,52.02221647080158,27.214371455602183
13,102,194021.12226192438,60.46546002437004,27.16176796199632
13,103,205555.17724609986,60.165259135575276,27.164299206675118
13,104,197492.6694157904,62.347588888936116,27.136903638915562
14,1,363248.28766858135,44.2549646521918,26.848723146707904
14,2,363248.28766858135,44.2549646521918,26.848723146707904
14,3,353897.24612193526,41.92069295994932,26.851982492151862
14,4,251100.50382756442,95.3771059389995,26.71898271767043
14,5,303586.43118639966,77.94167206879759,26.5426936185183
14,6,344945.9190965322,47.072879292831594,26.884656179950525
14,7,357599.7090146948,44.61000149470609,26.846466564872642
14,8,352258.323304212,46.808984048448686,26.829565640014252
14,9,347946.3809615342,44.51875115191903,26.875784911077282
14,10,337952.5602764635,48.562244520794195,26.82105068133844
14,11,328339.0249361112,49.77697149159505,26.817749577322125
14,12,328339.0249361112,49.77697149159505,26.817749577322125
14,13,343240.9447713863,47.78913288072158,26.780229754420205
14,14,252486.45511778968,88.28940139264195,26.754535622120677
14,15,322600.2284903343,50.2559413227038,26.796965920796566
14,16,332545.0136971752,48.74954158199905,26.739560973637737
14,17,348569.6084733046,47.75071386240038,26.76406742868491
14,18,269131.1266759492,70.1647959732484,26.672293750745304
14,19,294096.56238820683,54.66535966541995,26.798043640691553
14,20,275892.78596385673,67.35401033505123,26.699032441501885
14,21,261109.15631065486,80.55909609028319,26.726368047215963
14,22,317251.24354149954,52.33395792286345,26.68508906762402
14,23,289758.76802715956,81.9544686987033,26.576495834088796
14,24,306668.2740653049,50.38778700298562,26.78819720995262
14,25,271419.5303562333,79.9673098264479,26.58364525897798
14,26,281177.70706873655,93.13242279879468,26.547648251864217
14,27,282746.3267342334,64.75374894122072,26.766669815674476
14,28,291181.71702610375,76.0483925025542,26.557741125582808
14,29,331048.5330683196,49.516190566935435,26.663951416526785
14,30,285227.90333320625,83.68757237680593,26.578874984178526
14,31,286742.2999582363,92.3169167566368,26.55384053656916
14,32,306757.165581632,50.613470279098635,26.776654699935648
14,33,262736.4585952523,71.50644017388208,26.592026620432847
14,34,310677.47861221485,53.02084238846846,26.71218626612368
14,35,287457.5449600764,89.95884657311711,26.561105391024178
14,36,266337.6733382631,84.05670266599623,26.585214498783877
14,37,259712.52137362637,80.03873173910893,26.73116148863997
14,38,292855.6227859421,74.86380100642535,26.5659202848217
14,39,257666.28127258611,81.4575736691428,26.697000339940843
14,40,295113.92825007765,68.74879095865555,26.599165277071812
14,41,260178.57078640812,85.62009953001977,26.596716188845022
14,42,280795.66028963495,94.40803570331154,26.560495358351126
14,43,255243.23660883357,94.58238241510546,26.687146447694744
14,44,260000.74188373543,91.84192673466934,26.62033770853089
14,45,290343.88265883655,78.34959456315718,26.587460260714984
14,46,262040.53557488287,85.22138586423085,26.56857825546909
14,47,312725.93436232186,61.04996439128939,26.60998417387313
14,48,319222.08906045154,50.28440041045228,26.74868513425244
14,49,283782.44492431043,90.7238963527926,26.566435451938645
14,50,316694.54068507056,55.82258093067978,26.692393211702758
14,51,297899.58720548026,74.03070994366996,26.56294945532448
14,52,331892.1137932101,49.42105493003311,26.759016284483558
14,53,265859.9271370205,81.38049075458756,26.58869404298121
14,54,259618.36304771976,84.88589604828756,26.66725537490531
14,55,320784.2138890945,58.29158584123711,26.57369167364118
14,56,317610.2883771416,51.29499531346808,26.644481871214957
14,57,299647.4749275828,54.15009291166294,26.75669446176709
14,58,277494.0749228143,65.96131606393688,26.630382526083174
14,59,286435.71954677085,62.449823065816624,26.673813307487137
14,60,313055.98382306413,52.80804086571637,26.700278888925382
14,61,305222.03884169785,59.182156248590694,26.63863972112278
14,62,278541.8571726652,80.89318699755624,26.58177115825547
14,63,254636.01530562906,87.31456254472907,26.688233154177112
14,64,254636.01530562906,87.31456254472907,26.688233154177112
14,65,313567.97791791294,58.65851795940432,26.63530843072752
14,66,309298.827972323,57.54876240258975,26.641337225265573
14,67,284055.13117948227,61.45452668320954,26.708191576267375
14,68,302934.6741222349,73.42005068300776,26.54316171731768
14,69,290674.4077460015,72.93177577893903,26.57295239621846
14,70,297202.1861300253,58.93026806134645,26.707628031572362
14,71,303574.3816121324,63.784002734973285,26.602824498129053
14,72,287710.09408425575,63.33932348838402,26.645993066940363
14,73,303583.62824249675,62.46837531230756,26.65040386130886
14,74,279827.3775304797,93.01639757519662,26.565026706920968
14,75,311965.78435832885,48.92454092416068,26.823114154691716
14,76,319428.6320020525,59.96002229862757,26.566385384242665
14,77,293877.9921741044,60.620909381966264,26.716934742586737
14,78,314980.2496549784,67.72499635338892,26.565463199708034
14,79,287340.67532191455,66.25283649803485,26.609555280256117
14,80,301929.7279104215,55.292435027379035,26.74375686880277
14,81,256994.80658177414,86.3772539180243,26.668276472213286
14,82,290589.00602368516,79.962365955435,26.57476532176242
14,83,281879.6387106399,70.67204119487,26.605872785573972
14,84,283488.5218793174,64.1827211666324,26.631330877320543
14,85,317514.6245724667,60.35666283568754,26.616912720736842
14,86,290245.1053808897,69.22954332039316,26.600346859315067
14,87,291938.4769240782,63.17231349542341,26.640109051603524
14,88,282165.3720077603,75.89393186883231,26.589215837953233
14,89,308371.8292130689,72.2686947483996,26.545406024210756
14,90,302450.30073119956,58.7561444234601,26.66017675128235
14,91,315949.5363556419,56.20629066597712,26.690003248622986
14,92,288475.25151509664,86.35709528729494,26.56492998392872
14,93,304520.1941508268,62.76011366078824,26.607193527660833
14,94,270273.4368195334,83.8381175340487,26.574507875905645
14,95,300432.6907897284,64.66719630231032,26.621779591997488
14,96,321503.9940214865,53.78844349832757,26.584572204731174
14,97,314343.2856565602,50.46594971451371,26.744482819736852
14,98,276061.91607563774,71.1205580388602,26.65685313772397
14,99,276061.91607563774,71.1205580388602,26.65685313772397
14,100,307935.7647318152,56.86560518352982,26.743148701503067
14,101,298657.96823347127,53.835803778843534,26.823114154691716
14,102,284602.40831691475,81.0236739338597,26.57994227257344
14,103,288455.4313354769,65.47758533754424,26.62682707329583
14,104,296372.5345888939,71.47295293190787,26.589943690682084
14,105,316952.864796847,56.40898460241063,26.627360291993625
14,106,308247.0938223769,53.34277766410275,26.741005429959372
14,107,300886.20059177786,71.68704195948483,26.54567159544733
14,108,294135.8509216814,62.17265199848718,26.666936306035865
14,109,309650.6736236443,62.75633428647916,26.57691599220086
14,110,293633.25657316827,59.13429051778804,26.777104595267296
14,111,313261.6166410111,60.380149911302496,26.625026513879362
14,112,296928.81463864015,57.16848970406767,26.74229180448036
14,113,305737.7012632539,52.3892918927721,26.74427958168762
14,114,308474.8948776045,56.99197008805683,26.64287385625729
14,115,300682.58736143145,65.21165595060393,26.57504962849768
14,116,290773.80001493456,62.02304181570617,26.67370229213202
14,117,298796.355784473,60.32234233668435,26.69810133267596
14,118,317750.7788548838,58.80666017296074,26.587559879526786
14,119,315653.4744927164,62.349836641817255,26.598403169158054
14,120,301290.2014328926,64.37424968952058,26.590332085571774
15,1,325934.68276496755,30.990387025022606,27.422584482755795
15,2,325934.68276496755,30.990387025022606,27.422584482755795
15,3,326844.6464330983,31.21448794489136,27.3726959229139
15,4,193859.79706301517,78.49148270308193,26.817749630525718
15,5,324475.8244011707,31.950622310270933,27.25958060021697
15,6,302516.28222270164,35.07358762366548,27.18513902354652
15,7,321255.6681924914,33.45514711896006,27.361910913132554
15,8,314607.01592434937,34.08367308237272,27.24085333912346
15,9,312891.9765753265,34.45866441977862,27.242497227104714
15,10,298101.24083652254,37.26180391047644,27.085604248346414
15,11,296519.5679044022,35.818674454298765,27.18293928236283
15,12,299275.07850456797,39.08286165989521,27.07185779939342
15,13,256009.3324185161,44.43448159813365,27.169397394160328
15,14,256009.3324185161,44.43448159813365,27.169397394160328
15,15,289721.2868480172,38.83694838156048,27.154857831618386
15,16,198948.21143278567,76.06553675259444,26.76590784601853
15,17,268258.4269742379,42.2633493348293,27.115741841721295
15,18,210895.89097432132,57.94127309316895,26.865171054515642
15,19,225215.1936673082,59.343736058237894,26.808093881256426
15,20,218953.24159269058,66.65569396409857,26.827977655686702
15,21,237754.03647809467,62.21537654958798,26.780822884274123
15,22,272081.0712579449,42.72962414242187,26.98947656658879
15,23,207861.20348539134,60.767533989720384,26.946132434104783
15,24,284659.84259055264,40.565137588056174,27.030401484734767
15,25,320583.6875215698,32.03822789495154,27.39265527278865
15,26,320583.6875215698,32.03822789495154,27.39265527278865
15,27,320583.6875215698,32.03822789495154,27.39265527278865
15,28,207372.8090357158,69.63340745834148,26.86046286950699
15,29,236490.090360288,49.9184871288591,26.909245722405387
15,30,266553.3351926244,43.51173648077624,26.99843741976644
15,31,224455.696923031,71.75665535040487,26.787492277744853
15,32,265035.21392151294,39.6899712333816,27.13582694754158
15,33,198842.03671279325,75.46926878224816,26.891885343695016
15,34,209571.40901665256,64.67425675047474,26.87261243829152
15,35,209571.40901665256,64.67425675047474,26.87261243829152
15,36,249880.6491914142,48.11034365027709,26.824488853897073
15,37,249880.6491914142,48.11034365027709,26.824488853897073
15,38,240027.64113193122,48.65666062622317,26.88629545374946
15,39,241398.8340711745,52.00865194139333,26.880131648542807
15,40,262175.32791242236,44.19687212019281,27.038026629470195
15,41,288597.7052144475,39.89776503421434,27.116996030108794
15,42,281217.67541415035,40.362116716450956,27.036152668696445
15,43,321382.988983074,31.415209042191854,27.37564471728222
15,44,293120.90477732033,39.19720835432145,26.972572363738458
15,45,203731.52734811974,72.61198837559895,26.910765433828537
15,46,214800.89348943956,56.26518688071232,26.92439652801734
15,47,214800.89348943956,56.26518688071232,26.92439652801734
15,48,246336.843366326,61.58047053798,26.80692522320134
15,49,204047.55209419003,67.72288937297361,26.902925124056964
15,50,236460.34165274253,50.82537361315457,26.949505619917232
15,51,314062.00953547953,32.854394666375015,27.380100456018198
15,52,217649.18736584942,54.88176919656293,26.911272949622806
15,53,200533.08717914385,73.17418277618052,26.888011854433238
15,54,216247.6018431778,65.62384789235735,26.84115631123
15,55,206321.97759606777,75.11209747087102,26.86331375183036
15,56,289889.50463666214,38.978223927924574,27.126419484961083
15,57,321299.3498583717,32.80114531758698,27.388784993246524
15,58,238104.7227673208,51.32823996200244,26.905488679779282
15,59,246764.36552030008,51.73386666864264,26.803974350759994
15,60,209228.77178031552,71.86902029110203,26.808314320372567
15,61,320825.82491883595,33.1479157115521,27.36691053368179
15,62,210674.6633008148,73.8426106998267,26.80588200012778
15,63,208982.82107036165,63.05977633574721,26.900556155918807
15,64,264732.9346939325,42.43972881287875,27.116512240391877
15,65,206572.74742002785,74.16084318179291,26.8583065844698
15,66,247300.76169740752,48.536779877286044,26.833948316895594
15,67,247929.59436284704,48.362123975774274,26.844862697857025
15,68,290315.4752606981,39.240644767915995,27.02262861951268
15,69,226599.49806645303,68.84998810773344,26.788599275573695
15,70,206014.7622616386,65.41005714807251,26.89307801576318
15,71,227916.8976915175,54.826651848522715,26.895228113869237
15,72,291740.10595394205,40.064983944734635,26.95907654120738
15,73,207237.2216087241,68.46839252689857,26.87565395106428
15,74,216709.8106885442,55.62175502296245,26.899909940578908
15,75,204414.5665475401,74.09554869953318,26.86671267010184
15,76,217131.98998090994,57.36372860611092,26.899083396802695
15,77,201857.49986198384,73.10895220820048,26.884471365808608
15,78,201857.49986198384,73.10895220820048,26.884471365808608
15,79,199764.8360343192,75.70937931049157,26.865499955576794
15,80,216056.23424486842,55.84627242236554,26.939855217752296
15,81,207640.05303042702,67.09874549816712,26.822784619228372
15,82,273698.2105151113,42.2894780393481,26.98282609156555
15,83,207603.68607498548,63.89054575732666,26.900183683396065
15,84,209178.55957070502,63.61478708087185,26.876885908585102
15,85,233800.51791914587,54.03439989063676,26.82772535034426
15,86,205622.2491603575,69.27861765396166,26.886184759682607
15,87,223305.86544843644,65.58339518286519,26.841797587575414
15,88,227693.78996018908,55.7977988564843,26.851277125477345
15,89,234038.9280408838,51.02865496024998,26.906545462346607
15,90,205348.9557175643,67.05191451878356,26.916921898291243
15,91,234533.00715196272,57.00412050951191,26.807939538692366
15,92,234533.00715196272,57.00412050951191,26.807939538692366
15,93,234533.00715196272,57.00412050951191,26.807939538692366
15,94,227977.9105292688,57.05654039703783,26.84623853628836
15,95,227686.07128397195,57.323071306039374,26.89240534941709
15,96,291013.1943100962,40.94053532333345,26.956925292874963
15,97,231262.5048817529,48.63672441165342,26.977735107346767
15,98,280670.83856648905,40.906220760633474,26.969059609662708
15,99,223874.16535679688,59.3225508551517,26.860888294154606
15,100,320720.5922040628,33.89600308808822,27.336523230333107
15,101,276655.7040394691,41.71025927241059,26.999873053630765
15,102,209168.7942318234,60.616842508659346,26.948447242378414
15,103,243773.9591151539,45.13971677063347,26.85047819255584
15,104,222453.39364599704,51.76514410079348,26.900625317496228
15,105,227612.95060524283,63.09434260632163,26.754655832116768
15,106,218274.49896759796,67.37228508215881,26.805193500565224
15,107,269814.99563777563,42.92550133174874,26.939984428790297
15,108,208838.56927971714,66.78829299145286,26.89012472517146
16,1,168332.71925330552,71.58842769145315,26.827219374025283
16,2,246893.47012342574,33.348980443212774,27.042310007148934
16,3,188725.42686259988,60.602633928865274,26.804757646704957
16,4,171498.5176775076,72.55070005878201,26.81447220563272
16,5,195680.72562597517,42.850648216834394,26.959605804983333
16,6,195680.72562597517,42.850648216834394,26.959605804983333
16,7,188027.61774588266,44.32245106078848,26.907330779532145
16,8,188027.61774588266,44.32245106078848,26.907330779532145
16,9,202988.55350755586,54.3655950700759,26.78728449609931
16,10,196811.01166314358,63.54490176995293,26.770436969512815
16,11,200560.2186241324,42.67672532222514,26.847713336128884
16,12,191252.00156774506,53.62210233491965,26.79728187383131
16,13,229870.96504239537,40.762503236139,26.839322789393293
16,14,162239.17199226245,73.43608655445729,26.922930855144607
16,15,205387.9833162053,54.90902588675345,26.779104521392867
16,16,163238.25855428056,74.64735946709118,26.843441211348377
16,17,240747.09569644832,34.45130967854001,27.05951688662038
16,18,202603.61155282767,60.325314910245176,26.785541005821074
16,19,195294.6618814565,54.92372732730338,26.787880807473883
16,20,201062.93272119138,47.20986451116625,26.80587997376147
16,21,191068.24579645935,56.570140242693995,26.79342930147616
16,22,197265.61118776834,50.51175636067009,26.795274126169183
16,23,195475.5824693575,46.474733521744525,26.848575398190484
16,24,167800.13165944925,62.386924894346855,26.966657089282336
16,25,244540.79095663273,36.25678395539402,26.88194817231411
16,26,244540.79095663273,36.25678395539402,26.88194817231411
16,27,190834.05873685336,66.27618426743041,26.772927451151354
16,28,206703.65813401295,41.09102883348786,26.86050658022797
16,29,192344.9652684363,50.51390272497091,26.855323253368752
16,30,168049.7070949182,59.380736389865575,26.954054495512572
16,31,196187.9533265339,53.01655015264034,26.787880807473883
16,32,196187.9533265339,53.01655015264034,26.787880807473883
16,33,201318.07480634324,41.78109196977399,26.812057645211397
16,34,251140.11280482588,33.48758104333783,27.035280285768934
16,35,163774.76921222708,67.51499673892258,26.91488194470483
16,36,193411.76511301863,68.63785784101273,26.765980651989267
16,37,193411.76511301863,68.63785784101273,26.765980651989267
16,38,168036.16188222767,61.80369428054109,26.834670684166284
16,39,173785.53828750819,61.335943143379225,26.821596788832828
16,40,188574.3314643106,58.17721329938708,26.81133579725565
16,41,188574.3314643106,58.17721329938708,26.81133579725565
16,42,188574.3314643106,58.17721329938708,26.81133579725565
16,43,170791.31026355005,51.669503818246966,26.896568128314534
16,44,189715.4817080915,73.65991459231235,26.769328280678472
16,45,193642.8172486641,46.54328523476859,26.807281290388886
16,46,183524.27769401635,54.2498586481454,26.814254502760875
16,47,175975.4733578582,53.38667512968572,26.820221230301406
16,48,174094.72034219364,60.33037122797269,26.80718019455552
16,49,176620.88302549784,53.14574606829953,26.891600868459413
16,50,164859.0759120466,64.53513646542864,26.92349559410507
16,51,186282.8256963981,52.25228305815349,26.8517813762318
16,52,186282.8256963981,52.25228305815349,26.8517813762318
16,53,199948.8084911522,39.72455728459236,26.9886116619682
16,54,212480.55693865044,40.41727694354142,26.875093280374642
16,55,176795.509332331,60.08537855984807,26.81123316210038
16,56,160825.72290703983,70.91261745282105,26.929809027962513
16,57,215276.22893947834,38.751986434296406,26.901652568218395
16,58,215276.22893947834,38.751986434296406,26.901652568218395
16,59,190951.37886070475,58.97419158313916,26.806890768859454
16,60,166089.76731099072,67.72536810452091,26.860792473261895
16,61,165820.84701235563,62.81500071199622,26.873478443159193
16,62,172817.99012120842,54.51182592433834,26.87665212160983
16,63,177356.5780080528,51.42227701788218,26.88882884475045
16,64,168669.28093942776,53.985171598988,26.90942667930606
16,65,168669.28093942776,53.985171598988,26.90942667930606
16,66,186838.56791257762,45.64369173342359,26.859982252781357
16,67,164726.43761259638,72.35193545315315,26.870939222072202
16,68,170858.9862822366,56.47108517521912,26.857312671604163
16,69,168203.60928839992,59.5332957255916,26.84302205677239
16,70,189096.70491164716,59.069666897264774,26.798206495118464
16,71,168492.24046916887,66.65504738462603,26.81815388575687
16,72,191754.8901009226,51.40503447875546,26.79061819953003
16,73,177505.69924544025,50.553063726973946,26.867369114975183
16,74,191620.2936143616,60.370187679871364,26.786933626421522
16,75,196071.38862733147,39.87239162784169,26.875600885613977
16,76,165126.15771882905,69.45467719822719,26.855613447481375
16,77,190586.32321892222,59.74537994216317,26.790670556979414
16,78,188901.82667046072,43.077624989078686,26.906712417611026
16,79,208325.56000524273,41.58206795060864,26.831968976767996
16,80,160725.82139364348,75.82161255944334,26.837836691798792
16,81,174957.55208374234,60.709919931905794,26.772994790515952
16,82,174957.55208374234,60.709919931905794,26.772994790515952
16,83,173658.9860676178,72.08860979678434,26.812635915537484
16,84,173658.9860676178,72.08860979678434,26.812635915537484
16,85,183395.18317330634,45.12348220193688,26.90602397008343
16,86,192724.91506197167,48.34853713559444,26.81500401993933
16,87,202044.55224138137,46.0825880095492,26.806741099548873
16,88,215179.0269116148,47.63568344089484,26.79780885839046
16,89,158391.74448914453,74.89815126030791,26.918803850951917
16,90,162962.57773100323,73.78995740683247,26.861034860336062
16,91,202313.81126818576,49.18999175512795,26.801759173494062
16,92,179615.33212206408,46.33562190198213,26.884827738025535
16,93,200786.4418857873,45.693674876822605,26.817713062478326
16,94,162282.51291759242,68.42399541930276,26.88666924338598
16,95,162007.5758237774,69.94439615193188,26.9506413936095
16,96,192445.55132096086,42.10400817643689,26.965629542671017
16,97,222378.30025544012,37.348180832679596,26.852384987568662
16,98,174084.24861274246,57.82701654926832,26.83121101311275
16,99,168873.6201809905,63.80329174721926,26.828522887950776
16,100,184249.1811171671,52.573590004549565,26.812739740107297
16,101,240145.54157699674,36.35853039987182,27.012080537114535
16,102,190891.05026193123,51.203439227631684,26.841333867420268
16,103,160452.44548069697,71.3151754848316,26.93175211034451
16,104,164418.40536642008,72.05114374121747,26.883525984606607
