Cluster,Solution,Distance,Turning,Elevation
1,1,295204.21189337975,59.50590162880135,27.178744479027124
1,2,234982.20640807317,83.35288305145833,27.861176671328305
1,3,338477.2442850279,35.729356965075915,28.120597798415368
1,4,328185.50529196195,33.93897678569254,28.603176395456657
1,5,245308.3376811748,85.97926304478675,27.48411565788162
1,6,315902.4929275141,38.584380764575506,28.68945173756779
1,7,315902.4929275141,38.584380764575506,28.68945173756779
1,8,329159.59545631456,38.29905389492526,28.21488319876715
1,9,265386.7655562498,53.1481411876808,28.03064285523219
1,10,242548.31352883845,78.71952294676095,27.627311472374767
1,11,244399.6072884843,69.31407561114631,27.765728103751425
1,12,280632.08963150566,43.005520344125756,28.37410162653539
1,13,321216.29505975917,38.424771431052626,28.431917579485848
1,14,321216.29505975917,38.424771431052626,28.431917579485848
1,15,308929.68229595025,46.33349678080615,27.276821032437184
1,16,245801.74718620756,65.82914925255882,27.464744683148993
1,17,273591.89470803936,46.90222554200323,27.786327386115083
1,18,305866.8769632108,39.30327182456328,27.77736416871485
1,19,236109.22637319597,73.30021650244093,27.683419849804952
1,20,328336.2425348633,36.60398709660869,28.277290508648154
1,21,328336.2425348633,36.60398709660869,28.277290508648154
1,22,239217.89004907326,81.23660118079528,27.594696893961533
1,23,258419.04933234552,55.4567972639432,27.498438031475217
1,24,262612.004641664,53.77884678611439,28.15688159118633
1,25,241775.0227228189,70.8083926954283,27.729122291095226
1,26,241775.0227228189,70.8083926954283,27.729122291095226
1,27,288579.9249054598,44.34093238940184,27.685209215958192
1,28,299698.8841568361,42.24633701307594,27.35033839537516
1,29,317546.8855848051,38.88576876493995,28.66199129492654
1,30,301193.6771563161,39.40341971414352,27.527565235204346
1,31,321976.44792565383,37.348091140537356,28.407229078356636
1,32,321976.44792565383,37.348091140537356,28.407229078356636
1,33,307977.54403270077,40.655417985016726,27.41022192633376
1,34,243354.64747453388,75.5904178263339,27.580595649050675
1,35,243354.64747453388,75.5904178263339,27.580595649050675
1,36,278351.93450604536,64.04720081365744,27.188084887658228
1,37,327419.3520308158,38.81234211818817,28.26280803818893
1,38,327419.3520308158,38.81234211818817,28.26280803818893
1,39,321405.8232521941,37.399097368213965,28.66199129492654
1,40,308143.5155563602,39.00610784702356,27.90948155939861
1,41,249098.07962330125,61.96324185519345,27.51269654964405
1,42,262124.1269942152,57.72136125506739,27.31235480756659
1,43,273390.8901737959,65.06441729065544,27.253735932638676
1,44,251516.95202077774,61.05344025219068,27.4468295611325
1,45,250381.15798605332,58.600902026919506,27.56920562920053
1,46,239638.8651252289,71.38508651658631,27.64886062171878
1,47,297248.73992305005,43.377527741307816,27.35902880188125
1,48,291795.21952674084,57.88833778132956,27.27569305593839
1,49,270498.34830545104,65.74214337990536,27.210077391151742
1,50,266804.53512343124,50.99620813256707,27.600807796781485
1,51,282594.74674508884,45.69450486492892,27.943411403476162
1,52,287384.03233645123,39.67935326857872,27.989985363218366
1,53,275308.05148886907,63.03915906299235,27.2876805811592
1,54,242738.89157914784,84.22568044029217,27.551619352815027
1,55,243099.16454159954,85.82371922947576,27.536067973658238
1,56,275780.5649829925,61.9491543824566,27.227756037419702
1,57,288144.69862436125,44.48304387832215,27.3174538072815
1,58,254039.72273172747,57.104149369244276,27.476623147773477
1,59,278934.7983282836,43.50910117662578,28.249848762989927
1,60,245006.25180965144,74.4691148791355,27.565060979740228
1,61,244235.78788148973,72.19474789619706,27.637721826791886
1,62,253451.2725835811,60.114644733282255,27.31276812353301
1,63,271806.6656400924,56.76253467101205,27.393033260811325
1,64,271629.4071328041,52.4425181810028,27.492913916917946
1,65,293476.9077596287,42.012235208695195,27.373560369526842
1,66,284629.0049186752,42.56213130331397,27.97900945723012
1,67,243871.09527573895,81.62338547211408,27.526637846299895
1,68,243871.09527573895,81.62338547211408,27.526637846299895
1,69,263247.09179051477,54.98192460787771,27.73034414647762
1,70,250924.94559946115,83.76568855384872,27.426249584899153
1,71,263014.35598036664,74.99301099838542,27.256387236052415
1,72,255846.5588567849,56.94091737334126,27.456177293289816
1,73,295183.87905252754,60.571935417842575,27.17959072524302
1,74,281698.0950889994,47.71951969084924,27.558979256977704
1,75,263595.0160149297,53.523820091298084,27.596126635113666
1,76,272833.201504678,54.191511744988006,27.41218557705654
1,77,257821.44764963284,63.287207627940866,27.268609643958797
1,78,274428.0728914796,51.56520512281252,27.56613092311729
1,79,286898.418400247,43.7853022363995,27.751889023910383
1,80,283821.69762553315,43.89294193741875,27.968190430408008
1,81,293840.6243077185,49.364601572462156,27.295798486363005
1,82,269937.6075607733,71.09185862341143,27.224187566418134
1,83,279848.0390765532,48.532262196039575,27.53704973964983
1,84,255595.13089804474,72.61685799802096,27.271658005505653
1,85,251314.49470045426,63.30376741370731,27.301418695673743
1,86,283815.6988983806,45.83502005609326,27.928643598985627
1,87,286748.52341935976,49.67596052358836,27.36505037809083
1,88,269047.93742545793,50.089432001880006,27.66749169987031
1,89,269047.93742545793,50.089432001880006,27.66749169987031
1,90,287349.8114661155,45.08472677572541,27.553221065276833
1,91,275772.75440372387,51.446919862660664,27.398336828857346
1,92,247782.94980124643,81.28803876744546,27.435759046598445
1,93,247782.94980124643,81.28803876744546,27.435759046598445
1,94,276643.38994860987,49.06782381466324,27.596774624854625
1,95,275339.6438198356,52.17677778262848,27.470195686109953
1,96,245066.665146042,60.23626547065363,27.614779511421165
1,97,262190.8423365365,72.69376080728827,27.26678533304592
1,98,284967.99634366855,43.697497316126025,27.95755442535642
1,99,292457.138376671,43.421196466487096,27.41935898631989
1,100,284890.5252497074,44.80308531043573,27.606081506245474
1,101,248102.47232374194,71.15637765718003,27.462194184395596
1,102,283682.0688539448,46.04031398124605,27.56883468557319
1,103,292199.572623165,41.66328662287583,27.598728395162546
1,104,292199.572623165,41.66328662287583,27.598728395162546
1,105,277635.217893349,49.95798868743451,27.58648796136318
1,106,281564.4199238209,47.53270756819973,27.62846242883783
1,107,281564.4199238209,47.53270756819973,27.62846242883783
1,108,277364.06254955946,48.45767836615811,27.598564269770268
1,109,262160.73920122086,55.09884608371048,28.0034603947659
1,110,262160.73920122086,55.09884608371048,28.0034603947659
1,111,277121.8405368013,50.21100733839269,27.594690250605336
1,112,272838.306671657,49.42286597492265,27.662730957211625
1,113,276644.11088923237,50.61555751526811,27.388212696951022
1,114,285759.8791075882,48.47781043715676,27.471501769366256
1,115,273517.43255056883,50.73271041143754,27.65512801267053
1,116,278841.78374366974,49.85505389618617,27.451068894503358
1,117,285177.6840067132,55.22160825145871,27.35496830638491
1,118,272331.1447649973,55.05980047471895,27.389284580047946
1,119,279542.42479309125,50.50185223715131,27.358145871570798
1,120,285402.22738165426,47.6018053743337,27.550999335426486
2,1,314597.67938311794,35.317095180134565,27.843276628624245
2,2,314597.67938311794,35.317095180134565,27.843276628624245
2,3,143562.60762535618,99.01705377247326,27.09387767706267
2,4,150299.57947847253,103.24869811840536,27.029594495862952
2,5,187881.623634405,65.61879435826845,26.935303693677234
2,6,297501.0993830206,39.01894325781371,27.872269427342687
2,7,303108.7350934322,39.24909110718446,27.777248364745162
2,8,198918.30827056317,41.312267555714065,27.220437683246303
2,9,232429.43464223313,39.629554049569386,27.118872804056203
2,10,311616.01159227133,38.17671140223739,27.86182313641764
2,11,311616.01159227133,38.17671140223739,27.86182313641764
2,12,159559.01909647754,96.30891429022448,26.979768137718423
2,13,223834.16859364745,39.938755828698035,27.072592259421
2,14,210580.30179427168,43.23210819661021,27.10698893488957
2,15,150598.26467756784,94.39970371109202,27.00708974155181
2,16,218696.01315563713,43.72360401527045,27.06475035172882
2,17,146475.42712479425,90.13392101508947,27.0602690224951
2,18,203699.9581774648,48.74093274872681,26.976665697530343
2,19,210096.52143507215,60.229659766533985,26.94181184565563
2,20,151204.97056786765,81.55036373265271,27.00701836482979
2,21,153285.4879926203,91.87583087227989,26.983551863528106
2,22,158201.3411460892,67.19533985961955,27.067578508068912
2,23,145530.51139340654,87.62407364669352,27.06618893336322
2,24,157632.1342634367,89.05464096745658,26.997177808250775
2,25,193207.74527940468,42.78000405355608,27.134568818767434
2,26,165951.464192387,55.32427032436318,27.156918177761746
2,27,149570.6943855715,85.36098865247659,27.05875833468926
2,28,191078.68590767164,64.14773473065925,26.938934554555566
2,29,222617.6216782629,40.49268508389897,27.193768064928406
2,30,222617.6216782629,40.49268508389897,27.193768064928406
2,31,159237.77181207968,83.40410781457715,26.988114394396163
2,32,161299.58450579885,78.14774531405473,26.964458911431137
2,33,198039.16649975115,42.5966140324568,27.165668578417126
2,34,156987.74433919325,82.97687474765854,27.000812861925546
2,35,184592.84612723338,46.00993544650116,27.058448176564923
2,36,201906.9098182815,41.36523823534921,27.14796434356161
2,37,152675.32681995648,69.31752017815033,27.11526607703388
2,38,171897.43037982678,72.43510142671401,26.953632931383453
2,39,156230.0791726924,91.82246665512912,26.9986699941335
2,40,150514.46819761183,71.15552818833908,27.07512380835127
2,41,222823.73056508644,41.2395349900295,27.18091330225385
2,42,180160.77174667479,49.66168319076177,27.090978459567722
2,43,154543.05910575378,76.67662606509141,27.04571129467105
2,44,186091.0549739006,43.27188524787682,27.124057079752184
2,45,199774.25765981653,47.40782110186603,27.018489229613223
2,46,157260.8363535243,75.76631538634979,27.034054128771082
2,47,148676.82574300046,87.18403233399063,27.09511780830276
2,48,221414.77874459504,41.46712147888409,27.076046548671492
2,49,194634.24689888651,52.823414581719916,26.981632627168537
2,50,180979.42196717623,50.459152118231835,27.04008731172395
2,51,166662.89138931068,61.31333357525176,26.983635506213993
2,52,150234.25944756297,79.46624220942358,27.061292356957715
2,53,196006.35968310648,42.521610320187655,27.18697661655763
2,54,174166.2525803764,59.395995785028475,26.95965062331866
2,55,163180.23733522542,62.24452283473661,26.986097524099677
2,56,170209.99843033208,74.8891051596751,26.946725630363105
2,57,169932.76041647128,65.48531576104236,26.95852793764778
2,58,178020.60595979527,58.64185194009622,26.94917841305947
2,59,149067.8707881297,86.7079161762425,27.0654658517278
2,60,148717.71546298554,74.27205501639442,27.078543396052275
2,61,155780.59959280505,63.203272621679005,27.1204003604147
2,62,178801.8326830005,47.637630156049596,27.098445091867625
2,63,219404.53647806268,42.103775476248245,27.066367279370574
2,64,162934.3328731268,60.438509658761795,27.022815694049747
2,65,149907.32268689692,85.8077764818044,27.033278116153745
2,66,149671.62478633953,80.34003505568917,27.04457230165751
2,67,182406.2589477114,48.32821417830005,27.093810847875673
2,68,188679.2458410443,48.91391472395002,27.010156306322045
2,69,162157.2948707739,62.234954983261986,27.060477400663686
2,70,153723.21572958308,77.14264154300707,27.045212063551475
2,71,200945.19333527746,41.921242109355354,27.187760561005938
2,72,164933.88543131578,69.13002907021675,26.96445613260726
2,73,172624.27183905646,56.32930763403879,26.973300566781205
2,74,167474.3050334842,56.6069887196648,27.069416078336445
2,75,223498.25795765198,44.86612177410862,27.043407161527576
2,76,180312.592253918,54.476120988609665,26.966306899713373
2,77,160914.69691235252,68.16769820245327,27.033505746998387
2,78,197164.72773104766,42.649763659165046,27.181425410250284
2,79,199287.26924714915,44.037974197558825,27.048927204896266
2,80,183296.819637462,47.89361531571471,27.033545026761118
2,81,155604.31556428527,73.26361906939204,27.045056798188398
2,82,161342.61986599688,70.14763138058244,27.002842979665353
2,83,200580.47586326607,45.81087642715277,27.002337765588003
2,84,194129.38376304877,44.97689687655477,27.024110398403785
2,85,170715.1244903266,57.54289638695254,26.97878176338932
2,86,185331.40025066718,51.30186338609974,27.030879802851004
2,87,170206.06505680853,55.76273408019922,27.015913828682457
2,88,175988.43868837663,70.18053730732099,26.938455618460104
2,89,179527.70409587803,53.06306987164825,27.019095852772814
2,90,192100.42229105864,50.72077454551012,27.002360323053722
2,91,150661.67407507356,80.05781489306796,27.05006088378571
2,92,165809.82859923632,59.81813738970186,27.024321962563384
2,93,152718.7803120616,72.90347040057384,27.070506281138492
2,94,177066.6170362404,57.013129012160896,26.958465862301033
2,95,172976.05455223264,63.6346868574402,26.967686936207514
2,96,193539.0066477013,49.02046609957955,26.99059033116658
2,97,161337.6611657902,74.05228975595482,26.995250834703597
2,98,158845.41950746466,64.14591734927579,27.10479345792347
2,99,202676.55089073445,50.570945692090554,26.960327555083104
2,100,200191.22210326872,48.15936487548806,27.01495289400816
2,101,159169.4160368861,70.44376120026084,27.033530371326307
2,102,164573.50518138122,60.299308829852514,27.010539786231583
2,103,155215.67288446307,68.50677699816038,27.11783981292995
2,104,167040.66828959875,57.026575458510656,27.054174913598793
2,105,187625.58032400045,52.045301525643104,26.988491858734783
2,106,160604.89150736944,68.60169776400066,27.008323406587536
2,107,180315.07210682903,51.53022733527508,26.99678371201494
2,108,187436.25643177095,53.33923477174026,26.959393222691546
2,109,200834.29709974828,49.58656325783032,26.97475876902545
2,110,157987.29136373903,77.08522170458853,26.993224330817362
2,111,156074.49804731787,79.65054602019703,27.042735449786463
2,112,164597.77997205037,63.57597195198868,26.971925429044916
2,113,177538.49832167145,53.45057860083406,26.990404781037327
2,114,160050.8348141341,74.61594203597842,27.019076013643136
2,115,169167.19678688145,58.45916813577809,26.989862887154175
2,116,199406.50368514576,54.053489092976506,26.952517065474304
2,117,166563.14521193283,58.052233173153226,27.024088732404373
2,118,174761.166626009,54.148471173410414,27.008719685179294
2,119,185347.6355932359,43.946940653362354,27.12272215695976
2,120,168688.4839618069,59.902593722537915,26.983777331156432
3,1,218677.54168416624,72.90526506683159,26.62237587429702
3,2,182899.60646215008,71.35294681128255,26.784271513993296
3,3,281116.685853932,35.59055879136936,27.00140250245058
3,4,189203.3367278269,80.72034264856937,26.75033900201887
3,5,260157.51675228827,38.649813080705556,26.97463419296755
3,6,249422.4479553561,40.21897691677199,26.9021105387947
3,7,255703.69759216844,39.89351094719408,26.87401450106819
3,8,267186.98488633736,40.844902211053935,26.80000226489819
3,9,266729.1622659455,40.74461682401139,26.86480355473602
3,10,201984.76185638166,76.64859468887622,26.65971223655326
3,11,210635.2264475116,68.44933244635983,26.62566484700664
3,12,220243.93291606707,66.44000754809218,26.64624165781065
3,13,185615.27837711075,69.12445195373488,26.846080804473473
3,14,228833.46069169935,44.3310525690018,26.862056764218835
3,15,241447.14817350032,41.42717094522416,26.771181242516278
3,16,231149.43688637658,49.902728515158636,26.681249630689713
3,17,196399.11931642774,75.0196783458742,26.6941019378502
3,18,186679.63611369685,70.6278963020793,26.79939876028817
3,19,235673.8551827573,45.616639905564,26.75890346907461
3,20,209176.94799017694,73.92969226170379,26.647117987729807
3,21,199566.95559233348,58.390467785205985,26.83493215966714
3,22,236462.79219057487,44.701854540591725,26.77694742311853
3,23,253579.00759585042,41.81650171470515,26.740288023878257
3,24,215296.95335824802,59.65263868785593,26.65580809690959
3,25,217172.0646362429,52.12659631329001,26.720609620360314
3,26,244753.62937995902,47.3959988575465,26.6738717992232
3,27,234775.9465974406,42.84038515051126,26.79436771754795
3,28,234775.9465974406,42.84038515051126,26.79436771754795
3,29,192834.6570538151,71.89150246837163,26.700977021557186
3,30,188019.00327084571,61.31409759583197,26.82448599545895
3,31,222900.59855871566,47.23568783080672,26.702063845155962
3,32,241993.79246244728,51.008901065344716,26.674958430406292
3,33,225542.18570750376,45.634066488829305,26.822373900474773
3,34,187120.24787201558,63.42059844350622,26.78986224769674
3,35,186145.317333167,76.37363187719937,26.770544753589903
3,36,228306.92291745415,53.82787865841276,26.681385681517604
3,37,220982.67776830308,50.66008346577877,26.744186043122134
3,38,218521.22829127542,67.42204059668205,26.654819057293864
3,39,252844.2187770182,45.68833762653341,26.73611261687647
3,40,248064.70225180977,40.91397873569692,26.797301201193967
3,41,201716.86547312254,54.890349823581765,26.769323268935175
3,42,190773.3067900691,64.80192300089327,26.727142738912548
3,43,190773.3067900691,64.80192300089327,26.727142738912548
3,44,195382.95335495227,57.96889103067845,26.855301912946686
3,45,191685.18960558536,67.77555379732078,26.723553393200405
3,46,205871.3881878697,48.89079513809428,26.74994290007416
3,47,222696.0406750081,51.279795622053236,26.737023275952176
3,48,211719.10735671266,53.64295783574572,26.723888219301244
3,49,205286.00125447832,62.377848082096435,26.6882530382944
3,50,238339.4571897492,49.429985509122844,26.683941532575098
3,51,238339.4571897492,49.429985509122844,26.683941532575098
3,52,229309.37482436484,48.932684638461055,26.69064068123921
3,53,246512.77721148144,41.02287187601216,26.743468509270883
3,54,187855.5223273017,72.44865971363626,26.78305320736856
3,55,225088.88015735408,46.31533477097394,26.84903550361343
3,56,225088.88015735408,46.31533477097394,26.84903550361343
3,57,192245.23327790818,61.86970817595889,26.809163113727116
3,58,192245.23327790818,61.86970817595889,26.809163113727116
3,59,195341.67892780734,61.71514889342595,26.81618373282859
3,60,199807.17613352145,63.95647810563521,26.719054448471432
3,61,192552.5626233319,60.16548409286132,26.83946981985487
3,62,207585.197676802,53.46959955451785,26.737428661882348
3,63,194529.13498055004,65.72352726779468,26.72190271836142
3,64,202007.51655203005,49.60556961944948,26.809388496833655
3,65,229916.25357134576,46.10370938969066,26.770775422109985
3,66,194167.70153512954,59.5836875026049,26.846284253442974
3,67,207880.9725356578,50.07354226253711,26.748308745293947
3,68,252910.11835076247,50.19925896710601,26.667692458282282
3,69,211186.3637751316,56.94880410910362,26.662942067822833
3,70,205333.391448599,74.48681860633803,26.66179323526653
3,71,203869.73254991896,67.502031453221,26.673193367213287
3,72,195827.74234985962,62.63207506819544,26.787702031795448
3,73,198521.3853888058,59.30179631866915,26.7545447701942
3,74,198521.3853888058,59.30179631866915,26.7545447701942
3,75,245937.32398192666,44.699774466848886,26.736921822113217
3,76,200929.13364474825,60.78654052194031,26.718719498454
3,77,207298.31536211353,58.5751692257464,26.68460479940709
3,78,196720.75635335952,60.99506340064347,26.78603901101591
3,79,216129.93606246222,54.373480017812746,26.662570279776418
3,80,204596.6135444009,56.5622033017615,26.705675829781896
3,81,207546.38626827812,59.94891553416782,26.679396797679424
3,82,218792.0961197534,50.81910704972035,26.743049574636046
3,83,244668.23343721125,42.674109430559156,26.73974994938981
3,84,186345.70697815123,66.79276308780842,26.83831136116781
3,85,206832.97943059803,54.92282403727904,26.7330040894034
3,86,195138.39904359536,62.748228702894416,26.753100720762042
3,87,204771.3951043539,56.09586113042068,26.710732394750067
3,88,209113.36920798366,51.83925744045806,26.73538772786675
3,89,201237.3753907727,63.90111262645904,26.70815214316461
3,90,205581.12422502576,65.49930520321304,26.668030788137294
3,91,217107.45153746975,46.891927995918195,26.81624211410285
3,92,186377.27222643985,74.18588762134092,26.777368456639024
3,93,205922.95542129222,57.913206513262594,26.69745611035102
3,94,229051.31449849528,46.41866946143954,26.712453749963508
3,95,243655.9523119546,45.77926898695163,26.758647215832802
3,96,194594.45401380982,67.25622876502949,26.713447029792007
3,97,197488.48695968583,63.09996055920902,26.745949137932847
3,98,209959.02591578165,63.08478491749108,26.65779612902856
3,99,202222.77231664464,60.259142492383106,26.69848985823419
3,100,194273.34749998688,58.09641683534875,26.845901051510744
3,101,197571.32772086046,60.00232922559971,26.781658637949377
3,102,199650.5047889199,65.3663088827998,26.71452651549054
3,103,204001.3576988743,55.45877734120559,26.728992842865388
3,104,210065.16988141646,58.01245327452306,26.664636905858636
3,105,200756.67762664813,56.22205863013646,26.7802683992891
3,106,208865.73160941503,60.955237221807465,26.658456586987725
3,107,235942.45023545038,42.77946741796474,26.81970868616439
3,108,216974.66781619596,53.90036054829641,26.719161960518193
3,109,215610.8271341519,55.51898809487636,26.7160315019427
3,110,219770.38754661643,46.33655534715558,26.784271393431922
3,111,202984.13239457356,54.13791442818367,26.755709161843015
3,112,202169.46260049642,57.22153169568192,26.70843294546932
3,113,199638.97256748413,57.4182078423227,26.783095020710455
3,114,236290.6567372842,42.28886124835318,26.818157839564506
3,115,209005.1083903347,56.29010738591322,26.69477952258204
3,116,215945.4420651741,55.61483291870133,26.705527888725683
3,117,206359.84875205954,55.31548738857115,26.720903847252565
3,118,205580.71328617696,55.17127204426937,26.74536526671435
3,119,209076.42129922495,54.23578275944352,26.724441855775524
3,120,206595.06901967357,53.55336476206641,26.73849069261476
4,1,232244.450274638,40.72183414229183,26.77403691947017
4,2,196342.9690347158,58.450138451495214,26.757369558985317
4,3,196342.9690347158,58.450138451495214,26.757369558985317
4,4,207922.52682760695,46.699379980146674,26.783962652965677
4,5,207922.52682760695,46.699379980146674,26.783962652965677
4,6,207922.52682760695,46.699379980146674,26.783962652965677
4,7,207922.52682760695,46.699379980146674,26.783962652965677
4,8,207922.52682760695,46.699379980146674,26.783962652965677
4,9,207922.52682760695,46.699379980146674,26.783962652965677
4,10,173766.761537594,84.35585000726152,26.800241916103275
4,11,211794.9387873469,45.63227695596281,26.79297829179972
4,12,211794.9387873469,45.63227695596281,26.79297829179972
4,13,211794.9387873469,45.63227695596281,26.79297829179972
4,14,211794.9387873469,45.63227695596281,26.79297829179972
4,15,211794.9387873469,45.63227695596281,26.79297829179972
4,16,211794.9387873469,45.63227695596281,26.79297829179972
4,17,211794.9387873469,45.63227695596281,26.79297829179972
4,18,211794.9387873469,45.63227695596281,26.79297829179972
4,19,181300.2830998244,67.63273452799623,26.841699160927554
4,20,217132.82672045144,55.194954345452366,26.716374104904943
4,21,215418.18476816406,43.40673275805726,26.796104374480443
4,22,215418.18476816406,43.40673275805726,26.796104374480443
4,23,215418.18476816406,43.40673275805726,26.796104374480443
4,24,215418.18476816406,43.40673275805726,26.796104374480443
4,25,215418.18476816406,43.40673275805726,26.796104374480443
4,26,215418.18476816406,43.40673275805726,26.796104374480443
4,27,215418.18476816406,43.40673275805726,26.796104374480443
4,28,218841.26336391264,59.50050021975797,26.711525330404434
4,29,260298.61278207382,38.03403643325666,26.819346673791067
4,30,203546.47182973986,55.24923173725586,26.719746251227647
4,31,204971.17242547628,53.2936181024836,26.72740596855727
4,32,208713.91911464673,53.21936897825158,26.72106678599296
4,33,265538.3882108465,37.62833542545054,26.840840881497122
4,34,177169.91568859894,66.36370589227373,26.874491721385624
4,35,177169.91568859894,66.36370589227373,26.874491721385624
4,36,203601.60266816372,58.816347679129166,26.71905029432751
4,37,203601.60266816372,58.816347679129166,26.71905029432751
4,38,179166.86785776043,92.30111199915855,26.70735637506653
4,39,201024.59363432878,55.46683176349581,26.72993673185111
4,40,201024.59363432878,55.46683176349581,26.72993673185111
4,41,200967.82353506243,58.705756168832686,26.73987316786549
4,42,198726.47631536005,51.32648931026172,26.785338032850618
4,43,211780.0405898791,46.5865530485186,26.7894987060276
4,44,211780.0405898791,46.5865530485186,26.7894987060276
4,45,211780.0405898791,46.5865530485186,26.7894987060276
4,46,211780.0405898791,46.5865530485186,26.7894987060276
4,47,171963.25675525315,79.47195780805555,26.887524135207684
4,48,247040.41694171308,36.78292364143082,26.90763362238993
4,49,180838.4057002799,90.6400497154441,26.700033521245587
4,50,180504.13983791112,82.27729066069483,26.719033023075063
4,51,180504.13983791112,82.27729066069483,26.719033023075063
4,52,195711.85818488308,53.98136982910744,26.787009111759843
4,53,176005.75783519223,88.8681141572947,26.723848761254757
4,54,175229.78510447236,77.83319022920747,26.806053051289666
4,55,192068.25543409024,59.77256131369045,26.94352938817258
4,56,189112.81158231598,62.07026084215508,26.744445855423876
4,57,210287.3021574845,45.022466413270365,26.806131884320095
4,58,222819.98778776065,41.6473707238135,26.819260519757187
4,59,222819.98778776065,41.6473707238135,26.819260519757187
4,60,243607.2159542712,36.846041304579806,26.84095710046818
4,61,211939.7027365511,45.664082189724965,26.77061967363045
4,62,211939.7027365511,45.664082189724965,26.77061967363045
4,63,194272.59991312548,88.67911261023538,26.689643238136448
4,64,221779.18594211552,42.149698734030714,26.809063000956222
4,65,179719.9520641977,70.7939136656857,26.74510469673063
4,66,179035.71045745144,70.18899273788561,26.863507040577325
4,67,182882.67272301295,63.00026085398098,26.845421030590764
4,68,201612.7623529269,53.28018296849638,26.77097058193447
4,69,191815.07239368517,60.50597110016556,26.918062333904288
4,70,209412.56559129446,49.87331528406112,26.71857864615994
4,71,202285.6440027305,53.068229803845156,26.73212568937562
4,72,186154.7236937936,62.673985779921914,26.714264268512643
4,73,194179.5445160183,61.011323475458724,26.78692686745179
4,74,194120.14497933944,81.75463668099563,26.700021347634028
4,75,189876.65655876556,61.181301072331486,26.88602473816563
4,76,176741.5124045154,81.95436863219123,26.790190814160788
4,77,176784.16505189435,88.0328205540179,26.785568496659195
4,78,176784.16505189435,88.0328205540179,26.785568496659195
4,79,192071.0857046929,57.793355121812944,26.794396394374374
4,80,210892.56881894817,48.319736263496345,26.748571383843533
4,81,194675.30583948683,54.97059469289601,26.762050806673173
4,82,178274.95861387788,73.95185581972547,26.73560386123456
4,83,218008.80703525574,45.29850964625624,26.772544515349388
4,84,200036.67871480607,62.06440692476625,26.724197355355216
4,85,188712.11528061144,65.11859893920224,26.707425278813666
4,86,214346.44635490087,45.48667056626601,26.766040663198638
4,87,195448.8888019784,54.77122296889224,26.812961207699907
4,88,212751.57581096966,44.49538208337719,26.781714868372717
4,89,224532.1068037539,46.627374655586905,26.75890756252712
4,90,187798.6009690067,62.13996246867066,26.754434722651062
4,91,199661.33623473128,54.66033116427795,26.7550438744858
4,92,224637.46994906457,38.31560945260651,26.796881561484284
4,93,176156.2956668867,89.7054211321521,26.70764985693736
4,94,182784.38134824752,68.7889046549243,26.72040002915599
4,95,228946.71387893596,46.36062582597643,26.73107215812916
4,96,184476.3541533644,65.40053015167219,26.8317945236265
4,97,194215.70962153596,60.494901672514914,26.744445855423876
4,98,169233.27540771844,84.57857216579154,26.789804307864507
4,99,202162.10863886384,47.358008419142486,26.75623612207169
4,100,200285.49337753185,54.66005726653307,26.74990208992194
5,1,240886.5772898139,35.652934813951404,27.230150018986457
5,2,163591.50765834205,80.88418772044373,26.922750213722004
5,3,171669.69902234292,81.57770614592027,26.832073780606173
5,4,245371.74112031277,37.315100379749204,27.199944237175792
5,5,232320.37679373936,38.126781078526406,27.10512290107117
5,6,232320.37679373936,38.126781078526406,27.10512290107117
5,7,215984.695585674,39.24433673657267,27.0616670306416
5,8,215009.48992439467,40.155968979382166,27.140271925394515
5,9,244600.66898755135,37.088849390602846,27.22820020601837
5,10,178818.37586258724,59.75374744382271,27.095100233759354
5,11,222850.02896226622,38.19589284788424,27.02074264665155
5,12,238386.26996364395,38.000728585947996,27.199376270179847
5,13,211993.40384905436,44.28486434283813,26.899573485216052
5,14,221455.21871523935,41.93480024968993,26.951608165508574
5,15,219477.29275000625,43.07410565844569,26.967182234414516
5,16,178732.97165114357,62.054496594127876,27.05338150443147
5,17,204548.17830137734,46.43509376497131,27.000144333253708
5,18,202157.22664779352,58.10543317337782,26.875403722213626
5,19,244843.6887975331,37.55380855398948,27.194438369001688
5,20,197265.47536124376,42.29829776078609,27.033579386160433
5,21,169031.9462950112,72.68188146844888,27.035993431695232
5,22,180555.0681466051,58.68764451912742,26.964293431758747
5,23,167217.90381615743,78.46986134311328,26.921802696109673
5,24,183760.76501508208,57.09185954484988,26.98905188628528
5,25,183760.76501508208,57.09185954484988,26.98905188628528
5,26,179045.34353785418,62.56281385470679,26.94690623601072
5,27,174558.91232717008,73.63027275350042,26.841244746427094
5,28,175844.98932003888,70.09164619223677,26.949693324792797
5,29,205618.70352414093,45.71156002228423,27.006283300764743
5,30,172793.41717559026,63.89822670540111,27.043620854304834
5,31,172793.41717559026,63.89822670540111,27.043620854304834
5,32,182750.94986952917,70.0030959596169,26.850017936200132
5,33,206979.66776935238,45.445930594491536,26.950459892370908
5,34,219804.77264612893,50.0761721264057,26.894108836920985
5,35,209737.02682141645,44.04486569810499,26.96821274979545
5,36,176636.6132571651,69.74946191825103,26.87705561631882
5,37,239080.8106623152,38.436625930762084,26.966551417080055
5,38,239080.8106623152,38.436625930762084,26.966551417080055
5,39,173972.69495135336,66.9544471711898,27.003934625439072
5,40,190748.4377041603,57.53143253248288,26.876915667516982
5,41,179466.8507279021,63.87711465373301,26.914249306043715
5,42,209849.84572967124,52.45865428970173,26.866913397446588
5,43,187562.85432504915,70.73828570269107,26.848390733945166
5,44,172420.1957772303,76.61149758446943,26.866383311359314
5,45,172420.1957772303,76.61149758446943,26.866383311359314
5,46,206488.02139343024,44.274128380817096,26.974206902067657
5,47,181116.3824218745,60.85507789132383,26.87632621511989
5,48,170250.86790924252,80.76847008826584,26.863905281834533
5,49,181577.78873259106,59.48646646227456,26.8689254103897
5,50,196017.14992754968,46.00098411098075,27.028739719010943
5,51,165983.76584816037,78.59140557736515,26.920200918687776
5,52,165983.76584816037,78.59140557736515,26.920200918687776
5,53,165983.76584816037,78.59140557736515,26.920200918687776
5,54,181076.07910612732,60.537521763844815,26.946062156951257
5,55,215197.69974592348,43.69689030204047,26.979752393819147
5,56,215197.69974592348,43.69689030204047,26.979752393819147
5,57,215197.69974592348,43.69689030204047,26.979752393819147
5,58,171536.1494575998,81.28237919613109,26.835716643465616
5,59,185381.22280516365,73.60372737183299,26.842466846582063
5,60,188203.3270917786,69.1062078869336,26.845165470925487
5,61,196358.85422832935,51.1305571553743,26.876118826895414
5,62,173552.3161974111,80.20975079783297,26.836668692779398
5,63,181273.43307891805,62.15390158481312,26.857925958976708
5,64,181273.43307891805,62.15390158481312,26.857925958976708
5,65,181273.43307891805,62.15390158481312,26.857925958976708
5,66,202067.49284770255,46.66866576633067,27.027726551227623
5,67,172533.2952278814,71.1665541952194,26.921835643947006
5,68,170621.10514609085,81.18067337679109,26.836668692779398
5,69,170621.10514609085,81.18067337679109,26.836668692779398
5,70,170621.10514609085,81.18067337679109,26.836668692779398
5,71,185553.14865398343,56.70506723829789,26.903495181247898
5,72,184839.50738249303,69.98608513845937,26.8569857765764
5,73,194897.19552819157,73.22981922017621,26.832138890263572
5,74,202950.67211021943,63.26168023226519,26.853214312572568
5,75,178221.278209608,75.85724221395401,26.819016723611867
5,76,219961.5971886813,42.803508565759685,26.95646865803036
5,77,172733.0386890954,76.73007726182203,26.85041118635486
5,78,176850.91044708705,64.10426152946192,26.86663541765133
5,79,173713.0843640594,66.68308747860183,27.007222384022043
5,80,185796.68103450304,52.948545592289214,27.000190829216507
5,81,182718.08222237416,53.01960206306027,27.177870821261315
5,82,179834.64051232496,70.47977433148343,26.85469167317717
5,83,176503.8762135405,66.94293644735038,26.90698365668561
5,84,169223.0423156412,76.43200063788521,26.93538234597311
5,85,165822.87954306853,81.18280541944176,26.872878461031767
5,86,178215.93874472275,63.74661854704723,26.985610238278802
5,87,183745.3857241407,58.1269331980579,26.995399331767885
5,88,183745.3857241407,58.1269331980579,26.995399331767885
5,89,173855.17159219147,62.09248165078618,27.087944390992668
5,90,169461.13409097912,72.74469045345067,26.911146320293668
5,91,168599.12856994304,77.53493508054575,26.917130715883566
5,92,228523.0219610227,38.635586285512986,26.950488779606104
5,93,170376.70667187427,81.78229193118476,26.86109090922077
5,94,171503.91561806577,70.8904737753448,26.977087710526916
5,95,172737.52195562425,70.58137845967983,26.850816878285954
5,96,175863.85990614802,69.36744471276434,26.996922257882233
5,97,173194.864481067,81.24050820956035,26.82924124650401
5,98,171338.4181260355,74.0909923928783,26.895635831454364
5,99,184498.39943638918,58.23168081034829,26.93264017199504
5,100,179949.83273173973,65.64260133076303,26.857742905802958
5,101,215181.77992014235,43.84186208852152,26.978860136074047
5,102,180889.9567548758,60.04618061574925,26.955862660774407
5,103,186004.90000366268,67.17886064485465,26.852218841893063
5,104,186420.95649157223,46.904941043150885,26.894287051731148
5,105,174117.90176783863,78.31869267229177,26.8306007086098
5,106,176057.11386361567,65.66742894628254,27.031947748009785
6,1,210126.64136513055,92.3381509959794,26.6248017528118
6,2,210126.64136513055,92.3381509959794,26.6248017528118
6,3,202336.2500867163,76.05089893387726,26.80149494212432
6,4,202336.2500867163,76.05089893387726,26.80149494212432
6,5,295535.569319768,37.74397494450157,26.92369290103634
6,6,309669.2331440134,39.440069082696,26.861534527629097
6,7,242749.35355311993,71.93401766720078,26.54975685263286
6,8,279284.91209087824,39.50096993226118,26.726999965761514
6,9,249490.10734265475,47.86194124620076,26.806038420441787
6,10,206053.90672538232,79.69554847160987,26.775408998523403
6,11,277193.2779362351,41.61093697530744,26.760196385014602
6,12,277193.2779362351,41.61093697530744,26.760196385014602
6,13,272359.82517223957,53.57326941595336,26.594906036697694
6,14,206459.3926435062,88.89322565847657,26.68601011023661
6,15,213555.07709970692,84.06863065188396,26.630127433553085
6,16,213555.07709970692,84.06863065188396,26.630127433553085
6,17,266409.37233680504,42.842083157965845,26.789742243686277
6,18,203528.73729603773,79.17823923981305,26.787709535713553
6,19,270723.93439319683,44.044326261779425,26.676118451262376
6,20,214905.32195807397,69.62225526721923,26.69796103007313
6,21,216567.9009846817,68.10434360086077,26.71387522970865
6,22,262746.0138233719,46.38496224947532,26.72667383566155
6,23,206882.2655519553,88.21037880382823,26.66182951429826
6,24,244380.0622626803,67.08361325544365,26.579386507699148
6,25,261383.41971327658,43.16565811899699,26.7328003758634
6,26,235860.55916892248,55.81638019199109,26.66615223211312
6,27,258583.59853874522,45.48130549444869,26.753140591147655
6,28,251282.6613005467,66.61590534867602,26.565236794537903
6,29,212076.70008712102,75.07929895243761,26.64093985073874
6,30,207630.5992081583,78.4670113729448,26.634008914458242
6,31,214876.73202685002,67.49449229717908,26.721335695877585
6,32,240197.50312839198,78.01859637702424,26.587216003845526
6,33,218930.52067609094,75.43768813095915,26.607715816677043
6,34,208624.1682766351,77.71634372070035,26.676269969155143
6,35,214085.11861300387,63.07089504068066,26.762550326096232
6,36,218512.13060647337,61.9825850646872,26.628402730993074
6,37,221475.73206470424,59.83909692681593,26.738471740611402
6,38,257146.8979644585,44.64815115121925,26.778351389999308
6,39,252993.42412051055,46.3402695674354,26.783016857098268
6,40,267588.10566932714,46.37802170724355,26.71217056080704
6,41,213439.69465161918,73.68181545999525,26.664831184562665
6,42,211764.93480210684,86.02847804705797,26.604074793012217
6,43,211764.93480210684,86.02847804705797,26.604074793012217
6,44,223591.69529871282,58.47783753716923,26.751409939571232
6,45,237938.51234861297,52.55266519238332,26.713646687147836
6,46,245694.3588635578,52.20644807144712,26.649816241317026
6,47,253329.52090158974,64.09918647342423,26.569743270122892
6,48,225589.83081143346,57.136841335115676,26.69481721460513
6,49,254667.7779435845,54.29678674894672,26.62467052692596
6,50,258921.46537607914,65.77286431281563,26.567197029338594
6,51,242392.7947140883,51.961419188583136,26.736475226001453
6,52,246828.59126302088,47.940099468370576,26.689692663363914
6,53,216042.11704940852,70.83046622600793,26.624850193210946
6,54,253746.0470656869,47.07662678003825,26.780441777338915
6,55,237329.32609751174,55.0229006403007,26.641069952620136
6,56,214252.1935282634,84.55523287150046,26.62812739653726
6,57,243219.16762319603,53.206800298195404,26.672554861376014
6,58,256666.95923863148,50.977295343686386,26.656971709980468
6,59,209478.3847747292,85.43208731213244,26.63211327271646
6,60,228018.48132681794,75.20270499473293,26.589675799569306
6,61,248413.5114727949,50.069593202386365,26.678085055224315
6,62,216637.1482188449,66.80230917855336,26.647302393220684
6,63,213543.06179780347,72.53804114434048,26.644478651564313
6,64,236773.31705957933,50.91913756853444,26.792580989818802
6,65,268770.30961421866,54.41234943993952,26.60470380781426
6,66,250347.91857782422,49.380598744298496,26.66277794852615
6,67,228423.41743970907,56.231261658683145,26.688607220693783
6,68,224044.9619620539,69.86923835312193,26.62176911201213
6,69,234558.89696689817,53.16480667237186,26.763865767710058
6,70,234558.89696689817,53.16480667237186,26.763865767710058
6,71,252107.39865421195,48.98816951130459,26.678973026503407
6,72,253651.33760072396,61.68864316332347,26.576583088816633
6,73,231399.55799480973,58.95802480463669,26.616189475720738
6,74,232914.0174280763,56.59947880841314,26.66136493796605
6,75,225634.9780502877,60.784183190537206,26.61156465888442
6,76,259172.9991643709,59.48697692982865,26.577546711503608
6,77,212989.96475137759,71.79902864062771,26.72907997977513
6,78,210741.03779417262,78.04276770867392,26.653863615854675
6,79,231012.76993491582,64.72966178982466,26.607305361006127
6,80,262377.9199336236,46.87166712112064,26.615892643768078
6,81,230426.06812542415,59.28954979682671,26.68044891499641
6,82,256879.02116511992,48.37471194696449,26.620425963270755
6,83,210567.8023476228,71.4800899561723,26.743649836323456
6,84,210567.8023476228,71.4800899561723,26.743649836323456
6,85,227044.23433451695,59.040787649545166,26.684763970950392
6,86,253301.4486048315,49.659257309336695,26.65950011449231
6,87,214648.1723139564,66.57764574561783,26.738276367077816
6,88,232818.915411487,53.533955584427225,26.727740984389115
6,89,223018.30919470562,61.38316566641174,26.697051453092996
6,90,216219.25415083417,64.9686975061005,26.740185212075794
6,91,208624.94794395924,73.09133363205906,26.79149285611976
6,92,229010.4109565377,66.8402914979282,26.607305361006127
6,93,255771.5952046475,54.68317907503722,26.62194340779078
6,94,222973.56023689342,73.38291535957784,26.611849559566664
6,95,247855.93753913767,59.15767759055872,26.605542834344043
6,96,224330.8047797882,56.660435462369485,26.7048977444296
6,97,224330.8047797882,56.660435462369485,26.7048977444296
6,98,209297.5120601858,71.11287158707835,26.78855476656063
6,99,253472.1235795209,60.12133991401425,26.60167411215594
6,100,240615.56011518673,57.58831866911613,26.619713736306892
6,101,253574.2768410868,63.803716594152036,26.60089654510962
6,102,209521.83807659836,72.10859709312031,26.740679830537076
6,103,224387.03599082897,59.80808413211988,26.674496518746146
6,104,241921.7884198782,54.483236554896884,26.681214215914927
6,105,257806.01111359103,60.51495263464876,26.567757430959517
6,106,248186.06225603793,56.87105566893095,26.613525486499576
6,107,261554.8255133662,57.96382012027648,26.612156351513406
6,108,256308.33418674566,59.72102498541668,26.59767503030995
6,109,211626.79792023805,70.91285636702962,26.730921451656968
6,110,250910.0635443869,64.93414323908446,26.588286548504733
6,111,209753.3036366405,78.21052834364154,26.67277251809214
6,112,246114.3072953557,50.6190497258914,26.68428055772548
6,113,206996.53795552393,73.20553968655805,26.683933053234696
6,114,261735.208880289,57.45239822859049,26.60433262188002
6,115,234926.69270626456,61.44013947027506,26.604659045697453
6,116,258110.29656114875,58.60588384935619,26.59767503030995
6,117,241489.69814217,50.84961050247849,26.752639552088105
6,118,257749.96490957378,58.67988260637903,26.612788616169134
6,119,225901.06311326625,59.83221806842907,26.628858863711656
6,120,251762.123890666,54.75170486503444,26.616116287324473
7,1,397255.842926442,40.597609146299405,27.1355522255187
7,2,413812.739631448,44.84736719104588,26.981603491028423
7,3,244235.98008451858,84.22170850045092,26.781803456860757
7,4,244235.98008451858,84.22170850045092,26.781803456860757
7,5,244235.98008451858,84.22170850045092,26.781803456860757
7,6,387422.55925389874,42.98144923145196,27.02565470745317
7,7,387422.55925389874,42.98144923145196,27.02565470745317
7,8,401915.6947390887,41.44923913420205,27.078847414965672
7,9,357455.0955350555,56.503154042427006,26.719757053948086
7,10,357455.0955350555,56.503154042427006,26.719757053948086
7,11,350115.07917909604,44.89216653830477,26.990506195875504
7,12,292217.76407848805,49.72119031432242,26.918475912292948
7,13,269330.8997255003,94.41497350234471,26.65405554188108
7,14,410636.86875275447,44.34746847051806,27.013390536120433
7,15,410636.86875275447,44.34746847051806,27.013390536120433
7,16,251874.68481881017,72.04670260378917,26.84232869164976
7,17,246388.15995907362,77.63554928338645,26.762219219876016
7,18,295755.0381854198,47.44300929630781,26.88026781980176
7,19,388941.85968921456,41.8968361101152,27.105292286108003
7,20,388941.85968921456,41.8968361101152,27.105292286108003
7,21,412919.96295420156,45.2863970559479,26.97561793728339
7,22,311313.16652884637,59.031326746333626,26.712000371806475
7,23,404072.8030067793,43.93747382001534,27.017134353593605
7,24,404072.8030067793,43.93747382001534,27.017134353593605
7,25,321495.2035322238,52.648619075351625,26.784085047801568
7,26,259359.34793078623,79.6744140970295,26.71025331667729
7,27,292531.0839092403,56.77645066916033,26.857336855130654
7,28,292531.0839092403,56.77645066916033,26.857336855130654
7,29,292531.0839092403,56.77645066916033,26.857336855130654
7,30,312748.6594216516,58.351116838762415,26.701650382554455
7,31,309868.94760209986,51.90788046078515,26.82166092148485
7,32,252538.95337978812,69.84923586069104,26.772766705026925
7,33,405565.247642194,40.68766493677611,27.12519653023083
7,34,405565.247642194,40.68766493677611,27.12519653023083
7,35,405565.247642194,40.68766493677611,27.12519653023083
7,36,292819.5931997004,56.255217426038506,26.851180605309686
7,37,292819.5931997004,56.255217426038506,26.851180605309686
7,38,274423.64827257185,61.378774952504244,26.811860089259653
7,39,274423.64827257185,61.378774952504244,26.811860089259653
7,40,274423.64827257185,61.378774952504244,26.811860089259653
7,41,274423.64827257185,61.378774952504244,26.811860089259653
7,42,274423.64827257185,61.378774952504244,26.811860089259653
7,43,324461.02909370215,67.26852755162008,26.67746848011911
7,44,298124.70257404645,57.99315507581686,26.717223193747337
7,45,301978.61313663115,52.7173518430937,26.73611006525492
7,46,340666.1849304491,66.38989154904803,26.67592349052405
7,47,412768.1782721254,45.25273596944363,26.98232839610366
7,48,408370.843771592,42.26870440952231,27.014467634386854
7,49,408370.843771592,42.26870440952231,27.014467634386854
7,50,408370.843771592,42.26870440952231,27.014467634386854
7,51,275739.6860507753,61.742629303753404,26.804252852982586
7,52,259477.2793068871,72.80433157356558,26.77037636108294
7,53,291854.8308123988,58.011039587794194,26.805671200966273
7,54,267350.88949477894,62.19934060551293,26.811837170309154
7,55,276141.7007600056,60.36295213252914,26.805752075735974
7,56,280489.9056607253,60.27945534794745,26.820271459844086
7,57,289549.5902489475,61.34657529866912,26.679206788797956
7,58,278857.2270506252,67.76291193750913,26.63845663350552
7,59,287983.9737767098,63.910567218316096,26.749234968342932
7,60,281919.92505405896,61.06971357995334,26.792141354023258
7,61,261915.50587851397,74.47415930795229,26.662746036570105
7,62,294721.1478187179,56.549098377143075,26.776577832292872
7,63,286290.4362293981,60.49867511456049,26.769420238974647
7,64,246031.3115321654,86.65269945332828,26.744824829392982
7,65,294750.5373161474,45.51926456291735,26.893424569821434
7,66,292565.000979049,57.55290703236877,26.80653992053184
7,67,254670.279122168,84.33939149061084,26.702091100549914
7,68,254670.279122168,84.33939149061084,26.702091100549914
7,69,254670.279122168,84.33939149061084,26.702091100549914
7,70,251310.13287840685,74.81437185827413,26.791716951787663
7,71,388139.758373077,41.236261282410275,27.125036587611696
7,72,398524.11447661236,42.79267541628549,27.036635801499607
7,73,288687.63787781243,58.13952407819495,26.823317368933168
7,74,287537.8122282063,61.29308328908665,26.758902698965215
7,75,260076.6456684953,70.90469533398085,26.76922622211378
7,76,256832.88785432573,81.5766368535309,26.74071189503858
7,77,293679.82418327883,56.65339430604508,26.769958857910133
7,78,262656.98551661486,69.22681712466974,26.76666933408886
7,79,257531.56150401785,72.93558206380594,26.748604585893382
7,80,250902.35784709308,76.99840805934484,26.826860462516628
7,81,317286.6206553431,56.977159601487756,26.735910643934602
7,82,255578.23521978792,66.69036390862023,26.77280876775461
7,83,255578.23521978792,66.69036390862023,26.77280876775461
7,84,295105.28405428963,55.70096045198967,26.812211670318767
7,85,288260.0534201509,58.175441495655356,26.821420257481684
7,86,298862.4965196747,55.23987269815996,26.801748671094877
7,87,384952.44994524744,43.75234352565521,27.181417940522984
7,88,293161.0330426466,56.712172029930386,26.806214395027126
7,89,277771.8928819792,57.9457574615227,26.82594736987911
7,90,314636.41274007387,46.42198294963323,26.847602262662896
7,91,276710.3129400817,58.1289869483217,26.882696488490232
7,92,258865.06204371055,71.24478635252171,26.771795694779556
7,93,291785.6291281558,49.02291978413175,26.94544553098661
7,94,276977.4973242913,54.970160792968166,26.86232267597869
7,95,293914.465539655,56.625298446416586,26.78019725247899
7,96,263099.5256053482,63.72930969123411,26.807503686297032
7,97,260756.4808274773,70.88474304477202,26.706700954853595
7,98,281879.5486933683,50.86003472815569,26.868833942446166
7,99,275421.8483263787,71.28942825905432,26.680893836744353
7,100,292069.67362207035,48.455766968389725,27.01489916545834
7,101,289691.11733121227,49.88145791743581,26.92827057665498
7,102,272465.1197241464,87.83870069016966,26.651943031415534
7,103,275255.15565077285,65.61739740771118,26.79932867421656
7,104,297294.81890116126,58.98657661846393,26.741375281175074
7,105,282025.10150183516,60.26113605099544,26.820271459844086
7,106,278824.4389607021,57.060284616295775,26.826248587222338
7,107,246206.50791181411,80.87995611117665,26.758559904105482
7,108,317718.69782636705,51.36602903335942,26.824226497768997
7,109,267595.7238748159,70.75346728267905,26.74118438596929
7,110,264088.5185260068,67.50614465231226,26.74942041035873
7,111,297079.0122404359,59.27480492617347,26.74241778018748
7,112,312516.86200331943,50.694357677344875,26.83301392323365
8,1,326465.6400184109,36.85655713990066,27.990174284955224
8,2,269543.7967964591,38.43757041268438,27.31022181591365
8,3,269543.7967964591,38.43757041268438,27.31022181591365
8,4,269543.7967964591,38.43757041268438,27.31022181591365
8,5,261230.6984102663,41.17538068205837,27.30264903694011
8,6,232270.04712873325,45.15816450703408,27.106387972803553
8,7,232270.04712873325,45.15816450703408,27.106387972803553
8,8,232270.04712873325,45.15816450703408,27.106387972803553
8,9,232270.04712873325,45.15816450703408,27.106387972803553
8,10,232270.04712873325,45.15816450703408,27.106387972803553
8,11,232270.04712873325,45.15816450703408,27.106387972803553
8,12,232270.04712873325,45.15816450703408,27.106387972803553
8,13,174076.1814457208,73.09597983257487,27.00604526980161
8,14,269283.84016801824,38.58085615613163,27.311440884980613
8,15,197944.41297371752,61.378786454796774,27.07326582409373
8,16,198410.35457656943,61.304929186968195,27.123485748074913
8,17,264092.45103419584,38.696260102846516,27.267813810407795
8,18,264092.45103419584,38.696260102846516,27.267813810407795
8,19,223165.99073527267,50.821179105637306,27.11121571414769
8,20,206848.50354776502,58.031346987077576,27.114021956997583
8,21,194086.07453632445,64.77431836968499,27.066005894623366
8,22,202838.68888651975,52.44140899300633,27.23633874724422
8,23,191033.13648562497,68.33738219537433,27.050230770445204
8,24,191033.13648562497,68.33738219537433,27.050230770445204
8,25,207765.08641285397,52.3119719722138,26.99465273583715
8,26,260848.17746015976,40.347171077293424,27.36327270361226
8,27,207050.91873777655,70.42733110136467,26.962616858050907
8,28,192719.60598755075,70.22152321162406,26.99393280754002
8,29,195546.69314239488,61.97381602759809,27.050528056305403
8,30,215266.1727011232,68.44302794003598,26.985518607017333
8,31,215266.1727011232,68.44302794003598,26.985518607017333
8,32,176651.22505331747,68.4878767731809,27.028922110544663
8,33,233644.45332116238,43.0571229029884,27.10492545016507
8,34,233644.45332116238,43.0571229029884,27.10492545016507
8,35,206256.16244116728,63.744920172642225,26.99896025046342
8,36,251081.3500552147,40.12765563248228,27.368486906623055
8,37,209180.56622762358,68.71682857870795,26.96180563099307
8,38,209180.56622762358,68.71682857870795,26.96180563099307
8,39,230060.47487105272,42.815542110597626,27.108070903897776
8,40,229614.11971172935,45.51251176980862,27.117763615522733
8,41,199737.03656890203,58.50707569123568,27.01113858010973
8,42,256143.1316733639,38.19755132337951,27.426304924319055
8,43,218676.99092385016,50.614236299821606,27.430356197172102
8,44,207074.5017887503,57.75983153356155,27.071293782819474
8,45,227175.05222461384,46.88319602977966,27.118131944968873
8,46,227175.05222461384,46.88319602977966,27.118131944968873
8,47,199316.41475468053,56.73414501739008,27.150762715421692
8,48,198561.28802722934,63.196090683438534,27.016448035855994
8,49,190900.76131003874,68.57945017432928,27.009017783096482
8,50,226480.6219717834,47.71229390863806,27.185882624154573
8,51,177701.94512330007,73.38222589826543,26.992121069527954
8,52,230076.92517614737,41.88154196529779,27.108951910906306
8,53,224555.70568413613,47.966264130974764,27.06999358653676
8,54,190367.610982589,65.79301937421756,27.087789490391856
8,55,188761.8420713911,64.91983182493297,27.104911408407844
8,56,189360.08755853202,72.07936800029681,27.020314258678184
8,57,262483.8066285464,41.086028043176526,27.2723864803761
8,58,221626.6955383852,52.15020200421975,27.202187111633712
8,59,184172.80688044612,92.57103297782112,26.979783367057024
8,60,185369.0558893095,82.67616395020394,26.952424656136373
8,61,224906.49145780437,47.95174410847813,27.06999358653676
8,62,250732.41090927218,41.04264839946092,27.367605899614524
8,63,192901.02977989856,60.78948824266577,27.125453814271303
8,64,228193.98985866545,45.83155314997379,27.10788462017721
8,65,226745.17587468383,47.03001981005147,27.137875507993073
8,66,196610.90510389162,58.811746899021145,27.152824855020263
8,67,189699.9361134051,70.71321723056116,26.938089794301156
8,68,199450.26167891544,59.86074648728197,27.131388099967218
8,69,224273.01839822746,48.288342020474175,27.195942235157972
8,70,206270.46011583277,55.97204799126537,27.20654465561305
8,71,194099.40184146413,64.56356538984024,27.008366476784147
8,72,221104.1283036919,51.904859026175345,27.318998988638967
8,73,203532.29748402006,59.256552500564815,27.00717154582292
8,74,203829.24926020874,75.04343785890542,26.928610979185677
9,1,311440.30932799913,37.71664219329274,27.23536277433233
9,2,311440.30932799913,37.71664219329274,27.23536277433233
9,3,247508.54027238788,63.91360353523004,27.016226753507826
9,4,247508.54027238788,63.91360353523004,27.016226753507826
9,5,258788.82068345282,74.35721927162929,26.709979073847776
9,6,256021.39276857534,81.84785480881384,26.818421590520035
9,7,294825.4543889674,40.54131965349865,27.09748123175601
9,8,304517.59473768476,65.71665362231234,26.760779707374812
9,9,250085.4661773183,63.6340892779434,27.07902915595609
9,10,252756.91067431783,63.67975125456253,27.048697656787507
9,11,275898.25625708036,66.57809447044868,26.754374774882752
9,12,303411.58689547505,59.78466213669161,26.795461168749085
9,13,303411.58689547505,59.78466213669161,26.795461168749085
9,14,248670.86315947873,77.78605992112132,26.972733865020484
9,15,248670.86315947873,77.78605992112132,26.972733865020484
9,16,281560.9051295357,51.412314736843186,26.890748383191237
9,17,254095.23942979611,62.23839052673213,27.03232475210016
9,18,295703.1192632253,40.81546172096783,26.98308123299617
9,19,298988.43176894693,55.513088099416336,26.843415871104646
9,20,298988.43176894693,55.513088099416336,26.843415871104646
9,21,290480.7062269832,43.87796006257691,26.937136757179925
9,22,264920.26421291305,58.24558613803343,26.872211679576456
9,23,285307.77913155773,43.702968879100894,26.97853530753366
9,24,278841.8178339813,46.656882206787856,26.939813247213813
9,25,278841.8178339813,46.656882206787856,26.939813247213813
9,26,288244.68631843396,49.31132071355083,26.903149397812204
9,27,267605.5218191013,73.25136778728896,26.763279912174987
9,28,259654.41489663575,68.30823500703876,26.827475694701484
9,29,284835.3170963431,45.17324690433272,26.950537755396425
9,30,293388.0194491295,45.32474439945069,26.883558980548536
9,31,258952.24691908475,71.77853239061206,26.79348334444618
9,32,265515.07474185247,50.33847129357728,26.953007535821527
9,33,251564.16224645387,75.42276907441573,26.877587912292366
9,34,251564.16224645387,75.42276907441573,26.877587912292366
9,35,270005.0308622752,52.61830724742076,26.882261213560152
9,36,258573.76918733097,70.3549575168614,26.820751416755748
9,37,260215.5517620089,54.52814037639599,26.948582525282788
9,38,281802.415536942,46.44798655173502,26.984578902136448
9,39,255389.7058173262,63.40856804337436,26.970353045986915
9,40,277502.4590827736,53.46813512870537,26.856272524489707
9,41,265182.4619797627,67.33196705807876,26.79677469183155
9,42,249571.08198037153,73.77752159657979,26.891124576632066
9,43,256741.67323162753,62.42115240316364,26.89659640851967
9,44,254377.8998606093,72.32414741336497,26.864055431235936
9,45,281994.49702923506,43.51137887179454,26.98185745533156
9,46,263690.49139715685,70.03722893264393,26.78409409596518
9,47,263690.49139715685,70.03722893264393,26.78409409596518
9,48,269615.4363056866,49.83655610452723,26.99965857609349
9,49,266799.54231906973,55.546080475944976,26.917181684357335
9,50,262916.4301355784,63.295523397735295,26.819324910573442
9,51,289542.4601419588,47.84113678640327,26.90373582283699
9,52,285246.41427607805,46.920424163874046,26.904927813624457
9,53,257960.78333205316,65.3112074357135,26.854865679585153
9,54,275063.6981023677,53.82503282805312,26.86704469577893
9,55,254914.58527268204,61.28318399954807,27.005831110035455
9,56,257087.46813003888,69.66309545061041,26.834093001114827
9,57,267387.5008262551,55.31484322473003,26.92448699891524
9,58,259489.69992320857,57.670333267081816,27.025529224493674
9,59,291791.7176762874,50.58627922942083,26.8755980880663
9,60,269179.54505744926,57.95285607333531,26.891092974343696
9,61,274277.27497476246,57.158898874309756,26.824144624792034
9,62,289364.1823446113,40.923876310097995,27.021677231096064
9,63,260560.13687134144,64.71720022091104,26.87037214221798
9,64,254947.08454440365,63.61439782597981,26.991851777447344
9,65,288778.62471667776,41.65338497751426,27.021677231096064
9,66,288778.62471667776,41.65338497751426,27.021677231096064
9,67,284064.7759696105,52.290936744656825,26.886400537730427
9,68,274650.4436221567,67.13567825971623,26.759908952410143
9,69,292502.89730619284,46.612531639687475,26.91364893691324
9,70,293371.2731115782,59.998084747132424,26.79357759488338
9,71,276093.6339964261,66.38679221259144,26.772545787953195
9,72,276093.6339964261,66.38679221259144,26.772545787953195
9,73,291656.1479273524,42.46733021270099,26.996645836346858
9,74,291656.1479273524,42.46733021270099,26.996645836346858
9,75,261297.01651375624,60.49456619012997,26.841950349556356
9,76,291328.75738643203,48.14348394692247,26.893741363636885
9,77,291328.75738643203,48.14348394692247,26.893741363636885
9,78,267940.68348887307,62.31070166224769,26.82020909451692
9,79,272242.3037261459,50.38504645922378,26.9006880849397
9,80,275158.50923609885,49.11737523206009,27.007017258979822
9,81,275158.50923609885,49.11737523206009,27.007017258979822
9,82,271439.95466576406,65.38753616610666,26.80988148008019
9,83,282439.57656712254,49.55178346956911,26.892328311422
9,84,277496.04139808216,49.79759025049452,26.89149670360091
9,85,271311.95572537987,56.832685715812055,26.84629994761235
9,86,255550.15593581778,63.71908988394548,26.930666640398282
9,87,262656.6582394133,57.582567935038426,26.922022138926405
9,88,272040.5034341576,69.32557040034158,26.796307205347617
9,89,261216.35778229657,54.51631830618347,26.975876536932237
9,90,261588.81216347,69.56182999610621,26.82158476059019
9,91,278142.2340939342,64.64560895951993,26.777886375657307
9,92,262531.0504118752,52.118897076743586,26.971037607273352
9,93,267162.2262894302,56.34821478900985,26.896200192551674
9,94,282347.1382236286,61.647088614092645,26.803674350483163
9,95,251744.91934025194,64.14422658669866,26.923179997547578
9,96,261105.8473534615,72.2421924055547,26.77376852430084
9,97,266149.2221588736,58.13846326674542,26.88851522017319
9,98,272998.20997165085,70.00009561848526,26.77507148963729
9,99,265412.26887004904,58.22567593572695,26.907157216367622
9,100,265958.0315213414,61.73004890878055,26.820801229934045
9,101,292241.8006488308,48.03170190322597,26.879607790173218
9,102,290143.5130584556,50.50228023826624,26.88769141474448
9,103,254516.32858621102,63.76324685954549,27.018829227451103
9,104,273791.1894458689,71.77975130527267,26.774442741058056
9,105,276073.5237756439,55.9797670668471,26.818860006976248
9,106,255596.33982931304,68.81240377735479,26.849483596952712
9,107,255596.33982931304,68.81240377735479,26.849483596952712
9,108,277882.55791656347,52.366890850327025,26.881603803239386
9,109,267385.4241442995,65.66882910742457,26.805068322464038
9,110,274102.51525668846,56.67698131798738,26.878730840523115
9,111,258937.42933197247,66.89387220982263,26.837542447209792
9,112,255644.4205657846,60.78782301792747,26.971835715131373
9,113,267185.64353932213,66.58407366103279,26.81836262613986
9,114,262359.54001934564,69.76673362751778,26.81115418542979
9,115,262359.54001934564,69.76673362751778,26.81115418542979
9,116,256016.6207725212,65.1943842605735,26.87686331366549
9,117,273241.21369112283,49.40673981022443,26.973317477320983
9,118,272043.38267051266,61.69158537585813,26.780201901530017
9,119,283470.96374765603,46.63292363074302,26.91364893691324
9,120,283470.96374765603,46.63292363074302,26.91364893691324
10,1,174643.85239762167,79.35348130146974,26.85102396375128
10,2,310890.43707554624,34.32368605903443,27.175791654655235
10,3,310890.43707554624,34.32368605903443,27.175791654655235
10,4,185733.69843621115,86.61080907583353,26.763454538295917
10,5,302078.26442842226,34.46524273341882,27.176412708840232
10,6,224662.58078358107,60.507375095680736,26.726036945216784
10,7,299421.29588442855,35.083004216537375,27.166160411913793
10,8,299421.29588442855,35.083004216537375,27.166160411913793
10,9,203754.00336530697,48.20917101930132,26.96315701961364
10,10,258692.12620363798,35.30392546310377,26.959371546774662
10,11,297566.0424550536,34.98107988834001,27.167828652380393
10,12,238665.71329283976,36.83784882894935,26.894173088144647
10,13,249459.503640315,41.69940455102546,26.884332215882324
10,14,235227.5802010302,41.69354479523749,26.886578037534527
10,15,189294.85239034647,57.64734036368437,26.953868484557525
10,16,178519.521697449,82.59012848214077,26.79911342708958
10,17,180481.1009111081,80.28605139162501,26.824847772940707
10,18,183791.5599121358,84.31827753973691,26.780643597672665
10,19,195687.71682919998,52.14740747369485,26.911972443771376
10,20,200133.70889031145,77.01763189601266,26.741960421050948
10,21,178151.97831124635,83.64471816175735,26.797850219970442
10,22,213221.58025318454,47.72829913317527,26.935156506318265
10,23,211602.28355238226,59.46261142051781,26.788100885520635
10,24,240976.17387012308,43.65827901821477,26.821421886025654
10,25,244675.04363086223,36.61958165290766,26.895571128909857
10,26,244675.04363086223,36.61958165290766,26.895571128909857
10,27,236368.52841774316,42.76736327187866,26.83159962176949
10,28,184622.01093510978,78.7133366683136,26.79433679822239
10,29,194114.49083851976,54.2963681173721,26.92787953583911
10,30,190249.398379117,73.87573369500174,26.773784017959898
10,31,234438.44421993117,44.257415148891596,26.81755142482948
10,32,223569.18282160512,45.69218878551691,26.87490863037798
10,33,181521.83892782053,66.69819238083753,26.81044045039694
10,34,183407.54511919452,75.979347603422,26.8050580571148
10,35,187005.10746118752,61.581283415515884,26.822887383627545
10,36,201242.66739258668,57.88608602692765,26.793427238196585
10,37,194433.94126953997,75.2997967185879,26.744464290833996
10,38,192609.64205854142,56.32263825089641,26.898380741712977
10,39,191164.501410691,77.39208621974375,26.755105994864884
10,40,179471.71832654544,79.92224111601894,26.84634289153997
10,41,198853.0589608294,63.55453393654563,26.788987734246753
10,42,179613.7303386077,73.31852914166139,26.932951324047778
10,43,218892.37280024713,44.85315745040412,26.897834620770645
10,44,200787.36142358824,65.87430775931156,26.779696883904812
10,45,223151.7796229605,46.549669281698925,26.883619118339126
10,46,198073.45309409001,67.60429098797316,26.784053415319562
10,47,228279.14983564283,44.585028594388525,26.873875342872388
10,48,209056.74303825575,67.97463206878169,26.747111030560937
10,49,231124.0701942323,44.02498557690836,26.841841019843976
10,50,187789.8864096156,75.3293957787467,26.773208344927497
10,51,200700.5495795482,49.19019831308494,26.906537435489582
10,52,179858.95380383643,70.59072616690865,26.840703729829087
10,53,179858.95380383643,70.59072616690865,26.840703729829087
10,54,225415.6826116044,43.17085541190292,26.889572802971784
10,55,206877.5840773644,62.93224085685836,26.763423562662403
10,56,189993.3756164264,55.92133584712392,26.92787953583911
10,57,192849.11106843178,69.35419198906058,26.77628574648064
10,58,213199.9172294146,55.340536877855016,26.774614177951143
10,59,207094.50082434426,54.700711972096315,26.80786995643247
10,60,202564.22289090644,65.13178364149526,26.75930250185774
10,61,211453.1272777012,52.334612520828294,26.809574776301638
10,62,187782.94708854958,67.13822388524304,26.802813538403612
10,63,240484.6800981041,44.78992486649076,26.799940711067656
10,64,214710.31883133427,49.61797270034793,26.894311000909212
10,65,207800.45478489724,48.46767072138259,26.962201349123426
10,66,182862.011262189,65.34243856668098,26.889939839129163
10,67,196999.29514856118,51.44848670879911,26.866163068059308
10,68,196224.82353985088,71.78362569108043,26.752391595911213
10,69,222352.1487882456,48.85105371067074,26.84839351731138
10,70,199396.97146811412,70.26342476954719,26.767960631116644
10,71,230464.09339064802,48.34887004246372,26.814892762397626
10,72,226500.94352055556,47.1950320342066,26.82932643649559
10,73,217180.47854727934,64.61682372942231,26.761475874062384
10,74,200519.1316384093,62.27476104648752,26.78192535190103
10,75,218036.4851224033,50.668412153252,26.830726828992226
10,76,186892.1510317244,63.93597685620562,26.868470586218564
10,77,201916.7939197815,65.41139350331397,26.77654099090656
10,78,216364.38885925504,64.7990914137356,26.761807536431746
10,79,203948.41479330193,60.417194962850665,26.769448961611808
10,80,221222.82342700975,44.54171690873702,26.89381430453991
10,81,217526.4997256784,57.02601766225842,26.74991060639453
10,82,191288.9051658139,64.20141201474851,26.793149007073673
10,83,205645.25307291266,69.6217707793537,26.748884464275925
10,84,202012.18898946914,62.235426382881734,26.77499698941883
10,85,189955.09155291558,57.337843793302476,26.795573073916167
10,86,228719.91917356988,49.41013540299926,26.816879887247907
10,87,229810.40301965488,46.703999057252275,26.868584497396498
10,88,223018.01886283,49.44069450754285,26.840444859247512
10,89,199177.29090718826,53.007950183174074,26.84152743166178
10,90,199177.29090718826,53.007950183174074,26.84152743166178
10,91,191367.71059951742,77.38722319794094,26.766512755290115
10,92,185239.22380513384,64.05859796301253,26.805693386589937
10,93,205669.8035413983,51.104552203583495,26.835803356965165
10,94,225918.32002983036,50.75407966053212,26.79753810480632
10,95,212405.5825170892,51.74986459524932,26.828793258338862
10,96,212405.5825170892,51.74986459524932,26.828793258338862
10,97,224503.91719984572,47.261126699008926,26.86373218381712
10,98,194995.86739510763,64.79003337632837,26.785571319263653
10,99,196512.4641329754,71.51667787405228,26.765660744798744
10,100,220910.98294379713,49.17203089336566,26.842251647673585
10,101,236161.67456348962,54.10792634306285,26.7528352233605
10,102,199847.1302133117,66.74613436576334,26.765715731772673
10,103,223892.5241782841,49.04211301689675,26.817533830513447
10,104,223104.74499054818,51.38688965739223,26.786286676276454
10,105,230749.96873269937,46.90026322703849,26.834579840280114
10,106,187394.84896830656,69.3778496522726,26.793679051875863
10,107,208825.61292921836,47.774998128004626,26.960183202284917
10,108,204871.65559548658,53.19373219523593,26.82034509514942
10,109,216127.68248134942,47.49368475888346,26.85339702542847
10,110,200287.53116547686,67.85196944575026,26.752280675194264
10,111,225273.35066887073,44.130875673829294,26.882057429121254
10,112,189349.16039088325,70.6096036272022,26.777632100168063
10,113,185063.5391487708,64.0819982705728,26.952973099446353
10,114,202107.2842643964,71.67898802658232,26.73592901877707
11,1,444963.60240440327,38.78955652203984,30.621853636852364
11,2,256904.79459936233,97.86177246866328,27.632988026097628
11,3,248847.4215516984,87.37116414746964,27.90103474834375
11,4,277202.4404490166,71.58322996930428,27.46507823310108
11,5,440354.9857400548,42.27161383391337,30.448295127306643
11,6,440354.9857400548,42.27161383391337,30.448295127306643
11,7,440354.9857400548,42.27161383391337,30.448295127306643
11,8,393051.5264507503,46.13380918138555,29.801474343258104
11,9,393051.5264507503,46.13380918138555,29.801474343258104
11,10,396259.9910799413,44.16736785763793,30.006587032084617
11,11,284019.88794975576,60.894007530766565,28.246813232329487
11,12,370475.55682376743,46.30035096128776,29.57976280756529
11,13,323149.7730487339,49.460465866381945,28.015077343736326
11,14,404239.09158066305,45.15393435009683,30.005512481164327
11,15,404239.09158066305,45.15393435009683,30.005512481164327
11,16,404239.09158066305,45.15393435009683,30.005512481164327
11,17,404239.09158066305,45.15393435009683,30.005512481164327
11,18,249818.86332263466,95.79340025226419,27.851192328446796
11,19,258967.1117479947,91.48928730041358,27.603894827051334
11,20,289117.05074132734,58.49069205175588,28.22460235119169
11,21,294080.41784749524,66.28073609326457,27.570663039302232
11,22,254531.7649709083,83.09502233870502,27.808057497385295
11,23,311115.5641260197,51.10666756544844,28.151904446600682
11,24,275791.0361575046,76.20759384645542,27.52010188991524
11,25,271139.7556785888,72.55874262782619,27.582879452578982
11,26,252507.6490205504,85.35365030942243,27.745183258512736
11,27,281629.1240083495,69.85912492337803,27.75714604087646
11,28,310490.0950533858,53.30013430875951,28.187479179273307
11,29,255310.218822977,80.33221363110289,27.85113892618658
11,30,318712.70895480027,51.61570318951227,27.89344480627916
11,31,252495.36943348355,88.62847015607733,27.731284727465688
11,32,265307.66829934594,73.83951038852672,27.82304522958908
11,33,283802.68094079127,68.76646881239583,27.750484447974458
11,34,299218.00668937166,67.68475466911593,27.469304334239695
11,35,313640.7263930941,53.62416159816231,27.86646931230644
11,36,303300.62314275943,54.844897846858984,28.05453608756525
11,37,280957.12675609294,62.89465565133655,28.107582293494456
11,38,288390.4267209546,59.44725900263481,28.097201683607814
11,39,308896.83676464244,62.1972764189194,27.581171523357916
11,40,286540.6217925079,71.12491363759155,27.492351238106387
11,41,290845.1800469608,56.348356562622556,28.100162590241712
11,42,290845.1800469608,56.348356562622556,28.100162590241712
11,43,290845.1800469608,56.348356562622556,28.100162590241712
11,44,290845.1800469608,56.348356562622556,28.100162590241712
11,45,300834.3889887994,55.8033312600561,27.983482169080357
11,46,250512.63061147952,89.79304046285087,27.765703520274283
11,47,292073.8320690772,56.00799083909345,27.680145073805413
11,48,306074.8291378657,53.935119260966786,28.112868095209006
11,49,265568.82596438087,75.26999778896244,27.819074263101843
11,50,264264.26287680655,74.5831140323862,28.019217306633237
11,51,317513.8397209933,52.47759722879301,27.873800877373537
11,52,262782.8228682134,78.49781699565924,27.752991635653984
11,53,251428.7543221408,90.32568334834798,27.67573857752147
11,54,295421.5057522139,64.65063836585121,27.544954595113737
11,55,316870.5238317567,51.5303730740169,27.95233306848714
11,56,262374.16291752015,79.65977330786019,27.81337856105987
11,57,261720.7732825547,81.62039440705287,27.763143416314055
11,58,270766.0248365384,77.03368441605097,27.497684928594428
11,59,251138.43554644182,87.04829991130525,27.917390131483177
11,60,269821.41551822727,78.11162794344217,27.749065956268215
11,61,269821.41551822727,78.11162794344217,27.749065956268215
11,62,301499.39284330007,63.80503240852528,27.606425016668297
11,63,300054.52027551446,54.45441071179459,28.16061066100566
11,64,310905.15577687917,55.020979971379795,27.789596562685592
11,65,316774.84851665725,54.11121416899195,27.865690497859536
11,66,281518.1324739889,64.84801244997087,27.75958088475844
11,67,281518.1324739889,64.84801244997087,27.75958088475844
11,68,284608.2827404133,61.62645017512886,28.22685394916813
11,69,251902.39197978514,88.95383421349872,27.79299036784528
11,70,267976.04443031934,76.88158859011742,27.75226763510894
11,71,261231.61235642215,86.06104061764209,27.59864669769957
11,72,267676.7894014737,79.7232083854855,27.742603095058374
11,73,301003.6085760967,60.23942153680842,27.66336337737229
11,74,301003.6085760967,60.23942153680842,27.66336337737229
11,75,317396.7318764446,52.164022578466096,27.90926851852542
11,76,290891.0298483409,54.7259746900188,28.13601243963727
11,77,302663.24496648106,64.20284105201588,27.53210844716694
11,78,260497.36085843286,86.588784330448,27.602631475230485
11,79,261493.40340128168,82.7393832224035,27.614802717070347
11,80,291575.3554150268,59.077997231928414,28.006453852522913
11,81,291575.3554150268,59.077997231928414,28.006453852522913
11,82,305272.02642878616,61.99005615059305,27.592065637213132
11,83,260944.10317149045,74.81522543329663,27.860789520794558
11,84,264145.4414635017,76.08432506748234,27.819074263101843
11,85,267794.1097335003,72.30749226698019,27.865719764869535
11,86,260238.112525835,85.50425901399856,27.731706202456454
11,87,270678.67752155714,82.09910822897199,27.57624258836316
11,88,251937.4735275967,87.22536723823795,27.840556783139355
11,89,299576.63587155467,64.64476952021553,27.529730425094385
11,90,259518.47042388274,81.70193173360714,27.755861175072692
11,91,287708.9924967017,61.093772154845645,27.74161479856598
11,92,287708.9924967017,61.093772154845645,27.74161479856598
11,93,260087.5307896729,77.0164297054868,27.827667574741103
11,94,263764.5347477581,82.23478639466512,27.67250602840802
11,95,263764.5347477581,82.23478639466512,27.67250602840802
11,96,263764.5347477581,82.23478639466512,27.67250602840802
11,97,263764.5347477581,82.23478639466512,27.67250602840802
11,98,263764.5347477581,82.23478639466512,27.67250602840802
11,99,263764.5347477581,82.23478639466512,27.67250602840802
11,100,304930.2301538898,51.597742192787635,28.230133793331518
11,101,304930.2301538898,51.597742192787635,28.230133793331518
11,102,271042.42379743035,64.16386440578572,27.79993991803596
11,103,327071.77638096805,46.44366209769646,28.363908008985877
11,104,263454.82396167837,80.39517065473022,27.73999291359672
11,105,440568.1186690543,41.088328478812805,30.60725793505069
11,106,367412.395734135,46.31770770156546,29.748497893114088
11,107,283968.72053483187,63.94836723490775,27.83434315689882
11,108,281724.2880872753,62.59486731555651,27.924738832740893
11,109,258393.94543382543,81.09876752560797,27.79645887189984
11,110,317119.1748461593,50.075743432810306,28.03636719259204
11,111,300123.51803371945,65.53798549793105,27.51895996751546
11,112,287950.5597415061,66.67301245309797,27.503712815223025
11,113,293488.9174341199,65.97808808866239,27.596927390052088
11,114,322773.02961182443,49.930483576662816,28.450554831884318
11,115,290424.96825805225,66.38063398782863,27.558841713598998
11,116,302801.84066548495,58.883005112741934,27.658005720894813
11,117,285533.49341774563,61.598264457095375,27.608323251909287
12,1,229355.21775302058,35.21621122563109,27.052026252733846
12,2,243341.31956605375,32.82751535053911,26.99874492637688
12,3,242604.7284476826,32.58209869358,27.07633197240058
12,4,208689.15119319336,41.48161229022429,26.901831870640926
12,5,207671.4786939456,46.355338176709374,26.825078489323488
12,6,254495.4768554355,32.451110788182305,27.027797096980045
12,7,175701.719613215,64.66070183661867,26.788456512565872
12,8,223432.14479493067,35.35049175254578,27.020995672644034
12,9,180406.34927747087,54.14655081896172,26.82163153749002
12,10,246267.0022939312,39.01041774404977,26.86986070052199
12,11,262720.55685178365,29.88267631068142,27.08986573996126
12,12,200892.85421502753,50.92246845096866,26.76623354112636
12,13,176980.38871980007,50.04505467291743,26.87020044108555
12,14,176980.38871980007,50.04505467291743,26.87020044108555
12,15,176980.38871980007,50.04505467291743,26.87020044108555
12,16,184335.61510912317,71.39201523737584,26.77939288107452
12,17,247418.77852735284,36.39064561275448,26.931293189539858
12,18,190160.97540852067,49.67429408554809,26.781982068743766
12,19,187405.84987384971,53.39489132889307,26.783132702211063
12,20,222269.7355402613,37.37346503229747,26.908246589922015
12,21,223681.68935289764,39.30350831520767,26.87999680131039
12,22,195779.14072179582,42.043714011309184,26.884563512236305
12,23,221034.99350423325,39.1870277802186,26.91917184522635
12,24,207599.18720493646,48.617321597497494,26.79432001738178
12,25,227349.15917685677,39.24385579929382,26.88155852077486
12,26,208851.52399148888,39.38146609372691,26.884694546776835
12,27,180783.05613060953,54.22921155354481,26.81577427356605
12,28,184449.97984522858,62.27202340129102,26.780329229729794
12,29,171397.27235636115,68.2801734422649,26.798152677521877
12,30,194717.2882636221,43.93161708626124,26.86999235468032
12,31,194717.2882636221,43.93161708626124,26.86999235468032
12,32,207975.61429286987,41.826176612505215,26.939919784418066
12,33,207975.61429286987,41.826176612505215,26.939919784418066
12,34,261593.3593095984,30.848840717774458,27.139158575024247
12,35,208560.27372136043,40.64020029793086,26.90291832751288
12,36,182294.48034137738,52.43724715818458,26.82633199726091
12,37,173938.20886773837,55.59137004742255,26.843016772653762
12,38,175780.10136746656,52.819395427605166,26.842333037574242
12,39,221260.18067951122,39.46232588968492,26.872695324383876
12,40,183185.54702638672,53.25549076419863,26.786457261535986
12,41,184133.0857060792,44.474546571873304,26.83192683145198
12,42,249758.0312761778,30.986834810695804,27.092814712103532
12,43,185556.89052086984,51.32459682548117,26.799650349347566
12,44,205778.05747534573,43.28925617735161,26.874981036061186
12,45,216693.8077447619,38.2147866310357,27.02386927226887
12,46,166003.87392765036,72.18362122591797,26.83077526223392
12,47,175962.2139438019,51.19066749857571,26.840044712984955
12,48,205110.2351589091,43.78634817365675,26.877874929483035
12,49,166738.1837446042,71.39019476238929,26.8465598225229
12,50,166738.1837446042,71.39019476238929,26.8465598225229
12,51,166738.1837446042,71.39019476238929,26.8465598225229
12,52,166738.1837446042,71.39019476238929,26.8465598225229
12,53,166738.1837446042,71.39019476238929,26.8465598225229
12,54,172964.30597532506,64.37725753001853,26.802280158485097
12,55,176743.94049243268,53.387590407519916,26.838104582806785
12,56,234079.66032257787,33.37221348367474,26.94153743906481
12,57,176721.144819159,62.53874619092027,26.779650481021676
12,58,213171.3172174938,38.293341171990186,26.959504477789714
12,59,172790.43585207727,63.62690118257118,26.80314206221233
12,60,266293.3827551263,27.29451512958867,27.097739236109042
12,61,208778.55345650634,41.2788892008552,26.885601031813827
12,62,212145.8182033269,38.75640089583941,26.924842858328077
12,63,168387.14616919914,73.08160544897471,26.800682477077252
12,64,197702.0948412887,39.46518404953502,26.967615937254948
12,65,167318.11137666155,61.5301034467504,26.82322632065965
12,66,173408.71534253313,56.11942577902762,26.79366500423461
12,67,198552.38410085096,49.300612202384734,26.80633900595116
12,68,201605.23891859237,48.90102406934341,26.826844351973314
12,69,166955.60246625167,70.63486108816203,26.863722463878673
12,70,165943.14974238756,75.88828224156674,26.83860835371103
12,71,168341.71468804558,53.585640319086274,26.86027526007947
12,72,168345.81132686665,59.88906505790185,26.81427128511109
12,73,163940.89552869982,67.73703049278448,26.875880737589
12,74,174110.13871686795,53.42331641028914,26.829947998038037
12,75,170405.89731251606,58.523251575614225,26.836027947052827
12,76,248478.77890750451,32.55689935331098,27.06163409298628
12,77,174395.50531771925,50.56291203783459,26.85077063396983
12,78,167603.1961784562,58.45119864172587,26.837986310698817
12,79,207065.05591553784,42.35386173855799,26.877634879276606
12,80,194994.31880673353,43.25842513707629,26.899173881162696
12,81,178503.0054710703,49.457080964410075,26.840906722312305
12,82,177252.24124883057,49.42463206362867,26.910811280785076
12,83,212808.67329401756,41.96275765045814,26.865999613613027
13,1,223263.60653442514,71.7075802762491,27.045836682024017
13,2,223263.60653442514,71.7075802762491,27.045836682024017
13,3,223263.60653442514,71.7075802762491,27.045836682024017
13,4,223263.60653442514,71.7075802762491,27.045836682024017
13,5,275175.0921060452,41.507614925193536,27.364433819103077
13,6,262078.43578146966,43.51193657470753,27.153952228315
13,7,276170.0547378919,41.80589459888631,27.274871644631645
13,8,276170.0547378919,41.80589459888631,27.274871644631645
13,9,226291.19365143293,65.59664250786474,27.063910412226683
13,10,220953.8822441193,64.56755669837801,27.085396161284436
13,11,217173.04330669303,66.31196258207501,27.076568678600218
13,12,182680.91293566377,72.00152893856398,27.181099936881203
13,13,182680.91293566377,72.00152893856398,27.181099936881203
13,14,214757.8179888722,67.23497911845575,27.090407927497097
13,15,205622.81368776594,60.238387459078396,27.17333238164342
13,16,212128.42677333392,55.882011308699184,27.189598545824005
13,17,215282.4697529524,68.44588311684957,27.07370589817895
13,18,206021.29162671184,62.714425156449344,27.13620746096219
13,19,180012.4418665601,75.42556589579446,27.228902277935887
13,20,180012.4418665601,75.42556589579446,27.228902277935887
13,21,240916.5151561563,44.18072005133803,27.196862728438546
13,22,189414.49165410886,67.65470398355475,27.217666229956798
13,23,213121.93775562532,68.71569931692771,27.06701811261493
13,24,230389.0126891984,53.04414229219333,27.100194730181876
13,25,230389.0126891984,53.04414229219333,27.100194730181876
13,26,180979.19595517628,87.89355586851315,27.13853349235854
13,27,206021.85941166832,61.66497926833274,27.105652506931172
13,28,218510.63154296638,54.0153426151481,27.15147827421442
13,29,247321.90626382746,44.18569574431243,27.150017762019466
13,30,221706.96062215575,69.83252079213194,27.063896194492145
13,31,293518.520149608,38.58977452889328,27.361911879127312
13,32,286269.4157545926,40.278627591753576,27.32301969194146
13,33,186494.18663448037,67.30344405910883,27.21772586518567
13,34,200254.21121431992,60.98747004438364,27.20892944707232
13,35,204847.92864982784,75.93252447000893,27.055053724700798
13,36,201870.72702021946,69.94916977631084,27.09146674687841
13,37,243060.81862868503,42.1993781964524,27.182310865570912
13,38,212652.97322849708,70.15778855816413,27.084192901510377
13,39,212652.97322849708,70.15778855816413,27.084192901510377
13,40,239899.7469863677,49.66289254764773,27.117350825176572
13,41,228641.27974369744,46.209113762602954,27.12353127005597
13,42,209831.29843677723,57.22319888234059,27.185698728399757
13,43,208145.83498359736,75.87032487335536,27.042851166632282
13,44,240566.84274764263,44.74132812902691,27.218714662924604
13,45,193402.2168380812,66.7599519985389,27.19597000510479
13,46,277812.26838920405,38.04719693172336,27.36483114984425
13,47,180220.81263149847,93.04533773718232,27.10149475344854
13,48,226964.08269593006,58.408591294450325,27.085759588076293
13,49,215612.75918289195,56.835592847228554,27.095359391037356
13,50,215612.75918289195,56.835592847228554,27.095359391037356
13,51,215612.75918289195,56.835592847228554,27.095359391037356
13,52,207088.18019426294,58.90154748724503,27.11842471743011
13,53,228414.82404923113,62.63295356750689,27.0756559457801
13,54,214282.066712445,51.2457354516948,27.161322173953536
13,55,199459.69654299007,66.05480334517351,27.120918798491793
13,56,213577.45809885985,56.14103189732536,27.17236453749498
13,57,206720.45102380146,68.4771472634035,27.09546124798922
13,58,229381.28714865076,56.26025272762831,27.107465125534432
13,59,181724.88433447562,75.80445503752814,27.22075619895677
13,60,181384.1851184055,75.90761103273591,27.10190325724765
13,61,187761.09770561982,69.73605579409444,27.212746456387194
13,62,278262.487242817,39.622777985980406,27.340410385127377
13,63,202984.2127152249,63.41654984670379,27.127581967382
13,64,193306.35956224968,69.31308042703107,27.1250754276943
13,65,173867.66082374475,82.17460773549529,27.185263870449425
13,66,225484.99984125834,47.81357573623807,27.16956228360086
13,67,226390.12902078673,72.50697971947655,27.04509553813878
13,68,226390.12902078673,72.50697971947655,27.04509553813878
13,69,194671.8558038429,67.5833771524528,27.16543574919912
13,70,173834.11248918404,90.10073147189873,27.16825438912648
13,71,200615.25168988341,62.522079207399855,27.13834994920957
13,72,211891.93940566244,88.84315273942545,27.03694918308029
13,73,227365.14948257056,56.54852287235852,27.129920159699793
13,74,225354.87668725863,45.82575074715069,27.236190771039375
13,75,195651.78913577384,64.07775735208439,27.164902512882605
13,76,202488.92195059024,78.7047067157509,27.048047966974607
13,77,196847.98647353338,68.12821129759722,27.10509001087035
13,78,238266.22058737566,62.14226687513185,27.07441641323127
13,79,209368.4749589136,57.874072224382274,27.17814220214641
13,80,197925.83448611991,78.66031726973698,27.05961156998456
13,81,219026.03222509765,64.63235668436033,27.09336463096117
13,82,207930.56586977252,56.50733767356464,27.18988988996899
13,83,214645.36607737874,67.43784555733296,27.090407927497097
13,84,225238.0638774822,46.83463875083602,27.20669741077569
13,85,200337.92194935566,56.95235509505324,27.219740245763163
13,86,211888.43944008244,58.70747512908972,27.114380029535383
13,87,210378.28178457072,81.92516714904343,27.038342030314006
13,88,202034.62283381296,89.60890662655251,27.050955430483434
13,89,195383.93488563088,66.52915751801532,27.141711511909087
13,90,187624.8158711726,69.82252866261288,27.173906209602833
13,91,187624.8158711726,69.82252866261288,27.173906209602833
13,92,210619.06014060648,58.178960569452926,27.143521632377265
13,93,174205.73123662715,78.16940352912374,27.162422419874723
13,94,187895.36245938521,78.79688705595836,27.096728833621235
13,95,187895.36245938521,78.79688705595836,27.096728833621235
13,96,196938.7225476449,62.2645004435241,27.141599539410954
13,97,215075.35506936198,76.31490326389775,26.973679933193296
13,98,207010.7665298091,71.3543265372745,27.066369832895433
13,99,184637.7064029699,77.37423590105499,27.098689284810227
13,100,173340.35022830463,81.37657215031133,27.225430996822553
13,101,180253.07698725502,75.94015071080136,27.21341903216895
13,102,192911.10154097807,61.16859326668959,27.226217476876215
13,103,184930.318917331,71.40620644902401,27.149099144152757
13,104,200956.55419431726,72.5885046380299,27.07207172225568
13,105,200956.55419431726,72.5885046380299,27.07207172225568
13,106,191745.3202197927,70.54532108128635,27.0884616104793
13,107,202541.16830279096,75.59825959594171,27.06054076227342
13,108,226054.62821183426,74.80784419313765,27.039422134163836
13,109,191846.72555203788,75.3638382225222,27.063432841246524
13,110,221372.29597858136,61.24465759318586,27.08675148817158
13,111,201153.81889623153,66.23397604054944,27.09736210721723
13,112,227774.1239341535,67.41435049618602,27.032015674563482
13,113,188651.58209033325,67.6914699668124,27.147464730722966
13,114,206472.56132166195,60.09848814410542,27.17333238164342
13,115,188201.06368016108,75.20283038022562,27.095673614397874
13,116,189551.53754393794,67.1332521078283,27.17173386704527
13,117,181887.65317899274,70.78067520839346,27.18448634242918
13,118,177285.9176258308,82.7001751777554,27.151542621782554
14,1,388579.81359460513,40.99391278727319,26.944550988503998
14,2,388579.81359460513,40.99391278727319,26.944550988503998
14,3,396815.2470119147,39.78558825620853,26.942305631697415
14,4,317020.9473019131,79.36338607620871,26.52944071818313
14,5,259443.9249085118,85.77153734030252,26.676891003487682
14,6,336187.715723682,43.06440547323375,26.632918632771734
14,7,327825.33838489046,47.22425199463475,26.609928533130038
14,8,327825.33838489046,47.22425199463475,26.609928533130038
14,9,327825.33838489046,47.22425199463475,26.609928533130038
14,10,278892.1664262142,60.98260662413147,26.6540573848185
14,11,312802.94258156564,50.186753962102834,26.60644270122843
14,12,273486.9122001884,64.98752802932604,26.6025581167684
14,13,296461.5819777464,66.9778202137477,26.529752834802515
14,14,278889.40976021293,62.38721217071848,26.608869686247097
14,15,278889.40976021293,62.38721217071848,26.608869686247097
14,16,327651.0375363029,48.08695429583795,26.600064478663043
14,17,327651.0375363029,48.08695429583795,26.600064478663043
14,18,327651.0375363029,48.08695429583795,26.600064478663043
14,19,271848.5040348813,73.0490341749709,26.588022668364843
14,20,286672.8716482496,61.988932605381905,26.57391808448311
14,21,282136.9366264027,66.27929465662878,26.556047763369648
14,22,280620.39787492703,66.40296150234492,26.574401191833672
14,23,317720.6744616465,49.79434250066617,26.610550840147404
14,24,297212.0183806193,52.89191735749151,26.643379940526316
14,25,308015.7597027198,49.853657324507495,26.63935746474783
14,26,308015.7597027198,49.853657324507495,26.63935746474783
14,27,313080.1011955556,50.62442456160558,26.563535467139246
14,28,270915.8268321895,75.1374585583206,26.583718950613843
14,29,318358.8134006299,49.991690339441355,26.605291864373335
14,30,279000.7463042768,61.81450875406159,26.611502855054
14,31,279000.7463042768,61.81450875406159,26.611502855054
14,32,319186.0824270842,45.39635565779622,26.642305621581727
14,33,323951.6747721736,48.72334393488636,26.600603039850434
14,34,265611.47773042106,68.83006150641839,26.61907603530568
14,35,326636.5672346864,48.19818976679012,26.611706445571073
14,36,347309.8718240806,46.56066573100217,26.60011809844395
14,37,301878.13417877554,61.39413148840953,26.542327292156585
14,38,316379.59939128434,48.211501340211775,26.623901695230884
14,39,283024.6638332985,61.32228757775307,26.639111159286124
14,40,350401.8574695396,41.34014617427764,26.656499978580378
14,41,350401.8574695396,41.34014617427764,26.656499978580378
14,42,300408.97287832334,52.87527924175092,26.633170853969204
14,43,265997.02073628886,77.28594460286907,26.580328951928934
14,44,271382.4611372862,79.46794977255014,26.568127396863417
14,45,303972.3827446172,51.865694009144555,26.550340897776678
14,46,354770.21212697966,42.83211506809545,26.651954582468797
14,47,289951.46817000944,57.3268712826385,26.584191372698264
14,48,293898.5941388203,58.86031805079479,26.544785062270243
14,49,276927.99036144884,67.28467017376069,26.567775624613326
14,50,299823.71063137345,55.59527918517775,26.60148150361487
14,51,298949.746174057,53.80773463410334,26.61595909511086
14,52,273225.10312401573,68.19899803088687,26.603773366683264
14,53,338043.190801601,47.71161079370503,26.59853846409137
14,54,318238.63791552075,49.36051227125523,26.610519520078036
14,55,282410.7975759571,66.08101660449226,26.57039080172588
14,56,283185.78333317826,61.9351169625313,26.611264815363235
14,57,329854.9493104744,43.89645234845801,26.63801905632171
14,58,264786.832169019,80.10285961460654,26.601229051342507
14,59,316591.5235603566,46.96507291663787,26.712382266058356
14,60,268077.94889435114,76.32794024747163,26.5720256923544
14,61,303748.4382082973,54.387148063558556,26.588931941747965
14,62,317347.5368676848,50.12390900729845,26.583929370883986
14,63,277351.50751668727,64.74432203666282,26.588463427335462
14,64,319240.4844999471,58.022579723696936,26.526395917425994
14,65,283151.68907847896,62.87314110594218,26.541187196719235
14,66,274451.27933502797,64.91691646802374,26.602858467652077
14,67,274451.27933502797,64.91691646802374,26.602858467652077
14,68,272972.20514668187,75.76681104452771,26.580505276713495
14,69,292149.0950298779,72.15965259646123,26.535999940372093
14,70,259496.25006153254,83.87068475077241,26.631151836639184
14,71,291572.1421083998,59.859813127034144,26.58206056857999
14,72,314810.84931770427,50.282812099060024,26.548994349628053
14,73,263423.645306074,78.24400894048307,26.616676371815863
14,74,328682.2804300671,45.887327311645606,26.603501643913262
14,75,310572.79698650923,48.73689210993449,26.61450462065168
14,76,318698.5340138451,49.62622648411057,26.553810550826903
14,77,300644.7945398622,51.227365581398814,26.64281232447925
14,78,300566.65417370904,54.77453340699023,26.56237160252831
14,79,261613.1110802522,73.68902712182938,26.6336800020365
14,80,344491.988213668,49.48579680614507,26.59550971122691
14,81,284599.51326219353,56.19577900440248,26.58495667142448
14,82,268144.0756209243,76.03567024753782,26.5720256923544
14,83,321173.64987901365,49.009611264988315,26.613841860585353
14,84,299593.95295056526,52.22513799670126,26.63426592783791
14,85,273611.1667790966,65.49802250480025,26.57706781458466
14,86,275979.23473005276,73.82248716289389,26.576553896774577
14,87,277757.6808976502,73.44441087138684,26.560767139419667
14,88,316021.8689044945,49.987595943483356,26.61297674413536
14,89,312166.32605866855,50.27240390268044,26.60251370371155
14,90,260622.64917374152,82.87670672142104,26.642458955471007
14,91,308747.06110237405,51.81991170384999,26.601163811491837
14,92,301845.46401360043,50.980999265184266,26.616580325420927
14,93,281250.7845827012,62.37774729960821,26.602080646322932
14,94,328113.6125018273,47.19120949306731,26.611599323079965
14,95,322083.04445840337,46.77290934825451,26.63003798831405
14,96,313041.53661597805,50.032710298306235,26.614340109950916
14,97,270157.1901293324,71.47850992760287,26.589766374845482
14,98,256447.90226886782,94.86480695742738,26.66554912696472
14,99,263434.24851128674,77.91056659179102,26.6124139603375
15,1,304557.808583417,34.75542359505801,26.997221845622825
15,2,300376.3285358108,32.230605859151765,27.01463185608965
15,3,300376.3285358108,32.230605859151765,27.01463185608965
15,4,222810.7170831158,71.63507164021101,26.657670692646235
15,5,191317.38114591563,88.07628378645882,26.854433029365126
15,6,275794.25925505353,37.665768958076775,27.09544581090954
15,7,255476.64721948266,40.410056275673355,26.840747085886747
15,8,274320.57993674127,38.29628793372384,27.092582396332517
15,9,195800.67221800136,80.27687964790361,26.764625022812922
15,10,220539.71048991795,85.26765454401335,26.69446807924581
15,11,295297.969427619,35.663661398036375,27.01965475345142
15,12,292222.858333569,36.249287955351484,27.032428264401446
15,13,221650.3793320401,65.03689374814385,26.669771658092692
15,14,278864.4733393993,37.74240591911269,27.048186126940948
15,15,210545.727404384,55.80972935020612,26.885459095321032
15,16,289455.9417066285,36.204907971908085,27.06103795165255
15,17,238744.5743803401,44.962139718877204,26.93309127416991
15,18,226287.0203631501,48.468679451525105,26.818375428956585
15,19,230213.88148086047,52.583254780603035,26.810424920674805
15,20,281549.2434282667,34.803968715684086,27.07654846261582
15,21,198682.60656298717,67.21023943863754,26.916694846451385
15,22,215646.01619599725,68.58312684573437,26.736453547503324
15,23,205620.7603410574,60.17154357826717,26.867395038766816
15,24,217544.41595182777,74.22624105014208,26.72510351722204
15,25,280662.7214005578,35.861642861070884,27.090793330984
15,26,194341.62468551667,69.86918685245989,26.864164577255742
15,27,285713.4467036554,37.05333935280096,27.061672493775575
15,28,198472.7815669712,67.51957483263287,26.850556186777133
15,29,193062.1643350665,76.42438450695077,26.819483530017706
15,30,202560.44471304736,78.9379827401768,26.787365483607367
15,31,286541.4580924923,37.012871563179324,26.989492422688976
15,32,277764.7296877673,36.21246389900762,27.07654846261582
15,33,250515.8983375426,50.15724458642486,26.792710286397764
15,34,241043.37131967142,61.149662696644185,26.705273870291244
15,35,275340.9453691852,38.623124624979255,26.98820877539444
15,36,231256.023190765,50.61150611679558,26.76336065991923
15,37,253799.6305567892,41.65211456165305,26.95586366404941
15,38,253979.39370253086,39.63979322024704,26.959455213003686
15,39,201939.15582308007,65.7386521536845,26.904788918653296
15,40,207801.3709850837,72.29756320832459,26.787653913905658
15,41,240333.19514613523,47.92658110467215,26.87427004396831
15,42,244117.20132439415,41.86217690776758,26.96714381988655
15,43,218415.74126293918,67.63229136926182,26.7301180174856
15,44,199577.9527694163,78.49622659217,26.81628218622231
15,45,243855.02690393504,59.31266802942179,26.723087211343078
15,46,249982.91953568673,42.00750015380528,26.951881942941938
15,47,216362.89840900773,54.249326869106895,26.91202004417076
15,48,236940.6669369544,47.51933237768069,26.895674479139593
15,49,192367.6145315813,85.37484917688195,26.80065547670761
15,50,247039.89706137398,44.3133408664938,26.943664699929435
15,51,214006.28772941767,75.23484290173894,26.751611263164783
15,52,236969.83749103168,45.24882941740097,26.97801394205628
15,53,191705.4166443579,85.88174839690934,26.8584017621887
15,54,229868.497504012,54.921584403845735,26.761414920727304
15,55,249861.23357740935,43.10116594804022,26.871465054370262
15,56,231884.61435197902,46.21415829493769,27.005726199140177
15,57,231884.61435197902,46.21415829493769,27.005726199140177
15,58,242854.26858003653,47.09185069236027,26.870396166391245
15,59,220711.63098455558,71.06882043598952,26.700757792886478
15,60,222875.04658037698,64.21137218216266,26.69454441087315
15,61,209615.73005086218,58.159784759221836,26.765248152679256
15,62,219283.03331677517,53.16457271555828,26.813453353133973
15,63,191835.01087173336,87.33424052139925,26.831474439337683
15,64,212682.21786089565,70.79574924976811,26.759506136727644
15,65,215232.6321278707,86.70004198349243,26.740607381200213
15,66,203671.08664023908,63.268082126971606,26.789906234928573
15,67,281325.60009387776,37.63021577234193,27.06699250084629
15,68,223866.14231785372,47.411943919970234,26.976189867984004
15,69,207447.8776174279,60.6797803734742,26.79407259594189
15,70,286336.9883044755,33.424612009951595,27.066143423474827
15,71,286336.9883044755,33.424612009951595,27.066143423474827
15,72,208136.82349669185,58.8183421486164,26.85725945495772
15,73,237675.621658717,45.535317552350286,26.89808611209684
15,74,237675.621658717,45.535317552350286,26.89808611209684
15,75,235480.20926221885,61.33715603643972,26.71793772831048
15,76,235480.20926221885,61.33715603643972,26.71793772831048
15,77,213811.88793633645,55.41568711761157,26.944283108255668
15,78,199762.09544407815,71.86689186035898,26.798126510404437
15,79,230912.87975413215,53.52241161787242,26.77953048323186
15,80,209585.92084064256,66.16347071107833,26.76223000152799
15,81,193485.149760228,74.73427813935507,26.835629640143253
15,82,221960.27907009778,55.081315558305704,26.769194921957457
15,83,232711.35547732122,47.76263269464249,26.94417263263417
15,84,234675.62221667753,62.76240248584616,26.723655180084158
15,85,241978.51790168943,44.37525096636396,26.914389080936623
15,86,253904.85901177296,39.41552412670024,26.96450285080953
15,87,207710.11062302883,56.25282883583729,26.998741838019377
15,88,217159.1060112395,48.160497558838955,26.82692972634033
15,89,225730.8480566516,61.26309193170609,26.74307723314879
15,90,208954.08468781234,61.026634337053665,26.774619611013392
15,91,200896.7506064044,65.80330613692713,26.955231398909127
15,92,242293.11011019416,44.03379833834029,26.96497595116341
15,93,221149.6600877835,62.524890761266064,26.739050346567957
15,94,281057.47913613694,38.26088448052389,26.97148087627273
15,95,201243.60045575234,70.02959054927564,26.793580494968722
15,96,225958.84434789146,57.54123915507321,26.75053552855924
15,97,199141.21041218287,65.36048224332974,26.971975221129995
15,98,213980.8158870311,56.507345341955855,26.799621342054607
15,99,193651.83937366007,70.70993041007706,26.839575409725597
15,100,208927.95708490588,77.14733881170763,26.77618396428401
15,101,208927.95708490588,77.14733881170763,26.77618396428401
15,102,248593.81720139252,44.34171398077093,26.8271276203469
15,103,216956.6199567027,57.334674099459086,26.778904983461857
15,104,252015.1113360245,47.99124564690115,26.793759936283394
15,105,222040.52343806962,53.82136674448086,26.791620448935802
15,106,230632.72807486504,56.323341936352875,26.729627653663798
15,107,220956.88357320733,61.665904387659175,26.754665292498437
15,108,214557.18169401045,54.940384318755655,26.93654532415308
15,109,215009.95563495567,63.104595661084645,26.748904951780872
15,110,222315.00496064714,55.50500849431711,26.75721937996198
15,111,247144.64790603402,43.32508211109193,26.87425155476813
15,112,220231.0615111696,57.336143953602914,26.776346030452117
15,113,221637.88653717382,61.348478376579,26.746247530948608
15,114,248418.41516926713,44.18302262204835,26.838892681711016
15,115,223274.35669099662,54.701092782032745,26.779363273723533
15,116,203358.6208392687,65.33791713465156,26.83186466378566
15,117,251835.7758412402,43.27111781766754,26.833143413289562
15,118,216752.30853350795,61.49865220553569,26.759069228430732
15,119,234760.68117050218,47.33524053954612,26.988278672198156
15,120,231652.83906970517,54.76555796820832,26.74257611240988
16,1,261542.94379029376,32.13404737020092,27.321135929681276
16,2,261542.94379029376,32.13404737020092,27.321135929681276
16,3,192885.8855876834,75.40203949354894,26.904419598067953
16,4,180050.9334353521,73.3593695125538,26.943804721196223
16,5,172905.02339946982,68.94286180644673,27.103338520055466
16,6,177665.80656782672,64.10995168437832,26.984344858025786
16,7,177665.80656782672,64.10995168437832,26.984344858025786
16,8,185806.64446893896,62.977584429712564,27.03818402357939
16,9,258580.48923596408,36.62773480904407,27.1970869999479
16,10,194818.25407103694,65.6895074402132,26.941338553025957
16,11,227505.91699239716,43.52665963077482,27.119086543534586
16,12,198640.51576197823,56.61310790428491,26.928042140417126
16,13,187786.13045340497,60.9866700044054,27.04397193074516
16,14,187786.13045340497,60.9866700044054,27.04397193074516
16,15,231108.55337298,38.14359514047424,27.25010338931685
16,16,175819.8914661972,67.43919331105245,26.999022656010062
16,17,200347.65589165356,59.691374108021805,26.92354066721513
16,18,222763.9631229685,43.988849691770525,27.049847115022054
16,19,196811.11342333513,50.58807604129484,27.06686601367563
16,20,201726.95616712986,58.828148844575615,26.916060536786752
16,21,205551.24735845637,59.68485965110854,26.90350764501141
16,22,231036.8054311222,39.01757012346822,27.263428618086664
16,23,230056.55865958997,39.862303381120995,27.197658544512983
16,24,227667.01033051877,40.432421037338976,27.272838561540922
16,25,217512.09394920664,41.540162343697766,27.181723323752898
16,26,216192.5452785009,43.788171873677356,27.17392436473257
16,27,194808.9005163327,64.11007446104341,26.9444599586118
16,28,229585.95832467233,40.88517775312477,27.213150506627414
16,29,193181.98364360293,67.48993580619171,26.908866124263938
16,30,195481.12155300798,57.823377573288475,26.935566207527202
16,31,219805.7935531435,43.5302892661198,27.15742092728493
16,32,231073.80439029977,39.7180480786737,27.208690333152198
16,33,211636.13690482662,58.64050671408084,26.90310020048156
16,34,215057.03533645193,56.03084713532698,26.903044079947
16,35,215057.03533645193,56.03084713532698,26.903044079947
16,36,222070.4742379441,54.27917570307371,26.957399977289263
16,37,224111.57730459515,41.06934693850342,27.17041434867199
16,38,233043.6457583742,52.52001876552161,26.929640810967605
16,39,231194.19976678735,39.211981974964154,27.220279039903417
16,40,231194.19976678735,39.211981974964154,27.220279039903417
16,41,228286.40276115588,43.49947405419693,27.09007562602747
16,42,228286.40276115588,43.49947405419693,27.09007562602747
16,43,222538.9813474716,41.191098248152976,27.178730570396077
16,44,232409.33176567836,37.799318917720555,27.231218439819926
16,45,232409.33176567836,37.799318917720555,27.231218439819926
16,46,232409.33176567836,37.799318917720555,27.231218439819926
16,47,232409.33176567836,37.799318917720555,27.231218439819926
16,48,232409.33176567836,37.799318917720555,27.231218439819926
16,49,232409.33176567836,37.799318917720555,27.231218439819926
16,50,241525.4014433274,42.97694702350508,27.045746639088435
16,51,240259.5693800477,37.598146979407296,27.214135989677487
16,52,240259.5693800477,37.598146979407296,27.214135989677487
16,53,240259.5693800477,37.598146979407296,27.214135989677487
16,54,194453.17284086568,61.17450861750536,26.9541183254872
16,55,194453.17284086568,61.17450861750536,26.9541183254872
16,56,230521.04562336893,53.859976208015915,26.935149757271034
16,57,233196.90174829992,48.23018100383886,26.94092535820561
16,58,236191.65977175912,37.73604556884903,27.224232041240036
16,59,195247.2851411006,61.04631952534383,26.949629426594235
16,60,246456.13881723554,37.976119385919105,27.169651184745945
16,61,192522.56874375744,55.048402282210304,26.990435460344827
16,62,200861.439600881,51.754514704809274,27.057181013760648
16,63,253477.57053930784,36.895185934807145,27.13784433913849
16,64,253477.57053930784,36.895185934807145,27.13784433913849
16,65,207402.1512725514,44.80796544894504,26.98743560201065
16,66,235700.72893727446,40.77642549187957,27.176954682706892
16,67,228203.1102833128,43.073335234262075,27.09675195771937
16,68,224862.0934350144,43.70960262404811,27.088559043035865
16,69,184937.33398896042,63.15637501778849,27.039139117440456
16,70,232184.24041605758,38.57406202621783,27.23207107521683
16,71,201004.40053968885,51.051020459292964,26.958550376869965
16,72,210775.79339967328,54.92230967523472,26.949529042179712
16,73,210775.79339967328,54.92230967523472,26.949529042179712
16,74,210775.79339967328,54.92230967523472,26.949529042179712
16,75,195545.05202945985,64.04787241888712,26.921251550947872
16,76,171961.21918759693,71.90910542030953,27.002937330651363
16,77,237877.4049858982,38.04296572171243,27.22338009641303
16,78,201263.78257617136,56.605117524482424,26.948040947279956
16,79,189261.40874211153,55.26601020211149,27.0301286367632
16,80,201116.16459608744,48.23865904536764,27.082321704389052
16,81,183614.50548372965,69.93060745057906,26.916562684940992
16,82,220747.64776070297,54.2843262289299,26.93495833000177
16,83,247021.91957888278,38.79120720850268,27.13807893100804
16,84,233260.5462031316,33.27150626973414,27.22598533586656
16,85,259543.21885758766,33.89672425992222,27.22585106540437
16,86,186640.3665794048,67.04114867247716,26.98289101183876
16,87,218770.1951709286,56.36170892095853,26.89028247697636
16,88,191355.68282767685,77.7461267140078,26.904419598067953
16,89,229775.07489068294,40.77944672038211,27.263428618086664
16,90,236407.7240001614,47.57243194203223,26.94021400630637
16,91,232269.9376903277,42.73389989448742,27.09402982034772
16,92,255508.58197284606,36.31397155477616,27.205513009592863
16,93,182851.99630436095,62.365183422796946,27.059299935736306
16,94,182851.99630436095,62.365183422796946,27.059299935736306
16,95,251009.8428652443,32.65269590069288,27.348447301322587
16,96,186050.86641391594,62.257983592655,27.159267914427666
16,97,242810.24105302215,40.350077179029505,27.092693977612917
16,98,240183.96274368512,41.564140766894205,27.115884954689705
16,99,170466.92607984183,72.99123927307149,27.09035902830705
16,100,210653.645580396,50.45326107499263,26.964315467733336
16,101,193126.68467322565,60.613150398658625,26.974254986659055
16,102,227789.31982654356,52.99243277990085,26.93807533478884
16,103,227789.31982654356,52.99243277990085,26.93807533478884
16,104,191530.34130138496,74.48249569591994,26.906959461104933
16,105,187169.01192188615,66.49899970044176,26.918987391302885
16,106,220553.0065953959,44.00376188227922,27.041336964732672
16,107,210587.47918269451,49.68502768178626,26.970685174982783
16,108,188607.27387397952,59.51286646193315,27.12943277582707
16,109,197368.8167762115,63.030820355829405,26.889183976896938
16,110,240951.25068273747,42.552823251090274,27.088226461366894
16,111,229127.32121717415,38.90620995025449,27.270968387049578
16,112,228678.84602079238,43.70901345919666,27.08647254993152
16,113,192300.86742978235,60.74904269849886,26.96105648582357
16,114,195512.20915604176,53.26401949250231,27.010971361838656
