Cluster,Solution,Distance,Turning,Elevation
1,1,1605.3906013322517,134.38195941221403,0.155803040386024
1,2,1246.0708655376834,99.07170279393458,0.27689634587476597
1,3,3767.7068456842394,21.239859182560746,0.5812318869274566
1,4,1989.0256683246075,85.23673283087888,0.14532346704311827
1,5,3747.7180139372176,21.13484732161186,0.5891087684882006
1,6,3731.0232764307448,21.440125499668003,0.5546163368783343
1,7,3654.885286853123,22.214573730744934,0.4855957493145109
1,8,3549.8119481522504,23.216233614341146,0.4578834318680567
1,9,3315.7236156737417,23.256946055163326,0.3821285189303456
1,10,2878.119039630697,26.189371323380357,0.3639119338428056
1,11,2634.8404403418313,26.486250306141716,0.20905613095804476
1,12,3294.0269753728408,24.11610907446603,0.42319785396957776
1,13,3555.456078068063,22.823701748184135,0.46493985194690346
1,14,3684.4933008988287,21.516033186159643,0.5593773588315347
1,15,1456.1065386808953,69.68765002137611,0.32384518194280965
1,16,3091.120944686681,25.628156332148958,0.27294667296658837
1,17,2974.3678618216695,25.31704956438366,0.3670609248616312
1,18,1603.8262117001382,62.233965544593396,0.34844152993061606
1,19,2309.5026413050155,30.11938785519987,0.24177208813875772
1,20,3396.846284618959,24.275365338771596,0.37739194134194953
1,21,2506.780120174496,30.96276530635241,0.21673741855481232
1,22,3216.1572973524867,24.45253415473536,0.30291378259517465
1,23,1489.3176517175427,68.511795546778,0.3495058702178735
1,24,2972.580466881215,25.387002670614528,0.3649919304344369
1,25,2495.232025864879,31.017236092742557,0.21673741855481232
1,26,2879.9064345711513,26.119418217149487,0.36598092826999995
1,27,3158.652473895287,25.118105234923064,0.29532228695025076
1,28,1405.0711343476212,78.2185916953769,0.28129320869184404
1,29,2414.251560057238,33.086089557315184,0.21451246927759549
1,30,1660.8678308877902,59.80247539286211,0.31428844953489055
1,31,3149.379850764102,24.868388743054176,0.3782589201878306
1,32,1259.8863828369178,92.09301358687591,0.27226523786789336
1,33,1304.739947827098,87.73241477947958,0.2707303644041712
1,34,1351.0426459622643,97.16120593477679,0.1918058219050618
1,35,1527.2628533779123,116.85929182017165,0.1621957408969923
1,36,1536.874564362398,67.90468896671747,0.2576765952155444
1,37,2232.6833450608065,32.00006555193708,0.23866862437257375
1,38,1419.4596402918094,74.54682062971088,0.2503318663274019
1,39,2337.4223974789006,38.40418584684016,0.1944164831328674
1,40,1336.4561777879683,84.18354508547182,0.299163051134121
1,41,1499.3612972693074,122.4775516588201,0.1634938918124451
1,42,1970.9240995787284,58.004377705725126,0.16439619135760886
1,43,1535.7869027256359,115.0516738571209,0.1595251735249139
1,44,1937.9391875975293,43.26861753290929,0.2186026614853791
1,45,2000.4752063383105,54.72891328190732,0.1721356528509954
1,46,1615.2957062789,130.12495560072392,0.15612442706568253
1,47,1641.81620678858,126.95608161051481,0.1518343220984928
1,48,1461.6564689394036,79.86966931982352,0.2417689886362009
1,49,1309.2456412025656,86.12605240210189,0.24711707427775131
1,50,3209.7400285498597,26.008841886487474,0.266819418418331
1,51,2384.544023448345,33.78208368738786,0.21451246927759549
1,52,2353.5255361783065,31.300047025102902,0.2234913420247917
1,53,2021.086805713111,39.18759853118177,0.22000150317081868
1,54,1399.9044183330466,80.46750158826312,0.26256418567814954
1,55,2275.0113058904226,34.81696066003366,0.20054072392810163
1,56,2167.533072227368,81.32075137493908,0.14935164481593866
1,57,2243.445615939679,30.82575584009837,0.22576674192540658
1,58,2100.037687958987,52.59031666348984,0.17497312223794204
1,59,1699.9129009009862,120.54546587310948,0.14993792407228845
1,60,1411.5725840119217,77.54248725748235,0.28129320869184404
1,61,1840.5012732292323,110.96095003464183,0.15026658403446724
1,62,1706.5967074869682,117.70431705196154,0.1501310966812337
1,63,1817.8718015792977,62.558005091550186,0.17804310687701452
1,64,1934.324461741435,41.8781040734456,0.22683486652517892
1,65,2074.6172856259827,36.77872429236796,0.22894768034434243
1,66,1385.2178154012026,76.68664745046549,0.2916193909858169
1,67,1607.7382420035692,131.91519480569434,0.15645869710529148
1,68,1343.0819035120282,84.56792109250584,0.2600495537418208
1,69,1507.470500626889,118.96890631872444,0.1646724112645952
1,70,2403.4214117682254,37.37986466836334,0.1952125996792642
1,71,1934.0813062611537,96.29192226292501,0.14694458999024995
1,72,1727.1998836905173,102.11936195351178,0.1562361076938661
1,73,1366.6495084426433,82.07568331405636,0.3096624015316092
1,74,1614.4220485895512,129.07404598454636,0.15665186971423672
1,75,1699.3359247913234,107.95268107972079,0.1543101315096056
1,76,1646.514898381801,125.23938882394494,0.15612442706568253
1,77,2189.5599599110246,47.88890109582261,0.18193015365971554
1,78,1659.471741657918,63.883491972101744,0.20754484404812068
1,79,1677.0257528820725,59.66187366465444,0.3094943083379089
1,80,1370.100681567699,100.23500245782257,0.1808834380414961
1,81,1535.126461102759,112.10562343117881,0.1626244337774505
1,82,1679.8651657766768,119.81004542222695,0.15652365564352344
1,83,1567.9986612437344,65.79511425581073,0.2698398609268988
1,84,1563.2384943942423,68.945003817636,0.19661572954619366
1,85,1637.0188085384536,64.96945331848924,0.18484779658309414
1,86,1446.8663521717003,74.02519197092064,0.24265127520199847
1,87,1485.0228687851995,73.97777518075206,0.23697802031541748
1,88,1304.2119184052274,89.84460700448498,0.2670891635483006
1,89,1505.2744377692131,72.80606239812585,0.2150879620031727
1,90,2067.578668319041,53.45933849489557,0.1748067571681613
1,91,1932.6007840237062,44.254770562389226,0.20327007779588335
1,92,1539.0035303381985,113.6392398976464,0.16056199174255958
1,93,1553.6950477305793,106.75979649183007,0.16291686856889775
1,94,2108.377544167126,36.213208259298014,0.23519378858648388
1,95,1390.227171933014,105.47790158915838,0.1773548950103514
1,96,1873.618454420459,41.19528304425887,0.2279171172278307
1,97,1918.5210100150748,94.88305752544323,0.1481872070241419
1,98,1540.674807722551,112.95888350736737,0.1605754789063507
1,99,2133.1790290551635,51.246764332388295,0.16369703626861742
1,100,1807.4982857355164,50.25810075655438,0.2024131363359789
1,101,2094.0176549057132,45.90519443296489,0.19245291501666806
1,102,1829.984280120894,46.427895878301314,0.21384017905724484
1,103,1887.459703435558,103.45202680235643,0.14798882786486267
1,104,1745.3434624909532,55.90159194854902,0.21633444418456982
1,105,1730.5840285926347,79.32954925031989,0.1580194645914279
1,106,2209.012291601098,35.84128183851047,0.19974460738170485
1,107,2231.2048176759813,81.05140717856507,0.14571922975131635
1,108,1854.4272821551674,60.795595980761014,0.16743854916668788
1,109,1855.010166136311,45.38859287117796,0.20824517056665393
1,110,1832.2904048847126,48.740721585644444,0.20379763705324372
1,111,1912.6339736919101,54.17809434260621,0.18067803975467633
1,112,2037.2884946104225,57.149615150864754,0.16085232806919514
1,113,1510.341654608482,75.66282507612713,0.1824170605005886
1,114,1391.893778569263,104.80096622974699,0.17827698632107492
1,115,1698.1475292259345,109.93122562699986,0.155571670789298
1,116,1718.5736113960972,59.23342739677915,0.19997557982791925
1,117,1860.939202925878,106.62090079256556,0.1522789328320524
1,118,2056.251224284223,53.77932688914405,0.16149920662717854
1,119,1735.7830058730008,61.46701526798687,0.18852633218644677
1,120,1924.5592007534033,86.79012195247309,0.15065767171389233
1,121,1298.1166996925015,90.0100272704511,0.2674659265818722
1,122,1673.0047825393965,123.14382332979228,0.15534436056381473
1,123,1955.461502494612,92.78440725346101,0.14641381651831686
1,124,1760.750244103328,99.73416525288226,0.1527351201630598
1,125,1419.3155960490462,76.25817714707227,0.26524609280691713
1,126,1347.1631549190931,83.20165460059268,0.298385590259274
1,127,1623.9936113831866,94.38962179871429,0.1586329692795605
1,128,1582.0724215950881,63.99272604341767,0.23565361851831135
1,129,2077.2318115540575,46.72091737991072,0.1934401968128423
1,130,1771.6350962756298,70.19462836939255,0.16390700993513896
1,131,2394.6728933411496,34.26340774947513,0.20824359954895932
1,132,2123.442481059148,56.53090874778889,0.15995065540412945
1,133,1905.4809823916028,67.26837826804454,0.16452440542832214
1,134,1316.8394380833463,85.77529163443836,0.27572311957748674
1,135,1953.4448086231068,90.29385143692502,0.1482775171582471
1,136,1515.7575890272676,71.45784250197393,0.187108566737896
1,137,3151.27691238448,24.83280088663906,0.38184552276437067
1,138,1796.02714577976,70.06554868800046,0.15789125052071462
1,139,1656.4811231039416,124.17935454156175,0.15585391019090444
1,140,2004.1913783860098,40.37415331255845,0.2114356590115758
1,141,1318.056017496611,85.60722409962916,0.26564456223241173
1,142,2131.277618635103,43.559407020081736,0.18994875763145735
1,143,1601.235454007591,71.52988393210038,0.17611617001046476
1,144,1663.6433102808544,64.31143816253385,0.19457272216554422
1,145,2348.7830755487125,38.87823466684176,0.19180270868813132
1,146,1537.8236403802846,69.4690218814178,0.20436497373215978
1,147,1490.2036735899803,74.60933773349697,0.1890623743726163
1,148,2200.5686695831514,34.69269659476996,0.22889460884245416
1,149,1883.6649079569195,49.472704738337086,0.20327007779588335
1,150,1284.912268852335,91.05371057975258,0.26667022937730245
1,151,1435.5437987548246,90.97100189550315,0.1807552239707828
1,152,1514.5562149551604,109.88862533405324,0.16627294167239448
1,153,2186.804196742156,60.208005857572964,0.15950153855323101
1,154,1510.1623427661282,70.71327204837232,0.2161382673846095
1,155,1991.8668898763674,40.60958119685051,0.21550115399298697
1,156,1872.666986949149,104.51043808976355,0.14851960133679576
1,157,2134.819861119562,49.342279155823434,0.18458595788044896
1,158,2147.4940686022824,40.049944883534906,0.18770814302765082
1,159,1839.8927802482235,83.3863768980928,0.15359084178073523
1,160,1917.7112035084754,50.59363083171034,0.19042492823688129
1,161,2075.5417009231155,47.10239150887087,0.19255755592937795
1,162,1443.5762100771258,81.95078692223741,0.22573824283089472
1,163,1720.0808469405563,71.741896077593,0.16684748290774642
1,164,1404.8676673237148,108.94963092468855,0.17722668093963811
1,165,1408.431146599443,101.25992055955442,0.17331939822002873
1,166,1414.0062482138803,86.48786514044026,0.22215164025435463
1,167,1515.229559605397,73.57003472637362,0.1834673658820254
1,168,1648.4349187719056,124.55510995767318,0.15229773593502038
1,169,1383.4563475701527,99.68265244874354,0.18585256024968722
1,170,1962.5321209018375,82.59459915705888,0.1511395576812422
1,171,1425.426500242914,99.5787938685033,0.18463384964520735
1,172,1769.904000917251,56.53404437669281,0.18295285099773473
1,173,1853.2401797108055,55.5613758294247,0.17525534962043388
1,174,1643.3052591890043,61.203037563700974,0.22079680349246367
1,175,2004.8299674479197,40.16907617833492,0.2247034697411241
1,176,1639.831091795819,128.0805376450929,0.15593125445673728
1,177,1892.4919556015166,93.42092260535551,0.15052945764317904
1,178,1558.550494196061,103.6536223610337,0.15876118335027378
1,179,1869.5805681827007,60.481075979978264,0.16655590828322353
1,180,1771.228364700432,94.06623245075436,0.15359084178073523
1,181,1576.8266629496788,66.06807295381647,0.22177217991245435
1,182,2045.7302062003885,40.24270301423968,0.20418960124390573
1,183,2036.589992457791,37.03817927959108,0.2244116618327876
2,1,1481.9235198351714,111.97411363611293,0.3456841374832642
2,2,4998.725067752838,29.789175233689633,1.10884870047866
2,3,1402.990647189261,106.25292152322251,0.35975372975851627
2,4,1651.5672965430665,87.9419224694833,0.28797786227274713
2,5,3873.1698327970234,31.49530663883229,0.611900342968454
2,6,4619.826780481558,31.470634450884955,0.764219410282756
2,7,4751.226857566242,30.907243575025163,0.7800682821358293
2,8,4748.6507736902895,30.50311137298406,0.9410565225481697
2,9,4691.507463558719,30.631717360460634,0.9414999067259373
2,10,3672.266061584981,34.26838919647549,0.546647415019212
2,11,3869.609149708387,32.90381853943308,0.6073965406279314
2,12,3758.6258434132196,36.71983225419694,0.46463904139394074
2,13,3285.375393306846,39.27824148733874,0.5786319015843979
2,14,3453.894110373169,35.16666191491855,0.4878167192132885
2,15,3631.139170019276,38.906944343746886,0.433047570661369
2,16,3081.4522660477473,48.16093710075595,0.3475095173470848
2,17,3224.9070697476823,40.503775945322495,0.5346415094423094
2,18,3442.8413562134915,35.92554103579893,0.5242711676736
2,19,1598.4804440715252,83.16696103228121,0.3136524935521372
2,20,3535.088454709377,37.77661928254168,0.442589732488905
2,21,1769.126000204853,77.90115791985293,0.32874724980030123
2,22,1645.1686519470888,79.45793592675595,0.33958359081701417
2,23,2688.95458708424,44.13921964335574,0.408961464551421
2,24,1458.0022517998354,102.32053076470552,0.3635119874744497
2,25,3442.9068502106156,36.62634588975058,0.5133064648896308
2,26,1585.9589102776633,89.90173824245014,0.29680427012823785
2,27,2007.576698804268,73.78236737359306,0.3231058753554308
2,28,2964.085493630258,45.44133339877966,0.3583551278805466
2,29,3245.264381370122,40.761730023578096,0.45881584906269524
2,30,2812.889906503647,61.878961541304896,0.3214940427396833
2,31,1712.0855349822932,84.19287178275026,0.3072033521440005
2,32,1580.2690759699349,86.310562443378,0.2993616017925902
2,33,3134.5038740493296,39.65232741350528,0.5857906140158029
2,34,3026.702399410469,41.60420673539611,0.4892572922242131
2,35,2656.43351602419,46.80065002199339,0.3692485277780335
2,36,3218.931376535453,42.21761325372032,0.43715223862824715
2,37,1962.4681257721036,77.13574951342605,0.3187990540005998
2,38,2279.0579571879875,55.28980932370142,0.3614350023755861
2,39,3394.6715009143745,36.925866108150444,0.5052001937450648
2,40,1481.9874224377154,96.84364235062708,0.3554232065844438
2,41,1980.7823618722452,75.07809026759583,0.32260171540606564
2,42,1569.5194010968503,87.3606675076362,0.3251690648911989
2,43,3509.372762631909,40.69699156192008,0.4428030815074848
2,44,2908.202453075862,57.63226319324831,0.32946845408069336
2,45,3170.1271405522475,45.03101099748488,0.3587384814169603
2,46,2729.2656918989323,42.35106469971666,0.409393677877123
2,47,3049.3294180714415,42.55646429279996,0.40045757818056416
2,48,2771.0464301667744,46.09376142586854,0.38099602909056074
2,49,1692.7358684226153,80.62642160522238,0.3243083636253026
2,50,1706.9638631397438,85.71789421734684,0.3066430161246032
2,51,1669.4346606367344,83.73681524469687,0.31196394254192583
2,52,2711.127299580954,43.43702631313793,0.3990678649639783
2,53,3138.7174753186027,41.353713451842204,0.578987047370287
2,54,1447.157456531955,104.11849023882732,0.3609666296242722
2,55,1809.4718574842339,73.13080758723082,0.3836900615773331
2,56,2147.1605081940875,59.607324787563634,0.38613362595677003
2,57,1772.3915591148118,75.73440609297911,0.3781878113628814
2,58,2166.5290096923995,56.80396092477985,0.394801974613312
2,59,1553.3781580870989,88.43323411421493,0.3273767595116297
2,60,1592.5411843349939,82.12128723538753,0.32636052778682156
2,61,1432.325235388447,105.93303137265332,0.372378468906863
2,62,1535.7185284015866,92.5537237243041,0.3041007000650353
2,63,2950.9863076011607,50.88660771808764,0.34800877268219566
2,64,2484.141867946131,48.20980849520952,0.415536174917019
2,65,1873.9899909881983,72.02424649856745,0.3301596971494689
2,66,2573.102948213759,63.93951826270144,0.3421312668516734
2,67,1543.9559531316982,91.51559110049588,0.30130807246876046
2,68,1445.660076572569,104.8560891062873,0.36437708904966826
2,69,1730.7673002733031,80.00426469984224,0.31933724723443646
2,70,1471.0959260595278,101.2644935741204,0.3635119874744497
2,71,2163.169274416902,58.75930980349488,0.40025288389226077
2,72,1967.3342542071637,68.60837800006337,0.4308484781323294
2,73,3279.068380140968,41.65984551810791,0.45056596608481314
2,74,2069.61939992128,65.31525985164897,0.37051811667312506
2,75,3305.9966264098734,40.05579221142154,0.49397122967518925
2,76,2542.505723050161,45.42014093119179,0.40334388561487344
2,77,3440.014274579008,36.860416498740165,0.5024923023117331
2,78,2067.334364643296,60.661385317523546,0.39100354376633106
2,79,2109.170044933483,63.18460191660123,0.3739265417443427
2,80,1433.6134385972764,105.22125094390674,0.34867572456254337
2,81,2050.89931520811,66.39319551136053,0.35901605305060613
2,82,2875.7644317575982,70.46821813109341,0.30771460792959004
2,83,2016.7697432313946,63.71222500644167,0.4162859109972814
2,84,1485.2353342015854,100.98557409333031,0.3266018520887499
2,85,3392.9708211169986,41.1814549903683,0.44657689058412586
2,86,1501.4826429110371,99.86459446826488,0.30436461493037115
2,87,2189.1664470418236,69.3770927351329,0.327242808961028
2,88,1525.8900977495343,95.71528104631842,0.30130807246876046
2,89,2499.822152473328,49.562469993402225,0.3834477866978716
2,90,2098.5870898033686,67.46367522589013,0.34005072038576856
2,91,1748.8544305936355,79.52329162467153,0.32589458385916714
2,92,2707.8117890878184,44.75517084724856,0.3985368615687115
2,93,1915.798051886845,68.0384064430143,0.4383300817113458
2,94,3386.463339358639,37.451983755125255,0.4732969937772076
2,95,2436.7693756295544,50.282737728350845,0.3853352825598826
2,96,2303.410895139796,65.99513046819789,0.34160761431514075
2,97,3428.400213266572,37.20508815444379,0.48182031268704506
2,98,3322.7135551915185,38.76743839245462,0.48940073538837936
2,99,1992.8860631379598,68.89930093932311,0.3505537568219914
2,100,1509.7712533950585,98.82837412098583,0.3050343633404218
2,101,2258.3904333219357,67.03562265043733,0.3431755011443869
2,102,3302.082855484413,40.229336539920425,0.47542707518024585
2,103,2644.454515434076,71.19640816134665,0.3199737417650823
2,104,1796.0106540336733,76.31779261489373,0.37535882789236297
2,105,2368.2827043867533,52.19945493313956,0.3788670322054415
2,106,3525.515442024923,40.238922834698016,0.4284827947556522
2,107,1490.2223058873246,99.93283969968604,0.33514361176666085
2,108,2240.8150005886487,56.12267510237941,0.3967317754903128
2,109,1512.6657013336835,97.80614806377095,0.2955589403871244
2,110,3348.1577629525623,40.029258712077635,0.46980811615829765
2,111,1494.4053946466718,102.00387766070047,0.3247048671694728
2,112,3366.8778476657326,38.951323052366064,0.4813101797808166
2,113,3447.9483896567754,36.01444614112152,0.4925391438506921
2,114,1844.4423776647818,72.74702833990939,0.3792992251843934
2,115,2114.9679455381097,62.64984846334644,0.34465375306968227
2,116,1827.7860935843753,71.07314834140062,0.3874927229827989
2,117,2849.431381080889,59.95660508926499,0.3308195000610006
2,118,3062.732181334577,49.23887276046752,0.33600745372456586
2,119,2203.9667496292313,72.24738211568241,0.32015369366597923
2,120,2352.5111881230064,54.33454101687011,0.3918773301101588
2,121,2222.3629047557806,58.44198670036379,0.3673847807620767
2,122,1828.5267960307312,76.44568977330708,0.3726033008615808
2,123,1530.7315567158473,93.6064581179484,0.2955589403871244
2,124,2352.7808151264126,52.18614739679244,0.41412110490067633
2,125,2905.9928748057077,54.73992779090077,0.3314311020134326
2,126,2326.040822639929,53.25328895255486,0.395866345553749
2,127,3360.439005330479,39.859270251201416,0.46683609333376097
2,128,2385.791449355061,65.74337487655316,0.33384976521184484
2,129,1897.4838157867036,70.0960656888445,0.43452742030588
2,130,2777.412625328393,52.91548480490647,0.3567719271140142
2,131,1543.7288473518886,93.09227727115537,0.3040627476880253
2,132,1549.4133220068572,89.41785103504039,0.3076928354775603
2,133,2386.063289541024,51.11835642271355,0.388396480889007
2,134,2017.7945850117903,69.84795638697099,0.350468124940047
2,135,2040.5732751203727,66.04160547370007,0.38910848435767065
2,136,2524.367330732183,46.50610254461306,0.3930180727017287
2,137,1658.2683926010036,81.0129932889749,0.3164801049863506
2,138,2600.4486495710753,48.93148685123168,0.3707790188257114
2,139,2359.4567920018667,51.525137747422136,0.388396480889007
2,140,1481.589824379888,98.64546342912885,0.35588884539340526
2,141,2211.5372561502145,58.116914514655825,0.38055984073778504
2,142,1861.0809439343939,75.20482368147741,0.3339623585549347
2,143,2113.2961246117347,61.110556840195564,0.3677531963730516
2,144,2455.489460342724,49.204802068639275,0.3968373461824015
2,145,2451.913674498737,49.85744133543049,0.3922136485210821
2,146,1519.5996840471107,95.66681679897154,0.30782699093669663
2,147,2622.231178127383,48.80620191057461,0.38174899488798175
2,148,1483.0872043392737,97.90786456166887,0.3524783859680092
2,149,2829.8865611611923,60.97037240263691,0.33808930474699395
2,150,2514.930846092986,46.390643233946435,0.40291167228917146
2,151,2132.016209324905,60.03262118048399,0.3792552599955705
2,152,1527.837108777222,94.62868417516331,0.3050343633404218
2,153,2130.112244407292,62.22455207042608,0.3515321190308818
2,154,2564.2882516064687,45.2948559905347,0.4143138616771438
2,155,1845.1122660136984,76.16733904649222,0.3409231340915717
2,156,2882.857357048636,53.93397594947239,0.3561593116557802
2,157,2618.0495147358038,55.73169789054669,0.3542825988827616
2,158,2418.630983311576,51.368699341772114,0.37500946964673787
2,159,2626.935979334702,64.90693290705521,0.3317093409689953
2,160,3426.289663445633,41.68656536064628,0.4251132169941627
2,161,2328.7199383364455,54.03272876413765,0.3926067020097186
2,162,1865.0818813008757,81.58558430824694,0.3029040332403241
2,163,1893.4556039730087,77.2443299111815,0.3151651498284309
2,164,2181.673308561582,56.37866453185948,0.4016803405745115
2,165,2253.439863090629,59.780546513251736,0.36727177969705593
2,166,2671.6762779077867,57.77808160206554,0.3387633240590233
2,167,3267.04690992643,40.636445082921014,0.4697858251249656
2,168,2831.6785816210345,55.76795706128414,0.3540164436238946
2,169,1724.4070282369507,81.57709415023662,0.3035328088534932
2,170,1562.2701892318398,89.45793185466569,0.30511073387422627
2,171,2260.529938005375,56.41217979911746,0.3553396402834679
2,172,2718.336613310852,62.42727893409482,0.3120860974847801
2,173,2044.3606141932694,67.51244431849615,0.350468124940047
2,174,2670.901836794902,45.14073226373439,0.42158596717926855
2,175,2645.4238186103357,53.46606064534474,0.35879167450158533
2,176,2772.1725689653617,70.23674815643328,0.31024184677180955
2,177,1645.22241016593,77.3750470368535,0.33500685226154303
2,178,3377.2144613647724,38.41266459105653,0.4895552391973226
2,179,2654.5972910326304,68.04093466827449,0.326072944456147
2,180,3255.7890615644533,44.91287858780429,0.38543667428467643
2,181,2895.8977682496925,50.932819565288646,0.34799152611973483
2,182,1598.3139025721996,81.11325733538949,0.3422970842827233
3,1,2384.7214024163595,68.37770899992557,0.18661393922786118
3,2,1271.3909445995407,102.95167359052755,0.30141125283170567
3,3,1316.1215494556504,103.42182849501026,0.25913550461430646
3,4,3236.185234021039,24.374412281571576,0.47825998396839253
3,5,3039.941045004504,24.545573223936525,0.4520691689509171
3,6,2947.852809664182,26.074790902775103,0.4272173284816887
3,7,1684.261274697876,49.18690092541541,0.3873003070322838
3,8,3032.5478470076646,24.56916920945695,0.43993576036000803
3,9,2717.4469571796612,26.676532762859008,0.3378374580827028
3,10,2862.6779266083677,26.568268341076692,0.4299238275752728
3,11,2839.9645390575706,49.98400238750785,0.21076156137366198
3,12,2699.0964193062905,26.713731078289474,0.36891157188090773
3,13,1285.703811904238,99.17577007392313,0.2682686120046114
3,14,1280.4909594542078,92.92035992888296,0.2687241405575769
3,15,1277.0473376873847,97.65256654598133,0.2851597990072072
3,16,2617.899525912312,27.69945177377365,0.34982660751603234
3,17,2940.4534285217906,49.594330105060784,0.21562445718953782
3,18,2489.9803883334916,47.22214455368737,0.21929195567727078
3,19,1346.7531034283463,79.37416851204789,0.27147499710552836
3,20,2409.530013936872,30.04171624363016,0.3518149431816404
3,21,2673.362209522983,50.71454818361048,0.20249149123316812
3,22,2178.436263225126,33.97579776865736,0.3391635742540018
3,23,2196.7413376631903,32.64851776459432,0.30982831413345835
3,24,2542.5284633365172,28.256682791305376,0.32366103140731894
3,25,2478.5731163031237,29.67728038741328,0.32366103140731894
3,26,2399.8462899764186,30.07300473508555,0.3344555974178718
3,27,2847.9036111972873,25.348289020861788,0.43648218237449043
3,28,1768.0243456551711,42.298789075199345,0.36123262361751785
3,29,2121.107742469162,63.48042948189047,0.18893802817003902
3,30,2447.591359956702,31.761191808138907,0.3141599387349494
3,31,1316.6567325532915,98.18782507830025,0.25537491955307345
3,32,2366.381081223373,31.313937234355745,0.35871209539562443
3,33,2338.495585535299,59.08103976867869,0.19137425629594773
3,34,1547.0330426727792,56.946623792176844,0.24185988106434664
3,35,1473.3369405321394,67.12142648118142,0.2244306970672234
3,36,2043.834105230881,38.2992745110726,0.28705254853162643
3,37,2280.022898287294,55.68928815514467,0.1950462688610486
3,38,1930.1149832056508,36.29335432801174,0.31690241407682507
3,39,2151.978403991042,63.05992985137024,0.19772707062744388
3,40,2517.465211917985,46.35642191127181,0.24596009847958555
3,41,1928.1561878254224,37.27106107568245,0.32200952674106986
3,42,1316.4629220262589,88.75374090295888,0.26671248282532645
3,43,1797.260233475335,42.353515045707816,0.3571498119069716
3,44,1426.2118798943009,69.80807217834462,0.2483714538361923
3,45,1620.3268759250348,70.86797419450272,0.20541001217602783
3,46,2635.755682931374,27.418039306479645,0.3279227851002098
3,47,1455.526386381313,73.3571632701193,0.22235954308892758
3,48,2651.2822373681656,52.959397530779206,0.20985299208244612
3,49,1892.2236859917055,46.65894613792266,0.23903491157200918
3,50,2530.618405983415,28.25999832536112,0.3075084129313552
3,51,2132.7314738205578,34.366063851396795,0.3067730697138167
3,52,2320.7421679247327,49.571409005717314,0.21728801585602042
3,53,2168.8475021660865,34.49449034471672,0.30337923742322914
3,54,1797.5102902315089,56.30629992555276,0.22044074665063462
3,55,1863.5970980889995,39.3050566323974,0.3323587877958367
3,56,2123.047749860104,35.43572473304298,0.28941372395004805
3,57,1520.7297420258508,61.88108147098454,0.25192204665975027
3,58,1507.359801657308,74.38406847991148,0.21347992558523643
3,59,1831.7926276162711,52.44571461075484,0.23614955293236406
3,60,1355.984133714325,76.7867925636732,0.3033252554359436
3,61,1954.4865875490923,38.68997370683676,0.29833947596245025
3,62,1656.2084037919965,54.79962021460905,0.2572156026864789
3,63,1429.0909645145357,83.39258543003182,0.23013617596659586
3,64,1410.9593770122374,84.42965526305431,0.23050540538798714
3,65,2079.631651694784,42.99966340214896,0.24664426377507453
3,66,1520.919952270541,59.777145033292676,0.2544781483536447
3,67,1397.9762604223536,85.4418064510438,0.23321929478904124
3,68,1343.916581156861,80.15795995904233,0.2512653274729644
3,69,2345.2535306225573,55.480684196594325,0.1939230333880566
3,70,1711.979943728339,58.6077537847333,0.22433145770369123
3,71,1290.550549149331,90.82560196197086,0.2678564294327508
3,72,2363.318998129741,31.780298286469534,0.34609364280503385
3,73,2460.8097288600693,52.08467279370788,0.2148608290436087
3,74,1879.9388727776204,43.54039790731121,0.27551960259815544
3,75,2056.3664376470733,40.401994897257445,0.2801693690003937
3,76,1387.7362477184852,81.29039641525169,0.23493064978647737
3,77,1700.8895902498764,45.73034489805212,0.3084809622436744
3,78,1914.4235762306448,40.5691936410603,0.29128700748809067
3,79,1466.331201546476,80.7151177768312,0.20911175520160086
3,80,1596.3512113742051,66.15002526761185,0.2137953654637741
3,81,2027.5270785454836,41.01389710527042,0.27993264068194534
3,82,1312.7160127554757,87.2211622580093,0.30083309765345945
3,83,1338.1485340195084,80.954691447389,0.2999316634652338
3,84,1777.046239392879,48.749081983572616,0.250269693119737
3,85,2231.5871891641254,53.9571174775356,0.21292318869107163
3,86,1326.1405876247243,89.56783794201714,0.2501075672511952
3,87,1311.3851970575,91.90160814201724,0.2646413288470306
3,88,1389.7811980318006,78.07298273583814,0.24433188235922643
3,89,2009.0969802302097,33.70313018813947,0.34508119006522264
3,90,1754.7522833655755,53.649443923707146,0.22818658638918166
3,91,1468.5298418950008,63.982737286085666,0.22941818704949313
3,92,1942.9288918472062,44.973079464925824,0.24853600424437872
3,93,2250.0443955600663,32.470397259041754,0.32246420178810453
3,94,1392.6292036079706,74.99429122992122,0.24724821836320032
3,95,1846.3886868573363,63.95909489996869,0.19378820607128588
3,96,1726.9644119056436,51.30779144796976,0.2818342867658963
3,97,1785.9354666685788,42.29218833843634,0.3598637013080257
3,98,1705.9030670774612,62.302818208947784,0.20438048496300354
3,99,1450.5445216549488,72.30405399797303,0.2252984081920495
3,100,1290.149464290433,90.84564453171741,0.26933961497104164
3,101,1285.568684422967,89.7724926898246,0.2707952945358727
3,102,2324.060762771679,31.606784719740137,0.3501867647492176
3,103,1511.620274686244,62.88465784209848,0.2620332026501657
3,104,2005.0672020511226,39.96084512226302,0.2812754844899814
3,105,1752.389844662206,45.12798587810553,0.34683551978736915
3,106,1688.7187259454856,66.80799884579022,0.2018883271805194
3,107,1717.4154959659536,51.54226787952158,0.29475953688471535
3,108,1762.8910789258125,42.432839738910396,0.33516437933167254
3,109,2645.4394068918277,27.386750815024254,0.3452821308639784
3,110,2409.3882736172886,33.68349336092808,0.28483866021555926
3,111,1397.7069285767295,71.84642399086287,0.24931937234149615
3,112,1387.9365580550088,74.12982671391106,0.2831695051672867
3,113,1708.7841325757977,45.185666664213166,0.325663286659303
3,114,2186.35159633947,56.486984923830505,0.21889902704174702
3,115,1993.5879009821938,34.57956085765117,0.3287967300123853
3,116,1609.3343279640894,65.13787407962238,0.21108147606271999
3,117,1670.8076049320778,66.81459944466646,0.20325724949001156
3,118,1957.4699189466887,37.255832551021676,0.3156988217262189
3,119,1382.8588330862497,77.27769395296939,0.28109835118899085
3,120,1981.3204336038646,37.87486974459656,0.3119100466142335
3,121,1628.9221272416587,59.62890673846959,0.23468482076539843
3,122,1631.841021059407,54.245699296836854,0.2611139978809973
3,123,1453.100558376311,69.11169829575446,0.23135715590067107
3,124,1970.0620743182558,44.620174595544846,0.2748689327282108
3,125,1303.1191933620294,87.71866994704011,0.2771196449696305
3,126,1367.0233397732995,86.42975144666669,0.24611298724057917
3,127,2258.4243623887955,33.887591108497354,0.3016358213585839
3,128,1653.9095522113648,65.68175514292611,0.2065332476490198
3,129,2067.456006903235,44.05337097438257,0.25136750386964124
3,130,1561.1666883119044,78.23609332444495,0.20141107121378354
3,131,1538.7918864963885,59.08597695655525,0.27900044898185783
3,132,1770.4296929309023,72.88089607872354,0.19558031441072643
3,133,2481.8002733485437,29.852130266409464,0.2980914918602302
3,134,2098.306973917312,36.592896832705314,0.27752254295168655
3,135,2145.6811612677648,60.522956675367524,0.2004174387378086
3,136,2075.758562148875,34.97329631313735,0.31615421400320187
3,137,2092.396582926362,36.78295337217384,0.31026066161057386
3,138,1745.0043063675746,53.60787046684617,0.24779651705028627
3,139,2278.541075978931,32.43166450278415,0.32977239258036306
3,140,2385.972800259997,49.362805047166965,0.21616478038302844
3,141,2093.911812218244,39.56625059588159,0.2650734007178954
3,142,1592.8900808850412,66.9210356173183,0.22397259349069643
3,143,1384.8312554697227,75.57755004896335,0.28169462013749325
3,144,1601.1630947894216,61.08382277462703,0.22441047796445446
3,145,2372.8687778837275,52.508094841138956,0.21254621271025087
3,146,1622.386389472098,52.76645839196094,0.2960392682288209
3,147,1581.2697602806784,52.798289719178435,0.26385763804432827
3,148,1900.3796411990775,41.442800632139516,0.2888383832900807
3,149,1329.859736845196,87.6768643802312,0.27037059067603053
3,150,1455.2760989734961,71.28144490822926,0.22507343248998168
3,151,1277.5674325594468,91.83775314996034,0.2705703188338049
3,152,1615.9390106517747,60.64105792645907,0.23739871016645253
3,153,1374.753131128601,82.30254760324117,0.23764453918753148
3,154,1817.9001817756125,44.348120144352926,0.2838262443258124
3,155,1648.772057963908,55.06646106758392,0.24093498368985422
3,156,1902.0278969417495,42.48936616060224,0.27551960259815544
3,157,1566.0156289982724,74.4761025602745,0.21183326552949566
3,158,1739.154709243601,51.434891081293316,0.2669534236772968
3,159,1571.7354648883008,56.001876086624335,0.2784109804073758
3,160,1643.5710455719884,60.98953986873719,0.23307923304270162
3,161,1869.0894260967088,43.53884340358753,0.2940643204629403
3,162,1770.9819704661213,46.08427574042809,0.2821424304781779
3,163,2034.1663777370288,36.84935781727733,0.30891301574065366
3,164,1430.3871628179172,72.22117418683406,0.2333688136329215
3,165,1447.5237503062297,83.88495241588085,0.21088107437131498
3,166,1660.075638259097,57.59182779160762,0.22902745337493613
3,167,2037.3169412863253,41.73093103347325,0.2743192188108097
3,168,1920.1207196076411,39.38728786238892,0.29133140028537596
3,169,1513.6926381406815,62.082185400721876,0.24516777222501673
3,170,1651.7097013612579,52.043146475427825,0.3141852160698697
3,171,1526.7089334001055,61.07569970890898,0.24073664559135466
3,172,2109.6436678800815,36.21272458135493,0.29262665332220905
3,173,1369.2080002803564,77.26832453681999,0.2954723082681596
3,174,2108.9399320670755,41.073974607908944,0.2610004381188844
3,175,1684.9705402502989,60.45104762818928,0.21164407685233755
3,176,1397.7824498953205,76.00772227570239,0.24455685806129424
3,177,2689.412695345837,26.745019569744866,0.3515522261171391
3,178,2266.967710476759,56.752670551226316,0.19518785987930443
3,179,1572.2760097279465,68.05171917313986,0.21927101601033883
3,180,1852.905850801892,60.52743837756804,0.20652153579210264
3,181,1399.2346896378513,73.26193597909439,0.2380656253123412
3,182,1398.5463864278402,76.4560324173961,0.23110180540916758
3,183,1847.6786788375016,45.29285052893656,0.26158738329212383
3,184,1968.143304402604,52.202251671758965,0.2385345910468608
3,185,1900.944323732229,41.15588256803225,0.312471287443163
3,186,1788.5287733137416,69.43550088492994,0.19931013694834476
4,1,1386.2911030882253,113.83766169606535,0.3748920116488268
4,2,5013.716913728537,28.816628474567047,1.386766730085652
4,3,5410.946519245023,27.250981069165626,1.2890460250695899
4,4,1742.7800405279536,96.79998659827439,0.3102701028055943
4,5,3675.387219806097,29.291469758165345,0.9869706801717033
4,6,5257.246653919085,28.617547012808096,1.242772960138753
4,7,3511.420508395767,30.170967320650558,0.9047274468631219
4,8,3407.007333709878,31.909245234186596,0.8391261962309375
4,9,5327.899155280131,28.007496128394635,1.2890460250695899
4,10,3311.110598477659,33.603086945424415,0.8054875445340937
4,11,2823.0571574160845,38.00341396645145,0.6752959095462341
4,12,3645.1956107634214,34.676211505097285,0.7463879447630486
4,13,5198.733668455813,28.81696264604645,1.2647391995225004
4,14,3017.607750927381,35.09994853073345,0.7593374153729915
4,15,3286.0754514067467,34.521334318806566,0.8211370190305818
4,16,2997.480071908719,37.319602129712436,0.7275606019322307
4,17,3146.9528542992393,40.8487678859393,0.5114542796932842
4,18,3119.877554852937,42.4486931573348,0.5052576884258233
4,19,3436.620813273274,36.70011863013392,0.6219009886844784
4,20,5320.881195134306,28.215038575521632,1.2844460395905504
4,21,2873.2474568581174,40.364252588589835,0.6151320898723984
4,22,2825.7064839444347,37.675531830842644,0.6633359403226411
4,23,3055.5841519845007,52.99277256912262,0.40692203532213433
4,24,2746.1825521254614,38.57785774574571,0.6331497892218412
4,25,2437.03606993728,46.283519566092316,0.4959353640844757
4,26,2589.799529123186,41.68352842901244,0.5760789991678035
4,27,2473.4662443186826,44.795864173696394,0.5508380599317757
4,28,2695.8287076933607,61.61660245368382,0.39591642961537055
4,29,2258.740244169897,60.55243479766648,0.4151161235565137
4,30,1515.115567257952,98.61148080290033,0.3413648736334931
4,31,2336.953797158008,48.96278776673867,0.4863445638648667
4,32,2608.357726270946,40.87316872421077,0.5615202801731645
4,33,2965.574327843631,36.628611786465505,0.7573851655670811
4,34,2927.037283640957,47.67577951398505,0.4565486647875776
4,35,1474.8079428377973,97.78959953546472,0.35306817743994934
4,36,2590.074084261566,50.09643776069096,0.45256013046172505
4,37,3397.2047299295673,40.530676493893765,0.5913135900290474
4,38,2230.9164230654874,57.94902711239757,0.4228953274632641
4,39,2251.1744598577393,52.638170094701636,0.5528424135009811
4,40,1461.9779288425436,99.87306285029445,0.3620140390775415
4,41,1851.1232235030263,68.05089693536449,0.39427712706417317
4,42,2140.0533681184284,69.20257268150141,0.37303076303892446
4,43,1432.7704178171816,103.49153669171567,0.36532985762015535
4,44,2209.8917967942352,53.84235614882774,0.5398944116399864
4,45,1687.6210019045016,78.23755267065665,0.37359878905246724
4,46,2556.083614873748,52.19630252604138,0.4436142688241329
4,47,1828.9641689942337,86.12615291084126,0.3170316855697646
4,48,2454.8759010047033,45.41859358099331,0.5177996518695611
4,49,1593.3759788440175,94.13944852633492,0.3317933174290051
4,50,3025.9936575496995,42.80711741339465,0.46917683845512137
4,51,2418.473057216737,66.56493100223442,0.3662805663912412
4,52,1978.0752991167176,79.20554746211562,0.35385497042316594
4,53,2391.503953363352,47.01841878325096,0.5766144816605436
4,54,1511.6407412071055,91.05359275346525,0.36204495584521545
4,55,2709.7517369817842,40.49177091659728,0.6577783531983368
4,56,1471.983957514375,96.1808879355991,0.35728378914743963
4,57,1937.3669233794678,65.15945376569222,0.44031758363684936
4,58,1560.5131508319691,108.90735788599135,0.3305829117128969
4,59,1541.3854698071439,86.8628236949324,0.38079158075431074
4,60,1526.8465821323307,111.03420599005821,0.32984675593021073
4,61,2189.5937144470768,62.15885017767186,0.41778623453813246
4,62,1737.2209114505758,92.2262983684297,0.32163080711075587
4,63,1426.1177663974047,113.27543465131691,0.3493291721498917
4,64,1488.3028982518601,95.18479013411108,0.35123745292187003
4,65,2727.3432473666794,40.04467529972025,0.6489548842850734
4,66,2114.560441883572,56.137354981115465,0.43477483505971115
4,67,1873.3562694174402,63.343544246794195,0.47197129768274415
4,68,3305.540263375924,40.56852658207111,0.5671911797001332
4,69,1668.4335573636768,89.04000154832971,0.32697292652554744
4,70,2802.6426647088037,39.3833981122402,0.6290890147007939
4,71,1419.0544162485598,106.01022106337957,0.36969767990206215
4,72,2303.723481509445,50.97561543306216,0.5895424590411746
4,73,1642.709691563382,88.43927045928193,0.3549906290110467
4,74,2297.746126865759,54.45075021290827,0.47838259818492723
4,75,1454.3641134336197,100.34903806521102,0.35728378914743963
4,76,2165.958116782485,67.16806348909853,0.3986074901394634
4,77,2622.5903512635996,57.13393309267827,0.4231041467830945
4,78,1707.9188596917904,85.78011318695843,0.3503154487889706
4,79,1625.4362432451117,81.24477537472343,0.3797873657010893
4,80,2024.2727145797785,58.83312291125399,0.4646040373751017
4,81,1431.1472020776603,112.19852196030385,0.3541971281851435
4,82,2660.5181752700614,48.801222028501215,0.46255288424532814
4,83,2080.435395369363,73.90523910629982,0.357958658892537
4,84,1443.1244868661743,102.3588628103369,0.3668459431761111
4,85,5253.151002663421,28.74956666285992,1.2476843698394102
4,86,2936.2486426663477,37.35704681360998,0.7336243729910219
4,87,1998.5597395805478,77.6970879330126,0.3419704561751633
4,88,2185.1763838983743,54.650962357036306,0.5420004360456989
4,89,1771.4610569048969,92.32864375136566,0.3168048671329853
4,90,1757.7495879039755,71.49979390901188,0.39785110193434114
4,91,1975.5344520656765,80.84306486005542,0.33487258239129325
4,92,1655.3664335530975,93.21792128189094,0.3248971338180393
4,93,2322.2210128821175,57.335896457383434,0.43389801176939535
4,94,2958.4089095503273,50.373811522976,0.43192832620098365
4,95,1788.8057552534558,75.34355923465186,0.3907570510998024
4,96,1594.3512760462356,82.24435624393028,0.39222710566939334
4,97,2891.1576511406165,43.90967587233875,0.4975877835071376
4,98,2400.853213135981,70.73308113184632,0.3662805663912412
4,99,1879.9862233988317,65.5504017301865,0.44653464744315663
4,100,1853.2944062251772,73.21917410440582,0.38858090255878786
4,101,1954.4850936706262,82.9317343306962,0.33955276986860206
4,102,1399.121117083479,111.75419838123562,0.36594615001123465
4,103,2990.6094749145436,35.710364413083354,0.741735691070593
4,104,3403.8220520795185,39.024155960897986,0.6210153383090766
4,105,2500.546636806489,42.68090426439744,0.5279708551575748
4,106,1853.0497168921397,74.27651135601036,0.3865051098512797
4,107,1815.9989984133015,64.1852290830985,0.4599175735547991
4,108,2446.4679683058453,45.40628005604629,0.5332363356293772
4,109,2010.309860607073,59.82250823966276,0.5216508967097564
4,110,1403.9109471689808,109.66951156645345,0.3748920116488268
4,111,2172.4433187242917,55.824735204894765,0.5634250374857874
4,112,1920.3665344524468,65.87375078588403,0.4264494589444663
4,113,2511.3631635050174,53.74295740873976,0.46698433372105974
4,114,2564.764382052274,42.601775802394585,0.5917284736642916
4,115,1952.3313906594801,76.83488547070652,0.3737279293152991
4,116,1767.325504139347,83.54563809016963,0.34823965608146246
4,117,1444.6813065635033,104.13314272751708,0.3504618753320532
4,118,2012.697979748609,59.39585653494187,0.41901989698765796
4,119,2103.774102501969,73.62313705210647,0.3750336583323257
4,120,2360.4059742245554,71.21986041752155,0.3681112909093205
4,121,1452.7155997681034,101.40351916693128,0.360647396376125
4,122,2042.9162830966611,77.39159214920112,0.35886252614028
4,123,2284.7875333902507,51.054004397974495,0.501692278123107
4,124,3006.7814761895797,37.31960210725973,0.7334441269154066
4,125,2673.4159153645023,47.01669413977287,0.4655641443801546
4,126,2757.9690380120096,39.80490389434188,0.632228181434785
4,127,2283.7494681268004,54.879943767768175,0.49828931874413307
4,128,1902.867987447296,59.98986103857777,0.48130599539323704
4,129,2392.5602496346905,48.62633144112793,0.5112865989125002
4,130,3003.4993711885727,43.594797633914,0.4545694359636503
4,131,1496.4972721275265,94.71288325653914,0.3672392875919801
4,132,1631.8574548678366,79.64132388250673,0.37152522417311395
4,133,1498.8107272118518,93.137056068295,0.3709908174828076
4,134,2163.1694964648987,64.01721019765749,0.41252614112326036
4,135,1524.9353557984978,90.60840596691166,0.35767713356330866
4,136,2486.0582169717104,60.2155941942031,0.40030188101012065
4,137,2337.0152441347227,56.604863593565796,0.42828107919531355
4,138,1737.9147930505087,84.85961950289723,0.34309436682696237
4,139,2130.815439900203,64.46335118314623,0.39868130766482146
4,140,1846.756249015922,68.8551535574835,0.40718579964483403
4,141,2884.202600793716,45.15264147094198,0.47425346005998925
4,142,1627.084756910628,80.19029427300318,0.37642375847240395
4,143,1414.264586163058,108.09490787816175,0.36075181826447
4,144,1842.142169462129,85.220349468428,0.3405357286632995
4,145,1607.1315598357105,87.63941148173879,0.36528915161663456
4,146,1695.4590564169291,72.4081754861909,0.4030894268137768
4,147,2041.7249276670095,75.95177716502734,0.3753217631217307
4,148,1777.757348079665,70.08867388460204,0.42605593139834674
4,149,2788.3688699774348,40.496121771009044,0.6030901680072045
4,150,1729.3755088102137,68.86362721688478,0.4453553058061548
4,151,1539.7369561416276,87.91730479665266,0.3841551879829961
4,152,1401.4345721678044,110.17837119299146,0.36969767990206215
4,153,1755.781658568131,76.38317576252963,0.39890523423156843
4,154,1488.4101096601437,102.12492831030659,0.33936865239284764
4,155,1586.4154132767578,84.31073266157802,0.37152522417311395
4,156,1658.568231096292,90.00760286898979,0.34929186243775057
4,157,2355.0592891584106,51.76192695828942,0.4725331144329825
4,158,2523.5794456600715,52.990736955565296,0.4564577162406689
4,159,2973.1052206079803,44.07940173289243,0.4545694359636503
4,160,2398.1235999146993,50.95946887238878,0.4837764132340592
4,161,2059.337910228869,75.04848013040315,0.380978225146416
4,162,1866.1477783237078,63.745905939130495,0.4487346296828516
4,163,1555.1014713757659,84.3441393232685,0.37642375847240395
4,164,2381.533423543055,48.06711334074783,0.5134306694161967
4,165,1427.4042786232496,107.03332988654209,0.36165161142934643
4,166,1777.4356848358664,70.12613877037587,0.41989179354590256
4,167,2200.1042256357487,63.569905595281114,0.4011239856832436
4,168,1922.7319156886144,62.05415957930657,0.4550132371554927
4,169,2976.5792811031174,56.97951857836879,0.4276314236202179
4,170,1690.856362905757,76.08717029047907,0.4106692092592663
4,171,2377.793014100813,51.53264829787536,0.4859089091155848
4,172,1578.1329949127244,104.73920775637944,0.3305829117128969
4,173,1611.8915821478186,89.50083303695241,0.3522532369548994
4,174,2345.626199886056,55.510093627351466,0.4418172130892071
4,175,1534.4628832854241,110.03813107540708,0.32705459260246705
4,176,1656.60267992547,83.6001136608886,0.36448201344977527
4,177,2798.7237839452287,39.76233595102789,0.6290890147007939
4,178,1864.1731205268143,80.71186701863405,0.3506479001459031
4,179,2572.751211688643,45.23969686805053,0.520362451311259
4,180,1567.7472082091151,82.27115171760427,0.3784995511799121
4,181,1906.3748301256264,65.20578398110406,0.43338507885370525
4,182,1799.4096430929371,87.6816158918525,0.3395121423120795
4,183,1427.9805877316799,105.57622350649784,0.3563839959825632
4,184,2570.613815900397,55.157232856164256,0.43162576785280926
4,185,1620.6265152497733,85.03460208038517,0.36345842709855525
4,186,2669.9183680985893,64.42376627327108,0.38273473121857116
5,1,1290.3700670976036,123.45621420937347,0.3770188296921013
5,2,4997.0980213809235,27.810418333752317,1.0520250034067118
5,3,1507.9126021889074,94.80593003536202,0.3257396533685224
5,4,3374.8195432950106,29.151658828770934,0.6346728297211932
5,5,3555.867246832919,27.86752170403732,0.5239965753359925
5,6,3325.7232305068665,29.56055560983058,0.6334815718440829
5,7,2993.068847453133,32.78508182765213,0.5801055476125967
5,8,2102.238694328238,48.620703539527206,0.5509597019944756
5,9,3190.607118072887,31.96199630114117,0.5254047588705326
5,10,2138.6717442924823,48.569729101569045,0.5919026477575038
5,11,1377.8861658294152,106.57125816013638,0.3531774150314888
5,12,1601.8050054259988,85.70762438865445,0.35102397319694134
5,13,2343.5475253770114,43.32541924105652,0.47575907557702735
5,14,3329.624868191795,29.453909817466293,0.6216993328860241
5,15,3483.350784045207,29.431455476984873,0.5842947472257585
5,16,3057.7849486245696,32.56272955553362,0.5197835475182835
5,17,3409.498720145408,34.23534766764908,0.4902315437455407
5,18,3139.34706434565,31.47278282521603,0.5709832990596624
5,19,2160.4828972056457,45.938000065437265,0.47298511019396017
5,20,2941.9172611108647,33.353940935346316,0.5290664584573612
5,21,2326.821562518097,54.94031038731669,0.3797447241462706
5,22,3361.0410045886815,29.856990629490703,0.6010134971762362
5,23,2627.3906710635615,57.69608900413475,0.3560564396444157
5,24,2392.2067623697103,42.52911503793759,0.48232554564514984
5,25,1404.4871663301183,104.44450981013402,0.3479635430939432
5,26,3129.8774049936824,32.56217873219982,0.5470032117459418
5,27,1318.5924965898105,118.1774110959801,0.34761783692206194
5,28,2899.574915875635,33.45981905842254,0.537207434029483
5,29,2555.707070906148,39.13859418719971,0.47118316270498184
5,30,2253.6072131001133,75.84997624722324,0.3429771066754732
5,31,2656.8500343379387,36.361512552269,0.5056604684271875
5,32,1345.36567208839,115.49282730465076,0.36947541672294903
5,33,2273.532788330132,41.66826501086467,0.5108208420244154
5,34,1856.1901918242065,62.47541379988081,0.423226455818547
5,35,1494.559488374988,96.88770278766367,0.34658629209164005
5,36,1362.5067318619404,110.18212514744599,0.37916752361163475
5,37,2508.64379703691,74.8412744581563,0.34123580553469424
5,38,1303.5866435110163,120.34375144990523,0.3770188296921013
5,39,1916.5160174618356,72.41359087046318,0.37356937648957356
5,40,1626.380982541363,71.11088459215543,0.40861096448379186
5,41,1756.0426310154887,76.64149127974515,0.3621750581144987
5,42,3083.5332065803586,32.750305262284435,0.5123609834887013
5,43,2737.2194049416657,47.60683137715572,0.40203471033438376
5,44,2661.036148119119,35.61762363752791,0.5110955800202355
5,45,2425.013428375653,78.60301773976232,0.32667838620003664
5,46,2557.742218716874,59.321641706520886,0.36823833463951416
5,47,1304.43398916655,121.39185086130327,0.37566672316542693
5,48,2192.336640642768,66.581216219067,0.3836939795257983
5,49,1976.2107714503636,86.7341702267494,0.3321704502149849
5,50,1790.2487406989133,61.403713444430416,0.42592662470633513
5,51,1501.6591882552286,91.16378556978036,0.36538668178696554
5,52,1588.4898945494265,73.81741844767842,0.40531143320270147
5,53,3175.141796086318,30.481623738660577,0.5297481799216541
5,54,2378.752926791662,49.51164164659009,0.3824254122230357
5,55,2905.4881114903646,32.19475902239009,0.6150564329413761
5,56,1467.8200510667475,95.67251767981539,0.35809609168763146
5,57,2812.476603634812,33.38487744734087,0.5748460152463295
5,58,2458.8414473909866,37.835258460435625,0.5216295408699061
5,59,2595.1975102634788,45.547824922850424,0.42001730569995743
5,60,2447.8745618424778,69.35986137277023,0.3629525247122416
5,61,1921.8466209516905,56.891690125751296,0.43153202819443237
5,62,1827.1509733073174,58.16517851820619,0.45963657476690045
5,63,1469.0449865389255,99.46597758916133,0.3415517683840932
5,64,2026.7049953118542,49.11317455340071,0.5330847237063701
5,65,2832.14562831957,32.92308324663223,0.5748460152463295
5,66,2778.980630031086,34.24203736632915,0.45538722912084495
5,67,3545.202192365222,33.59681119082794,0.4951313950345728
5,68,2241.100387017667,44.76697305716912,0.46810347223054194
5,69,1651.29616057484,79.83206615690476,0.35495828354178727
5,70,1949.4569816060045,64.82412687260347,0.40636896208198436
5,71,1838.0108919754498,60.31921630416542,0.4355252086523258
5,72,2090.0494849986735,52.951220005581426,0.42434943818660287
5,73,1865.1434451159464,53.80341557731667,0.485318993284622
5,74,2600.8053598901984,47.91412279636803,0.4192960099626859
5,75,2044.5446143245163,53.38599706639929,0.4533567583016449
5,76,3524.8928973018847,31.014009519492603,0.5083638085504205
5,77,1788.2619042469955,61.00682861722295,0.45638273401245044
5,78,2387.162917004022,40.9171600770789,0.49762982124918764
5,79,1931.368202437915,67.67819916660332,0.40344151513982496
5,80,1744.0019065357044,63.40817735208382,0.43817635491532414
5,81,2000.4356775176946,52.3965322329857,0.5278130094750608
5,82,1637.283883862762,70.70917669181064,0.4142000551095002
5,83,1517.4797356344402,80.74410602723519,0.4046355256077554
5,84,1349.6563546029772,114.25179998652916,0.3576204365412927
5,85,2697.1397863641646,58.678985572645814,0.3559816132790239
5,86,1510.3402196893483,81.85894147942675,0.4186897275964405
5,87,1820.5905853042902,63.10920330112262,0.4076004599764431
5,88,3169.405879534155,32.00927419409677,0.5437051636079069
5,89,3555.0008384011203,28.035319898739008,0.5277972273662677
5,90,2116.9278932930993,51.38024992063137,0.4490924324396879
5,91,2227.255003787759,44.12859966088694,0.5135223610405681
5,92,1349.011331213214,110.81986629681052,0.3912723932150257
5,93,2742.3065851967185,40.5122573873135,0.4443856339345018
5,94,1840.1313580895228,55.49751762762273,0.4827512538115535
5,95,1721.382105945306,86.52822737181924,0.3409067563823882
5,96,1845.0697003395508,83.31086655605978,0.3374636399863249
5,97,1689.8426582913874,90.41395807219473,0.3374636399863249
5,98,1711.178395032063,64.14070620911372,0.4621259074097459
5,99,1448.3647956851487,89.11001784839127,0.3833412302660193
5,100,1492.3255556124936,82.84419422250616,0.39820120235867407
5,101,1346.8953413912516,113.65122797062324,0.36469937272426733
5,102,2269.282362141085,43.856910245757746,0.5410132654749376
5,103,1529.1528925209743,87.67580565401386,0.3771353085541058
5,104,1350.3536832965326,108.68156975042092,0.3912723932150257
5,105,1381.2670637545339,100.67301952932507,0.375602095885359
5,106,1536.502265042885,83.53224729487638,0.36610660961031627
5,107,1360.9437438659043,116.43379791979322,0.3568583438057935
5,108,1696.9408806056526,73.18716798748586,0.3711921376342744
5,109,2051.7842765974733,54.53588131049719,0.417817445374034
5,110,1408.2428064550138,102.69505338126235,0.3710970960038793
5,111,1561.78154572234,77.03333462012968,0.4030190675259746
5,112,1623.761449625508,81.31722973247754,0.343827033894776
5,113,1439.0929714764575,90.18111356884722,0.3891203440490294
5,114,1623.381940514837,84.08350391544624,0.34110386853591024
5,115,2213.7264383278994,78.31223876070943,0.35743567071595095
5,116,2479.9034875474035,40.14283191941333,0.45341330875181995
5,117,3463.817852712455,32.59123396862054,0.5099063525220409
5,118,1492.7439727415851,93.58684671270598,0.37414514746324556
5,119,1376.2189910313098,103.4798461790935,0.39281495268522804
5,120,2434.30634349944,39.79117104583623,0.46810347223054194
5,121,1733.0648365476384,88.01030636234097,0.3374636399863249
5,122,1389.0553243570384,97.80338520996472,0.3921060806291621
5,123,2733.5984654484146,41.87762466716103,0.4218103813682035
5,124,2574.6996375173317,36.85027514676742,0.510577895057633
5,125,1730.9658599474299,65.1093013949789,0.43037362230926135
5,126,1683.810663622764,68.5825194759068,0.40845688171220473
5,127,2111.4365066488735,50.75725287764225,0.46493285313243504
5,128,2198.2901569058813,45.900214518181386,0.4412523770657337
5,129,1575.7528048767972,74.86288488325285,0.3985672883239282
5,130,1579.3553002643873,92.28970333857666,0.32829345621359707
5,131,1422.7501992479333,101.6612298073319,0.34274084543371686
5,132,2775.7593391608393,35.2751972387177,0.5415005512007411
5,133,2006.5934299270816,56.430782191799054,0.4479002633877016
5,134,2056.264822008618,50.73287464679768,0.467043209216488
5,135,2047.8191238496981,50.07907742788737,0.4985202736455676
5,136,1530.6693498963805,86.88516108018095,0.3854500819168081
5,137,2774.607281000754,37.36234248545554,0.4345405903977273
5,138,1706.1371493895945,69.05560216112453,0.39534724397200094
5,139,1362.9028831369383,107.66129769059472,0.3886053235508413
5,140,1421.7332120498154,94.32018884472996,0.369046500018829
5,141,2095.268059823274,67.98178556174588,0.36732267245256267
5,142,2720.515750005649,43.99637351392749,0.4270242533057491
5,143,1492.5989909511316,99.11467631862844,0.3301914325705688
5,144,1403.0265835114956,95.63293547308788,0.38765430142711566
5,145,1308.570829969152,117.18169067043377,0.3838691922354158
5,146,1452.8496642697542,93.0001307292082,0.38234918049165145
5,147,1380.106376095826,101.98325536814866,0.4119269273424031
5,148,1392.4764045995173,104.38798601604606,0.3688101818170608
5,149,1737.1114989206292,65.90911434566925,0.41098001075757296
5,150,2850.5755471977936,34.238198551345825,0.4932696979212068
5,151,2175.035626045467,51.68962775461586,0.4056217177401322
5,152,1323.8844412069282,112.87294438716737,0.3794174130333694
5,153,2767.44798787071,38.33516888137902,0.45700161031540887
5,154,1986.8685971401283,58.671249731686444,0.42221560173310024
5,155,1411.6751234873316,100.75087898156849,0.36956682306265165
5,156,2023.8007776332715,68.82568624886802,0.3940629681831531
5,157,1570.5122650470826,80.11397868362963,0.37962605392374726
5,158,1642.0902017124986,77.25630763817097,0.3667704695122431
5,159,2169.3076743674264,44.223110568556656,0.494026473868022
5,160,1946.238085748826,65.87364147746855,0.40191718287993794
5,161,1336.4336410473338,111.85267232734117,0.376750343369185
5,162,1596.865936275414,79.20224354770971,0.37236166637692136
5,163,1719.5348913469913,89.29646904674468,0.3374636399863249
5,164,1417.9242690960475,103.36280650278013,0.3548225334099584
5,165,2704.164421994132,35.27903605370102,0.5036180824003793
5,166,3398.6495793803247,33.451091403397356,0.5048368366134426
5,167,1895.8844896156438,77.78151651120756,0.35784822171089203
5,168,1308.1826879372659,119.28321502863284,0.3770188296921013
5,169,2128.322600135261,60.50886545412554,0.3898737568459012
5,170,1422.0957070304817,92.20967079750272,0.3898556594082834
5,171,1440.4159317235349,98.53310326761563,0.36157177454839484
5,172,1376.25735510368,112.12505163652679,0.3524065646037471
5,173,1359.5841311083618,112.71287730496236,0.3725670504900549
5,174,1479.7834902344182,82.86616185541367,0.4186897275964405
5,175,1890.8846299502902,77.80295106986114,0.35784822171089203
5,176,2181.0258357438775,50.15737532427955,0.4056217177401322
5,177,2243.9493638100225,44.05391742683609,0.5025784891006815
5,178,1714.5368555820194,65.48738559160897,0.42693050591319803
5,179,1532.5771192232878,79.32929667452461,0.38040133985750657
5,180,1748.7161640535662,61.3720844434115,0.44262813411737056
5,181,1425.6463826417892,98.58042924469169,0.3651150438606052
5,182,1873.3063222170133,54.05689936259774,0.47009920983807874
5,183,2484.353888950714,39.27170131032649,0.45341330875181995
5,184,2131.0164213810344,48.899581514899104,0.4837264101236052
5,185,1408.4204609753915,97.43805954410561,0.37115031668331255
5,186,2502.6071811482184,36.850825516251255,0.48335823082997464
5,187,2026.4734827690495,56.519629465048396,0.4448460323076766
6,1,5012.881823697372,24.532040969562466,0.976690450343634
6,2,1237.5668158002475,102.10652773283431,0.2901914269529744
6,3,1983.4454572543398,81.42651500976642,0.20689689161798874
6,4,4326.834913222053,28.836191343838664,0.7890434799395241
6,5,3359.8558617749413,29.138346491375888,0.5853469886173084
6,6,3656.192785373902,28.908293290345007,0.5320955306783528
6,7,3365.0134781101956,29.36759621107585,0.4370971127143317
6,8,4660.448069858167,26.692161477545365,0.9010821979780896
6,9,4409.639567652229,27.156213614761413,0.8005879636526547
6,10,3655.6508831412316,28.972129520511135,0.5281067707273923
6,11,4621.648737167579,26.070843218254396,0.9595183643144463
6,12,3109.224212338882,31.7749268010273,0.5014885480537021
6,13,3176.8605220793393,29.97538107006681,0.4343459596311998
6,14,2633.8314006930204,33.02104376575056,0.35614772847860543
6,15,4494.183276966684,26.899422296633123,0.8005879636526547
6,16,3318.77116749855,31.085696529441535,0.4075248536222862
6,17,4614.280249284,26.558159325284286,0.9636614849728726
6,18,2969.422057473453,31.99828175747393,0.39709903995091445
6,19,3072.5850317888176,41.5568247275923,0.2631255377140267
6,20,2642.8229789634033,49.04520259701663,0.2651302903099104
6,21,2493.655868294983,36.940934603210174,0.389762572321688
6,22,1266.7182359648955,99.7464398763221,0.2795483956520872
6,23,2268.57509419027,45.166433841606526,0.31696263436877636
6,24,1537.3174275064816,80.47328878693287,0.24799536294355384
6,25,3113.2400566688666,31.546880877864062,0.39784790324901387
6,26,1333.2591353167995,91.33585901391216,0.27719655397457466
6,27,1702.574874986397,74.58066570873773,0.2394656088125071
6,28,1260.2224760125873,101.12740127691191,0.26832897920486865
6,29,3356.112079039302,29.908057077893297,0.43231803803142377
6,30,1753.9775288448716,84.86145318681096,0.22086124034046328
6,31,1338.0563507229506,97.92034508731442,0.2749199301003724
6,32,2792.8036679762554,36.59712567392353,0.3030330725811634
6,33,1873.7020772124029,72.18647885505685,0.22350445425074206
6,34,2526.946348024399,35.16655935542942,0.34007137040545565
6,35,3320.9819172029843,30.399677356797298,0.41976652928546265
6,36,1369.7250288893538,95.76072900027557,0.26275220429943325
6,37,1815.1896206427502,79.17162081835792,0.218191724159718
6,38,2745.781933018302,44.31512377960859,0.27060289563895346
6,39,2991.738940648033,35.75828220809491,0.31876011672431837
6,40,1574.6712756279085,77.02857965559534,0.24185227079954252
6,41,2519.108767751252,36.12211935895112,0.41484013046938806
6,42,1605.6129871746305,75.72548520767025,0.24278282748193014
6,43,1250.987196556651,97.65503744967562,0.28900249448285287
6,44,1733.7171073308555,56.01934616667366,0.3857571884425024
6,45,1730.1364011575376,83.89241614554375,0.22476740351988234
6,46,1671.6956769421045,61.12450414530535,0.3102764768440256
6,47,1351.884465219241,99.89712505712453,0.2654368988777325
6,48,1475.047697425814,86.32861043077042,0.24454039623400625
6,49,1689.6657322126935,57.9466063179617,0.2993923196491526
6,50,1764.2112449433557,58.77665500728183,0.2972676025372838
6,51,3110.0776585541435,30.320579304165125,0.4234136162557842
6,52,2585.3800804850694,42.19064783417542,0.2752166783694836
6,53,2414.5846919943233,43.15701361912685,0.31494592554577316
6,54,1955.7647707809394,53.409573377855004,0.2939782487108733
6,55,1285.724103598961,94.27039212404681,0.28875686859305283
6,56,1991.5951306360828,65.20419573872512,0.2294425549661181
6,57,4477.147326588658,26.94518402048274,0.8005879636526547
6,58,2304.549632838293,38.571261825214954,0.35514576615904936
6,59,1312.0074618407225,88.93586938124892,0.2775081302536737
6,60,2326.0580458589075,39.93373703336937,0.3268137872716057
6,61,1787.2415748914198,55.220715532038625,0.40889596769892655
6,62,1444.9575961045764,87.38171716618949,0.2538829622908825
6,63,1364.041270210196,82.81617159597727,0.32273473282882215
6,64,2868.5521951039277,40.79015922748,0.30166792453433366
6,65,2861.646975594429,42.65092433352809,0.2715205150566238
6,66,1322.784178709787,87.9098735834219,0.2881975950268565
6,67,2133.9090508625895,51.15827195453798,0.29810414769910487
6,68,4420.134101843675,27.09223315016326,0.8005879636526547
6,69,1450.9073718030518,77.8074050068523,0.3054945719701916
6,70,2394.107615356392,48.13547740400821,0.2911488709029211
6,71,2746.095050956486,50.80336050103647,0.25795363654692416
6,72,1799.0187746011284,52.8704417844435,0.4028358794006781
6,73,1380.8773423861867,86.69274907028574,0.2582960129170413
6,74,1456.0543163282769,92.7230819739859,0.25322095679653067
6,75,2885.9220411912406,44.38804432920879,0.251249625907219
6,76,2428.9290211414173,64.07854256198074,0.21805268384244592
6,77,2054.4471453950546,58.94271493361857,0.25901196052721964
6,78,1829.8810575916605,54.259108647809015,0.34843095382728073
6,79,2009.2985923554218,68.49148633491546,0.21012656772372473
6,80,1578.7869300938812,73.69493162251433,0.252569846537698
6,81,1495.6771320713283,81.90022323938707,0.2846887652775525
6,82,2832.9467562616546,50.21183409618713,0.2549103936663091
6,83,1584.2926074260774,76.3381707563572,0.23878060949775382
6,84,2073.763436280352,60.0186736027855,0.24012097647429975
6,85,2157.115246696958,39.11593505351465,0.32973746871804543
6,86,1401.789520787146,73.2763696488805,0.32478605279461625
6,87,2556.1576712599895,44.65280284770083,0.2738539503228683
6,88,1515.6281152697334,69.96362446494616,0.3520473352752891
6,89,1259.038256575007,96.31200129140177,0.2805644125070206
6,90,1431.7763428147173,88.41459152003132,0.2538829622908825
6,91,1366.1773626981028,93.7050076942087,0.27041671036437087
6,92,2179.2260232859653,57.348314060588194,0.22704881054955273
6,93,2934.6304622567195,51.68372254072229,0.2506634134893151
6,94,2123.623547942351,64.69255750540056,0.21688864350129045
6,95,1507.560960185789,78.83927585722115,0.2599584122739689
6,96,1297.0735542479526,93.19389971171164,0.2822308351901892
6,97,1607.1330896186912,73.11879329369418,0.26133091801616537
6,98,2033.835786978932,46.086384854101425,0.33353717380772885
6,99,2161.1479890459987,59.45812170991204,0.22704881054955273
6,100,1302.9113257929585,89.53798491837004,0.2931516008919761
6,101,1638.5347424717268,62.43164920625028,0.30403496754019876
6,102,2942.839728212461,44.082781548984414,0.25669278787566974
6,103,1855.4473486427005,51.81153101244302,0.3690580216184234
6,104,2535.5982353096783,37.926540455819165,0.3216440348985561
6,105,1914.4048950369552,56.544225048557685,0.3088921396560895
6,106,2364.82779686746,37.44238380088366,0.343107236389395
6,107,2125.2444902457964,40.27850216126287,0.34216219066541065
6,108,1984.9818219004576,60.652309619913524,0.24732531121083134
6,109,2817.9471660347817,41.55387932567533,0.27228268301367287
6,110,1429.0464023369711,82.17763949655024,0.28205577895814393
6,111,1883.3023951078317,52.558240415364196,0.35234108354467786
6,112,2082.835920219411,41.33761286488358,0.3299267939698378
6,113,1553.29489150878,81.5728344141218,0.23371773669684792
6,114,1710.0197991554098,56.898833571534645,0.3267773949919448
6,115,1921.2908908134677,63.29869662924855,0.2833028455184188
6,116,2114.8645218153415,53.094726864767935,0.24909364223193187
6,117,1929.362102779776,47.48930134821195,0.37935448728772236
6,118,1389.8218080741585,82.49994167732915,0.2563618467501332
6,119,1924.9784014898746,67.97243632748183,0.227922395799661
6,120,2545.600626470352,35.41762130520113,0.33137201862473553
6,121,2036.8160658042286,62.67534068436903,0.23015026087152357
6,122,1719.8798493542447,71.058787795542,0.2475182234228246
6,123,1630.2289600127242,70.35149223011118,0.2678978059234094
6,124,1369.614566297869,90.58953201587205,0.27397181030918993
6,125,2200.0946564063315,66.80886158609823,0.21427415261524096
6,126,1466.421852668703,70.6233771710459,0.29560478877760055
6,127,1251.204830042243,102.09473488519455,0.27393868742847793
6,128,1877.3480171307938,49.533222716919475,0.38096864518722917
6,129,1666.4113505918988,66.99885356042851,0.2804032044789526
6,130,2284.5292577427663,38.3027449882916,0.3732371188998638
6,131,2393.9031834047,49.31912785026294,0.29229479000775704
6,132,1795.4052974823858,78.0876190902401,0.23261527355188427
6,133,2458.4453068088546,39.73867539901044,0.307662761791514
6,134,2936.7269594290447,43.66754414813475,0.2631255377140267
6,135,2080.7951284886626,47.567602306100014,0.3146043888732546
6,136,1539.9772894978773,76.29698308157666,0.26190348350405124
6,137,1631.690556625744,60.23605263905868,0.34864462920539374
6,138,1358.819437164705,84.43681185472599,0.32477751641083863
6,139,2219.8771571225902,42.32321328709397,0.32122928726769295
6,140,2466.3974264437106,42.25780794820997,0.2756034102184248
6,141,1528.809519983413,68.89888445363539,0.3576570434988984
6,142,1614.291644832958,64.8766222295385,0.30826266006817526
6,143,2289.9720072470973,62.12247614527608,0.22311928380671908
6,144,2096.6453912356005,47.9898940030303,0.3076026729623127
6,145,2315.615371031426,42.14469415234708,0.32574749488921206
6,146,2020.4068095360112,49.67228822183528,0.32611314561326843
6,147,1299.17783206575,89.99228663274599,0.28173178879266025
6,148,1842.8949977097268,52.79110931227415,0.32857019406853816
6,149,2883.817118600642,44.89749169454661,0.25669278787566974
6,150,1610.3871499613906,67.69234360288549,0.2998256465325557
6,151,1831.561610658238,54.67665653534285,0.33795212329376234
6,152,2011.3163694007005,46.48617847686677,0.334914854424186
6,153,1916.441968687543,52.07892571697947,0.3219487935322096
6,154,1950.803798056335,63.79956204988207,0.2306476142263545
6,155,2022.2060865266776,55.80015090745769,0.287308093065592
6,156,2182.397959985087,54.28261785460391,0.23353437655507214
6,157,1597.146518230731,62.654144944540896,0.36467655528700327
6,158,1749.0773267753773,63.47712182061879,0.2750829247318993
6,159,2316.400014193928,37.140177880543376,0.36081239695249856
6,160,2837.776574138607,49.36057509245621,0.25234392832331487
6,161,2213.384774512935,51.54191196276186,0.2653789373046376
6,162,1346.1519405244399,84.6378315138994,0.3070720471344952
6,163,2289.7453154054397,50.70904700549222,0.28573071404795947
6,164,2167.126798923604,69.48341666682084,0.20950432939675956
6,165,1306.4486413450747,90.33970523937202,0.28124871806117646
6,166,1905.2652444661483,66.0015273252762,0.2632012964052475
6,167,1890.0180337617721,48.94226443059446,0.3651604139325304
6,168,2443.806744928971,51.78498981470783,0.25525281059698024
6,169,1888.780473065613,66.44808449062147,0.2545576893436188
6,170,1731.8012476853994,65.96685521192562,0.2902595921734967
6,171,2004.59453370541,55.486126727437224,0.29369591568118203
6,172,1597.3030903919416,61.61763197237218,0.35789448079551
6,173,1263.643066465362,96.30684467879117,0.28671973688600794
6,174,1861.355843666936,67.34067901552223,0.24517625847587787
6,175,1517.4117637645802,78.40417531459255,0.2592792910539661
6,176,2101.7726041959795,46.979555984880975,0.32248565612143487
6,177,1783.9456347653581,55.38805633677074,0.34538014267496386
6,178,2524.2595809235863,39.35825899142237,0.32377792128766636
6,179,2547.29877596768,36.19237758172777,0.32377792128766636
6,180,2232.0277864729183,66.98259729350183,0.2141539540669104
6,181,2077.2142263450055,57.77906113660514,0.2546968224005983
6,182,1850.713738938236,70.48714837530318,0.2248957696784597
6,183,1634.3116878662754,61.74896911118893,0.3407106082118734
6,184,1904.3600773258809,51.652801164631825,0.35894948023999085
6,185,1809.7119982045965,53.37227563669694,0.3559487164247326
6,186,1937.8080312648467,66.91601907598476,0.22369873726067446
7,1,1275.3319082892585,94.45099089296716,0.27944140409444174
7,2,2119.257713787055,61.40007351217293,0.24129128357297702
7,3,1232.6274712642783,90.71969891381238,0.2999047877142367
7,4,3542.6552370606832,23.20017346594157,0.4375052726792177
7,5,2163.9847000004247,32.66933314577399,0.5266939992177804
7,6,3229.230032728057,26.49561398202328,0.37189894356927766
7,7,3479.514587632284,24.60439121337164,0.4375052726792177
7,8,2105.047905034693,33.7351487852783,0.5021335369173272
7,9,3075.250445740216,27.498721088670052,0.4863584359684623
7,10,2585.495977781377,30.054088895859085,0.3549697016900275
7,11,2396.3055109468064,27.86834772309063,0.44460458788389445
7,12,2187.1747385046037,32.57313591022204,0.4636726869171852
7,13,3136.461041024533,28.59544989981327,0.379335055209328
7,14,2682.1376970061024,44.2878354631989,0.2787667087999388
7,15,3095.4514642318786,27.128334483772136,0.49841144309209184
7,16,2729.4078774422383,35.15864789745714,0.3401025212384283
7,17,3021.8884229167916,29.10354789272698,0.3684100660246088
7,18,2794.3450625058094,35.30899372415158,0.3237978506882051
7,19,2944.8046251795586,27.71145729340896,0.47638513086591416
7,20,2310.2385087841203,29.58549857276242,0.4564272647993448
7,21,1617.6797329336114,44.56767107844365,0.42822132440187133
7,22,1960.1467162852161,36.59952256801138,0.4171730797765534
7,23,1441.112142267621,57.94606283363097,0.36097500074188105
7,24,2348.4602354503386,29.280111623881808,0.43096923704297296
7,25,2509.4976071877145,36.64601170364251,0.3191050197052334
7,26,2542.776915640347,36.12733710093016,0.3328208159891304
7,27,2966.6582334199866,28.582077320780098,0.4162866829476499
7,28,2140.661488836622,34.92282559391453,0.44415406009986924
7,29,1494.2609517588232,55.50801713690709,0.4200182650504978
7,30,2843.557203109233,32.27426630703707,0.34943321780407643
7,31,2470.8990947901025,36.8906233169807,0.2835243140626922
7,32,1816.0246323021515,39.984502117216834,0.4041905413292888
7,33,2242.833202801155,32.670523653292065,0.3915455986716587
7,34,2095.7397466551615,47.343072403912586,0.26646985439940707
7,35,2831.6711286536975,33.542505896322844,0.3512474659636915
7,36,2897.514778838674,33.93517101292618,0.3492616221053879
7,37,2329.4143356618188,43.27189591984501,0.2921259443380251
7,38,2038.8123131806647,35.31717337659001,0.38584043980251437
7,39,2012.495381172986,35.2230882342944,0.4593000009180592
7,40,1292.9457298787331,87.59489296606965,0.2701712945354373
7,41,1935.7796918382883,37.298323839726216,0.31315478207834246
7,42,2312.087695009662,30.673672420166593,0.3798355675770573
7,43,1344.8035271271171,90.93550759041311,0.24702564784191594
7,44,1850.8020679193328,35.66410301370405,0.41851622954440515
7,45,1583.881295522117,49.110729272494545,0.3844303626724823
7,46,2292.0873338793367,30.394365076162064,0.43678174118842605
7,47,2222.730859570448,47.028457682506705,0.2593888342523911
7,48,1838.8471345258918,41.96410848804862,0.3589654351460041
7,49,1310.613613858237,77.2169485733113,0.2978773403888333
7,50,3053.552718931322,32.65369399383782,0.31453631936092563
7,51,1492.3406415308,81.98060083754106,0.24255447185563384
7,52,2254.4509851950816,34.142848186662725,0.3759952374313009
7,53,1280.989688309786,93.30237324125652,0.2755587022164363
7,54,1383.8912976640306,72.3214409153961,0.2805313203195503
7,55,1573.1631995961998,48.435307942097076,0.39887441678203217
7,56,1299.742472493513,79.18847184380458,0.31694235503210066
7,57,1912.649522935294,38.024075816853326,0.4008677290396463
7,58,1347.7769902468647,68.47480733897403,0.32118223814278224
7,59,1319.1801485943154,78.16653087263444,0.2785189981055787
7,60,1576.3767254265204,50.63541634399335,0.3389305296339238
7,61,1357.9568615763412,88.87806988979327,0.2530316859095514
7,62,1772.3050146010862,53.78813955946719,0.26885864424962236
7,63,1337.4441573297943,71.63233934970155,0.3223105390159553
7,64,2260.6362955593922,31.848867801841646,0.4138611221785631
7,65,2017.5342447723824,35.93575750214209,0.3766331650065453
7,66,1473.1266305992635,60.396299911827136,0.30865431898112305
7,67,2285.8555658753353,45.547500497257694,0.25773854844731403
7,68,1237.9704520101295,89.76371059425554,0.28186016686443693
7,69,1485.8379130557773,75.71118746330112,0.24601740243329218
7,70,1392.5545386504991,69.66794067332202,0.2967782551012945
7,71,1368.2904395953467,67.79511999959733,0.3265878249488452
7,72,1397.9786738506577,80.15500916390545,0.25084789837339727
7,73,1499.751771025891,65.28013115641986,0.2731470664806679
7,74,2268.016557926426,47.63012315272521,0.24762245836012653
7,75,1458.9678415818335,56.91531274692833,0.3863726751617662
7,76,1309.5631414925767,76.27147738776083,0.3110805903812306
7,77,1888.0480358923771,38.35617458683124,0.3316741417012672
7,78,1638.4754812441088,42.93644198495592,0.3377652823820192
7,79,1265.3529092627764,85.45642901179565,0.2949865360563706
7,80,1497.9912564928652,73.17525649010848,0.24542270489142126
7,81,2994.9139342931953,29.206012785663525,0.34943321780407643
7,82,1735.352498585743,56.26614875096085,0.2552460476052332
7,83,1423.3097783533847,66.70764461214564,0.27784273480058275
7,84,1658.6209614054374,45.972117203056605,0.3097288880520459
7,85,1435.6848254581212,70.60085076420275,0.27194333233067525
7,86,1252.087992979789,86.51929346673533,0.2942758677623978
7,87,1361.325047721519,74.89226608583851,0.2750265878592977
7,88,2141.8511456979927,33.45627638631036,0.3883622749297295
7,89,1786.358484194225,51.59855342566577,0.28505045721120226
7,90,2357.399327386308,44.910233279572154,0.2886175076680928
7,91,1765.8862862580731,42.51397086497827,0.3347623697347082
7,92,1763.8288640478077,43.81161216834553,0.30324285589168554
7,93,1435.9677399597983,83.09485428982133,0.24836697600108693
7,94,1293.7018521116513,92.32311809621332,0.2695431876903136
7,95,1312.3574081175332,94.29077459759628,0.2542098020622632
7,96,2927.2324035828883,30.338068970503404,0.34943321780407643
7,97,1629.8868311465844,67.07803253106164,0.2535271003171857
7,98,1567.9477980796773,51.99030191148603,0.31717552131873816
7,99,2229.4826643043334,46.661753949537946,0.2635510525927671
7,100,1301.1186085020588,78.77785104810823,0.2855675390933321
7,101,2426.292324130918,39.38857471925886,0.28718766090458203
7,102,1715.0900479810678,40.882292481160334,0.4092536107261253
7,103,1691.3269571431908,40.64668876490045,0.4130947469109749
7,104,1708.2562424193934,44.131709533385155,0.3356110385019129
7,105,1234.2489850308793,90.70483064412028,0.2841597776752103
7,106,1667.5337982835404,64.69115380187273,0.2497344757274007
7,107,2198.0780836240797,35.257101638942984,0.381807741576754
7,108,1287.0158646581795,81.43311620832299,0.29829497296803353
7,109,2298.858022225611,31.543480852961032,0.38840309442219123
7,110,1394.60847813506,64.17722960166097,0.31490852371493006
7,111,1317.2382933993172,74.80380326672213,0.28996560952716877
7,112,1375.9807746507836,82.7641426283567,0.2651474830647551
7,113,1673.1757822384072,41.45555526830009,0.39344922330005616
7,114,1377.5432165500022,69.73141626311117,0.3113578175334837
7,115,2428.5647770669975,41.1065599396816,0.28641481537405866
7,116,1417.6025277218332,71.04512584681358,0.26083648929952474
7,117,1729.548683809409,40.341301816019836,0.38763671915460307
7,118,1441.79034958472,59.06902722770085,0.3421104339479406
7,119,1434.807612483403,58.39358025070258,0.3501210215792767
7,120,1794.9063997262103,49.87842597249844,0.2902079886799278
7,121,1912.301440788748,38.01128646880255,0.4035377289356319
7,122,1316.547499317885,73.70336158317977,0.2994305709007854
7,123,1454.154392031487,66.38577915776983,0.27194333233067525
7,124,3014.802862679645,33.71013821364928,0.34603388121664125
7,125,2898.088599671443,34.62010937724714,0.3364466710962759
7,126,1454.7193822217437,80.88606845214254,0.2435973108940992
7,127,1802.6040802944565,44.76166611585317,0.29307096733183613
7,128,1246.3219480119167,89.573217744308,0.29749029860087717
7,129,2035.6854196771656,35.126890998742454,0.39627868861746407
7,130,1548.8203871488329,55.86402809222998,0.30501482380985223
7,131,2446.2799035703256,37.98572190217993,0.28882930448741817
7,132,1286.5959509169754,80.45811059269083,0.30138213287324334
7,133,1477.8040052517708,59.77401273629368,0.32158231313421837
7,134,1519.9933320285352,54.131266265185836,0.3431904758639952
7,135,1870.24494313414,39.177830438281646,0.30935861819436283
7,136,1550.9294885692225,63.09333538714788,0.26326706370079833
7,137,1874.7461547202222,39.4424062809725,0.3021304016862203
7,138,1751.3223584992154,54.21256726054718,0.2788531611588745
7,139,1463.441943185706,62.426511442296174,0.2824250605073608
7,140,1375.4924974964993,85.84424331613639,0.25257089678844125
7,141,1426.1918016866878,59.342319226922015,0.34631273476787783
7,142,1325.6223244005203,93.2279101426566,0.254920470356236
7,143,1931.119056291224,38.32815282869224,0.2963178975407672
7,144,1528.7993393181223,53.09886231129736,0.33309369151168866
7,145,1894.303787047764,39.128717393297805,0.3232397811310648
7,146,2115.0974942520097,54.684511641919045,0.2501259132806908
7,147,2295.063518580853,34.35757927664055,0.3590385261667066
7,148,1544.6758559475616,58.90308410011053,0.2924842446093052
7,149,1503.684540981119,62.09932259325858,0.30031227753390155
7,150,1330.9289374400996,72.67501067571486,0.30543722810375584
7,151,1409.6891354840516,62.181110197512574,0.3408967239221248
7,152,1404.6392338064259,63.54984653996639,0.3305990555704703
7,153,1554.0691980080235,59.663656594963314,0.2605101319913423
7,154,2905.7179833665573,36.10921194596844,0.3017588850945785
7,155,1683.6763804601637,44.229457042327425,0.3055539204869291
7,156,1634.5205788639282,44.666775781058526,0.35372689163565596
7,157,1534.8396324780817,51.39947773212004,0.34497593655583003
7,158,1425.634907042728,86.2481574688596,0.24949527687425999
7,159,1463.2747771132028,68.36197071071071,0.26012342142410105
7,160,1723.9066998545422,63.57690034959247,0.24392197158194762
7,161,1714.9191959891896,41.083290626661096,0.3697372033328925
7,162,1752.6758747209374,53.14775253123518,0.27097018541485696
7,163,1666.4267772823566,46.306553790166085,0.2985245361765472
7,164,1626.5970905253578,45.00624729538583,0.34434492324368193
7,165,1398.9878702491528,65.63487818640253,0.2963510555191853
7,166,1453.3311550909243,63.527308470747236,0.30845226191419783
7,167,1367.0590815494877,84.82620533129366,0.26461892786422325
7,168,1535.3803897019557,52.43655176180299,0.326224126374683
7,169,1825.1662596542958,52.38912626585986,0.2648073843178409
7,170,1622.120124938955,45.3379212736187,0.32742363724164036
7,171,1362.2275812135122,86.90710777107607,0.25186022849446843
7,172,1502.004296682692,62.74308274178002,0.2658204728342284
7,173,1881.6085252665184,45.66836696561863,0.2836327960718066
7,174,1330.812745913491,89.1314952846541,0.2639704232238387
7,175,1455.0487721177537,62.98778976658084,0.31533164245205114
7,176,2158.8073419077346,36.04782667095225,0.33507067797989976
7,177,1507.6770398438787,61.065857752788766,0.28816123519226267
7,178,1262.9427921296929,84.56747672425213,0.2987334777766364
7,179,1336.0464801804487,73.69167378866219,0.28958664429896785
7,180,1605.2186039076937,47.42780736950813,0.31772425303527285
7,181,1635.4112361032721,49.52610584898708,0.3078412592792539
7,182,1590.7939277806101,55.60025682246939,0.29973803356464757
7,183,1589.2320205821331,50.24122472292027,0.31194984324322306
7,184,1723.2526300216314,42.09038688739902,0.34749204569403247
7,185,1721.8475855473523,55.24644192958209,0.2672178662333877
7,186,1504.0266696137494,56.2033897850388,0.3183691145273855
8,1,1410.7061874527312,133.6101180424382,0.2883124566904858
8,2,5390.583493392669,29.101533835544384,0.8748956287052341
8,3,2245.4359700832533,117.91348540210761,0.18938283199176986
8,4,1413.1854092264948,147.44786107834184,0.24986029220939265
8,5,3589.437102625181,32.36935897608321,0.5876792688708736
8,6,5182.828587177977,30.800424014004204,0.824127352913754
8,7,5020.92000781197,30.877315056907662,0.8407317654329152
8,8,3588.795300919182,31.164765672200495,0.5900792011688321
8,9,2211.54679561827,58.20639054518678,0.4785758553870796
8,10,5272.370253222807,30.251327280392687,0.8663163911649736
8,11,1518.252518923529,143.36104438932972,0.23821816637705773
8,12,3106.470678252051,37.880988418172585,0.3790517125540145
8,13,5022.0934730122135,30.346245788324985,0.8407317654329152
8,14,3426.2515561152313,38.11700588727666,0.3249290154593236
8,15,3516.9552680425613,37.94971943110319,0.37013625962757324
8,16,2277.1205624281215,55.62571096511481,0.31574608869009246
8,17,2373.947685869247,113.85245315443426,0.19688584627799166
8,18,3342.5730782522264,39.704052824255335,0.34247862099291204
8,19,3223.052622835416,33.56451599895806,0.37337877332137204
8,20,1427.5495486811726,127.44463568375232,0.2782849076342391
8,21,2312.4542602589713,106.45961672196084,0.20463995283734526
8,22,1825.6745022997275,97.13876117955505,0.2257006138621147
8,23,1467.2057044281212,140.27186119505572,0.25510934635343396
8,24,2303.7182598082727,109.60280190662945,0.20167232408209834
8,25,2246.764481753711,107.88561319652494,0.2087215043054993
8,26,1695.5755813051046,84.02469931832479,0.39072965164538864
8,27,1507.8132645869039,124.72605370811587,0.2634911365746806
8,28,1624.6139211938253,104.07057298025353,0.3174759599740913
8,29,3260.668842453875,47.393816376828184,0.29617265407805426
8,30,2426.5691256149544,92.94068040697665,0.21696553189951295
8,31,2602.0785341265364,102.28025599463626,0.20973906669842002
8,32,1857.4957190751318,72.76886256809144,0.42006156253713023
8,33,1824.483892737846,99.40977745719856,0.2476202406591721
8,34,3206.709598462649,60.45134334078671,0.286305632312585
8,35,1590.7671153196302,130.27332400393195,0.24387189586355795
8,36,2874.8350063008625,43.957432368380935,0.38225821658285675
8,37,1911.6107112477953,122.26506799913602,0.22330252794589533
8,38,2764.4243422827344,48.463384180280464,0.35607867385425784
8,39,1465.078164672654,138.35293536403393,0.26322672872603015
8,40,2874.5086576703725,41.42290492296352,0.458212340514498
8,41,2179.675208047263,59.10832439420229,0.4480945124524158
8,42,2054.2671112141747,82.6903421299601,0.2716100298042772
8,43,2596.9549161863256,49.73729162905178,0.33480874918208237
8,44,3358.3242652502163,39.27862908854913,0.33910709506467107
8,45,1669.4176449843458,86.85108757180849,0.39418950656145135
8,46,3021.597538709807,38.59639078317189,0.3813245723438836
8,47,1637.751944448109,115.50428026582051,0.2636988818769357
8,48,2569.0539833128346,51.04517654186619,0.44099756910699917
8,49,2648.3024166584087,54.265321304311634,0.32813222852217017
8,50,2763.14479935632,43.066388737719336,0.3843883949740441
8,51,3155.708584244649,39.07335207167556,0.3593326092437916
8,52,1956.178323374668,105.0314025346744,0.22145773912624556
8,53,2177.396656257632,67.82609208595166,0.3438487326662827
8,54,2259.103653684662,59.808795459217485,0.3132544921140994
8,55,1672.530970782927,100.08598527873436,0.32153103025740926
8,56,3067.812533592188,38.40900953690479,0.42734089712685197
8,57,2819.4292354595814,52.973478604910156,0.3111175412040108
8,58,1788.0911874760982,85.82942388744551,0.30783415636436295
8,59,2560.3007131785885,62.454410514745696,0.2719029670308881
8,60,2724.293895149636,46.00374016121665,0.4554829398695954
8,61,2916.81303280984,40.607264278775986,0.3703838759590621
8,62,1824.3838785230828,101.70829147099589,0.25022453912925435
8,63,1580.4288979738797,118.83108879182531,0.28583081564213053
8,64,2088.7084409810063,60.773420953770504,0.4149466054143982
8,65,1874.3833502656666,68.61051345966395,0.37856967706327715
8,66,1530.0546317259293,112.41594877505523,0.3198727421066554
8,67,2971.1906550807917,48.2599425456077,0.2987685718863471
8,68,1772.378332791112,89.95472224228375,0.29190636039279205
8,69,2868.244644388312,91.04974572829313,0.21416478195977895
8,70,1513.0109460167498,134.45832126009574,0.2599898150611839
8,71,1433.3724184634316,137.38850221690285,0.2716640072465619
8,72,2364.5800059279454,91.48095077968148,0.22985593353389255
8,73,2011.2480578002162,69.76878930784976,0.36148872242713814
8,74,2897.986887055579,42.08112682713379,0.41575055986947795
8,75,2142.649071292214,65.82830118021788,0.4130704290472291
8,76,2746.838182115881,44.94713232268424,0.4324677951530784
8,77,2728.674948958201,64.55474720040262,0.24731948351155175
8,78,2222.444247294213,94.34230201476686,0.22994364320660132
8,79,2193.8082604396677,58.69414198383854,0.4689357179220064
8,80,2113.3606456185175,73.38849063913648,0.3096137357739952
8,81,1549.2253696825069,119.70094320130443,0.2908380361062779
8,82,1450.5026318581267,123.33621273605246,0.2842519495450606
8,83,1934.0670404225898,66.94223629718763,0.40726808520449076
8,84,1493.0482116052995,132.53914909368135,0.26555782286982144
8,85,3100.3383266914593,41.149454866019546,0.35313536420684777
8,86,2064.7389167771753,63.40769936970121,0.4149466054143982
8,87,1552.7175485475238,141.47036643280563,0.23913791077990076
8,88,2127.7116474285963,68.79366875404067,0.34994039594289994
8,89,2833.6171166440654,58.45422968727883,0.2951709824005899
8,90,2693.0448485408706,50.54241521580408,0.3218610456282267
8,91,2577.304682177105,50.33640016175514,0.4023758827790598
8,92,2012.2227764244435,85.43954837441788,0.23435681939202802
8,93,2169.0366061391856,63.535203476449595,0.39573614164215876
8,94,2450.599810034695,70.53091974029464,0.2574505154973874
8,95,1972.502411876937,91.04800332303863,0.25264132211322554
8,96,2781.8355822706803,53.61921739529081,0.3035033294971168
8,97,1581.8068883032831,132.32324303365996,0.23949847156309367
8,98,1559.4109453355904,135.6101319204275,0.23924974558867085
8,99,2328.2944161652977,76.5263913833935,0.2625625458519085
8,100,1463.1178406234988,121.16638489573504,0.27989733972145636
8,101,2015.6408506323426,80.97605206260727,0.28848830044986506
8,102,2358.3920963623464,78.0123790309924,0.25822173581748764
8,103,1613.5840260230668,128.77328658348299,0.2571290478146171
8,104,2446.499559437265,51.90968688045358,0.4434704789255708
8,105,2039.3134509171189,113.19807701533087,0.2102667533477227
8,106,2491.665153448574,82.07014196279225,0.22840993875289506
8,107,3002.954296489012,41.67966487343603,0.30593332682484764
8,108,2369.5040300044207,87.72522495889739,0.22088742988263554
8,109,1414.036262604528,136.54122905085416,0.2768517773072876
8,110,2436.1873180350885,53.2155113538659,0.44609409512404063
8,111,2222.470709928073,63.986243947514176,0.3696458024084226
8,112,2678.250365018832,61.68368905715083,0.2956716509304709
8,113,2529.414669176188,65.37915129172352,0.29148069529370524
8,114,2901.326001173646,52.210982132105315,0.292749204604009
8,115,2627.0376870475047,72.868987018305,0.2546636807670293
8,116,2246.7148168163185,77.43105790003408,0.2733630304984853
8,117,1679.690326326479,133.50243313542217,0.23203756992450586
8,118,2257.002758238752,116.80352973993644,0.19359824872221232
8,119,1663.2298862009063,122.01798674276108,0.26050919328046795
8,120,2297.7909361765683,110.12828872174302,0.20732072765382448
8,121,1554.2013565066393,129.25700738651142,0.2618655697501229
8,122,1978.4459181062396,67.30347298454691,0.3780626000863716
8,123,1674.5345047922588,79.9553887500032,0.40599456098283504
8,124,2039.7326013261375,71.96086534979814,0.3316136583881697
8,125,1917.570019221834,92.90817917671723,0.2839329529507477
8,126,2954.111617769679,46.53806832169484,0.3190690749426057
8,127,1728.2765906364896,82.10535217305718,0.31005050548019675
8,128,2282.513795343152,116.3149104270814,0.1986153499541583
8,129,1846.7732228805435,128.3452643480097,0.20882255389996196
8,130,1771.604833072721,79.75927439010546,0.3183513586814275
8,131,2929.6721619531127,42.43729209903617,0.3252275431493832
8,132,1862.200052561832,71.65774836221121,0.38790147033548017
8,133,2514.4317125641837,69.28338236231149,0.2791532406738373
8,134,2021.8006621822149,84.51399430763337,0.2673542321823046
8,135,1631.9085014854495,116.13827899879306,0.26737307690685874
8,136,1804.4761093260313,88.77750495214922,0.3068778517502704
8,137,2203.7714595758166,78.81267472352516,0.24921994104816925
8,138,2187.6640870586057,61.229643653049166,0.37553463882865934
8,139,1482.9117045600644,136.25600165445604,0.26322672872603015
8,140,2535.8654335000942,51.43899381761861,0.3719834844673837
8,141,1645.4872270149297,123.72005244397181,0.26105741771499247
8,142,2672.3617259033954,66.46805911570945,0.23149185957692175
8,143,3227.3415312340135,50.67980635267073,0.2780000526448152
8,144,2794.4566135314813,50.15193179584599,0.3346795450312907
8,145,2570.8441306909513,54.62446035570596,0.30657404477516614
8,146,1838.0668472523175,78.37292386166585,0.289412170997954
8,147,2174.3487141501423,74.32108598211701,0.3012580295301941
8,148,2147.4985481663266,75.03776209651443,0.3067499542824361
8,149,1506.17090168532,131.50686249140443,0.26603506294078194
8,150,1920.6100314323423,111.30965332269166,0.21984530703902827
8,151,2583.022211675189,76.2098725370518,0.23386930280075013
8,152,2753.5842616285086,46.95286034301367,0.373986602602125
8,153,2939.9297930545526,39.68462108179092,0.36596349699105524
8,154,2044.701959120655,81.58197975285944,0.27449280221321537
8,155,3006.274915780884,45.23498113786347,0.2995193820066593
8,156,1627.4035134905746,120.35902727673812,0.26613534177960396
8,157,2500.8964629926313,66.07335099107357,0.2847745109386768
8,158,1828.988880732721,95.1890291792535,0.24885797578642688
8,159,3152.9038337040606,37.97523321547283,0.3663430531646821
8,160,2042.379961354853,111.10223819375021,0.21131480887426157
8,161,2473.1349061247315,68.71853809264776,0.30692315866676445
8,162,1456.1819575028899,142.1854866987053,0.2596655201612439
8,163,1679.0647036318144,95.7416626015623,0.25160904627121106
8,164,3127.630986067605,39.02782941781354,0.3752601506346256
8,165,1518.6825980165797,116.88316307624555,0.30860097830150046
8,166,2010.2552793611549,120.85554627137024,0.2170330282572568
8,167,2133.875590191808,71.01456036328355,0.32605872716931295
8,168,1671.5287253490376,94.82671284706623,0.35323574729564733
8,169,2338.725716245932,74.20747576560817,0.2774278484486583
8,170,1720.0591791662973,128.5703303125984,0.24491618414391958
8,171,1580.4657632019555,104.92536810773628,0.30450880803306113
8,172,2944.7528721177127,53.89969455919549,0.2867716810155567
8,173,1991.0211799625276,89.25943238798854,0.2830709286100177
8,174,1519.7363268826443,131.14768534303553,0.26094582534727984
8,175,2633.6499933237988,71.1537089356475,0.2524518293645297
8,176,2002.770129294391,88.35668967730338,0.2830831411334156
8,177,1430.598755828085,142.30986809419943,0.2610238174500612
8,178,2027.6013334345203,71.61308132775568,0.33261648542566924
8,179,2233.96515962324,71.03476906291542,0.3243661137646132
8,180,2052.4618168711313,66.60309880626652,0.4041315398382128
8,181,2968.315159810368,45.57781300294754,0.3068674535540321
8,182,1637.5163519951682,124.21631138582649,0.25010311902819815
8,183,2543.043168846235,68.75617005631388,0.27465237176755686
8,184,2164.0441754593203,111.62583315084142,0.20587124585782313
8,185,1536.97973668733,116.58044812502123,0.2971709923900949
8,186,2216.3174706650766,96.14816428941033,0.22142995614567162
8,187,2006.0579097752407,75.35316671759891,0.3346069629510797
8,188,1722.6779560498908,88.50551504527185,0.39023157674320963
8,189,1757.0466015939921,110.59362329416236,0.24463849862183729
9,1,1237.3161589966542,97.11297879578414,0.3250396856727509
9,2,1308.2679910500835,99.34918881173644,0.27419691728197826
9,3,2212.3492397753866,72.54879468845508,0.23105701163952297
9,4,3857.950375717305,22.517250918759636,0.7295340327523849
9,5,3594.8200102587293,21.057949312182807,0.8047641398604402
9,6,3584.497488003589,22.500496816709813,0.816553590113168
9,7,3411.8474039467665,23.724364729151308,0.7380620284802593
9,8,3555.705348130707,22.896585910394435,0.8043100075117113
9,9,3540.6086305826107,23.581719149628682,0.7073807432160368
9,10,3312.514126530126,26.454398889968115,0.6698940115031906
9,11,3043.974865766725,30.810740021748238,0.4509603186074127
9,12,2995.706269271512,32.779986731531615,0.3980982343707229
9,13,3212.033733397749,26.83138253128352,0.6535698512066883
9,14,3362.848166825952,26.225558210953835,0.6377959928608146
9,15,3405.7410222584367,25.148815017692048,0.6535698512066883
9,16,2577.4913687351045,34.53616852405167,0.46907721513916734
9,17,2556.8444007336607,33.34210716374679,0.5964090324554494
9,18,2886.6070265330904,39.55681679829447,0.29857150448000347
9,19,1840.77032524703,52.63338702654821,0.39389164705066726
9,20,2341.9744683644412,35.739353219379716,0.5717317910998982
9,21,3501.7908901291275,23.096172085918433,0.7152180949155298
9,22,2742.614859895081,30.875124417913444,0.6166243491451038
9,23,2099.498246868705,41.85223930428584,0.5113372590398289
9,24,2139.2600366734478,39.936740637707395,0.5326741215515671
9,25,3115.2898811749133,35.11612637227343,0.37312416049423014
9,26,3194.1747670963923,31.978139287824074,0.41105560871361924
9,27,1807.2639023561237,49.134152631727424,0.5338888308809597
9,28,1248.3954003206863,92.94449928272003,0.3500951968820676
9,29,3347.0018066615294,24.168061937450062,0.6570582082679852
9,30,2420.125733894849,35.15742894574614,0.38012914701679
9,31,2152.448841456684,77.48930135279217,0.23403891555172684
9,32,1716.5179641922348,68.12731617540157,0.2497409177632921
9,33,2877.15981833946,28.512166220034445,0.49211381204501414
9,34,1343.513099733454,81.13433282707994,0.27014365004272456
9,35,3149.806499830899,32.51720985350312,0.41713116374693193
9,36,2434.454273540233,42.88040171688882,0.3084376755921827
9,37,2253.7454137393966,47.70908333116587,0.2807265413352251
9,38,2816.148149611173,27.045731935635672,0.49580777674404963
9,39,2607.46246573914,46.30087587754344,0.2740884654409417
9,40,1766.0736146192323,60.79197435917009,0.25942534873643375
9,41,3045.2620762729293,38.12037430241818,0.37950248012013255
9,42,1255.176567298978,94.97071852377793,0.33726992727926763
9,43,3117.84722252013,31.292286245485073,0.4424742414661953
9,44,2729.219065148272,41.4493777385651,0.2934934547878658
9,45,1499.2189316841254,57.16433022669374,0.2843253695469361
9,46,1797.2751649560862,58.72224455794511,0.2660421270641269
9,47,2304.5349254389243,43.62083900376377,0.3000985129728999
9,48,2394.5500642641878,37.081216650485835,0.5468789153743092
9,49,2480.304387451862,34.0544771792096,0.5980500334018064
9,50,2356.1233737156313,37.23211899682324,0.5424587806699908
9,51,1889.5891496261124,45.1356143086276,0.46279471422614016
9,52,2650.81052570849,32.01149958102919,0.49906104133028784
9,53,1794.331035390842,51.658050307277996,0.4017449133332871
9,54,1748.4831566142964,52.71125074263144,0.4064963713252343
9,55,1569.4770836540347,73.36898254064049,0.24601389327808043
9,56,1512.1789645244949,56.09450824062592,0.2890768275388833
9,57,2486.348124395103,55.0511607571844,0.27589428279316586
9,58,1292.8548208535606,91.64135572343498,0.3177856653310105
9,59,1290.845483987788,88.74119314981026,0.32669799717420567
9,60,2835.0902703002425,26.854989571252208,0.49764993291683446
9,61,1439.368097050752,67.17726774741242,0.25663147148279286
9,62,1485.8345892228724,65.04813907038957,0.27897213569565515
9,63,2664.1990966347603,32.10506561492787,0.458502856823662
9,64,2131.68778545798,40.18962862575452,0.3185457239293452
9,65,2480.4538197327092,71.29536668918205,0.24178127565993712
9,66,2093.5020239492733,48.37867922882247,0.32257992003828484
9,67,2229.935247403317,39.48851558275795,0.35718940087206086
9,68,1872.4839371136954,49.27000317805976,0.46279471422614016
9,69,1297.724173751258,86.55991909898997,0.34700699465202156
9,70,1276.0008175808348,93.67913320897105,0.28107568163242114
9,71,1998.1660518258782,47.00654853582548,0.3435693570295886
9,72,1320.105892791116,84.18847178571777,0.3410618142186177
9,73,1404.019232828588,71.88155641456972,0.3587157366228322
9,74,1422.4489543429997,69.14191069300628,0.3657430035579683
9,75,2324.6952371013954,37.35618154825099,0.5580009441870732
9,76,2335.076791893069,36.80108191081609,0.5655442549974321
9,77,2715.636027015425,31.360986872014582,0.4835889716558679
9,78,1291.663382284421,89.6903863386719,0.3182905604986086
9,79,2380.6481415520934,37.805894984156296,0.4486386904395534
9,80,2809.1634832457357,32.667965625932574,0.43642439175451564
9,81,2527.268182960807,37.56311556815427,0.3799848371447201
9,82,2162.3480750889958,41.8385387971106,0.31386015324213723
9,83,2632.491848662932,33.7840199609866,0.4589018836791805
9,84,2063.033952947716,43.770062335045786,0.33420130710455176
9,85,2787.3839273164494,31.690549419998554,0.482555249806909
9,86,1357.7521721101546,79.24936015024062,0.31081106799595837
9,87,2108.594209772683,42.72620053838005,0.3672257984676559
9,88,1317.6294703734764,82.9873944007147,0.3540160425683023
9,89,1284.154851287865,87.71409853500741,0.33449038830885947
9,90,1621.1797954853057,62.70856413513142,0.2615961970349634
9,91,1296.8774921694153,84.59614860499241,0.3527548141048431
9,92,1556.5388039149475,65.96347296247275,0.25926225258669966
9,93,1662.7260375540163,51.83132826155015,0.43162031448646765
9,94,2549.706852296374,33.1302409266354,0.6100902840929248
9,95,2704.4605500186512,44.739441561362675,0.2726055474829199
9,96,1370.5311346935562,78.29257792243108,0.3188556210584803
9,97,1345.5230306106719,79.85002035207046,0.36270984398054473
9,98,2545.1082374419134,33.48305160049281,0.5994345385224182
9,99,2686.4634907255104,32.07318810188652,0.47741609571681387
9,100,1980.1725732660345,73.9302103272387,0.2442906775499747
9,101,1549.3260632084077,75.54957951662105,0.24528837625095612
9,102,1382.2702711471877,76.6566379815695,0.31700132443402573
9,103,2774.05365963177,30.92457376204297,0.49881330631183296
9,104,1322.0832554213446,85.49735638614081,0.32138299810102033
9,105,1897.829747309516,70.59702789175377,0.2477614898529641
9,106,1390.43928423443,74.92823206402657,0.28339592724180385
9,107,2394.2053310663455,38.25855500347545,0.36442142373977227
9,108,2223.319504062951,45.960141833571946,0.29802145170747174
9,109,2396.2995720428476,34.898736331923395,0.5710533363733123
9,110,1429.1247627398482,68.49159602449629,0.26676909183527364
9,111,2077.4679895323843,55.81762420948369,0.28037211249169225
9,112,1465.2315389204996,63.30575832397701,0.27976329186940596
9,113,1255.994465595611,95.91991171263957,0.32886249060367057
9,114,1670.1039277051714,50.74336429000309,0.42534907837092994
9,115,1710.6773057350604,56.487845655055246,0.2787286346843896
9,116,1635.9006279135592,66.5160978283287,0.2535144331338781
9,117,1986.3321927439326,47.97466673641669,0.40011127542892133
9,118,2208.105565686528,44.32768170466453,0.3112696949100542
9,119,1410.9312882268898,70.6701148589461,0.2854536352331092
9,120,3001.6613439045836,39.540541503439975,0.3538597448785499
9,121,2015.443895241071,49.862696021843355,0.31686947299556145
9,122,1960.4053465930433,51.128215265693875,0.35594654130512815
9,123,2048.322493842003,44.25767630012694,0.35652722707244955
9,124,1373.1900835420477,96.39911838397818,0.2660155194038918
9,125,2685.1253867140454,31.84538379988267,0.477779540179311
9,126,2639.9001853040972,42.2638398502366,0.2995766482886264
9,127,2185.4781425003803,49.847691156748674,0.29397091178450374
9,128,2782.6803723097,30.814822013360928,0.49039213503119505
9,129,1698.3938757642627,53.68957306824492,0.41679714954674374
9,130,1970.039923942276,54.78914740643476,0.29253081040730855
9,131,1857.4317660238303,56.243218179459035,0.2747191560342639
9,132,1312.8663098216937,85.52591767522479,0.3347767530455048
9,133,1475.5691247456803,62.27740481722169,0.2816820264155684
9,134,1648.1822517063463,71.09939010677911,0.2530530742981707
9,135,1313.294319910656,98.15668705920183,0.2681627330925114
9,136,1913.804360397636,49.14375872568756,0.37699876713429425
9,137,2028.8808627440585,47.33741119748868,0.339015336855633
9,138,1315.7233734769475,82.50151209139138,0.3747208123516561
9,139,1286.3708397356854,90.75919591270024,0.33007256414089703
9,140,1680.441513530352,49.71501078324777,0.42726781291709237
9,141,1586.6780447361186,63.846957925203476,0.2631807743282746
9,142,1389.562899617867,76.20780310382804,0.3041545961341061
9,143,1499.5601168216624,60.099883927964335,0.2661092957573086
9,144,1950.1497353923999,54.815679715000776,0.29417364825872205
9,145,1273.1760236360358,90.8323089559219,0.33007256414089703
9,146,2406.829771444329,38.19484577956917,0.4393269903610513
9,147,2389.401895571475,35.96046502335977,0.5648658002708462
9,148,1666.698965101322,52.57265435205141,0.4212336287276255
9,149,1685.0524463585343,54.42491676555593,0.30113524781126877
9,150,1448.063412149998,66.3232882376464,0.2799763096010732
9,151,1510.0396075824374,78.7333085680912,0.25659234773443806
9,152,1546.1727342021557,74.53677250390439,0.2541785117437225
9,153,1332.6375857220946,82.11879389162036,0.3437214314413932
9,154,2358.5693968526725,37.97597927698885,0.4486386904395534
9,155,1650.194344623038,53.90100615564756,0.4289606972636921
9,156,1594.103911800577,62.78128647360219,0.2582493261330736
9,157,1495.8097488074973,62.08938118266135,0.30304568556104705
9,158,1581.4809288246659,55.327750848759244,0.2977763305893628
9,159,1317.7977320535429,87.06728895706317,0.3034383356577326
9,160,1589.3290699262423,59.56202314967701,0.280205351858422
9,161,2333.384589385693,43.512612637004224,0.30129862705735455
9,162,1277.1124087232163,95.60547407599051,0.27966385259577997
9,163,1924.3571448638427,53.386459895052624,0.2976883070443126
9,164,2114.264462511374,49.2222516628701,0.2970128643641221
9,165,2559.887577442512,32.342859179416195,0.4960130400541143
9,166,1375.2389225417724,77.68915238457384,0.3069175451675914
9,167,1650.140635550822,61.632165202093624,0.2562779271276039
9,168,2032.0394104564991,50.93791446210546,0.3070091657267202
9,169,1704.0418109178254,53.11364337354076,0.30570168462792857
9,170,1388.7162180360242,74.24403260983047,0.30990241558692766
9,171,1752.3310661902024,63.64961792797373,0.25339116454696686
9,172,1654.9497877590043,52.85451066341299,0.41985673770236964
9,173,1684.2841140865376,61.29586136683657,0.25906864189561496
9,174,1934.3112284680283,50.17882812812006,0.3653319213426496
9,175,1242.6448743679991,97.04039641787533,0.3346103100564921
9,176,1423.2668526396328,70.09110388186792,0.3573355668823712
9,177,1332.9913376796933,81.91969824616785,0.3600502267577692
9,178,2411.893539418446,37.5059716941572,0.43080719981596793
9,179,1308.733664193733,86.61784109137656,0.3271308175538419
10,1,1095.9327963113235,102.05430701529899,0.4426002830949045
10,2,1085.562228080697,100.69272638079502,0.47175225309865
10,3,3213.0135737066694,24.189600746976424,1.2580526090626947
10,4,3357.2436431194055,28.425231048824227,0.8542348633747459
10,5,2003.3040938178785,70.10682316842306,0.37177960670130616
10,6,2812.157172451542,25.29243148903413,1.1183525923084332
10,7,3274.4646685707385,27.36212177958999,0.9837980138154272
10,8,2348.1902113821825,31.945684034143657,0.8960780011505243
10,9,2713.425964951774,28.6496180059251,0.9863985882471056
10,10,2960.2097375735793,24.35284299370458,1.0607436964598023
10,11,2903.933719872736,25.786986461131075,1.0895363486418361
10,12,2464.994775336394,28.939488706641324,0.8170108734540804
10,13,2645.767044154933,31.846281351184142,0.720561243726408
10,14,2529.0550883213423,31.410427869840756,0.7663573296168344
10,15,2858.7946177696936,30.233323172463372,0.7368525322207482
10,16,2894.4408128414643,26.27118308416174,1.0895363486418361
10,17,3257.540669983811,27.98300832944883,0.9876373791625745
10,18,2785.4518426780132,29.632803059663782,0.809917226461021
10,19,3354.632468711198,24.62383988005141,1.0490198686133425
10,20,1962.9475883942468,49.87382703307502,0.4700081517743868
10,21,3020.127021288053,32.32748903955064,0.6647891250961102
10,22,3315.7943732503563,28.64937358388132,0.8526382771359451
10,23,2041.0385454447664,38.505078480627525,0.7042382054774414
10,24,1311.1319591188992,80.22120825966421,0.4114233266044849
10,25,1223.9920845556767,78.88850885090929,0.4977148285514481
10,26,2977.3474386834723,28.130830914234636,1.040613330573958
10,27,1186.5282916478282,85.31387238476,0.4540928327489304
10,28,1168.6748959838199,92.12548127467564,0.43425618990513826
10,29,1602.8140979639768,56.38216805819309,0.5441290258833327
10,30,1182.1643796254145,84.35726019823126,0.46349484281487463
10,31,1863.6014016761953,48.32734767248523,0.5064309802799372
10,32,1240.39722310531,75.29564785656373,0.4453822941924983
10,33,1719.2877660935421,63.915527716652065,0.40668464017281636
10,34,1866.5330512757164,44.468874807485705,0.5697555756535877
10,35,2253.6998392471946,33.4712736835965,0.8313036260755986
10,36,3293.2701043510247,25.182800074639868,1.0256418966227834
10,37,2441.2367362319296,36.297952368406435,0.6515460724301363
10,38,2375.511757984147,35.70363095905092,0.7539216338378409
10,39,1209.6556036807312,86.69080209398402,0.4167901962440048
10,40,3222.119809515185,31.428345138625957,0.6719770704136501
10,41,3181.6966526041633,25.953474528618056,1.0093202527744118
10,42,1449.2107179286575,60.34565487470519,0.5208228597052091
10,43,2455.475670480166,31.664807240303972,0.838411802938154
10,44,1115.958241958586,93.32251133958822,0.44817930377863746
10,45,1734.6010895011525,50.98155471219,0.5327919385113269
10,46,1257.6781453512044,82.68865911651508,0.4121005128531223
10,47,1107.764647999908,98.04962004298874,0.44488347161554387
10,48,2109.3325043581153,36.71496699670991,0.7734946161125222
10,49,2990.942478063752,26.879466984285823,1.0541174596827467
10,50,2235.403093139754,35.91923280250506,0.7996007654950361
10,51,3137.3549048335035,26.00087799383762,1.003268235255181
10,52,1838.8986032512726,51.50668774139261,0.4964163125151373
10,53,1689.7434301387293,43.37362035558785,0.6326646292315878
10,54,1556.8844766296234,54.583591260250884,0.5667498018973944
10,55,1652.567421462685,52.92972311721204,0.5575649587967426
10,56,2065.09382449543,40.52854204692834,0.6874136434021096
10,57,1929.811157227448,40.30534539329857,0.7139811716621445
10,58,1675.391344023293,57.32222676079057,0.4759582026621487
10,59,2281.4975371466808,38.91170097774742,0.593229454135809
10,60,1611.6847135079236,58.374791898607015,0.5276861574976444
10,61,2140.1003218849505,36.45675544231717,0.7949522020958213
10,62,2073.5430566786486,38.35242393744273,0.724685288582517
10,63,1479.4624151212106,58.09341929588579,0.54940559468346
10,64,2015.9607016457742,38.42563788381049,0.7795064247288579
10,65,2842.831984327237,29.41959333845958,0.7693828160687062
10,66,1723.44553849171,62.86829569377469,0.4046856030833119
10,67,1505.3933759452902,54.02410411475018,0.6022707824498283
10,68,2184.1231170700285,37.850412191011884,0.7473517927690914
10,69,1814.632653134694,41.15045054783376,0.6630479342265438
10,70,2628.2144401787377,32.06402858696642,0.720561243726408
10,71,1375.076574568261,66.80387770080677,0.5169083430746113
10,72,1229.1102408649851,83.46719931868529,0.41321268468549377
10,73,1235.6330160020584,77.32492889472803,0.4579904399541874
10,74,2261.0831393189146,33.46214085070529,0.8795817018836374
10,75,1343.8084515181422,68.86600771807943,0.49674099213492795
10,76,1215.6123862625357,80.66557268025856,0.4654707081942284
10,77,1548.4956153736243,52.1001293185686,0.6216542858324843
10,78,2933.3058742239436,34.52151720154198,0.6678953377305312
10,79,1894.849128358478,59.46839750728332,0.3956353934846817
10,80,2348.3703281870507,41.9503487314527,0.564361112341139
10,81,3111.2382679402,25.994631312900086,1.041893666866038
10,82,2220.4943487095225,42.53526752594613,0.5067293931946857
10,83,1192.923449010238,87.87694606193244,0.431972767768265
10,84,2564.578484949,35.40355585514165,0.6771369607783662
10,85,1388.717918748832,67.52398693577123,0.414777904549922
10,86,3080.283860432741,29.48580616806129,0.7060306455881182
10,87,2603.0995004587,35.49647755539194,0.6331157137697652
10,88,1574.8790155070915,52.41721137133136,0.5756522978298229
10,89,1105.3467663639772,96.45451061266266,0.4605663350293483
10,90,1918.856289413253,53.91504608629548,0.438964765934152
10,91,2303.233739284353,37.90470810985201,0.6289377429352143
10,92,1209.215054991255,88.75895174022907,0.423286430922424
10,93,1112.5949641810003,96.96620067425756,0.45230915836180685
10,94,2090.016442407891,47.77986704520376,0.48327218298252816
10,95,2178.404144657385,40.23081578619379,0.5849785625342996
10,96,2006.2674362942928,43.75112616030384,0.4916582552284616
10,97,3000.1621650334946,32.43578697367718,0.6965311681876187
10,98,1881.5836949366521,46.6512125484849,0.5256580465233149
10,99,2125.6181052224497,43.70902924013076,0.5545209124881154
10,100,1315.2003778310586,71.25223858939306,0.4830049361208886
10,101,3067.2229987412284,30.37189639884367,0.7080275572145531
10,102,1784.4812939774893,64.40233214810095,0.40018415122731454
10,103,1096.0434439017733,101.00077036188758,0.44371245492727596
10,104,1492.6243895978691,55.063618969889106,0.5794872792109658
10,105,1204.6843325331213,81.53746870990636,0.4453822941924983
10,106,2334.019676713536,33.05304443845811,0.8455952277838676
10,107,2590.4032713049346,35.54850074930317,0.5761351608335978
10,108,2205.709215054883,38.120441266275094,0.6275075756709576
10,109,1343.397112849365,72.9098223414026,0.42928225979290957
10,110,2503.619460082766,34.82096570921975,0.6794380087800604
10,111,3118.151866568788,25.621290067944994,1.0550380442528464
10,112,1758.5936806875393,71.78492708065704,0.39156222820513875
10,113,1161.2238360630975,95.82292597544038,0.42939156558450975
10,114,2929.556149696039,35.015417861212306,0.6593542489563795
10,115,1772.7111973940705,69.11406708983783,0.3963339423601937
10,116,2418.648476699414,32.76595801956827,0.7838294299590132
10,117,1235.2615054844066,78.47717875349346,0.4646654015628151
10,118,2401.702017318991,39.379866338410196,0.5815230151211495
10,119,2791.6910212845055,33.24264456345719,0.6901918507998985
10,120,2358.4229954601433,30.262399581711293,0.888155161073847
10,121,2351.0527268502456,34.39342092229834,0.7848516069451357
10,122,1127.110326844624,93.9190843524428,0.4336975535462422
10,123,1129.0499066543523,91.27413097286595,0.44817930377863746
10,124,1484.4056675464658,56.91414122391122,0.5597046577071332
10,125,1919.3670167190676,49.156559790315654,0.48276155444317226
10,126,1945.1387198373695,47.177636251404046,0.48798912144616224
10,127,1328.8262684526637,77.54634252692553,0.41495248103371907
10,128,1575.5743453282682,51.97739456371858,0.6464977257166176
10,129,2166.4138596515572,38.212639805286365,0.616586216111088
10,130,2819.3882508156216,27.942152652833396,1.058672491388414
10,131,1520.7092430405494,61.321266283022005,0.44547837980259075
10,132,2344.711761285891,37.35829461512654,0.6154227815833764
10,133,1747.1418666610043,46.78829514536661,0.5413886419458578
10,134,1628.8405122982276,73.9621300640421,0.40767671715556375
10,135,2827.7213635210046,32.90033380289723,0.6956719603648196
10,136,1094.3447714560275,99.152143833886,0.4459956434479153
10,137,1643.4308954086064,58.95397367703994,0.4792874086827581
10,138,1826.3427198177792,64.9393538850437,0.3826127458215822
10,139,2375.5404002035334,32.50758448734423,0.8259475844657338
10,140,1123.0749157174962,94.6607584760275,0.4459956434479153
10,141,2391.172607514979,35.500927271812486,0.6821148241944321
10,142,2376.7354945699635,36.766970222816155,0.5888656528056053
10,143,1255.7637481019221,81.38560843937698,0.4323158345922664
10,144,1629.2981155128002,47.1099464263389,0.6041419494226439
10,145,1288.987116902187,75.26914073233469,0.45431981868462756
10,146,1804.2403179729226,61.900882196833194,0.4127793668107884
10,147,1327.6159563146375,73.60444597284761,0.4745227121572775
10,148,1460.1510690330779,60.50422151461459,0.4565943407888895
10,149,1648.8927479778051,65.28308131172733,0.4187782129142654
10,150,2283.482545756353,37.60645704034381,0.7421052762885196
10,151,1658.7161026080637,55.80896756374608,0.487884112117289
10,152,1912.4436013471438,45.70949522630025,0.5228137934368533
10,153,1761.8266986915926,71.58128100015469,0.37177960670130616
10,154,2296.748839666436,33.27088424272073,0.8677901031412141
10,155,1152.7483823432663,89.75566729420122,0.45192688600019437
10,156,1808.9800041817084,64.79558225452129,0.3878814300360496
10,157,1838.0371486079218,55.71937732092147,0.4860981347632922
10,158,1290.93511939733,74.58212532069646,0.42378525349937846
10,159,1141.8190440939088,89.89989599650453,0.47973896649673264
10,160,2167.657350406623,42.859458103522904,0.5884136518826324
10,161,2141.78491180949,40.81372621312351,0.612847991629657
10,162,1866.8593023316705,61.005056489417626,0.3993229086744172
10,163,1431.216179051189,62.51203476362471,0.5119203637727807
10,164,1266.8907423298697,87.48495317832575,0.40326774038746294
10,165,1142.8594540007764,90.42254270789515,0.4348097253786136
10,166,1778.0270570440507,65.91778433977484,0.3840942493745274
10,167,1414.0778327357937,65.99433192653693,0.42671037616241847
10,168,1322.2689476211065,69.8341085135363,0.6216546392657527
10,169,1894.1368326941354,62.10877471147108,0.3802422396911105
10,170,1510.0395880724961,55.0331293394729,0.5686887020537768
10,171,1409.0814217545083,66.47412188014043,0.4243082880393736
10,172,1418.257770791,61.46785695995874,0.517035679043687
10,173,1972.1542195407628,47.02079655517246,0.5167817736281961
10,174,2276.992106010835,33.36082277250617,0.8876755507839924
10,175,1225.5444761884066,91.07764726045652,0.4164396477419565
10,176,1742.134024442785,72.17435704625072,0.3770508349898769
10,177,2334.0197099762067,33.052859226089055,0.8455952277838676
10,178,2215.661247912744,34.12866001498268,0.8017824898603756
10,179,1605.360257754619,59.17457910963106,0.5325941227258646
10,180,2179.8162260412796,43.28119911549826,0.5347121791917466
10,181,1422.296554787197,64.1438096725148,0.44649299766625106
11,1,1301.001945530001,92.66247462441723,0.8810089733873063
11,2,5184.8269470872,26.33191917677942,4.273875860287372
11,3,1300.814426042647,90.75735453452091,0.9029998044610998
11,4,2314.732129144945,66.88100670357838,0.6502555891412989
11,5,3969.191018995765,30.57556987835784,1.989674580453567
11,6,4902.584458851439,28.111664130874463,3.5651271488172505
11,7,4800.606082165075,29.274089360608087,3.576409511774923
11,8,5139.521939603656,26.65898618267915,4.204872114414876
11,9,4930.703996151689,27.818613691994024,3.718817097007822
11,10,4944.138586312492,27.485601158975875,3.718817097007822
11,11,3594.458912290486,34.903855519244296,1.9291951130216347
11,12,3726.3380278252607,34.08670249069769,1.6606264162004578
11,13,3625.044170704427,34.59621989972197,1.9242617821375028
11,14,3821.6552113798152,33.34599129684087,1.802196559822189
11,15,3846.09110645159,32.018897301024786,1.8352726408706026
11,16,2142.360976399388,73.49530905602934,0.6814853344145391
11,17,3854.3005624232064,31.806214248380662,1.8531087735136893
11,18,3176.5344774283913,51.070071208758115,0.9537884651180519
11,19,3328.837289422546,38.54761310337564,1.6329349500798251
11,20,2854.7577716383166,58.923461803287125,0.7171608007853898
11,21,2822.4235225278026,41.798094701595815,1.191166576959013
11,22,1915.9327755167901,54.709282404440295,1.183298383894975
11,23,3374.639370186629,36.748228716046064,1.5464287059976591
11,24,1888.0792159862808,64.25166151574209,0.8198337725002354
11,25,1339.5472538495333,85.40246126187961,0.8766909489194461
11,26,2963.4946775951794,47.331870706570015,0.9991473361134666
11,27,3427.1227935603606,36.60808971106718,1.7039325276804718
11,28,1610.6928288007427,71.4790070271088,0.7826614617691909
11,29,1753.3524863114064,74.98594581177643,0.6954640823024505
11,30,3364.8412195555456,38.982653394470255,1.6216323069264682
11,31,1930.8088779078967,63.454723571956976,0.7509118080959318
11,32,4851.7681543983035,28.32006670002986,3.576409511774923
11,33,3623.437704857037,35.41945758992892,1.872871461766735
11,34,2391.681838540403,46.819112323271156,1.6445910565683377
11,35,3748.816838071759,33.544738940217044,1.8766006720188209
11,36,2884.0206442819385,44.87193289946275,1.1081755783118403
11,37,2412.9213023490615,48.23276820526895,1.3067591297576122
11,38,1432.3539490705998,67.9297879578556,0.995206830616894
11,39,1810.4966886345996,66.9943438257952,0.7533909191859536
11,40,3301.3347111841936,39.17915263973835,1.602968605768627
11,41,4845.0969820866785,28.795051197177603,3.576409511774923
11,42,1408.5223412875077,71.96277578831136,1.002674192402992
11,43,1769.4211915626297,57.804518291609234,0.9411612222030321
11,44,1508.4563846813983,77.10567236657913,0.7404765917090081
11,45,2367.9551637314685,48.549422963259445,1.3952360261670655
11,46,1317.6970942487092,86.66580700289285,0.9029998044610998
11,47,3220.8626390324025,36.39907945201945,1.7605948907757956
11,48,2154.248579538273,50.3403270579484,1.4490237692810197
11,49,1454.914521446893,69.58434260140501,0.9539440678467557
11,50,2657.7495226400647,43.908751968392046,1.4255056087542606
11,51,1312.8756140320959,91.7169562340417,0.8581066916178486
11,52,2066.635504381379,51.926670901805636,1.2961059112972464
11,53,3194.904509409279,37.870625630709405,1.7466968049485878
11,54,1426.7929576192778,84.8877186280016,0.8360670233165486
11,55,3060.629773682533,40.7953429926468,1.478446089582615
11,56,2794.8789370965214,42.58128400187502,1.6391956785496298
11,57,3499.3961712288838,39.454673010847685,1.5415099857185126
11,58,1716.0816010097449,61.4038147984973,1.3615932670661408
11,59,2296.3425937690245,47.7077123661984,1.6283569562328957
11,60,1395.0703930989912,74.34616615412801,0.9188931452693261
11,61,2646.0099346857583,45.30822740187552,1.101117796525461
11,62,2449.2887651561614,48.88754911115084,1.2061493487108592
11,63,1749.8203268060536,59.79964519716639,0.898796024301916
11,64,2224.6400057102474,61.87248495137398,0.7887355380197612
11,65,1481.4950837578417,77.87246528159132,0.8433889659626423
11,66,1740.104489263425,58.35676250015725,0.9667308014814502
11,67,1351.1793600351625,84.03795201168491,0.8725819421431105
11,68,2498.1322459063053,47.08076443779334,1.3299538122300625
11,69,1656.100419997761,64.91893365302477,0.9097345552467928
11,70,2009.2016431937614,54.20042952262454,1.060232405697068
11,71,1626.7600822450574,68.86927216424111,0.8032802784712807
11,72,2942.7127045278776,45.96018326280448,1.0849223682036957
11,73,2547.6068708204707,62.489361463345055,0.7121322686243126
11,74,1421.074616883084,79.04909328641271,0.8766909489194461
11,75,1414.4952320011478,86.91805555243339,0.8282769855274204
11,76,2683.8049618202504,57.00960125063954,0.8558733406549415
11,77,2931.9201783451917,41.27900496143391,1.2069807546466187
11,78,3260.305757866915,39.482565588858584,1.5611436248237567
11,79,3458.041497947078,36.08961167516694,1.7047289195388018
11,80,3129.9232293276323,39.234563783689154,1.5802114626030992
11,81,2587.145466148613,52.426866120514056,1.0354290574674252
11,82,3263.585980285616,40.07478231800047,1.5194569919178278
11,83,1372.6479053613984,80.31711328988436,0.9770023303164059
11,84,2245.983167794305,70.94947362006393,0.6538812225313144
11,85,1583.085655723204,71.06243377688037,0.7829964180691427
11,86,1324.4094961970577,89.71430531907981,0.8428492920426223
11,87,1724.8314009176859,70.41314099796307,0.7024646156857202
11,88,1729.5025788271387,60.66903589082032,1.3804347608216965
11,89,2757.443514100072,49.082360628204285,1.0481675354586066
11,90,3280.3157899062367,39.625980054708954,1.5423020544627661
11,91,2457.436559340771,51.85896750730146,1.1339643795142855
11,92,1440.1780311132052,76.87570499131,0.9120627769382956
11,93,3109.950754325516,40.25635121597496,1.5280944504626923
11,94,2263.7494137744907,48.19207421240424,1.5455430420355967
11,95,3029.6443470773124,40.83083765205324,1.4548018974236534
11,96,1538.5106722285968,75.71608921665562,0.8370111193599037
11,97,1876.24829667614,56.766285725510706,1.1250482662320174
11,98,2718.4925624419825,49.93788552511232,1.0196405537707953
11,99,3767.705903382933,33.932884385338596,1.6873985936887195
11,100,1900.4614717050695,64.76917991447408,0.7230162614298976
11,101,2036.288098178552,53.24112724432274,1.2682103646312122
11,102,2824.6626929575664,55.13944694849948,0.8544717194843017
11,103,1312.3483082076089,88.75470361955905,0.8877424048858735
11,104,2897.6174778730297,44.41316794129536,1.085770118049446
11,105,2579.7010302650674,61.08518822475674,0.734331352711802
11,106,2106.686002993122,79.7496589171996,0.6746549660835086
11,107,1558.5029083963718,74.04479911462678,0.8690917543373473
11,108,1851.01979047011,56.288880846491736,1.2274249469794363
11,109,3078.9925669133086,40.84730088700189,1.2810395508041559
11,110,2622.317328512035,49.5319439602749,1.088358062252503
11,111,1689.6698520323737,62.61001038882818,0.9301384623916888
11,112,1954.531244839927,55.93143276768619,1.1503696897809128
11,113,1986.922293723701,53.876201438328366,1.0830463341637149
11,114,1413.0100283099002,81.95218014236345,0.8537404483875548
11,115,2472.636213570592,60.70708492253493,0.7420799107673304
11,116,2233.64734630262,55.478895373935174,1.0138528555561237
11,117,1378.3783056770872,80.68570965400545,0.861530486176683
11,118,2715.5613540482223,43.18909748652438,1.8203323220824004
11,119,3211.6343190298994,37.42182336741788,1.7695418674935262
11,120,3127.6418100974192,37.926189134183346,1.6392589886400195
11,121,2789.860249306771,42.833887280072595,1.6349443120288285
11,122,1323.5968567438954,88.77057193192539,0.8547001178456526
11,123,3474.21926777953,35.819569068930434,1.7275739820837401
11,124,1492.3184680884062,78.5686629467286,0.7404765917090081
11,125,2676.250528581678,49.668210650687776,1.0430248834091742
11,126,2519.084828848635,45.92331062956485,1.1191928589815454
11,127,2641.8068670883913,63.10347938230891,0.706761330993924
11,128,1548.279446275205,76.37358422607848,0.7857098623858008
11,129,2369.2063538763196,47.895374881952065,1.4859216012763135
11,130,2086.6102428572667,83.63965545719661,0.6746549660835086
11,131,1472.1740931120332,78.34968957742251,0.8801432103037747
11,132,3813.4457554081987,33.558674349485,1.7843604271791023
11,133,2398.3025699342957,47.23496662074234,1.4231315728330998
11,134,1732.0589043868542,69.46264554951692,0.7423866590923502
11,135,3088.028107430497,40.56606727070258,1.575807935885539
11,136,1324.2219767097038,87.80918522918351,0.8648401231164158
11,137,2325.296559089202,51.9140675149151,1.260871884408619
11,138,1792.2928976936712,59.48339120772456,0.9301384623916888
11,139,1633.8405172537402,76.14550045318914,0.7497956119351521
11,140,3449.2752002216553,47.05156302676365,1.0585632828376852
11,141,2375.9306250734935,53.162338843495576,1.2218511022635816
11,142,2099.228684375913,51.442309055599814,1.3789198254945454
11,143,2323.1123499827895,66.00278420193327,0.6784048230198962
11,144,1340.2920054626036,82.77390431040102,0.8766909489194461
11,145,1359.8969501159702,81.55483536801327,0.8716704914474462
11,146,2563.388089329366,52.7227402900957,1.1132379012220497
11,147,1375.4097467431538,81.05323149060564,0.861530486176683
11,148,2135.3366081427475,51.90948728630652,1.3453356247176949
11,149,2164.9806015296826,52.62595918829945,1.2424701389043271
11,150,1970.2139757373857,62.90383230370758,0.7969021275218715
11,151,1312.688094544742,89.8118361441454,0.8800975226916421
11,152,2510.1309099146365,65.23266364069353,0.7182113281427824
11,153,1542.3649918033798,75.50778969477625,0.8690917543373473
11,154,1956.6477947003248,53.358724539963895,1.4010381237123433
11,155,2909.200176172177,42.931715449169225,1.0938985885405437
11,156,2091.6287346406857,51.471488220918374,1.3481829164760022
11,157,2730.926138606174,55.35242174815432,0.8399275508904722
11,158,1791.9610561860784,68.20691238675045,0.7207466301578194
11,159,2748.592005663834,52.84907706791993,0.9675686901695286
11,160,1487.1037788934723,79.87230633519873,0.8298888948273273
11,161,3104.3531438807513,40.54921130947665,1.5034151063437449
11,162,2522.718689360225,53.50758319675583,1.086854115915159
11,163,2918.3586052443493,56.650097694986414,0.838708115622957
11,164,2584.6611983669186,44.12626799222019,1.2883539958274497
11,165,1359.2718301501618,82.5162220707551,0.861530486176683
11,166,1564.2625994922762,66.50735746888834,1.0641270472400244
11,167,1823.6477442334362,65.48023743867117,0.8041298096747447
11,168,2027.923903194064,53.40682724840125,1.2453653020862738
11,169,1839.6775343290426,66.62217963384848,0.7391181381405083
11,170,2140.5306444936077,53.76126189238972,1.0719531240715163
11,171,1475.8530045194718,70.62135513013973,0.9188931452693261
11,172,1796.948597231991,57.49268253943664,1.2274249469794363
11,173,1360.0844696033241,83.45995545790959,0.8496796603736527
11,174,1724.1171578218468,68.38739021490558,0.7922714085070517
11,175,2208.3380258555553,49.22473611585141,1.4383107460165618
11,176,1638.3289088374772,68.36629431883316,0.8923276400110716
11,177,1827.2960034348182,56.17822619691954,1.2553204936454705
11,178,2929.847568517543,52.99523612413049,0.9380736757850414
11,179,1696.040840586909,62.55906421842855,0.9768537238846449
11,180,1741.8503614659667,66.39864811477267,0.7869650771560366
11,181,1830.0454242336452,65.70197571863312,0.7693226308443251
11,182,2184.5796029735043,54.01230258578496,1.03147440343999
11,183,1347.861537527763,82.60316693026014,0.9273201765135219
11,184,1303.9705044639343,92.29495278781702,0.8810089733873063
12,1,1182.3319821680159,91.2206383177666,0.7836650952899031
12,2,3719.6779037353335,20.54700542673232,2.3825779847567627
12,3,3611.710531629844,20.829574358387656,2.3825779847567627
12,4,1731.7188810404618,62.813019277896075,0.7174448470593173
12,5,3815.505551890014,23.000959227117338,2.060194233065081
12,6,1185.8874298474984,94.46829345402578,0.7723147534560066
12,7,3143.514829063876,24.78844929271871,1.8489952892251633
12,8,3275.193257514388,24.45392426627162,2.1661185091721524
12,9,1973.1766770786876,34.63106339320771,1.750133864490488
12,10,3704.4792557485207,21.838900588900646,2.3478248497557512
12,11,3505.4013705892917,23.485553570911346,2.116991878639647
12,12,3760.7712084315176,21.55394527149883,2.273077665322168
12,13,1196.949535636963,88.45447859477633,0.7754420871686118
12,14,3521.0495138947795,23.252306675440185,2.0934229887248055
12,15,3432.344240546913,23.10115413096091,2.3556976242987115
12,16,1208.4302556290675,84.7129277936874,0.7392963281642739
12,17,3406.2658232152285,23.743338357493347,2.159312395501269
12,18,3120.42458545215,30.514375190991665,1.418551492040594
12,19,3630.4855022904303,21.997946439472084,2.219692091662603
12,20,3192.705285261324,32.33759157335404,1.1314651603304728
12,21,1872.304228793302,43.07003400484324,1.2946377705922973
12,22,2053.9133445909747,38.713661760393315,1.3471458186592766
12,23,1769.3543389980919,43.485599510941675,1.1901968892695844
12,24,3336.4000003857905,29.40777478489278,1.5209426143523022
12,25,3039.439767846836,26.33007750022939,1.7191535159988636
12,26,1583.972216111381,53.90321385621313,0.8201171593579648
12,27,3815.1752539377358,23.116002034020436,2.060194233065081
12,28,1232.714088099336,79.23353198759601,0.7797786189414797
12,29,1811.9870066782862,42.2772800376403,1.3056838882184874
12,30,2337.868361129817,33.618742475395955,1.9143272766976747
12,31,3766.430662693359,22.36164389080505,2.104222256640904
12,32,1744.3437547846213,41.06282057664893,1.334759073542708
12,33,2503.4245471705126,32.575709159149,1.9900947881157247
12,34,2009.8932046228501,37.01666048362089,1.5789974014127264
12,35,3723.530007609464,23.610039406863358,1.8658691930464801
12,36,2452.9266252258976,36.47776639335029,1.4934535035604437
12,37,2189.8083684858434,41.43215684547982,1.2032451296823776
12,38,1322.765029388923,80.8012986991167,0.7256678551806086
12,39,2987.7887503169736,27.996002073642167,1.9356568228208548
12,40,1922.7569512740965,41.2338219412644,1.3103443140482742
12,41,1999.1346536537276,38.12649152901207,1.5101033620454434
12,42,1213.9364064924227,81.50718938162132,0.7404326678805067
12,43,1646.366522665614,48.3145598551116,1.0731269607151734
12,44,3313.977350937194,31.34411188579793,1.2634200021697222
12,45,1366.9397991216658,62.19799465867678,0.8302959837042341
12,46,3582.447791947667,22.977052638042732,2.2510854000662466
12,47,1319.383729411409,68.42513694629687,0.7504703436376499
12,48,2668.7456110842318,43.94812494491101,0.9133801166194626
12,49,2369.4345728496237,33.55770762939099,1.9984638539562152
12,50,1551.0606590820194,49.555716068006575,1.0471599821159696
12,51,2174.098018988211,41.337277235814305,1.2497601525741526
12,52,2499.710037941938,33.20693436478638,1.686531117800845
12,53,1695.6204276334304,52.456895097143786,0.873020757561596
12,54,3048.8186915060173,26.083050893306755,1.741795415285166
12,55,2709.1348815168826,35.747941784620345,1.0976635855605839
12,56,3060.857937056061,26.556394642249515,1.669629237846939
12,57,1383.3344535566903,64.1803849196798,0.7529802802780292
12,58,2165.07614918807,51.09530657868682,0.7655646175468664
12,59,1203.035883725261,83.40760002100689,0.7486556760017979
12,60,1482.3721471857361,52.94062424222044,0.9866607173024331
12,61,2219.4981295238304,37.39145880925278,1.5315971405113142
12,62,2258.7584213812775,31.692674802404603,2.0413653961652916
12,63,2821.168659016118,32.31979977657438,1.5463151995530726
12,64,1460.2108260458385,55.598857331700614,0.9363780890239273
12,65,3099.2372741448003,32.93404276892125,1.377938409055881
12,66,2730.966957756679,35.59248511405145,1.2823991767050646
12,67,1351.6412096819954,64.6505415075079,0.753439745181721
12,68,1333.665552156085,78.90088805973113,0.7174448470593173
12,69,2259.4843526171467,31.202420577729796,2.0413653961652916
12,70,1186.0490128698011,90.3548892341619,0.7836650952899031
12,71,2602.1107278989693,40.512636994876765,0.9139408358378578
12,72,2684.653744394636,28.27014987743415,1.7236436327465139
12,73,3015.653480996512,31.9759189843155,1.4354150377915413
12,74,3169.2105249775627,30.89360466441257,1.4023954467309654
12,75,2760.3636932275276,37.68850524734433,0.9985858905065559
12,76,1878.2745489485887,40.17926905923107,1.3658173872241992
12,77,2471.7463654684025,44.20657576866327,0.9374527192311977
12,78,1209.0394252455778,82.55834118465488,0.7355591729106745
12,79,3610.385218462386,22.579649934875967,2.2432609815774445
12,80,1938.3967332578538,39.71226826085979,1.3044844081904206
12,81,1508.7225224644421,56.22816381327916,0.8941787828347731
12,82,1399.5442472939437,60.84278184818522,0.753439745181721
12,83,2119.5709833802684,36.50511631536265,1.6187556765713058
12,84,1398.005075606177,60.15400986204464,0.8374133637417582
12,85,1195.872769923817,92.53472162663694,0.7694884308722596
12,86,2303.908371097309,47.7870468666848,0.8703196274759417
12,87,2419.009991381839,33.32025001691743,1.888109578517179
12,88,1441.3437549597793,70.2697967517713,0.7241086428037651
12,89,2777.1124085909114,28.855968883056594,1.6774803509316758
12,90,3093.796558813184,26.09331646051994,1.6419661313084486
12,91,2559.7852864057245,43.196877808511324,0.9176779910914572
12,92,1638.205889523311,48.81279225208241,0.9745800441285883
12,93,3162.9684769525743,31.379081862598074,1.3913947289960635
12,94,1250.6678087280472,75.06523229714826,0.803154812116988
12,95,1309.0262606414506,67.35816120620353,0.773917962168996
12,96,2067.561761732604,55.04053062407714,0.8076939241574674
12,97,1668.409437887444,47.2153686440686,1.111284092943814
12,98,1272.7722730270707,75.01059560688395,0.7355591729106745
12,99,2844.873548075755,41.60579914936317,0.8846510317610257
12,100,1538.1661876784053,50.46951975079425,1.0817360443132689
12,101,2950.921417868102,31.057358467357346,1.5411760398765804
12,102,2630.743972450036,37.85675636645623,1.0340898331476875
12,103,1239.854973095208,77.9725251616802,0.7355591729106745
12,104,2091.303415976698,36.24519524778438,1.7387375830715737
12,105,2390.1557487262126,33.653768852725555,1.6726800280921008
12,106,1955.8253477475907,44.20517079800425,1.0145699854345143
12,107,2891.0581875109583,36.79982741143893,0.9035538060058474
12,108,2415.116758031442,44.93961666309459,0.9590091940885852
12,109,3757.89366570997,23.54215531464118,1.952157461212403
12,110,2433.70696993507,45.69581750602262,0.9519856659953607
12,111,2578.9295487983322,33.38248662565403,1.653857464360092
12,112,2518.110765376834,29.081990206739977,2.2592109351573395
12,113,2917.6851594226364,31.580711474217345,1.5947852767690467
12,114,3069.0898199000585,31.10509432514735,1.4989211436284382
12,115,1377.2572233897333,60.54955977901235,0.847381716585696
12,116,2267.9714960987076,34.810366161480125,1.7243323667265162
12,117,1198.138902478416,84.45875182404045,0.7437821810319658
12,118,1461.162224578149,53.98282986523681,0.962326532831435
12,119,1619.0647488545974,46.64304775051669,1.1396604513753257
12,120,2056.6213916223965,37.81636140124041,1.4622378902605728
12,121,2359.8698525325344,34.009014406523534,1.6687935083565808
12,122,1511.3671524596655,50.57084779410093,1.0098418434406273
12,123,2927.0352297081954,34.56168807567064,0.9575464584746012
12,124,2771.1013886737132,33.046476166995724,1.6071596778672355
12,125,1425.1624498736555,69.34085312312259,0.7296593668390887
12,126,2492.2112789407765,34.15014261367841,1.4219299026970749
12,127,1303.829521759866,72.50854223380847,0.7374620593557903
12,128,1778.2744361361642,47.91974088862538,1.0023388395633663
12,129,2731.671713357877,34.00456390142591,1.1616687914367017
12,130,2332.6793979120825,36.92380798805174,1.53154029334687
12,131,1192.941841785797,89.33678897023306,0.7839194516947838
12,132,1655.9218824014501,47.93627104751218,1.1305737032698264
12,133,3301.619727557482,29.263121445955523,1.593454851323985
12,134,2148.0015128536143,52.875898595345156,0.7655646175468664
12,135,1482.6262410623804,59.334647368773915,0.7625872960884994
12,136,1666.7804096778145,47.451619327660204,1.0462932740030322
12,137,1325.3532943079385,65.93231828673133,0.7982521466399941
12,138,2265.7056788564837,39.3225040320304,1.2273891818517537
12,139,1278.2107127918205,71.94397722917822,0.773917962168996
12,140,2280.4779699687947,34.16531302098379,1.6329217529335214
12,141,2514.094300780016,31.538579959148155,1.883888703131733
12,142,2203.9674955937253,36.36698125088182,1.625896252703738
12,143,1806.9388601340318,45.97632629122249,0.9503192667796316
12,144,1678.2043710134335,58.553136250103336,0.7323560177862927
12,145,1288.5352562870598,71.51951209414634,0.7463988887856541
12,146,1447.760089537897,54.91121189600286,0.9447016173984846
12,147,2964.6378851087084,33.846335250851354,1.0238485916780409
12,148,1613.8948816703569,50.30529144485548,0.9480069017191983
12,149,1258.6084114231235,73.76471509582065,0.7379215242594821
12,150,2536.325987208052,42.10914966103817,1.1306916396769768
12,151,1353.7478985139694,62.3524918802256,0.8251055388068149
12,152,1560.1659732979263,52.08281834409719,0.9696246295842936
12,153,1486.5874142344733,57.410574265710096,0.8685683010844674
12,154,2434.2672680733076,35.29456432206456,1.557707866983142
12,155,1557.9412549661313,49.76401344631608,1.0086423634125605
12,156,2133.0301358018514,37.40603536021972,1.545644186150538
12,157,1412.4068677903033,57.72394220703187,0.8892285442225596
12,158,1487.512599856855,57.27036943629552,0.869844598363775
12,159,1900.1695544342724,39.06911175060739,1.588838732353656
12,160,3178.864410399919,31.15781144512998,1.3364410345662723
12,161,1257.0376622111523,76.24081142282452,0.7555464396924325
12,162,2793.0355236556857,36.033486879195095,1.0896239318613201
12,163,1725.3636246572796,46.28830388715521,1.1558760282663645
12,164,1255.6976366926149,76.79118749647544,0.7355591729106745
12,165,1473.1852791942213,58.338956296476155,0.850943385651517
12,166,2576.342313360186,42.015955310954176,1.0281899787298716
12,167,1425.8090028305553,56.79556017626581,0.90685345965551
12,168,2978.4434493389385,29.31539698587491,1.5211044687472413
12,169,2563.421566593842,39.99682213178398,1.1535070000073464
12,170,1306.134808474114,69.45407010294524,0.7535531102465445
12,171,1193.2325049351778,89.32022767838103,0.7754420871686118
12,172,2094.4016449128076,37.783648074417336,1.5697778862576417
12,173,1543.635411121207,55.13461969292342,0.8927683910617805
12,174,3603.2836184020816,22.380328558711092,2.256308881818965
12,175,1603.0587625747144,48.51811096188752,1.115809864276697
12,176,3586.518427964569,22.853479074104776,2.256308881818965
12,177,2281.256968065628,36.39804752898336,1.6219203816263654
12,178,1633.2080479946044,44.87252306250405,1.1707993400802525
12,179,1261.5683314952091,73.1648216577627,0.7949318039956967
12,180,2507.2763064575884,46.028042707613416,0.8976811306394108
12,181,1714.1505477796663,46.46551988431038,1.0962616651581047
13,1,1506.5962825746828,123.48053740004957,0.29981962991147526
13,2,1948.572970184497,144.36478849612746,0.23095863432048702
13,3,6045.261048045459,39.13985102639921,0.6753097087680615
13,4,4722.098277535335,35.33193020672319,0.7775428381588299
13,5,3023.1241368039537,108.89169159251637,0.20202350311193484
13,6,4699.003772246688,36.25187991988661,0.7854062352413642
13,7,4901.145633338012,38.372120885054144,0.6865965348304215
13,8,5700.662380553496,38.19553844979973,0.7481293576396411
13,9,4816.532057711759,40.734138851016255,0.6714139812153768
13,10,4602.788421355238,41.62321269009551,0.576314349943587
13,11,1978.1709459740086,135.17852350886702,0.21173030095410894
13,12,4027.858116977126,43.62628339398552,0.538639258397847
13,13,3814.313047034044,44.78680042338799,0.5174444815881074
13,14,4302.399250936443,43.16808399013936,0.44695071065756764
13,15,3522.457888087108,48.40134264452826,0.4855533700859702
13,16,4627.053375830208,40.77980158752514,0.5726778621324087
13,17,5855.1266886274,38.28624614251625,0.6873661800840516
13,18,5703.023564052201,37.609225526069984,0.7041957931847236
13,19,4164.051694146798,46.08865751883485,0.4460453362500232
13,20,4071.5278828772216,43.52348009866823,0.4998667729008588
13,21,4775.619134352276,38.365245707726515,0.728394566180377
13,22,3997.9161444395368,45.51365595376164,0.4563036422088942
13,23,3914.996413830187,49.3317742871992,0.44321436208342746
13,24,1726.0823590444359,125.51823900907111,0.2627376770579204
13,25,4404.942193220533,38.279479758736954,0.7362300727815914
13,26,4469.485000072778,42.63579441671233,0.6930320052230492
13,27,4827.836298471195,40.107655990374006,0.5025618826788545
13,28,2268.7986285686807,131.35363456787104,0.2082735015876871
13,29,4553.6537729285765,42.74838358777551,0.5595518418732439
13,30,3447.636400071189,47.50673464884143,0.488322534379833
13,31,1868.6944762350147,85.30722591168032,0.3015688409037409
13,32,2426.5753372654262,75.10675838190322,0.31503261282058403
13,33,5912.102455249919,37.31932920122229,0.6986225559599433
13,34,2569.121850601025,63.65762272635449,0.3354735200354426
13,35,3114.3503990921463,53.45637040330675,0.41625481340045667
13,36,4702.242264433904,35.63528541158395,0.7658157046512848
13,37,1961.2224661270434,120.7499171652445,0.21474946402276984
13,38,6015.041836371971,35.85165063854652,0.7380125612335391
13,39,3372.9889695390657,52.38504235759344,0.4314613851167195
13,40,4014.4167510097714,44.29240934291535,0.5449227445255929
13,41,3176.0521696846813,53.416920291935185,0.396667878757448
13,42,1772.6291380704504,117.9743314549024,0.25998805867203956
13,43,3605.9715478881703,44.893183647614094,0.5090837678832827
13,44,3345.2198329995513,94.61169503492722,0.2073944619744914
13,45,3721.006548215712,46.21556408184109,0.46473326890614075
13,46,3673.1620290790984,47.556469748162385,0.4666114443619307
13,47,2834.3147155870683,64.9844061226358,0.3208848202125303
13,48,2917.844911207774,54.85763936875429,0.3688555245595637
13,49,1887.3351953323136,87.14837171889295,0.28787388562635385
13,50,4496.271613894996,38.16524085989061,0.7658157046512848
13,51,2608.9439020023096,62.306383623794524,0.4208681407720647
13,52,2205.9649543901987,77.7359187809088,0.32426242651430925
13,53,1680.4453814290093,127.97331805807207,0.2653460641635128
13,54,2235.99847680847,78.72565115302338,0.2969715336943253
13,55,3145.585762830163,52.661330334533865,0.4173781468541016
13,56,3788.5684250494896,83.15410397723011,0.22707324335067014
13,57,2360.3470743593716,65.79527514809409,0.3556167221726767
13,58,4591.861495688783,41.772134159556195,0.716051947383253
13,59,1748.7602567933336,89.992774691607,0.27662513707083747
13,60,2279.8372305862736,127.07656575349176,0.21001713166216618
13,61,1934.3512491468277,98.15723968062056,0.23745521892056587
13,62,2658.1040526006755,97.87132951720432,0.2227158090619028
13,63,4703.364888855593,39.98077205115318,0.7222010997987987
13,64,2151.865010480471,81.53720694851252,0.25887276681524085
13,65,2335.9697356225943,72.79857375063607,0.40964595789743186
13,66,4601.97292462903,41.52263239185328,0.7094675419581264
13,67,1554.659911978939,114.01889172061435,0.2891800064160108
13,68,1771.8997248714516,90.97604375582152,0.27223836455874206
13,69,2203.253257162178,76.12198724093152,0.3826018038252208
13,70,2484.9874642245177,74.44415785539766,0.3068719328215721
13,71,3589.3058668191816,47.14569825959846,0.5001400437617747
13,72,5963.126408353838,36.85068480896103,0.6946659764581717
13,73,1592.3385384384926,107.024084733365,0.28572857234912874
13,74,3075.79869346186,54.83232072584643,0.45404001673098193
13,75,1713.2989497722313,123.6316518431909,0.2653460641635128
13,76,2538.2287523420655,63.1440177071451,0.42446569216575014
13,77,3689.807975861673,49.528034577848786,0.407424627399287
13,78,2994.68072602846,58.210925221117485,0.36016571307082046
13,79,1660.080042854544,96.34124255379629,0.2842061326693539
13,80,3676.6077618179775,46.6217601148833,0.46149444842856724
13,81,2956.190377717566,112.15782950084312,0.2020462965740677
13,82,2750.549767546312,62.07680567118893,0.38738692631860516
13,83,1831.488983992561,87.60178821128166,0.2699817827234803
13,84,2888.343874137013,69.96585911296717,0.30930586842635677
13,85,3830.7270908168175,83.62371997230848,0.21605256575064402
13,86,2120.465677887083,91.73051383374946,0.2464556164747158
13,87,1600.6237416244928,104.9187847395765,0.28187235455509096
13,88,1919.7279875790898,99.2918204867303,0.23470560053468503
13,89,2792.4859177647604,63.044010421211304,0.3603631494165107
13,90,2912.4614871473395,57.03904379893223,0.3773157747636091
13,91,2349.186290683301,66.85878892087601,0.3789985556598019
13,92,3785.06054671498,45.890914887048616,0.4491435226152056
13,93,3006.5420925816334,102.56138254302012,0.21137752713344327
13,94,2377.6940008936335,72.41015747891578,0.33022548591381096
13,95,2852.402441797729,71.49842656299163,0.2801735858032153
13,96,5989.475180741722,36.729177963687334,0.7139141732227081
13,97,1791.7366668039829,113.11821430956498,0.2613311667829592
13,98,3854.9104228689903,52.26723928004806,0.3789603048168928
13,99,2723.6061034009767,73.45292830700642,0.3100498904919995
13,100,3484.767181311196,88.66161655834331,0.2141060842032907
13,101,2836.7424665951044,58.60198801852181,0.3758291245144889
13,102,2258.213543841476,80.15945386596702,0.2507542814331032
13,103,3474.5630425997397,60.693428594276796,0.3409755616354069
13,104,3387.017064553327,50.704068541214944,0.4746544071490817
13,105,2069.9128354446802,75.50492121372531,0.3987086624477847
13,106,2023.9175627650818,92.74704858415522,0.2559619988980124
13,107,3189.0597117916723,80.24794706593404,0.2371308841063211
13,108,2551.6887115633513,65.56198088530122,0.35759913077469463
13,109,3208.810866385404,71.879415848773,0.2744721955028524
13,110,1976.6263739261285,81.61143188798,0.30585010801883783
13,111,2623.379742617441,119.6051780464637,0.21333774677776063
13,112,2834.3165720076586,60.04555901070314,0.36556703223827824
13,113,2176.368607157177,78.97842646896399,0.30537738997726294
13,114,1684.4243766016077,103.32413416239393,0.26905451488417853
13,115,2095.7766156097464,129.46621909620137,0.21030237996302148
13,116,2283.5755107027885,112.28467884021264,0.22567726300610502
13,117,2129.226116268808,84.71757822877622,0.24777567052377591
13,118,2056.3445498738015,99.50872058296567,0.2326392792111811
13,119,3056.675803445646,72.43914490746305,0.2424021700452954
13,120,3321.150502274122,67.99589841673298,0.26174637012392665
13,121,3416.117176109663,53.41927855662093,0.35054126063822366
13,122,1627.226474511322,100.68290876867748,0.2842061326693539
13,123,3255.237858119678,59.24302525367115,0.3475583757256828
13,124,1614.9616793837354,103.78967752160032,0.29068532351260146
13,125,3397.6520723236035,50.08134576581427,0.4457193688438821
13,126,2659.3137816799363,115.43562144814149,0.21344137728574353
13,127,1810.1322333989008,110.36750166632531,0.2571928450332983
13,128,3597.722709386668,46.953367696227495,0.5086832126823673
13,129,3105.7179940145943,89.57200422207643,0.21866674128963837
13,130,3459.8616405877174,51.229316316200325,0.4251905688122086
13,131,3405.2764630246597,61.36028855932013,0.3310190039784189
13,132,1520.7378672385466,122.41577844854628,0.2804610414245232
13,133,2348.3974817110757,70.84078308550187,0.38891557945557764
13,134,2905.070791768387,60.25726069472614,0.34385513969629855
13,135,5982.460320839751,39.44209432051843,0.6735752695397892
13,136,2650.5446483060723,76.76541945451221,0.29259745483733113
13,137,3376.813159227891,50.806979412198054,0.4296047278270123
13,138,1890.298988861061,105.73357177617805,0.25448267371765354
13,139,3650.1123026603855,52.12662048800627,0.38963653086260663
13,140,2342.7417728135038,74.79966528033776,0.32638099654820607
13,141,2080.9965305289325,95.51333127725574,0.23468031230743946
13,142,1999.847190156422,79.62542740208043,0.299614973783914
13,143,2033.2771761818865,77.3825671200977,0.34561141475784396
13,144,1698.1175872844003,100.12189282310638,0.2663048964982977
13,145,2101.8483854289507,84.54249228788899,0.25596019750022236
13,146,2464.929377960224,68.91026768607782,0.33640847485921554
13,147,2802.7781754360735,58.77183426392069,0.3806852246521011
13,148,3604.5272910712324,52.33982348357676,0.40254133510483214
13,149,2755.4990240335583,74.10196559068243,0.30155215070504937
13,150,4498.241783228717,37.885407817282264,0.7658157046512848
13,151,2979.840136262992,68.94192800090151,0.3111142104504694
13,152,3051.4706846581817,93.6514659130566,0.2238674236949585
13,153,2313.7567814782315,73.11496565931552,0.3696640924618393
13,154,2463.534327825499,79.6386191465928,0.2730223871987292
13,155,1555.625803311376,116.07460248385875,0.2789386017447484
13,156,6028.690506883945,35.69714021997539,0.7356015023254194
13,157,3232.6189767796136,52.65422556002925,0.4508603423828461
13,158,2310.2116870061955,77.09485752339462,0.2985990829327534
13,159,2819.1758682327113,63.3838248583263,0.34946212983950176
13,160,1793.007710927445,111.96141710049436,0.2631657666163427
13,161,2922.7010899335983,115.65709409775235,0.20922799330314845
13,162,1559.5377990221675,115.08244321798996,0.28713508262408993
13,163,2474.7784462483005,65.69688842308982,0.31903798330036537
13,164,2731.6637416047106,76.41639433010903,0.26681860859169504
13,165,1593.3044297709296,109.07979549660942,0.2754871676778663
13,166,3300.71315644524,94.09148291430003,0.21517188474817672
13,167,3265.7897961708454,51.30586634103273,0.4515388733797394
13,168,5969.89289069589,36.79926478348974,0.7185997582551913
13,169,3317.613698912455,51.46246235510588,0.4487127936790394
13,170,1598.5893738948853,106.91829448938283,0.2833947942348658
13,171,3789.534316381927,85.20981474047453,0.2168318386794077
13,172,2094.689741211725,92.31108993796822,0.23193069392155863
13,173,1612.994907884923,105.77987777814113,0.28138830926382497
13,174,5915.97626659127,37.48663478860052,0.6873661800840516
13,175,1816.7272829359672,89.29001528836942,0.31058263391901875
13,176,3077.4024347692275,62.638643431663674,0.2918006958351249
13,177,1639.3756091887233,101.59570427267677,0.2782743042311857
13,178,2241.83489380658,75.36000188751633,0.3118541214323578
13,179,3044.9887515856776,75.42998715442161,0.2441458001197745
13,180,1639.623730544901,111.11729375645508,0.2699691011123946
13,181,3703.6442846123646,73.22704101489695,0.23605680095780812
13,182,2890.4606194101484,88.16683021151736,0.23717405950089088
13,183,2173.622847508233,78.89402222625287,0.33943113956975424
13,184,1565.7358055516634,111.25996070426402,0.2833947942348658
13,185,2352.648459788456,69.66445338948843,0.34003829232267435
13,186,3293.740673618144,72.2952250281884,0.26174637012392665
14,1,1299.8928193803138,98.32892755646367,0.24758185836457258
14,2,1330.256037314234,106.17270268635582,0.2146733083885266
14,3,4255.956955605663,24.659022641918217,0.5241727000642022
14,4,4475.949866435862,23.16696784531015,0.4902604710251559
14,5,1754.244762970784,84.3808971934312,0.1753557557613874
14,6,2513.2313740503528,32.219404252487045,0.4335367003591273
14,7,3504.1812482845307,26.582127746399653,0.26699751968973473
14,8,3172.898509310306,29.169242333378048,0.3584051792314895
14,9,4467.024536806981,24.85280982089806,0.48493551651179345
14,10,4293.738538778901,23.512957636896196,0.48709449725086884
14,11,2923.6353801980463,31.94864606977083,0.26758420058977705
14,12,2662.911117590849,32.81188052590777,0.3542098312939146
14,13,2168.4206659910406,38.97865441254232,0.35129051674687517
14,14,3156.738212952147,30.155086753523587,0.2306489998795449
14,15,3326.828571771458,26.113834528606837,0.3162965220422542
14,16,2420.5785725855926,35.2913439104222,0.2530107894542972
14,17,2823.3464995762824,36.984417966802894,0.20602706847860475
14,18,3005.6205881854244,31.453218590790524,0.30227435288752247
14,19,2744.9215698780936,36.15692740284253,0.2138111909909739
14,20,1367.5596532577192,86.61027117990346,0.24825530461730239
14,21,3240.4750973704827,28.30020723331755,0.33097110993435663
14,22,3403.7346586582003,27.132578652817486,0.23917742904612993
14,23,1457.6637087117613,88.418402739145,0.19630667493355247
14,24,1804.8158622822493,48.436497142261025,0.3234223002231076
14,25,2323.1622545560886,53.154287532322655,0.1982442329007199
14,26,3257.3042541632017,27.919614070161593,0.3439783592193457
14,27,3278.0545417626495,27.033527562492527,0.31868497983056443
14,28,2502.7517775874358,36.854611807142845,0.23883590716646097
14,29,1538.351694926276,69.41711836222018,0.2592767076725693
14,30,1450.3121275806152,78.98906028895638,0.24481536876801968
14,31,3497.420325464816,25.076298033359546,0.2701086302393634
14,32,1809.089028124916,77.52302010464942,0.18545921328598425
14,33,1382.336198072269,85.45441397484059,0.2417323209563378
14,34,1605.0494807293364,56.112550968990746,0.2941040567291111
14,35,1562.2209517715123,58.48938129366853,0.3081533767068443
14,36,3062.683927713687,30.67393319209135,0.2310095423410914
14,37,1511.0328872727814,61.96867867890456,0.2888919404079857
14,38,3034.794440474071,30.76526972616745,0.22797666528829552
14,39,1617.4139710418488,80.34087113877573,0.19384660782645113
14,40,2226.337846903109,39.618335941538405,0.23846604760980838
14,41,3221.411628046679,28.812493728364508,0.33234273620441357
14,42,3196.1922444807874,29.69050018346826,0.27482008162416705
14,43,2056.8509564983774,40.54037265327456,0.3394619610387295
14,44,1542.5483512022654,67.70203172122685,0.2618003669463498
14,45,1771.9443105369735,52.14195075615064,0.268021905746874
14,46,2303.9258134785514,41.52325544688116,0.2274764076376634
14,47,1334.4313368810015,103.12534031786369,0.21999826290188906
14,48,2046.0102021934047,45.7051100017727,0.2647828192747568
14,49,1470.7471138827652,76.4750123488011,0.24525770424452276
14,50,1320.239874889583,102.11292078566578,0.22483761358514442
14,51,1426.514825128849,81.96340085508412,0.2346318896767272
14,52,1348.1510385880663,104.04995739292781,0.2146733083885266
14,53,1677.8467811723615,89.76712106827554,0.17993792406123887
14,54,2244.5022491415284,44.284646839237595,0.2310952859940123
14,55,1713.768720801626,83.4949739947244,0.1835204321209858
14,56,2612.7346537717067,36.64028822518798,0.21064963198971043
14,57,1904.6898230800914,73.25691246934835,0.2042697815861061
14,58,1480.5403437688174,72.01217371786545,0.24828541980722107
14,59,1858.7003690673478,46.69313510744239,0.3420707257908475
14,60,1868.2353069203464,47.60396561443274,0.29881850217702777
14,61,1355.3849030749536,93.83529680888788,0.23295670267239643
14,62,2589.4092090875706,36.30658611125653,0.24421758578392527
14,63,1615.1011115791907,81.13477326972652,0.21468372393717772
14,64,2347.558469631146,39.21164959670714,0.23411351518773316
14,65,1397.0575285058746,90.51508379326823,0.2246804095080357
14,66,1313.5192393172917,93.02301899533141,0.2609373324646782
14,67,3394.0553311896733,27.420409312935266,0.2757178833863634
14,68,2401.3998173927175,40.88571623539381,0.23033613756850357
14,69,2550.711330149664,37.66015008306331,0.21962274666999804
14,70,1945.8106955566784,71.33220286463107,0.20592537581296355
14,71,1531.6792696932987,70.51840459775217,0.23489704471153416
14,72,2660.746450780072,31.56867551882844,0.35638822042258056
14,73,3289.4654098298856,29.427480364242424,0.27132636596725135
14,74,1689.0643352732757,59.49822044072385,0.2542644762385535
14,75,1882.1499782380895,73.19997995068232,0.20657184974309217
14,76,1348.632141366047,96.63888116520248,0.22572789042807884
14,77,2597.104897049112,33.93196923669608,0.2213781869108722
14,78,2053.291386943079,57.2057495124682,0.22750359786044783
14,79,1346.6059936436752,99.90356347559938,0.22219472319194367
14,80,1477.0306770718507,79.58542694800852,0.2377362894411057
14,81,1591.811928250791,54.28557551366211,0.3151011788135172
14,82,2531.9305746147675,37.70668506724323,0.2325864483795428
14,83,2797.4528691348937,32.47908898831163,0.20818736767481028
14,84,1523.7393246506476,74.64715560793778,0.2419527320799979
14,85,1624.3829197786583,51.58753685326654,0.3039431886302246
14,86,1331.832397938507,94.983603721635,0.236473375130565
14,87,1640.0337871165675,49.815258113395394,0.2798370708970168
14,88,1978.467195869581,42.24475400810808,0.31368060684398813
14,89,1921.4759815629393,75.90365924775725,0.19484008306923783
14,90,1624.2463695863337,97.78195035609531,0.1843414142405173
14,91,2060.4274778903705,40.713834447013504,0.3343573097378325
14,92,1828.145428859618,57.605432738016,0.25201124715623635
14,93,2010.75252785643,63.611813711907665,0.20184161501945752
14,94,1720.58428045065,64.28846328145515,0.23791413367309033
14,95,2281.746882394999,43.41787662566754,0.2123469473290065
14,96,1361.566602359819,100.59836328620035,0.2176320059533694
14,97,1870.1786303617394,63.14252428585077,0.24088970423168732
14,98,2360.4881767679253,35.67504748112631,0.2676184039624374
14,99,1835.612815596946,50.63784662657898,0.27292660982761774
14,100,1940.0282204454693,46.82273985917979,0.2775521041370297
14,101,2759.0922922125856,33.131637685525924,0.23773895977519643
14,102,2110.7086155476213,53.51430320763741,0.20957487467349623
14,103,2145.415095686632,42.64020939318962,0.2909740245251484
14,104,2137.5267237016383,41.84192513257397,0.3105749043292576
14,105,2596.8935934002425,33.21522112291111,0.33732583230630553
14,106,1745.6768893386632,66.0576837477112,0.21963655987880415
14,107,1361.153423203861,98.94400632248596,0.21999826290188906
14,108,2185.839290156498,38.08256516494321,0.3432916416230576
14,109,1951.1959286139343,75.2127171245731,0.18934775694021866
14,110,2000.4591357695942,45.97396941822314,0.2693095768225753
14,111,1852.3109658117132,59.97241119069514,0.24966167771700043
14,112,1395.7887384823518,97.15827191351931,0.20740615389227912
14,113,2135.293818866808,73.7992774052835,0.19959301515012484
14,114,1780.5602151700318,48.628912584611804,0.28039897657386703
14,115,2375.1756468915523,34.49133016961417,0.2576743970343607
14,116,1550.9851511450051,60.67584650224823,0.27362771444303746
14,117,2207.7375501055353,37.568120032860456,0.31171706206542993
14,118,1575.8666376584072,67.0888375834574,0.2654039069263767
14,119,1654.9974874747425,92.5823438731062,0.18747673678604926
14,120,1659.5099348455672,82.72110634679987,0.19209704669336958
14,121,1576.7531792423904,62.08683305383879,0.25630644313521245
14,122,1932.4175277575216,75.86606871123615,0.20043304968394438
14,123,1993.0390107459768,60.1615317014048,0.21603611275855172
14,124,1437.2941662725223,76.99243771499553,0.27017401389075957
14,125,3360.137358536946,28.523262274204956,0.2646090619014245
14,126,1413.5031015126433,92.23770521447581,0.21112989735661358
14,127,1333.4495106145375,100.99032945090639,0.22219472319194367
14,128,1345.1755738325264,101.64183727951887,0.2176320059533694
14,129,1588.3932139095134,55.69961837679892,0.2942603139718223
14,130,1637.8813444491655,77.21383302508639,0.19697830154880336
14,131,3381.6354948851495,28.046203968486772,0.24797913366060698
14,132,1680.0627833787469,48.79646147416088,0.29621097602204216
14,133,2089.816815015773,42.7293167416746,0.28270345496465765
14,134,1578.298224186781,66.23322697116724,0.2487850283317954
14,135,1707.1183152717817,51.392053490867546,0.27926872605710074
14,136,2284.6984119246968,43.97447814156232,0.20305772405428257
14,137,2191.0584625927677,47.71834912215009,0.2472913166064501
14,138,2789.634082247963,36.262301081811565,0.20674211925404506
14,139,1299.9118278362284,96.2218359411389,0.25656965327742043
14,140,1682.483289314127,63.906471846149095,0.24013378931545049
14,141,1331.9177945871804,90.94859006180474,0.25017470918460205
14,142,1396.1407843751037,94.3189249792969,0.2127034419699818
14,143,1816.1494022853315,51.028629299455325,0.268021905746874
14,144,1689.7951069875887,83.18746928480351,0.1847609286686165
14,145,2652.4813882840253,33.29732126330917,0.22344073516450536
14,146,1485.2162482222593,75.09216764847724,0.23509208276285065
14,147,2268.8469908325947,37.373934921372665,0.2488280217623462
14,148,1652.691961078574,64.62499390075398,0.23731554500835017
14,149,2028.3452687764645,59.03183495378101,0.20260960653861915
14,150,2158.5745822512336,47.12404389260039,0.2507075404552772
14,151,1859.1845068749913,48.049133640639354,0.33181461435578186
14,152,1875.0401706077957,49.3991226486462,0.26920327275489697
14,153,2416.119073146069,33.41457033967449,0.2641817040315644
14,154,1413.7341888485705,84.35307391007464,0.22853898391196736
14,155,2148.472241457056,48.38984065705239,0.2556284999530831
14,156,2061.193947663629,50.42723314859188,0.2610987565265326
14,157,2128.5474263125816,50.398470111366436,0.21067610326045738
14,158,3351.959576278725,29.324240867451916,0.25031586822188245
14,159,2028.0069554174293,54.64973017566392,0.24358074134990204
14,160,1358.2793095301838,95.85252738854962,0.2310203810490563
14,161,3261.3856848258206,29.23944550622944,0.31272281925160783
14,162,2099.716698630346,51.64737450019815,0.2578048431543962
14,163,2025.1732807869885,51.38633075175668,0.26059278144537146
14,164,2199.3762765453353,43.67594167635098,0.23117392687632332
14,165,1922.283255098667,48.908843073990724,0.26920327275489697
14,166,1657.1679823107265,61.25976892604423,0.26215661875381
14,167,2261.8760742732597,47.523678933402415,0.2220850861372199
14,168,1377.7948546493458,98.50072186531592,0.20833576278272403
14,169,1334.9945555589286,105.13672336823483,0.2146733083885266
14,170,1970.195453751083,63.32836778943527,0.21779277264856134
14,171,1537.0585323943606,58.87740200962188,0.2851046220269673
14,172,2641.5882829905195,39.146124147685654,0.19003998923997756
14,173,1388.557147470102,92.68080182278081,0.2210175691085503
14,174,1609.8182713307779,55.309589654520146,0.2843457855463285
14,175,1989.8757743021088,61.12871135939571,0.21505434457046135
14,176,1379.5709869296638,94.7624844782432,0.21822343453466075
14,177,2041.462555185783,57.79055315914195,0.23169817559940853
14,178,2409.619776481287,38.234294007168856,0.20896186812545992
14,179,1611.6309524266899,53.954930723430344,0.2709864008549694
14,180,1606.344155721669,57.88302727383236,0.26325424524188534
14,181,1394.401823652151,89.10425056654906,0.229245552681828
14,182,1456.0995710522263,71.59019853619235,0.269687564091047
14,183,1888.025910888004,48.49007008737236,0.28464726580635613
14,184,1959.327401021568,44.16230716047527,0.27147027872544527
14,185,2054.772605523881,42.828208321541545,0.26252259638873454
14,186,1408.0282435891293,83.79834200541679,0.24260102678193363
14,187,1515.7087917262234,65.04867260951636,0.2756986033636153
14,188,1749.7691371844337,55.00576697393127,0.2663027015605728
14,189,2129.229160043584,53.60996895024172,0.20387650111769773
14,190,1336.9060781480582,95.98737333659001,0.2302906076666531
14,191,1500.756032005868,70.015821427783,0.27523841027749185
14,192,1561.9645836958725,65.40971244344243,0.2719646721429676
15,1,1391.2823610236762,104.22888325748843,0.3080464246176433
15,2,5250.648432511466,25.521424267066607,0.8607049151603618
15,3,1364.7437116388055,95.93809505408095,0.32900124174704715
15,4,5282.440286148485,26.541596054212796,0.8166343141271
15,5,2209.454435979829,65.29531008440628,0.267144398114187
15,6,4928.78294522396,26.73653314865215,0.912084360562897
15,7,4376.390040224744,31.776626791751063,0.6542592253288362
15,8,2792.6063588808593,36.26494006220269,0.5719349379956356
15,9,4132.890320435114,29.885273802825967,0.7957260041379541
15,10,4240.969299085537,30.98600858738568,0.6689915052456357
15,11,5087.215392104366,27.87756162529909,0.7472952837933491
15,12,3656.678326662666,39.369914832278155,0.40207555078866974
15,13,4599.1011617267195,28.170743410836906,0.848570697690068
15,14,3802.3476064543906,37.116717344785876,0.45145930038286863
15,15,2457.5835174539498,41.150286474751795,0.489334569695945
15,16,4993.961876350339,26.653208325404826,0.888396492079643
15,17,3599.5512101150944,33.85425430899291,0.4658340799488414
15,18,2848.740164749726,36.00868108032286,0.5318280004061613
15,19,4415.165749873869,28.902326450590756,0.7471984610889173
15,20,4344.878786840599,30.980318133851004,0.7069914989454702
15,21,3449.518951033686,38.21807089522912,0.4081898688298189
15,22,4743.04099086418,28.811886376856258,0.8221597393201883
15,23,3896.7466175467057,32.88466192092699,0.7346109914161687
15,24,2345.754804955323,42.19519756559837,0.4771466206954109
15,25,2051.9089477931825,51.310278339467125,0.3648672865854401
15,26,3283.1417985414364,35.42679674125758,0.45549288576221514
15,27,4636.690311277069,27.912147158879826,0.8453181121657103
15,28,3094.4187470825636,42.51320761121272,0.3968739608178993
15,29,3163.8908922422174,41.461534212514,0.4324102319138845
15,30,4157.012845952786,31.447581494466565,0.6983280793636588
15,31,4848.39914264702,28.340127223111786,0.8066507403946943
15,32,2050.6240983179905,54.82139430998604,0.2986754179666242
15,33,5206.981681673182,26.913037061625076,0.8007215219354578
15,34,4114.707721181948,30.104304499880683,0.7313716328361721
15,35,2158.959692985588,62.77248275956077,0.28087577561384336
15,36,4769.144646824183,27.446109431470653,0.888396492079643
15,37,3377.00328719689,38.13906859766246,0.415702162810625
15,38,1435.227274237705,100.6201917374656,0.3046508171405016
15,39,1974.7737861990458,69.76823968721035,0.26921596009275106
15,40,2753.3444618661656,38.91989606353802,0.48250382205402076
15,41,4000.311743142734,32.21373137095109,0.7064632524334158
15,42,2648.626582332759,44.332596529915406,0.44566659591155755
15,43,2865.0242507815483,37.686369241167654,0.5183273548381102
15,44,2172.7973916251926,49.696747591163245,0.3608102083791387
15,45,1912.0245162755355,59.292496369527925,0.4153971808645487
15,46,1534.8377496826135,78.86439431049249,0.32739918749112107
15,47,3116.5296727426894,37.32068293453064,0.5052391013878719
15,48,2513.853269257709,50.09075381573155,0.3358910548530396
15,49,4069.6324631424736,30.4242401300098,0.7133273207807811
15,50,1516.816491604496,80.38230940287308,0.3554500426946987
15,51,4003.0733178186497,32.54219053282563,0.6871866295503679
15,52,4023.4519612323575,31.63306177972096,0.7018389822715037
15,53,1998.5077113426269,57.829908106496035,0.2852069920111937
15,54,2893.966058061781,35.60341303778257,0.5478072974620005
15,55,2977.298813689523,46.803281980230636,0.3388632633161244
15,56,1575.5076439838376,76.65401897630962,0.3154253659879416
15,57,5125.232927449733,28.98741682079196,0.7339523991530399
15,58,3053.1426900942556,43.61944693497159,0.37324670457815046
15,59,1448.7728581092517,99.52306467050724,0.3016769998117752
15,60,2205.076444921026,65.58703663223011,0.2747293311828294
15,61,2680.9395788794045,44.62693856982661,0.38300827013775773
15,62,4358.217383475544,29.29588396581188,0.7242564099810984
15,63,2534.772081768241,46.03715394212931,0.3634387272606716
15,64,2868.707569252692,33.236942491689256,0.5538806791589543
15,65,2945.7930743976776,43.15800437548571,0.43411165041473154
15,66,4997.2644938268695,26.278174255177227,0.8456813212366683
15,67,2814.411211621312,36.733237403023494,0.5664510679564714
15,68,2817.1637295455625,37.97714534242827,0.5011646926496773
15,69,1904.2548777619509,74.15844458721905,0.2787477916937142
15,70,1722.6501720529811,83.94689848600677,0.30002349615831037
15,71,2816.802628632955,37.51208225893936,0.5428675482356837
15,72,4865.813237625902,27.240152418209824,0.8577873101856
15,73,2833.7133159062873,40.17831456988597,0.4684862563783625
15,74,1930.9608997906287,56.410824563762134,0.40799668368500264
15,75,1633.9091049987085,73.92847002441401,0.31154246690530485
15,76,3519.636028429518,37.18412162550829,0.4294641896931424
15,77,2582.38186257532,45.37835881676078,0.3869195925262048
15,78,2914.840699522788,42.10384691071998,0.4425368766398563
15,79,4889.324985089897,26.90366034301794,0.8453181121657103
15,80,1823.8094330422164,64.89769507273502,0.32584151762575786
15,81,3215.91177278624,42.897784991722375,0.38921871632818394
15,82,2232.930233494293,51.898976927480845,0.3426078894087645
15,83,2920.821991421549,48.25038141859964,0.34971153950803213
15,84,2011.1034825274019,54.37090460328939,0.30028309270889153
15,85,1525.951196381256,81.96526250963875,0.317376057175089
15,86,1528.349983624062,90.32547077443226,0.2879276860125657
15,87,3049.4488611070956,37.81162235006281,0.5096788383771909
15,88,1674.5981509260237,68.0374216989569,0.32577245479541617
15,89,1713.0259716321934,71.84777635154616,0.3130892715855609
15,90,5058.322618917036,29.437765074203643,0.7201856781999361
15,91,4934.1719545224205,25.813858015437297,0.901634374485706
15,92,2716.1580897987637,38.103584191581376,0.4851322604904489
15,93,1863.9986950826765,61.736651578267285,0.29248882483228655
15,94,2299.7729911663187,46.67555813525493,0.375965667355203
15,95,1506.1340875193382,84.92330001370898,0.32332657188265657
15,96,2412.840218709017,46.645036010081974,0.36393307878748615
15,97,4788.2504314456355,28.537208604418616,0.8350384214598314
15,98,1661.9282573966987,68.96801898134979,0.3191399177285561
15,99,1833.8292820874044,59.76841051257851,0.296053014401771
15,100,3921.200977760446,32.81731961701458,0.740693376140797
15,101,1737.8532493519906,72.85387495316333,0.30557227501026674
15,102,2122.469453348133,52.71361599711285,0.35679176453118444
15,103,1493.7841937416629,85.54940608010511,0.32394708525665195
15,104,1594.8057262351006,74.88323284454833,0.34171259148103417
15,105,3930.5511310626093,33.08246042189492,0.7133273207807811
15,106,2394.0105581111475,52.829256992996804,0.33271091620193616
15,107,1558.7545516142786,79.8619926363693,0.3178696133871277
15,108,3533.076424541088,34.976722513164034,0.45289028895128425
15,109,3229.9493388637,40.676496488110274,0.36980764410355604
15,110,4066.281327037157,31.450313037136127,0.7136964620556192
15,111,2962.4782257315383,49.08966832471186,0.3383545426267567
15,112,1571.4072551351921,88.54144874945612,0.2829676154791372
15,113,4885.836955431425,27.770945184080393,0.8225229483911463
15,114,1521.967948740901,87.75906031263634,0.3069646025241717
15,115,1878.3301152167414,66.66407846065783,0.29053879503164026
15,116,2604.8546418456344,45.319678965652635,0.424767763869621
15,117,2907.1298440043192,53.23077688225574,0.32988925553490844
15,118,1608.2825977680802,70.8145142280487,0.34605741324904926
15,119,1423.3181567307377,97.93681760391944,0.31281347293197825
15,120,1458.4049446463343,94.85821169321913,0.3138969474478408
15,121,2638.9963131653726,40.03713767123649,0.5138583548624851
15,122,1483.2418606795532,83.00186222036093,0.34065740130603217
15,123,4953.7280894597025,25.691345236027892,0.912084360562897
15,124,1696.78605250906,67.1129421080851,0.32861130420843665
15,125,2632.9393701907175,44.452095394801894,0.4202750636578543
15,126,1431.112116025263,102.02827720931137,0.3038213601301294
15,127,1434.8581578790436,98.57874221353379,0.3094782138291201
15,128,5173.344061361553,28.706383472678493,0.7429677361856513
15,129,1774.7170323071,63.49711057050773,0.3467129056585101
15,130,2288.1841567542156,42.57358364104567,0.46083970681103636
15,131,2133.9835693324003,50.42664545301482,0.3682188640346702
15,132,1805.6074342563857,67.66619778026087,0.2932153733211429
15,133,3202.5813958664653,39.59284985647543,0.42303541237653874
15,134,1819.7371200780194,60.423676209634266,0.35096775330436003
15,135,2248.98535548243,48.7589525794109,0.3426078894087645
15,136,3009.8833249018953,45.49864182327016,0.3409832428664856
15,137,3552.905924691849,35.590330474276996,0.4514990569161199
15,138,2825.475732287855,37.28207865345125,0.5629979359461785
15,139,4177.858130213432,28.69366805774939,0.8322099468787094
15,140,1651.6271700799148,70.6633224897387,0.31750166945333547
15,141,2273.8556739626633,45.95470981227902,0.4669374651509557
15,142,1529.2540674276595,92.31347502088354,0.2849538686838393
15,143,2606.96276383901,60.895765432195866,0.28234707276820714
15,144,3234.797864133656,37.097396778348866,0.45756399171552076
15,145,1576.4884384881675,77.70845645797316,0.30158243646463134
15,146,1542.6965455877116,83.21217909778429,0.31083952335668386
15,147,1759.0730364747478,69.57701694147619,0.2953421018923663
15,148,1452.6795983935915,96.58712856155438,0.28932832646601625
15,149,1748.092667323634,72.6999548087479,0.300647215072285
15,150,2781.3642055622618,43.4927267504575,0.4574107238843972
15,151,2695.6482219207737,39.7035532579668,0.48277327385318003
15,152,1417.8001622122463,103.11642136692328,0.3093096317367774
15,153,1861.8578249526183,66.33270360376119,0.2927058259214519
15,154,1530.8965019323107,87.1262397171389,0.2927948762717527
15,155,2299.6163397257646,50.518249272600045,0.33533119383793064
15,156,1714.6747050732513,65.84864224878201,0.3571118822960173
15,157,1793.5127549059634,60.460491422447845,0.34968672298723646
15,158,1598.6364739849962,82.22548553864847,0.3008645473864888
15,159,1406.4898840507005,89.42115857820917,0.3320214817041247
15,160,1611.6355453213455,75.55111607896302,0.3177836835504806
15,161,1377.131589636384,93.91985157689786,0.32357331851468274
15,162,1950.5140177249843,53.19154084492506,0.4282863821497429
15,163,2996.110845413214,41.2067982599749,0.4585462222806882
15,164,4824.893190738016,27.673485354762597,0.8518619918894501
15,165,1444.1689719412227,94.97393241701486,0.32329758649338913
15,166,1561.962060112291,77.75114604326798,0.31839918331666794
15,167,1776.3392679220478,69.09524931738866,0.29674243874710626
15,168,2857.113416851529,34.61355616751401,0.5566551392899264
15,169,1706.3615255373086,86.40238910351218,0.2879073285419942
15,170,3337.7851138087335,39.26126548978701,0.40858726721711847
15,171,2932.72509324324,39.261635672453316,0.47737967022963446
15,172,1571.0381387765308,86.4999992255243,0.2877950121677557
15,173,1928.972704702211,57.672067056076465,0.3433681211730075
15,174,1393.5700042446592,91.39885960084493,0.34224529925125324
15,175,1955.341337546167,54.4389106990378,0.3552392066511665
15,176,3206.2262153442034,39.121993022289274,0.412453094885894
15,177,2921.0540505011286,52.66549696677923,0.32988925553490844
15,178,1458.035828287673,92.81676216928732,0.31872434413645934
15,179,1365.1128279974669,97.97954457801276,0.3241738450584286
15,180,5183.170458607927,28.631775617440365,0.74285614463016
15,181,2914.8936682471535,45.46716779285866,0.3816917253872312
15,182,2003.7947512890796,57.21128097463025,0.2837779142187351
15,183,1561.5929437536297,75.70969651933616,0.3232265800052865
16,1,3826.4390787289353,28.376825785159884,0.7506296792473943
16,2,3953.742553067006,27.415465844678376,0.7382423789244665
16,3,1631.15923249511,69.44032027736155,0.22147934910316813
16,4,1304.5657115464603,96.70420507519557,0.25107861410665855
16,5,3068.652572889709,30.79267014612937,0.5393736771292144
16,6,3769.093502902426,29.414542785391724,0.6817882189803708
16,7,3581.888300690346,30.128451143473104,0.5218730863124019
16,8,3808.6960506768833,28.571260130631945,0.7340937019696465
16,9,3691.824375453832,29.9530376988973,0.4533995035555609
16,10,2669.931694019477,36.41146846264543,0.49025829016103906
16,11,3023.8781937657973,42.32995607997537,0.30153094857566565
16,12,1693.826463993526,63.70288378193368,0.24171779979568164
16,13,3200.5923696357736,34.40462178260781,0.444223579308888
16,14,1317.7077440524574,94.61143109104452,0.25102773231372133
16,15,1332.9017702414924,92.72818239753823,0.25195364945532894
16,16,3281.031436524295,33.55492959714913,0.5024148722611894
16,17,3560.7001161575836,31.754290669929166,0.4632661245636118
16,18,2937.869725725901,43.784087141711,0.30988117667462767
16,19,3501.0460379187875,31.929714433122612,0.4633998400689361
16,20,2487.010183791271,40.159363124192275,0.4304406935425522
16,21,2664.8047618198816,37.57071368041196,0.4338392090916461
16,22,3384.2754926477255,32.314025385255604,0.44124978771037426
16,23,3453.1334352375766,33.4048531253496,0.4197756895533242
16,24,1437.4808992524238,77.42772507170609,0.25847061484263456
16,25,2854.7359121936156,42.767059330720016,0.33362300601888073
16,26,3425.953270049704,32.00080156046898,0.4421946321637602
16,27,2428.149999857504,44.28979650857371,0.3713924313147583
16,28,3327.963604792966,33.64206734668478,0.47734528538019383
16,29,1490.0631793710702,70.6765267762345,0.2474022019115676
16,30,2230.196666400736,44.49561530013983,0.4041174074111584
16,31,2029.129076501587,55.288344300194055,0.3016355219505815
16,32,2728.7708159719837,39.70778316236961,0.41967715233709946
16,33,2610.9855108389615,38.74670279893879,0.45520919839012386
16,34,2781.7445982861923,34.95466606896172,0.4179699257363172
16,35,1517.3823418884165,72.96476744010904,0.22539566105933595
16,36,2292.944051440713,42.235277751988896,0.4207690339803225
16,37,2564.3523512415914,39.85443067907676,0.37707310145889217
16,38,1506.2974375941124,80.39786424563044,0.22147934910316813
16,39,1490.7835290507487,75.55867360753265,0.22944706654164726
16,40,1548.8624062335155,72.33810170901575,0.23371909109813238
16,41,3273.048761204566,35.05989293784244,0.41229275181925296
16,42,2749.035904881438,35.978358204394766,0.49745274264599537
16,43,2516.4372735275624,43.073909650017235,0.38788489641451385
16,44,2187.556392697799,48.022165984363355,0.34752185564132354
16,45,1979.6739564160587,49.17318435482324,0.3577491911673629
16,46,1614.9469833894848,65.38614322064453,0.27110126349213637
16,47,1668.1390007012099,67.12334715337238,0.23462450522947442
16,48,2137.344374431727,54.786115543590796,0.3083479491725871
16,49,1347.0915619328835,88.9935460364978,0.2523896063994062
16,50,2090.11424431887,51.680633234393355,0.34045040149924155
16,51,2337.976738090729,48.964478512240085,0.2933896875574913
16,52,2596.573015733952,38.480741041493246,0.4793337786223635
16,53,1797.353633353138,57.99622530520624,0.2919164106583647
16,54,1848.165832195652,55.48078441836587,0.3145683011507412
16,55,2208.250701874599,46.134045200086845,0.39169317792342007
16,56,2580.290612834941,45.04368462898829,0.3291797274274817
16,57,1883.1923438091808,60.60836270091026,0.2648865045239095
16,58,2290.27075282788,52.45186987782538,0.2813360329439636
16,59,1519.2676013908458,79.36332802947922,0.22482545651804564
16,60,1346.9033121533193,89.98236154610487,0.25587532520090583
16,61,1897.790175493388,53.93411127569046,0.31731853303186774
16,62,2463.7049097347362,41.62540432154453,0.38973081991287195
16,63,3239.945448634008,35.769148655268026,0.39190914041072666
16,64,1979.6426014038002,56.358492280776765,0.29050503092643076
16,65,2574.1822347094076,38.51700488397586,0.46306445862326306
16,66,1418.4099750908656,86.28256571937163,0.22727743142606194
16,67,1463.36059369234,78.61922528153337,0.23301507613755668
16,68,2547.5721580759514,47.28626143415817,0.29710493463109877
16,69,3478.828812322285,30.269748629686887,0.4769794843554802
16,70,2814.0636361309284,39.16037506606225,0.36273514525903927
16,71,1629.1696981271919,63.390483105977154,0.24276391184493384
16,72,1830.4240476200594,61.38279357369867,0.27702960223223094
16,73,2495.8043604668405,39.44814410425429,0.46822812379035206
16,74,2750.2584062963715,43.711892141327034,0.32299617305677764
16,75,2327.5416564529796,51.769783325284656,0.27136143093562914
16,76,2317.179215958747,49.5690719436138,0.27590492424952195
16,77,2111.077755892876,59.75719789351664,0.24823830558579907
16,78,1468.3087398295627,73.87786168635249,0.25266584800265157
16,79,1937.1267038635538,57.78536769475669,0.2811015884151278
16,80,1950.513042517718,50.83325307684309,0.34786823453466376
16,81,2255.004781004102,51.52735522020342,0.2987680145604461
16,82,2008.0115236282209,47.691533097632046,0.3740029915308032
16,83,2454.7165023294715,44.507287066790724,0.36872838402775265
16,84,1869.4095957405275,65.81206056892627,0.2415605196004318
16,85,1472.9040091159475,71.81036603303777,0.25847061484263456
16,86,2246.5531096835794,43.1206522181692,0.41426212284138053
16,87,1753.867839936379,59.306020075355455,0.30680095306684585
16,88,1599.3982319726313,74.6762685833952,0.22147934910316813
16,89,1362.2020275437796,87.86330326202525,0.24630529091554187
16,90,1334.0378375580112,90.78108817168277,0.24203326635905675
16,91,1919.7942163574767,56.11623241210165,0.30896780469753615
16,92,1749.6135748667193,60.109311015882476,0.2798931907165052
16,93,2403.1971389462874,41.74637496316298,0.39706285571308264
16,94,1491.3718656975814,69.64372176434796,0.2402348203570437
16,95,2378.4497953653163,43.710234587267365,0.39591137499926
16,96,2525.8354312271754,45.09163587894936,0.3177845417487699
16,97,1304.737580255724,95.64596730719575,0.24768162489884382
16,98,2123.1757182391125,55.959163357471525,0.29450589033073804
16,99,1948.6800173871982,50.17022886197964,0.352156409315997
16,100,2621.1862052193137,42.88479060784055,0.3649262771672941
16,101,1833.1180410487234,61.040262150890086,0.2785147992567527
16,102,2381.8938178879507,41.299370257887965,0.40096732010507985
16,103,1409.110277566032,81.23317173894219,0.250204117851462
16,104,1772.2874618353726,58.412975882523895,0.2786650096221823
16,105,2410.728863750088,40.1697199085375,0.4201365612692012
16,106,3275.150082487607,34.3682432007146,0.4101812315092257
16,107,2393.974849951748,45.7774163585935,0.3164548016770379
16,108,2351.4065738615745,47.87989042431001,0.2946883743156885
16,109,1391.7485946849888,83.32819828762209,0.240045701952587
16,110,2664.8485125701063,41.31540814779474,0.34496017913610366
16,111,2630.1945918309793,37.29744106984051,0.4701618595370203
16,112,2145.313941634592,46.75490152940389,0.3970200064974012
16,113,1395.8149904259496,82.29823765051806,0.24602227448901282
16,114,2283.8415119440106,46.846756629283796,0.33952622744994265
16,115,1902.7729840312993,52.94633878751933,0.33584501459280425
16,116,1376.9107668394315,84.77608516651877,0.2557069373047245
16,117,1406.0008349073248,81.58863450872781,0.25014718480383813
16,118,1446.0858914967937,73.93591612361392,0.25099959711293174
16,119,2257.2710951944323,47.61008396995077,0.32042359609539695
16,120,2407.6734050339473,44.5224232820941,0.33091129362234817
16,121,2265.6632144206983,55.061429717313466,0.27089096330992923
16,122,1367.8959896990816,88.37982971874128,0.23917066660391662
16,123,1738.7160595415683,59.353013779319404,0.2804838485221719
16,124,2823.739171659087,49.51415391151206,0.2630995096735216
16,125,2638.7561243821547,45.4223150823506,0.31339964942678655
16,126,2839.093293070679,45.300111128802364,0.2935910792828782
16,127,1636.7014229309923,62.18480831052655,0.2658376174010524
16,128,2348.80975644633,56.99224671892973,0.26482257067324433
16,129,1530.2637679009629,68.84095681429713,0.2413385061763531
16,130,2299.927562606055,50.93128204481069,0.2912842736182615
16,131,1786.456118027987,57.23992806864317,0.2925070684640314
16,132,1989.41981319969,53.23657379452249,0.3259059143662082
16,133,2735.599447798506,44.4974387255583,0.3036182598395225
16,134,2792.5340790360724,43.57820608184998,0.33663601058016646
16,135,2187.313371585575,47.15658368635965,0.36104991538868525
16,136,2383.0996503325473,42.48540589742706,0.3928462756958577
16,137,2101.7454330095106,47.10543610664888,0.38185773824250724
16,138,1582.1824447938582,71.47730740637472,0.2376372654623271
16,139,1365.7988380804898,85.5451398656491,0.24203326635905675
16,140,1958.4372291965603,52.866643712563885,0.3376701874327832
16,141,2613.5891727762155,37.38258626080289,0.46759565107923073
16,142,3307.8456499907493,33.99990401408928,0.49818794558345125
16,143,1605.2213585858933,66.34571774754828,0.25751418736225595
16,144,2390.6313751363477,40.90875084280158,0.41591998125197627
16,145,2159.0426652537335,58.91338713372227,0.2736028659781464
16,146,1667.1392042224086,61.4270665955607,0.2658376174010524
16,147,1593.6862222176221,67.69651798594744,0.26795460565060303
16,148,1861.9041119651583,57.22188413667695,0.2853530322710274
16,149,1605.0494898766297,67.40395551554808,0.2609111765700707
16,150,1399.65699022156,83.14388141270763,0.23917066660391662
16,151,2796.419006905291,53.59642707824042,0.27026874926371214
16,152,2016.581956777858,52.77030728265647,0.3376701874327832
16,153,1381.5849149485182,84.13816896731961,0.2315640547911979
16,154,1333.8659688487476,91.83932593968257,0.24543025556687148
16,155,1400.0455968414542,82.05853233631898,0.2379313867015913
16,156,2307.039496165568,53.69805491746384,0.2675754713141547
16,157,1414.6058271516947,78.09682556063564,0.2426761670741353
16,158,1659.6074794186081,62.63274139101131,0.24276391184493384
16,159,2172.756122448732,46.193716897079995,0.410211117771242
16,160,1429.0267783404588,77.47274830679106,0.25736692902332514
16,161,1576.6571230024326,68.06231039799394,0.24577667207778653
16,162,1413.1740467617328,79.96045842928578,0.23496104399901263
16,163,2173.588424438437,47.335659418109714,0.3632324057171825
16,164,1381.4130462392545,85.19640673531944,0.23496104399901263
16,165,1546.2193417110163,68.8200521129598,0.24577667207778653
16,166,1538.0584381165909,75.1619159395968,0.22147934910316813
16,167,1354.8856972882188,90.49343910106965,0.23243252272768267
16,168,2167.8749373028077,53.54078676354073,0.30743746852857434
16,169,1368.0678584083453,87.32159195074148,0.2357736773961019
16,170,2454.779785915196,47.745906308836574,0.3132055934152813
16,171,2654.4078154574854,56.542779422455546,0.26295797276910626
16,172,1621.2960261952073,67.49487755116428,0.25634261403321723
16,173,1336.4985807782023,90.4100190011621,0.24768162489884382
16,174,1778.417751938016,67.82426399688502,0.227176779328234
