Cluster,Solution,Distance,Turning,Elevation
1,1,1881.0363575052413,70.32175824959069,0.12492656577116001
1,2,1204.9240484822164,95.07028978151443,0.20942561090684642
1,3,1558.669970477599,111.4328528132287,0.15015840969794958
1,4,3146.9924131175258,21.359384499567476,0.32314781686636174
1,5,3244.9488166569217,20.774819827769296,0.29457192152756484
1,6,2512.1578541938097,27.867478482763314,0.2484149152909101
1,7,2387.3421136137217,28.163428693746827,0.18375916980623153
1,8,2916.9131184005414,21.893626894815267,0.3091594849265338
1,9,2622.6305804596236,27.64016997209466,0.254442275037837
1,10,2149.5545474528017,37.450128297142115,0.16728913463263417
1,11,2038.3419479475317,38.578602781178844,0.14129477099819532
1,12,2343.3893748398214,34.48557749469607,0.15859617304141516
1,13,2286.950703635919,33.84639272228513,0.2413009077890731
1,14,3005.293042053232,23.355193041889653,0.24302607865035775
1,15,2292.0737506024157,32.90669130051274,0.16891945101526495
1,16,1980.0779888095842,40.640075259064844,0.18565962140724146
1,17,2932.085814350017,25.814750740198495,0.23429689901077744
1,18,1968.2561519877625,42.2088393575898,0.14377443386175948
1,19,1576.3116183665686,109.79320383659136,0.14875899970673778
1,20,2946.2077472447254,22.81675476940468,0.30059057106797304
1,21,2724.6495442428327,26.25695306846323,0.2831985425472343
1,22,2684.455710396111,26.489085302035523,0.266578259819811
1,23,3100.6793914082627,22.22681206394726,0.2849680497400353
1,24,1620.7949434838629,98.8295311389482,0.147640759126217
1,25,2945.4314540345067,23.260573442099087,0.29284015607686875
1,26,1585.1904709872788,108.26397882301961,0.14586830473075985
1,27,2288.274288606833,31.571481447160135,0.1769883894619806
1,28,2968.221375161856,23.513691094580388,0.2734227681855028
1,29,1824.655084759917,44.76496074591383,0.2028735150863401
1,30,1722.8160866482754,97.16825605750182,0.13637989090330827
1,31,3214.161528621834,21.00535103525786,0.2969135574709565
1,32,3112.8903722942828,21.685787121231584,0.2959840813133692
1,33,2277.8269748676926,36.17099897083612,0.16679664022150398
1,34,2928.8730278596204,25.264508655160714,0.2585948748270024
1,35,2857.3145429607634,27.29259641355175,0.2568616562940118
1,36,1424.0981369129004,72.40686463891562,0.17847898425330477
1,37,2181.562031523683,49.026778542421596,0.13543715194349737
1,38,1604.9505497693128,106.28331896267629,0.14501377355081324
1,39,1481.6416548191148,78.48680270334953,0.16209097228619918
1,40,2233.558960213342,49.92139787914307,0.1352721464866864
1,41,2931.704134074223,24.78205357477283,0.24394196428322878
1,42,2888.581320395273,24.18092724912829,0.26897124208104906
1,43,1634.31154231567,102.39196857286628,0.14302858194520773
1,44,1637.8878595565282,100.71580527775541,0.1407236685836235
1,45,2872.828826955934,26.562095830428596,0.23017428675481533
1,46,2789.1504314935755,26.7441947340627,0.2650848845441569
1,47,2826.06305947862,25.343564833732152,0.26241172910751764
1,48,1267.1277890413382,84.61115472806979,0.20961537590100754
1,49,1665.6372948665976,90.81267110600426,0.14208116467864151
1,50,1326.1241913236229,74.54490245728742,0.22626141454891702
1,51,2752.925374557543,26.114280806531642,0.26670647389052426
1,52,1768.9300474551171,77.28783971579513,0.13498272089678487
1,53,1218.4752957913522,93.94150088565978,0.21324719663682679
1,54,1695.0869907379408,100.39809756746777,0.1372625317867726
1,55,1739.3464747221349,56.75684377570191,0.1527120847335386
1,56,1412.2347712956382,73.27036532385677,0.18132258656106082
1,57,1387.8280292075572,66.55549673138293,0.24693862916640263
1,58,2999.093887615986,22.198188918533003,0.2873320738230465
1,59,1926.051891624477,45.42682677128283,0.14060694223273806
1,60,1688.6701814604055,102.7876125151901,0.1372625317867726
1,61,3182.335919337542,22.076108342018927,0.2772006459348457
1,62,2262.690596135024,37.939131647436504,0.1603161720819397
1,63,2184.0230282252974,36.18270530066558,0.16807972336011368
1,64,1951.345693016436,63.43060390118275,0.1287356289502153
1,65,1585.9716043463363,65.50880719248808,0.15670208350554482
1,66,3000.814451383127,22.932206378865757,0.2613937206339454
1,67,1609.5011811974964,104.18618029647365,0.14302858194520773
1,68,1469.3095698054333,68.54537495708934,0.1713952941409591
1,69,3165.7725300284737,21.644884756729443,0.284455835749041
1,70,1239.706983984142,96.88188956038184,0.18245394900491085
1,71,1752.356364901185,55.444534670171315,0.15880664563200675
1,72,2821.013087717153,27.59014750983599,0.22365281420517924
1,73,2037.7446730445695,67.41178528809068,0.12619717572681388
1,74,2862.1079333681782,25.90987198985504,0.231795409701947
1,75,2896.1506314030585,25.81775937169718,0.22777606847122023
1,76,1895.0513634477736,50.80396399095489,0.1325055197883227
1,77,1834.0653927144388,54.108414471162995,0.14513276029129507
1,78,1808.5114772771515,57.25990970329175,0.14708656792601538
1,79,1448.381237368748,70.62146869548286,0.1647095615047487
1,80,1504.3723999773274,58.24094873340705,0.1780990499393038
1,81,1234.9338989517719,91.51807024680637,0.20271053711734233
1,82,1314.9637668822497,78.95613806791452,0.19756253401415869
1,83,1691.3721266611356,48.04913815615433,0.17426813030319543
1,84,1779.6104230327521,61.498685222678034,0.14667039559985007
1,85,1905.7818822117672,45.54454019591589,0.1600923485738317
1,86,1288.5319365714345,92.24987579011027,0.1800341618619523
1,87,1922.541826001231,50.16851583600779,0.13853111665112472
1,88,1323.744490864548,76.8538935442515,0.21002366001506978
1,89,1402.532171134372,66.25723342384177,0.21192076332600784
1,90,2812.227834805093,27.309093768402146,0.26281571018394523
1,91,1489.5610759045344,61.71861667184019,0.20500327073753688
1,92,1300.2026069422488,79.51708683125459,0.23147153339189508
1,93,1461.2458874044753,62.40481049880687,0.1925139835749352
1,94,1231.168042032393,92.95134571456715,0.2219387711434262
1,95,2706.9696622781307,26.43963271034497,0.2869122956476442
1,96,1681.0197044672152,60.88999242634961,0.14789453711779466
1,97,1277.5018174084546,89.18405269132766,0.1972400013767288
1,98,1795.450547964797,74.10984097859657,0.13069261592959514
1,99,1551.9414039854785,64.14171815080682,0.17455686101571466
1,100,1616.4176413829878,104.0802521516899,0.14586830473075985
1,101,1361.2445859942104,71.4888247680821,0.21042786447094564
1,102,2801.465221569757,27.33459581174276,0.24715918001122184
1,103,2005.5182761427586,68.46319449461,0.12619717572681388
1,104,1905.4892257752238,46.15755843912588,0.1452203343172105
1,105,2193.679376123511,37.738028248145,0.16525571447181342
1,106,1591.607280264814,105.87446387529728,0.14586830473075985
1,107,1416.7382264413734,70.81462023473779,0.1923242185807741
1,108,3180.388834678897,21.590229992821605,0.2794206419670129
1,109,3004.801819269847,22.707851493172832,0.2561511243585546
1,110,1353.7086112152883,81.44634316062657,0.19372469403365322
1,111,1401.0000351802416,64.73332486997968,0.21465814124019467
1,112,1703.32107507885,62.02065655967128,0.1432495036794048
1,113,1336.6265592765985,75.3109183143241,0.2135105304970768
1,114,1725.185818559934,46.98451085394075,0.17622193793791574
1,115,1496.5145641360598,59.343118601761745,0.18005285757402412
1,116,2006.302510670566,63.7061878303275,0.12686763189524974
1,117,1260.4118520420707,87.34851305864093,0.20405850165620798
1,118,1375.1561403345236,67.26804466328149,0.22187174864219195
1,119,1856.0380164361725,69.5647446065783,0.12706030176782512
1,120,1474.125647873454,64.96425467245653,0.18834196820522386
1,121,2260.064096698353,49.65190702919743,0.13539736355665788
1,122,1303.0557328457417,86.03255745919891,0.1952861937420085
1,123,1535.0361061594342,55.167768165844436,0.18511843158346686
1,124,1205.000010829205,96.08835173755115,0.20612383873326046
1,125,1694.6545759665335,59.90517857571626,0.17323706151926466
1,126,1848.0451147473464,80.85419904240565,0.13007536061325986
1,127,1363.4795227742738,82.90148627613574,0.17266708927680163
1,128,1301.910724543264,86.42275446166525,0.18264371399907198
1,129,1441.8693754990236,62.06213868714146,0.2160296353936051
1,130,1260.4878143890592,88.36657501467765,0.20075672948262202
1,131,1427.951682620475,69.3139533296207,0.1772865613693657
1,132,1310.5837941969698,80.37492432653052,0.1990220279953565
1,133,1883.7845876779713,46.80465236145428,0.1456219588049006
1,134,1443.4619416913472,68.03743524001914,0.18132258656106082
1,135,1378.6222956949312,70.27637498862343,0.2180778210213692
1,136,1851.325875339651,49.4711135244467,0.1552795134103757
1,137,1441.6707340484647,71.39449810564456,0.16601785825239368
1,138,1391.1784741167776,66.91854327733733,0.2070145628550275
1,139,1827.630685077538,52.205170237437024,0.1510301430833838
1,140,1510.7968385554377,62.85040148025269,0.17493907182793755
1,141,1279.607224033557,85.60112934239787,0.1988322630011954
1,142,1379.4362439561569,78.624881060773,0.16974057859256142
1,143,1867.1682267036851,52.904114728893326,0.14274578579356678
1,144,1506.3361251995238,57.15790019440411,0.18769643595919128
1,145,1818.091100594974,53.52528179955312,0.14842197976634885
1,146,1251.5252816074865,95.41158944116688,0.19111682252043316
1,147,1434.1287181454907,88.74093670479861,0.1563131661888928
1,148,1327.9476501290387,77.8756543881483,0.20167140608175593
1,149,1671.998599680134,75.99363171622788,0.13885712405050832
1,150,1367.2472344568196,80.07503003059632,0.171870557720192
1,151,1973.6665943966125,58.85892289474443,0.13095216263396203
1,152,1841.0485356310958,50.86319277816001,0.15590039467447703
1,153,1285.0298787596826,83.52641955865927,0.20097583563007682
1,154,1870.356954586655,47.34193107902018,0.13955927910258303
1,155,1454.7584472725873,58.93599795853586,0.22322377889676837
1,156,1292.6817044786253,81.45965949594104,0.20766156826628723
1,157,1826.3762843418415,51.47336728781403,0.15202040510349413
1,158,1532.2823972847098,82.23527552710753,0.1565123185113837
1,159,1650.4569436021827,94.48850469460092,0.14481492308180144
1,160,1293.0895158060362,83.48833182574201,0.20011558548948294
1,161,2207.926151858234,34.47372057782162,0.1673785252655744
1,162,1787.1369297939773,59.301206765768875,0.13145785665816767
1,163,1522.068479573347,56.19162336963302,0.1780990499393038
1,164,1479.0290851793907,60.35484685383687,0.20935663875370913
1,165,1361.1130652282288,69.72060032464249,0.22824799677013807
1,166,1372.669889182945,78.00032024685773,0.17401413034907343
1,167,1267.1011421831706,93.6843046197531,0.17763640138916692
1,168,1854.1358215625492,51.93567938749138,0.1511553601533553
1,169,1594.850892578504,53.631239112443616,0.2225031628958707
1,170,1797.0721393051092,52.87943140226451,0.1510301430833838
1,171,1412.353732197836,64.07201501648413,0.219564341711175
1,172,1282.7524520031957,90.17865935831767,0.19111682252043316
1,173,1293.9953591417839,88.4764910346269,0.19611460872346775
1,174,1684.8311937052458,50.46238664099081,0.1860343172163379
1,175,1668.4772867498748,66.17982215659566,0.14370451778455795
1,176,1399.1597924185003,64.77941457847967,0.2175218812212183
1,177,1596.4257471385092,56.436307657992835,0.17622193793791574
1,178,1869.0968661696131,51.27944040873983,0.14397966906708426
1,179,1265.9104691151847,86.29186523093905,0.20290030211150345
1,180,1394.7066931699828,77.66855623855848,0.17266708927680163
1,181,1354.296427189969,80.80463007557123,0.19095813217168534
1,182,1756.1751321835604,92.6302235356388,0.1358435335760202
2,1,5066.440585162182,31.402885053756766,0.8375021285614217
2,2,1453.5430506942848,104.15378260337165,0.32025817608393936
2,3,1813.466247912011,91.08106238457478,0.2838806398966618
2,4,4927.58492097376,34.13548686142663,0.8621321596151112
2,5,5059.128186303025,31.323848601937595,0.8546806225649455
2,6,1432.257428720678,99.92026859746764,0.3430551019037864
2,7,4899.20218159125,35.84146042824519,0.809279331988165
2,8,3757.6332649331875,36.48431049347066,0.6171768881104818
2,9,3568.3332136614686,38.1816008217764,0.6177890163089934
2,10,4969.490371135516,35.89073819570806,0.7678195223166213
2,11,3004.9015712537107,42.37680154926499,0.5247234673976848
2,12,3159.679963426451,40.21423996849422,0.5127967517671728
2,13,2865.7338939842557,44.207152702801835,0.4291820310008241
2,14,5001.604336775263,32.61487020908023,0.8387329823227425
2,15,3231.247015179848,42.63837879728391,0.5004812993921313
2,16,2859.4865792795417,46.6707902268607,0.5440452071163158
2,17,3660.3319161564154,37.049395979585135,0.5988811393814153
2,18,4971.970621130165,33.96588810630132,0.7920000543149257
2,19,4977.426274298569,33.41968527950748,0.8023199295951287
2,20,4950.153696442627,35.605370929043545,0.8356538810224983
2,21,3385.7592207268435,39.72152288848967,0.5862069563406855
2,22,3529.300642739124,39.51258398998571,0.5695609360102374
2,23,4973.220269357038,35.80096449421676,0.7739606079075152
2,24,2852.5857031420796,46.50510193616192,0.5979003302350883
2,25,2834.6271894643996,47.414832276396226,0.4079076278097169
2,26,2521.1323013364463,59.22002441860582,0.32322577449309975
2,27,2679.2269231433297,47.188508281212435,0.5364662407758729
2,28,2742.9592931625934,48.14565184715056,0.4074975333660369
2,29,2250.482605135459,51.73508529788386,0.4857930608569454
2,30,1957.2397410780823,59.470065836226695,0.4348782540568479
2,31,2131.3098194865174,53.628688639969326,0.462016422398861
2,32,2705.0004545943325,47.282730749108964,0.5200619512116056
2,33,2273.2636746858598,51.10106256037045,0.5047090184167793
2,34,1993.2336746760525,57.969074717249555,0.4202317880823827
2,35,1810.1101889852248,73.71197351392786,0.3216223282816806
2,36,2263.1558730437996,53.923443961741384,0.42670764000094863
2,37,2364.897237594759,49.54256515484727,0.48190465446260333
2,38,2426.161662325856,47.999182109798134,0.48190465446260333
2,39,1869.374552817099,82.1553442076034,0.29586288602982336
2,40,4960.752792563952,35.534980027542716,0.8383816725440418
2,41,3606.8538325251125,37.17406741633407,0.5953230600811246
2,42,1766.9256702196699,71.37701376673694,0.365441161526153
2,43,1848.0497641013383,66.13797438787547,0.4085046791344382
2,44,3423.3416765036804,38.305653829313336,0.5822645927721588
2,45,1698.8256131652752,76.52034744182387,0.40645470840428644
2,46,1648.7879437113538,86.70703597947742,0.3104872133931238
2,47,1826.4920606861645,75.31088690174157,0.31994873439437654
2,48,2341.4360568763755,50.63083637044498,0.4904202222201839
2,49,1916.1284665932485,88.11497060776651,0.28860306453406537
2,50,1539.8135268455856,90.39263029701395,0.33482579054823347
2,51,1622.5606886523515,89.0487396809904,0.32561663483255643
2,52,3598.485658279763,37.340177177707034,0.5941159658611745
2,53,2306.1553291975074,54.829620939238666,0.3865061408528909
2,54,3519.643970544145,39.366991348364074,0.5739858802622919
2,55,2280.2382274486786,51.57951752121803,0.4649271564027302
2,56,1584.7524768098128,97.33673726306374,0.30703138665725405
2,57,2539.998017862592,54.61605778028577,0.3688423466259714
2,58,1710.74349506218,77.03765013404931,0.34597870913797735
2,59,2097.371967010541,61.68110260235062,0.319806267013071
2,60,1722.4395196437488,83.43537684476793,0.30601363856768415
2,61,1758.074811915502,88.58213198699636,0.28497157680914853
2,62,2174.175681948208,56.85915246776819,0.3800936325243178
2,63,1896.3179255384516,75.75157933187688,0.3001711101880815
2,64,1978.5988166306918,64.73650104192069,0.3767574603559538
2,65,2374.1940714653274,50.20961238648839,0.4744508286660789
2,66,1843.9036065081139,67.1353881528587,0.40447287382437125
2,67,1688.8014781981321,80.16316152841885,0.3322395780175853
2,68,1747.3537528724344,85.28145879910119,0.29667079762552007
2,69,2023.4117239797863,73.08198821636581,0.292997732735401
2,70,2389.329336586435,49.20102753340594,0.3980995072489826
2,71,1561.692385597225,95.76322749696244,0.3144020674762267
2,72,1801.5049347038257,71.69380419991114,0.3528815753248189
2,73,1487.7649640804943,94.7017222755269,0.3342079543815899
2,74,1926.4029374788179,70.11579236281162,0.31117560301795777
2,75,1441.450923036184,103.02861039330004,0.3371474891352051
2,76,1970.881342956421,58.814672798777885,0.43128319113353086
2,77,2393.7356288304923,48.52579167519372,0.3951368048480042
2,78,2207.413750317378,56.07829782415542,0.3359580873708694
2,79,2633.7662538323084,53.27300646266447,0.36619358382400335
2,80,2596.077846470856,53.46180308461289,0.36619358382400335
2,81,1452.6661300624612,100.94782051862065,0.32569597199921674
2,82,3578.670067739565,37.96709397101357,0.5917320682263814
2,83,2192.3948702029234,52.68377169364722,0.45626246398265025
2,84,2295.0010225337323,51.16720221356547,0.47154580036798066
2,85,1665.6444350193788,82.77615357675997,0.3400068883461387
2,86,1598.0697600684489,96.26704744985267,0.30252758431673143
2,87,1900.3929631363399,81.4865264625935,0.28919698798717874
2,88,1883.3937629043137,63.988193311275865,0.4039462251727315
2,89,1610.6920490446018,98.95825284444996,0.29103308690329754
2,90,1858.4085571614592,77.58891932935276,0.29810164033384723
2,91,1465.95583115496,101.9701976741788,0.31705616479480625
2,92,3444.6004614554636,39.17583592359434,0.5776878542166877
2,93,1944.4234390554248,61.5401293194014,0.39935754308718074
2,94,1824.2026913990717,70.61754865107049,0.3551690697807999
2,95,1734.682947066046,80.53937787097267,0.31857399252663754
2,96,3468.699811754417,40.13936109777008,0.5754385058552991
2,97,1454.5232777289607,104.06154041005736,0.32498060072134294
2,98,2135.5283543944447,60.89213247853617,0.32904756296472826
2,99,2182.9829430066206,55.65652165064669,0.4289025759572276
2,100,1554.2412330730156,87.46101938886939,0.3512073447252355
2,101,2041.7955442263547,56.343133890644275,0.4514454505321659
2,102,1925.3125682698017,62.22398558087317,0.41362332285921255
2,103,1615.4663284678643,97.92780767212125,0.29898654672317804
2,104,2037.6493866331302,57.34054765562749,0.4474136452220989
2,105,2050.888677450736,63.03501050200421,0.3734844321884765
2,106,1952.0185970304633,65.15700571444202,0.3883877128498945
2,107,1516.7745324902255,91.57405269273538,0.34256464982046353
2,108,1668.8432128176785,79.37425306735632,0.343452506932163
2,109,1460.9551422712166,98.82818849029236,0.34322644226177346
2,110,3416.377857028059,39.6991653372646,0.5974778969638308
2,111,1470.949331844347,96.73757771159897,0.3292230532086684
2,112,1635.4372931752498,86.00661821406491,0.3234006870604098
2,113,1627.6988411181408,84.24179605533357,0.3239578179142839
2,114,2406.282458693236,53.05727702861926,0.38194466440948815
2,115,2559.154203750451,52.746854599249886,0.38127212941616406
2,116,1980.8511743191107,60.222113971218306,0.3972786392906471
2,117,1909.3976082787992,69.32974068272543,0.344579515911704
2,118,1846.9587385419402,67.93590495465189,0.3849596086290248
2,119,2572.7620107490698,52.33421723191376,0.3714396088244136
2,120,1850.3755645366352,68.54004362269875,0.3591462234696827
2,121,1962.316748145812,64.52109786531663,0.38313212765052285
2,122,1929.5669394593067,65.78837250727615,0.35765401840857436
2,123,2158.942569782087,56.28225352188327,0.41631402681389673
2,124,1523.9038952947685,92.4611629277935,0.31843821155938556
2,125,1522.627248774577,101.01451475727194,0.30789494713655685
2,126,3555.8848702069636,38.464904473925365,0.5736179655582205
2,127,1914.069736429238,72.51534340831243,0.3134589507839465
2,128,2191.4137393733163,52.53189109270888,0.46825812718451587
2,129,1554.0238866732936,87.47157225006852,0.34768026351578385
2,130,2042.8361654732123,56.66818564266497,0.44155827831923133
2,131,1690.0115742775902,79.68349313144658,0.33284132996989513
2,132,2012.2812960525994,69.15291966045442,0.3021383056960403
2,133,2032.1726538368407,58.49618547266173,0.39597612162466334
2,134,1733.8567707407067,72.05273160896002,0.3553362835804883
2,135,1471.6089060764484,99.95409265754911,0.32025817608393936
2,136,1464.975604120284,102.0624398674931,0.3123337401574027
2,137,2721.28466015873,48.30511828233016,0.4074975333660369
2,138,2708.4864751187456,46.67099456413077,0.42963402019370633
2,139,1661.4381190271367,84.8148666442401,0.30346512897557076
2,140,2392.0261078976764,52.314941740007924,0.3921946121018216
2,141,2076.4097343424987,65.18570355922124,0.30821290061697937
2,142,1647.1830414580725,81.17740562468144,0.36933020521080806
2,143,1968.1474900493952,67.72067093616836,0.3155808558350408
2,144,2190.4762721633797,54.26811677861671,0.4541530002115728
2,145,2014.3441482367955,60.57383284610193,0.39130216270752527
2,146,1646.9642515306982,95.21274481410164,0.30703138665725405
2,147,1781.5958134959872,83.2405679891873,0.29458569326864037
2,148,1664.5222356091574,78.99518027044421,0.4011259901530586
2,149,1909.4097324921304,62.94887816545979,0.4187264336990495
2,150,1666.379276888502,85.85441543778559,0.3005431327899615
2,151,2160.8157662852677,56.01551953275193,0.4541587245061045
2,152,1940.2772814622003,62.53754308438462,0.3953257377771138
2,153,2329.6756540670535,50.777495470806784,0.48869808915504365
2,154,1706.5973374689556,78.03506389903252,0.3419469038279104
2,155,1593.3400764403402,92.5707141763937,0.3145062670300476
2,156,1504.296841190098,103.13733826462959,0.30328694524221333
2,157,1500.9292825157975,94.16565795247634,0.3376323780109054
2,158,2617.752479474721,53.30233664943328,0.36619358382400335
2,159,1478.357268955309,99.43768825997897,0.31928524499616984
2,160,1540.7425975998333,88.89087651600526,0.3494231222631683
2,161,2145.2019755964925,58.20229027311753,0.3359580873708694
2,162,2042.8286841530776,63.72057251105564,0.3282552456761252
2,163,1483.0414595024477,97.86274992167056,0.3123337401574027
2,164,1904.2685111422286,63.031794905364514,0.4125193697906795
2,165,1777.746502506493,72.27437901093155,0.34453934534687036
2,166,1520.7359025175774,93.1666728542162,0.341754383274278
2,167,1785.528763996169,71.03642388149446,0.3697092052356261
2,168,1523.9682768711575,90.90610113349045,0.32989351873867534
2,169,1834.5938238586994,75.34428333204272,0.30980086115021876
2,170,1466.1647655356435,99.51796339148477,0.32748019446128396
2,171,1847.5386671819558,68.49611761670126,0.36984294778747895
2,172,1694.4065351965326,84.51270115079998,0.3147695090604472
2,173,1539.5214421468752,95.37734099422703,0.3145872401712033
2,174,1527.4022442722799,91.49499730493251,0.32792691507282967
2,175,1987.9907269664568,70.9502665232632,0.29467402387765773
2,176,1541.3035874238126,90.65343961738411,0.3280552832902899
2,177,2062.253820416112,63.8148245242372,0.3201551630119326
2,178,1845.314882901767,78.64495651993789,0.29810164033384723
2,179,2084.3883888123573,62.33343195032093,0.32355016887010635
2,180,1510.5866120361325,93.53085274100458,0.3229420138999082
2,181,1884.9734826604679,73.34926434200109,0.30398748943894915
2,182,1809.1400485725633,68.8552891624827,0.38287194762842347
2,183,1616.0560753592708,94.1996835192818,0.31001428561880573
3,1,1354.8613698442941,117.52849822561188,0.3502071953614774
3,2,1676.1653980703486,126.24799790872807,0.20633678184258386
3,3,2309.786335723361,81.39039324815049,0.1717821183731516
3,4,3413.4898075033275,21.570468089191806,0.487320804433228
3,5,3792.007620843478,22.70811577365732,0.36814874628253236
3,6,2104.555083500343,46.99687369806199,0.5146406872977636
3,7,3187.040158352937,32.33084078374822,0.27333620901275424
3,8,2284.936094793579,42.67971076704667,0.4948368939177499
3,9,3753.740663803495,25.623849286241327,0.3398497884867133
3,10,3318.1381188246964,25.910155221632234,0.46138759413912567
3,11,3711.3885648777186,22.98473393725944,0.3822329006310916
3,12,3466.148919441937,24.10077417329478,0.45905523569248885
3,13,1496.2141854922702,86.79807051635386,0.37697253239517536
3,14,1457.567823481178,93.8898836399193,0.30491944031219376
3,15,2068.49213590875,106.69180965033088,0.18841533432483004
3,16,3478.9797024988775,28.027124421012577,0.2807779632726657
3,17,3000.0999947965615,29.747556429792887,0.31115726618799044
3,18,3589.2588484004623,29.84104516382824,0.25985264454730483
3,19,2825.9582230264705,34.61090055166601,0.3963991828722726
3,20,1437.763019069191,98.3496289012913,0.32682181831868107
3,21,2709.7469100876665,35.18904953318357,0.23213612864579858
3,22,2928.0314945412265,29.27009912640353,0.41808694954126224
3,23,2881.055115881144,34.49642076867619,0.43614573409226765
3,24,2045.6497352386668,63.691873725460134,0.3573040996435175
3,25,3043.806068340133,30.803945103158327,0.28156141231914944
3,26,2765.7226053132913,46.55881425311064,0.20689303524958902
3,27,1369.7750319950542,113.53605529141983,0.33730081946298895
3,28,3400.2964913106384,22.374676539224556,0.4835225670210299
3,29,1953.0591074842953,57.38222100442188,0.4375636431173895
3,30,1511.5675897430606,107.91793246497508,0.2654753787475457
3,31,3705.2040809589316,25.861702209298077,0.3292822171428966
3,32,2841.141157326513,50.168265958228965,0.19295481889491484
3,33,2036.3601235964293,51.47610342933302,0.44897603955067567
3,34,1522.5556931352157,84.1427325980621,0.36674766881448306
3,35,3652.2500639166296,26.144326244591138,0.34370892482871085
3,36,1659.7756982816143,79.93734444189232,0.44272591119833393
3,37,1685.588820234188,124.85539965489416,0.19772654685990432
3,38,2615.5432397929985,37.63298878352602,0.39073328554652065
3,39,1819.9396901545497,82.91381357045825,0.24810751512338314
3,40,3369.7298872676365,23.428478980089654,0.4653231862917693
3,41,2698.138087237776,36.47401747854612,0.40485577376076165
3,42,2113.3595890621914,67.76972148642544,0.2555270686218698
3,43,2020.269119683787,50.12112342162379,0.4758438629641013
3,44,1808.762075517089,68.90635211074121,0.3723419834943762
3,45,2236.3696680464077,43.415727142623524,0.5046774056648466
3,46,3094.001594458678,29.633151264267944,0.287419046344386
3,47,1395.7293442710018,102.3260645093448,0.32140283853329876
3,48,2087.5878960555747,72.7369447675324,0.21967106213062948
3,49,1946.2559855764052,65.26135305521512,0.2920861181997516
3,50,2359.3095302953266,55.1905060505232,0.1985456728481445
3,51,1579.4366092702487,82.56486025223015,0.3507220891776832
3,52,1983.2574710864774,73.37928167053357,0.28958841125498935
3,53,2546.6545427611477,44.92494359583389,0.21103578176854043
3,54,2938.8172324375973,30.49697291187517,0.29596929395534133
3,55,1714.1115785553075,120.23361946965203,0.19915540397780163
3,56,1620.16562005951,103.50192544558149,0.2673790105244791
3,57,1425.922965343184,97.16769289681179,0.3333896794297928
3,58,1994.9340229907486,60.91097821383573,0.40287622748707363
3,59,1573.4242369254844,93.04912417768922,0.3166992798164756
3,60,2218.051133820634,77.77101551052328,0.1862971957308659
3,61,1832.5610625086604,66.71767827086347,0.36851613639834113
3,62,1696.3962606401074,75.78517996465062,0.31395108091051327
3,63,2907.2100440113845,33.353063902666335,0.3120312964005727
3,64,2636.464363218116,36.91664700901518,0.2505251023715367
3,65,1598.6538666517908,114.44869454542871,0.22507727166164315
3,66,1640.040010091201,78.4763107416262,0.4534748326948872
3,67,2004.4019849898748,50.44424637786925,0.46595556177405584
3,68,1488.7138122971426,89.45079081222178,0.33269685678525107
3,69,3093.192281936437,34.00007985384824,0.22905864739488635
3,70,2143.5194387670776,48.067450347270935,0.4241525733458147
3,71,1774.1658832009998,110.58660980549557,0.1953972682594518
3,72,1847.769078720074,88.19233505659504,0.2427415126197161
3,73,2329.5420929840125,41.708727109074815,0.22611603151290183
3,74,1601.1909586420882,87.50670170913492,0.34620749484173174
3,75,3547.543403297285,32.450601899364514,0.25143907429737666
3,76,2231.3878464839513,52.510731842029855,0.4152949574881397
3,77,3154.8174205302894,26.714661857126337,0.28859096559814645
3,78,1792.0860519327261,106.02737931420312,0.19362860050429376
3,79,1691.5226507656944,105.18051473647027,0.23384282329890027
3,80,1911.0562233653393,69.86141398634062,0.33427572549699747
3,81,2683.5112853671567,44.11100378376885,0.2103576791057904
3,82,3066.852369971514,38.825653585960445,0.20841825183745755
3,83,2581.572931663994,55.96051030350165,0.18221102633607345
3,84,1972.701728926095,58.48546166312045,0.41162803845232077
3,85,1637.2345743642773,119.70481958451475,0.2190080938091583
3,86,1930.8328750538137,61.57629832721414,0.3988960071759209
3,87,2256.2568620155057,50.4570088909565,0.2286461101655739
3,88,1980.8631776497605,62.73589416014265,0.3612807939087155
3,89,2130.7605529999805,43.825790264744,0.45735056268955887
3,90,2421.1938500292486,44.834750027927655,0.22294436222813374
3,91,3635.889599967968,23.856158846198706,0.3621849903938532
3,92,2175.402729995496,52.867092858216274,0.4066135720998183
3,93,3618.920193606463,26.243045729907866,0.26497565484470087
3,94,2199.4670513596675,80.5093806896199,0.17621324500681368
3,95,2010.6175298060218,109.40942461321352,0.1807185629865593
3,96,1789.269870742267,99.79407227435901,0.2189470597772747
3,97,1959.9706311256218,54.20326451809578,0.4298478801236172
3,98,1395.431884616833,104.43874515779308,0.32100648335124404
3,99,2596.85233356442,38.12351571392408,0.22686823492436758
3,100,1811.0791738328703,91.65638459906243,0.23926336989380914
3,101,1925.0723033179897,68.24142959792486,0.3187070153354412
3,102,2437.631310565588,70.61400335563782,0.17523592503114926
3,103,1535.9916522949145,103.09971505921017,0.2712919066855193
3,104,1650.8976373483429,112.43312984291254,0.24556511501732814
3,105,3600.1190768109086,26.585623502041127,0.2784097070493132
3,106,1920.2396498741798,59.8782329292503,0.4303504335900712
3,107,2032.245339736965,64.36676921210609,0.35918033670566274
3,108,2117.9594790020446,46.32197821141605,0.5127644502356183
3,109,1708.609051824847,74.75462150878768,0.34235337389482723
3,110,1839.8370833848926,66.06539589756375,0.3857704254226668
3,111,2371.114340075366,76.80408447840459,0.17281736367361944
3,112,1607.8869114301492,122.31238573585637,0.21115514664137436
3,113,2127.8237119034793,53.65225508446219,0.3940827366386195
3,114,2378.4813882507165,59.24806249171981,0.18377941193207903
3,115,2522.116542989538,40.68682733657569,0.32789319089495805
3,116,2276.334091366536,74.65985134373742,0.1762169010095782
3,117,2891.753144661507,33.44926263205545,0.2826505163469193
3,118,2410.097698358936,47.15546779727183,0.2120530235760434
3,119,2486.2954544410018,41.12478864069268,0.21726633335815748
3,120,3341.604809242851,29.00109473491923,0.26650752654088805
3,121,3336.2386571987136,32.492121831883814,0.2624082950346036
3,122,1962.8961042773683,88.72131328398407,0.2424968891465511
3,123,2230.9137288209217,76.31679716602409,0.1770235146052137
3,124,1652.5161600607844,90.02083050783811,0.32522365050778035
3,125,1640.5575763064546,101.28761274229223,0.2763892606972149
3,126,2034.6072335734978,49.07111931173391,0.48085584944981363
3,127,2072.808765029262,85.8191414100446,0.19908663933481208
3,128,2154.2934495217455,55.990620837011306,0.36391847162497015
3,129,2289.813744622591,46.198104662664704,0.4511531643040705
3,130,1426.2204249973527,95.05501224836351,0.3337860346118475
3,131,2730.433474704629,40.9554562875663,0.20859748983481552
3,132,2082.199059039895,92.54640753333557,0.18410201129255555
3,133,1592.7010438695215,125.1438564781711,0.2183365245061566
3,134,2883.1081267044415,31.646540638257395,0.340776382829894
3,135,1905.3791068758208,96.5331705858499,0.19667213736655142
3,136,1664.99030483991,111.37579060011566,0.23666947961119433
3,137,2245.8012545766087,79.11072469849445,0.1765675823087065
3,138,1726.359833620464,71.00864028658451,0.32133054193266375
3,139,1947.2192057782888,61.49703461631687,0.3859835154043125
3,140,2161.0349856083385,47.763062305589216,0.4241525733458147
3,141,1866.6733988998435,101.80351467855114,0.20995759726257646
3,142,1883.8465349709286,77.20972677298315,0.2861594799099123
3,143,2129.9133042807966,60.171621577675936,0.3016097314293731
3,144,1667.2076664152303,75.97508674997682,0.2986329692465439
3,145,2649.5549331760285,48.97793890177648,0.210842626821389
3,146,1613.0951948169584,90.62623613375764,0.3109435738604134
3,147,1891.4031546139759,77.74573836505951,0.2707514784456073
3,148,1910.531095023316,95.69419233984281,0.214134370629381
3,149,1646.1257946289888,113.46046621895405,0.24526307497906075
3,150,2237.6638042078994,49.582209678715934,0.4009485958387984
3,151,3595.3312234911887,27.482574970646436,0.2733220110157788
3,152,2302.425027163306,49.30930858080133,0.39168313456917403
3,153,2748.1528268603693,38.52804555378918,0.21057317903357387
3,154,1464.4546620072883,89.26261944997111,0.340549803953035
3,155,1917.3176821055033,65.73896659922893,0.41253313917816214
3,156,2191.536455101299,46.94549813801396,0.4450741581887705
3,157,2509.7152473499655,48.27907144958248,0.2111642927014259
3,158,1638.8238060803064,118.22627947346197,0.21115514664137436
3,159,2236.9396862597823,48.795753857833006,0.40868072819203505
3,160,1671.735782777651,100.26582385719188,0.2849198568531044
3,161,1938.4709026374646,56.722701032610765,0.4446340224965937
3,162,1974.7486002718265,84.9727215763093,0.22043468214136297
3,163,1732.7470492509237,117.03738278448382,0.20306359383983263
3,164,3356.6207089206923,26.085724646073643,0.4600972491189097
3,165,1899.21565818002,91.90087158886931,0.22395529458025365
3,166,3526.0944201633074,30.60065721890751,0.26242630349679175
3,167,1750.4178515868598,89.97611739112237,0.25366214632904516
3,168,1495.2383730555919,93.249440276303,0.3102669315596174
3,169,2042.503356378789,54.21472280295284,0.39576222908381453
3,170,2172.6149400519444,59.617848472195185,0.23548007885522537
3,171,2162.6349686732365,59.10696423076573,0.3028765716869053
3,172,1757.8138064030504,101.5315377363998,0.2515397684544354
3,173,1550.4080868832914,82.29326578022844,0.37085872642348505
3,174,2028.571201145995,47.63103079192476,0.48273208651195887
3,175,2622.0125211898435,41.79670895317845,0.21103578176854043
3,176,1873.9324294145665,100.72575410944573,0.1958618677681514
3,177,2457.7867496110152,45.85021168731319,0.2112464099804079
3,178,2444.541037441816,46.483025955109106,0.21531558760050729
3,179,2233.026391192552,55.640092320556896,0.23885518912622317
3,180,1542.9000580776267,84.7556456566648,0.35810239214554684
3,181,1740.5645537373516,115.83603597236605,0.1958822159750504
3,182,1651.914939283723,111.748185692015,0.21672068556993906
3,183,1726.2517843488613,117.57615916341356,0.19945744401606902
3,184,2158.586109740875,58.73124587602276,0.34561241724219016
3,185,1929.4083321251949,63.2356663766051,0.37202818376249525
3,186,2413.7539626278826,45.83407055043181,0.21835713760155429
4,1,1441.133102498184,113.82224392288119,0.3965074620507796
4,2,4590.733402735297,28.614739868439006,1.0462384477197784
4,3,1946.8168370072508,78.26242012397233,0.31792049249740906
4,4,4513.2520323985555,28.10125310444655,1.0645884771482432
4,5,4347.1928905103105,28.619119395007147,0.896121897608916
4,6,4123.291542825501,30.077680809357286,0.8323060772603608
4,7,3029.8086909680396,36.54403335892492,0.671389566075705
4,8,4108.638851909414,30.661038862278975,0.8112978000408528
4,9,2961.3972655102207,37.25861797437349,0.600465354330149
4,10,3182.350294664776,35.085629666343735,0.6517425661281795
4,11,3895.3501363417254,31.044822448258575,0.7893673696593968
4,12,3313.911775390456,36.41144052669855,0.5639563853405267
4,13,3279.3171785551167,37.21193932739952,0.5908255660188271
4,14,2832.285730454633,38.38391059257461,0.509057176494947
4,15,2757.137864103637,40.87889721690725,0.6130056474477978
4,16,3763.012037843668,31.39240501686751,0.7342824589739454
4,17,3397.623327027632,35.048924806683736,0.7714250417855855
4,18,3770.2929329007175,33.670162835471686,0.6992931095457653
4,19,3146.7477293743354,36.21256714763468,0.6547065133418126
4,20,3245.0368039130603,40.30551708886943,0.4847074709879191
4,21,2687.3399638467517,42.09373300955405,0.4664180830725204
4,22,3454.8862238895454,34.8425061637695,0.6668359373302213
4,23,1453.6338737319268,110.73912632669834,0.3903433241983354
4,24,2304.0846331135044,44.71016502425332,0.4606948586122801
4,25,3741.6373602248095,33.10773364092143,0.7127216284912965
4,26,3389.468284493635,36.93587945424332,0.49921858468055724
4,27,3668.426772674446,33.253748834236944,0.7054546415633656
4,28,1480.477556632949,102.75169826741107,0.3766041652035117
4,29,3822.975701239714,31.966970194526514,0.7014256054272909
4,30,3791.667610519576,31.954834211417765,0.7208539400284142
4,31,3250.4585324017607,37.87600601153697,0.5631379982293137
4,32,1607.7243165618167,83.05118759089365,0.41216935673961963
4,33,1443.7360898118977,108.22021926517422,0.3926831474107839
4,34,3550.7486866948348,33.75676211532652,0.5544093291775827
4,35,3473.7644518198877,34.17055951868047,0.7926955038939649
4,36,2272.2775211313324,45.38548064962312,0.43979594360934904
4,37,3619.8266203492417,33.19772483119191,0.7070596297015381
4,38,2790.506805299644,38.77311664913919,0.6130056474477978
4,39,2756.192236596809,41.16550174729266,0.48527113699977953
4,40,2598.365398901893,39.28579616826672,0.658681940527698
4,41,1645.8198616552081,84.79668572899011,0.36143227128228794
4,42,3501.94452196334,35.15581525003259,0.5483302167594122
4,43,1694.1862068401358,93.98271083865232,0.324581821668426
4,44,1995.7937914475235,55.14408022424103,0.4453154189470947
4,45,3787.4472888324904,32.685687781222164,0.714764628358596
4,46,2643.777519491204,42.47447638411441,0.42821002256298435
4,47,3650.98088380101,33.701155500247914,0.5557040760612271
4,48,1889.8535665773747,57.03427162639269,0.4524037214756138
4,49,1525.573468341774,106.98600748634706,0.35932510620857805
4,50,2572.323317814103,41.36820514620857,0.5399435692800605
4,51,2333.505168244107,63.04203472835347,0.3662113795008981
4,52,1625.722045564816,88.60685228610481,0.3545788269642909
4,53,1664.147542897891,81.3967091760155,0.38034071929457447
4,54,1964.256567283472,50.031367790202985,0.49497344252519504
4,55,2505.567134914163,61.99342320233634,0.36086222640439125
4,56,1727.485500255555,72.92066702312965,0.41078793727296237
4,57,2114.269203421791,59.68739859997468,0.3825285379586827
4,58,1524.9882046370349,106.36628997890432,0.36369292849048485
4,59,1493.1123105891213,102.01583501274715,0.3809274802385101
4,60,3518.037956960242,36.35902139359792,0.5207206679387912
4,61,2408.6534378850833,43.57476102996941,0.429612442828299
4,62,2368.3403842747007,43.731372478401624,0.525130303150787
4,63,1932.398384013684,56.27380421362244,0.44855450540991804
4,64,2164.7788370194025,66.10375461723424,0.35038410339438464
4,65,1802.5869257910738,79.32482541687612,0.3330070812165129
4,66,1617.106229835434,95.40931278711908,0.34309140823931905
4,67,1649.952943912543,87.51972061203358,0.3335941199104955
4,68,1636.9915216938784,85.20998706199414,0.38523724889617306
4,69,2220.379299706777,47.41647469376708,0.41569467265274973
4,70,2216.173737125008,67.50752142323839,0.347383753020031
4,71,1656.5695556758292,86.29944931095405,0.35223900375184236
4,72,2234.336641577668,48.705861444767024,0.40458220312961224
4,73,3536.252047066077,36.105298435012116,0.5094314995466203
4,74,2147.74373441159,46.061923414289225,0.5156827729944613
4,75,1621.7105298293397,91.75134217478579,0.34152204435920375
4,76,1908.2274415114323,54.2329939997307,0.4745764610506118
4,77,2773.5137388034354,39.03803307362617,0.4882153296301883
4,78,1697.2298381672904,76.12908902120739,0.375454821414662
4,79,2098.9716108643506,49.55315877236566,0.48968261913602795
4,80,1767.762222573429,69.61336758126481,0.4088223594094398
4,81,1512.3160751897847,96.64673294960926,0.417786836276429
4,82,1828.813279825781,65.33222939488361,0.39780996910440614
4,83,1949.3043224395356,53.760278721335105,0.45438798829279214
4,84,2463.32932278397,68.3457547376401,0.32695402162586085
4,85,1490.3753405529778,105.27060532893519,0.3742643419910632
4,86,1951.9563368799663,74.52913798640694,0.340856146152289
4,87,2379.9083077822584,42.88519484442443,0.49499581853431174
4,88,1602.3919175069275,89.11596060639866,0.3589466492461977
4,89,1506.5041899300516,100.01739009672842,0.3966556460737092
4,90,1514.9005784146127,104.95975939015092,0.3686716513394206
4,91,1791.9028272543553,72.17482979654415,0.35664907752916086
4,92,1856.5481112308487,58.03283834236145,0.4250055452751571
4,93,1837.8931578825877,60.42513432454883,0.41147201574323766
4,94,3158.6425051689994,35.72206883251716,0.6606006639588831
4,95,1533.3209129910426,97.49816281488653,0.39201100366768493
4,96,2154.176249373017,48.247278125184906,0.42738628411916046
4,97,2497.603621543834,65.22484166134792,0.335975418893538
4,98,1877.3944588747277,71.79315028633022,0.34637602962141223
4,99,1619.9573015771343,92.6858345352379,0.3335941199104955
4,100,1753.1893086486184,77.26593281831299,0.3496425891415047
4,101,1556.1535091304804,98.65509722054281,0.3622868735874807
4,102,2395.1796748048137,41.40083536278153,0.5309477284330288
4,103,2352.187759136573,44.068467354021585,0.423256106724482
4,104,1592.9519427208938,91.02202521008066,0.4002468800592123
4,105,1555.6200284547033,96.30190313173986,0.4066796110531943
4,106,2255.373849811339,46.67223402417458,0.43413515747702824
4,107,1508.7739551555871,99.58809501221984,0.3828866065344112
4,108,1848.0368039764187,62.5064091096278,0.3835819885279701
4,109,1714.2282392414827,73.39649758126828,0.3863963479244976
4,110,1538.4650266794915,93.48222672834616,0.4324980788731896
4,111,2077.692086016952,49.74740606699071,0.5360362396997171
4,112,2470.4600451867223,63.96705534918743,0.36524142757320455
4,113,2121.549395204668,49.01310186869901,0.44911759527687245
4,114,1708.230672404728,75.31015796740922,0.401674762627076
4,115,2431.480900557471,42.000798682395484,0.5038139710336278
4,116,1687.579723642038,81.81321916721483,0.37241879228194286
4,117,1938.7007017257706,77.87150231960668,0.3281209113031398
4,118,2397.4453219440984,68.10247774219353,0.33899098244254056
4,119,1578.212598531961,86.40487079911009,0.40283465902912674
4,120,1865.066425002063,63.841499972804485,0.3681806282302791
4,121,1940.6307089644044,53.216964842910826,0.4700600826729957
4,122,2263.8126389231184,47.807635079233165,0.410049622143303
4,123,1779.113756026776,70.23857068441224,0.3903312249919342
4,124,1916.4152529832963,64.21331035089621,0.3582982914044681
4,125,1544.5146522210268,97.7993083818101,0.381192310577779
4,126,2021.426131289562,51.687105162242965,0.4513448162895255
4,127,1896.7712078988436,78.37716888460336,0.34218932439067196
4,128,1782.1372903493898,80.7836010709374,0.33572563842159475
4,129,1772.4175435568882,73.97244834326301,0.38108750497261035
4,130,1983.8820173070353,57.895817398448074,0.4221139411553718
4,131,2039.682866115742,55.78429029236311,0.41705976871966577
4,132,2359.956027934374,71.30976527991534,0.33899098244254056
4,133,2545.337496294515,46.07323101559822,0.39850152731205135
4,134,2339.9468326773454,64.61237270913848,0.35720467209002926
4,135,2051.922725013421,52.728436844283245,0.4511513116258836
4,136,1959.8645218293827,52.12562990555208,0.49687496192719927
4,137,1838.5326758471745,61.79950660500331,0.3858451690102367
4,138,1746.7491867249462,70.812673038308,0.40882881097706125
4,139,2130.4610328947124,66.51963159949273,0.34876600332009566
4,140,2194.8130814148603,58.91839458023619,0.3834218630315238
4,141,2317.8563675749565,43.910945271312514,0.4779276362946536
4,142,2139.3546778140353,54.42663366505804,0.4049792456816501
4,143,2385.8597058026944,66.77918101356741,0.3459377816046274
4,144,1805.3358667355553,69.06469052460763,0.3728268246487705
4,145,3493.52478075541,36.46230906450112,0.5376646687937647
4,146,1503.2927446112596,101.06902274080198,0.3864472906494587
4,147,1517.121971582004,103.84297315902863,0.3742337960450559
4,148,2575.4347027049826,41.47357766539422,0.5026022147682969
4,149,1598.9990598165932,90.11723119198294,0.36795839445720624
4,150,1567.701572098101,93.07672904924107,0.4062897582942693
4,151,1790.3821522170088,82.08172245070821,0.32985069797219246
4,152,3544.130024807752,34.421992272653895,0.5544093291775827
4,153,1595.652574748622,95.04063416952492,0.37087018881637057
4,154,3505.9746316967785,33.911069680232416,0.6077953847533326
4,155,2616.990889864026,52.422392510382544,0.3945595526094454
4,156,2026.0831023331389,51.117922310949375,0.46424341274051706
4,157,1572.274085265186,91.02797647436347,0.4062897582942693
4,158,2192.2902190836376,51.27752725632281,0.40509778700651644
4,159,1783.6744051542303,68.4994780387486,0.3891692687532764
4,160,2579.436170434774,52.44062096641521,0.39060079633736144
4,161,1636.6326370338002,86.9455820005095,0.3545788269642909
4,162,1604.6054586016912,98.49243038330194,0.34925554609176324
4,163,2034.4069416794787,61.01501045053606,0.3876922331658701
4,164,1851.5786798395584,64.95273459196578,0.3702564209377872
4,165,2633.6240536786686,50.940487197565396,0.37628078434361534
4,166,1743.2822514908853,79.98985567289571,0.34103715951031965
4,167,2174.6431718281797,53.40017841912382,0.3994527364970697
4,168,1749.3444709966861,75.46307760085006,0.36105157436574054
4,169,2608.7846610747074,53.020488402917046,0.383344667068668
4,170,1898.8941673908705,58.00295531126116,0.4421737082648338
4,171,1787.9628102493073,67.07880220417628,0.39780847879635495
4,172,2075.6527135061187,52.37591563039341,0.4069881236917272
4,173,2176.850313944441,50.800871529383066,0.413736997049595
4,174,3620.16361291758,33.031360923871716,0.7203746617185001
4,175,2088.401118258008,51.03226067571237,0.45308678963735893
4,176,1688.104328535634,79.60746987830989,0.37471362100457206
4,177,2060.489740231868,51.802413314270446,0.4464648363962045
4,178,2359.0481334595424,45.593825153908234,0.4176541339343931
5,1,1316.9710764869249,120.52484309247563,0.371973581426861
5,2,5424.931847329429,27.53703924922207,1.3144053230056834
5,3,1933.1388579135878,72.157291239861,0.3028167315936088
5,4,5374.272269094552,25.598533319440158,1.339092669949892
5,5,4997.880560781579,31.433787864692444,1.0888274748846172
5,6,4077.7428424436084,31.652804900873278,0.9546680981112168
5,7,4525.256517007605,31.078073008812474,1.1528821233878297
5,8,3917.2346292430416,32.022946258596605,0.8832288928846204
5,9,4884.5669239478675,30.615077252849474,1.2285854639746105
5,10,3105.5740279146544,39.02907282317982,0.5102185616458286
5,11,3458.020353147861,34.97021425951214,0.9039639396740426
5,12,5269.006250370934,28.546360915080577,1.2934056271903778
5,13,5098.330707790108,29.678471269079772,1.1932356638043444
5,14,4165.679977726435,31.458760650163637,0.9545206818786269
5,15,5031.734343206818,30.091020254523844,1.2494136086690943
5,16,4887.827095039716,31.201086765976836,1.1468150691246386
5,17,4218.554707689189,34.37431226239819,0.6349957409653655
5,18,5211.038853019736,29.51732920694989,1.23079466668743
5,19,4399.119653340567,31.47552109739606,0.8368426421915345
5,20,2665.0987635012643,41.398779264632,0.44762265757168507
5,21,3596.218035230238,34.67794181689592,0.702643015723627
5,22,4066.618674841423,36.3423535758881,0.536305892869553
5,23,3774.5273096738892,32.02338359430364,0.8384367109172466
5,24,5016.783685738041,30.672393788062223,1.1572578569116523
5,25,4959.395441733378,29.393917145158515,1.3024800618160413
5,26,1686.3652713472004,67.77611214498398,0.3841818363952747
5,27,4374.365702855332,32.520899174287656,0.8380951458568724
5,28,3625.7166367240648,34.604353219683226,0.7851744570651782
5,29,2344.979134082586,62.801866015924524,0.30936754500069696
5,30,2931.9800149594844,36.21591110609372,0.666665405105352
5,31,3733.171389610739,33.634569610068766,0.8565676003770655
5,32,3773.9977859026676,33.3463619662363,0.8461071478960385
5,33,2817.986925445342,39.590865819536276,0.46433456243661553
5,34,4189.9497292220285,34.122127820609656,0.7347765275246942
5,35,1837.2657016616677,55.53551800777721,0.34820178176551053
5,36,3078.535352305415,38.08631592087347,0.5566724401472136
5,37,2323.053354687354,45.58715160063099,0.4244260825677131
5,38,1318.4656122416757,112.80162700478598,0.3711295099745975
5,39,2718.064176787499,38.15984858958125,0.6476440669022203
5,40,5348.59052054304,27.65196720964916,1.3144053230056834
5,41,5069.1610378681435,29.89009142069863,1.1987335032519262
5,42,1578.9264725602163,77.29178525455208,0.39512905942390475
5,43,2974.846181469226,35.531985570798994,0.7023082245137005
5,44,2748.599940206518,40.303355682688355,0.5921927117196368
5,45,5380.04326213132,27.561773865958564,1.33076237858997
5,46,2559.221919245743,41.77049176604716,0.4832204478990505
5,47,2600.7647529467777,39.16486935553149,0.6139289875916809
5,48,4089.3255354803414,38.87791337123742,0.5334395070108116
5,49,2296.8495992066596,64.54710226894962,0.30936754500069696
5,50,2691.0513561686607,37.769631086536414,0.6724315028866208
5,51,3669.3593707494583,33.99510505780197,0.8216750420586436
5,52,2949.831072404269,37.237659891459415,0.6044714121789561
5,53,2492.074679637458,40.767825612526046,0.6341260106665416
5,54,1669.8666884645424,69.53018641967383,0.4045311384669752
5,55,1780.4488801935647,61.83903395525092,0.33702079418198494
5,56,1371.436837594017,104.46817166072583,0.34906871821580765
5,57,3015.2758896004093,36.41230716661636,0.6046060060159029
5,58,1900.0117825351872,60.597338804369734,0.327272069285371
5,59,3658.1502212238024,35.05598748251179,0.6898507941996819
5,60,2419.867874732133,43.07968186549954,0.5822723447041724
5,61,2206.9549440497017,47.79855654101133,0.3820172915953144
5,62,1567.034838239576,75.63867399855366,0.432865093011511
5,63,1922.3079284401906,59.06174362532855,0.32954259406839626
5,64,2381.06958424766,43.49777387770131,0.5801241006465148
5,65,2631.444980982391,40.620837505650144,0.5292660023154525
5,66,3050.2439060701777,35.461220926058076,0.6433685532150015
5,67,1339.1449735833646,111.29969401467159,0.3678376238612877
5,68,1951.517959160374,52.32517722138737,0.34884651401534583
5,69,1898.7572716029729,52.83805400511312,0.35395758383160825
5,70,1335.6724143069214,109.21821953214412,0.3722964331237364
5,71,3018.2365896651813,34.974963197562936,0.7158750373089973
5,72,1530.1421160023542,82.3359246068741,0.3226521679304355
5,73,1854.4050586218352,61.10722307745485,0.3291531164161974
5,74,1440.7156492312174,85.55539383674483,0.37560696173821384
5,75,2446.946252673073,57.56891939394613,0.32357117831371696
5,76,3090.759652791017,35.50643798125753,0.5429956407713163
5,77,2136.812031651409,47.32495004785666,0.3981955382590776
5,78,5063.842055287783,28.206298516287866,1.3076798534107112
5,79,2263.0410199803164,46.379390351324105,0.496533193758534
5,80,2021.5085808205072,49.70526404310885,0.346508444370631
5,81,1806.291352130633,58.68200582367321,0.3325690149799385
5,82,1549.054226159486,80.16607559476532,0.32507069688929846
5,83,4898.113042303906,30.57077292402644,1.2394556871607065
5,84,2867.274861808483,38.45745478731341,0.6436632339252562
5,85,3611.1920485330916,34.02355672943856,0.8008162112361603
5,86,2287.1850835225646,68.9711289323063,0.3086346362260848
5,87,1436.0434451256208,86.53049823944902,0.36278488830350497
5,88,1992.0692839676094,71.47022554714854,0.3221379006896541
5,89,1460.3978646981657,93.5396987659079,0.32090654883501557
5,90,2296.742629552822,44.1107826905783,0.42559797510791597
5,91,1481.439729888524,89.91473861313187,0.31348760439261625
5,92,1724.02924085263,66.00669723791502,0.3433622716805438
5,93,1317.3335803355944,118.401815929814,0.36784652309777144
5,94,2911.5378094858,38.70836798971757,0.5985196325386255
5,95,1710.907900110873,85.17304500808847,0.3104402783178202
5,96,1418.0174873587227,102.21928590681057,0.3482412886834396
5,97,1471.6006750895808,87.64946930004773,0.3580144566484478
5,98,1338.3754455259527,114.77685577703798,0.3604275786553721
5,99,1431.6647277811553,100.11638945766882,0.35584949018060286
5,100,1762.3015687828117,65.05271791487488,0.3296349092179085
5,101,2539.3454667176343,50.20681344342368,0.3299782537212046
5,102,2523.3648688385665,39.8602404635014,0.6260078173180439
5,103,3632.733240219664,34.27531417992971,0.7404305180250255
5,104,1516.8271615274666,84.45187119677553,0.32005358285683627
5,105,2080.2575314958403,57.74211895474636,0.32941857431600496
5,106,3651.033326016279,34.10893240605813,0.765641910322234
5,107,1403.1658565338446,97.8095759003909,0.36211418989456234
5,108,1405.5175794687714,96.22762096316002,0.36211418989456234
5,109,1423.245896406139,91.26999811143385,0.36963511199146026
5,110,1849.0483638606706,74.24920354982073,0.3120197288323894
5,111,1645.8240826056228,76.09093833414354,0.3479134526028709
5,112,2581.8900570290657,42.204771585766245,0.47545261248453485
5,113,2687.8671155314614,42.76696206018089,0.3908056804530098
5,114,2802.7080452098003,37.74391155278234,0.7485569629560764
5,115,2157.4516456408633,56.96324903846308,0.3256909570483799
5,116,1323.605585433399,111.71538763848257,0.3745015056285901
5,117,1752.8729362341307,72.81418942649996,0.3183960619278956
5,118,1499.4562357453342,88.27269602005104,0.3173493698034875
5,119,5420.928409986431,26.097009934975596,1.3353262279677374
5,120,1433.6776405393969,96.85294114694541,0.3566348861834392
5,121,2888.3859408887997,37.87074142916616,0.6194370043865867
5,122,2375.8147007151424,53.60083599613397,0.3341018625326342
5,123,1742.4465608595394,68.56759348454614,0.3427932105857572
5,124,1603.1613402231746,78.80510671931395,0.37040741091733054
5,125,1359.0075048718252,109.08836692972591,0.3554008490497509
5,126,2249.8211105594432,47.11463100571661,0.41766011100366285
5,127,2233.601491891166,53.68660489035166,0.3299782537212046
5,128,2822.7562959173683,38.711844998368996,0.6197173377794876
5,129,2012.6016933080023,54.46606637332522,0.3315060705005699
5,130,2777.8818344003666,42.724489209686936,0.43065935954357926
5,131,1410.6162120290546,94.83588880956039,0.3584044687072918
5,132,3606.8209720283135,34.729068048815506,0.692562104815547
5,133,5314.60642304937,27.92159710823879,1.3125802918452827
5,134,2511.558747674949,42.557863427744685,0.5554391975619346
5,135,1394.793072922865,95.1315344131241,0.36216941064920505
5,136,2514.208592676337,51.25230203612869,0.3232464574407601
5,137,1609.1175689049792,75.28004369409143,0.36923198994417206
5,138,1537.722452720185,78.16252801145025,0.4288803694376142
5,139,1673.000998552211,73.3765669017958,0.33315439854880324
5,140,1389.5691535543385,106.9330164899041,0.34117256687021325
5,141,1326.3086166524304,117.2740238833764,0.3626326511602258
5,142,1464.1628554404049,90.77431556534266,0.35587846624394004
5,143,5076.768920148239,30.520762244374115,1.198527053638589
5,144,2324.0038696598817,46.154302399369335,0.405629997147944
5,145,1376.5768107857402,103.3819322944224,0.35244071386980025
5,146,1368.3450450373307,105.83754772062667,0.3460599187831157
5,147,1389.0348836821759,98.65285034813215,0.38093585741520997
5,148,2093.2559810007306,48.613878161047715,0.3585055450047321
5,149,2258.2079633261387,51.59964222492941,0.33504413977343717
5,150,2547.012748788689,41.679487189244654,0.5855887003098204
5,151,2726.1305383787544,38.61183488467069,0.6251437606996539
5,152,1935.8865240422374,54.34564979542992,0.33856675602556763
5,153,2004.2785197975004,58.14583661047355,0.32021497899864926
5,154,1638.3902762929267,70.58200165982427,0.4045311384669752
5,155,1535.2820891940773,81.24968524057067,0.3260241635844281
5,156,1562.2582427413395,81.19429587695214,0.31483971091929064
5,157,1359.3700087204948,106.96533976706428,0.35127379072066134
5,158,1611.2993013766788,71.2344165982519,0.3706645552944714
5,159,2263.6354167049667,46.7334977932155,0.36866454188814046
5,160,1511.5326113780036,79.23262092002902,0.4133157351368375
5,161,2557.7867974139967,43.93688438767774,0.5017920158051119
5,162,1484.9525212129201,89.09944422228175,0.3255518388734764
5,163,1647.4836778511535,78.17370441450065,0.3369351551374855
5,164,1633.5473885158758,70.63611724450979,0.36545068335692577
5,165,1521.9671347191897,83.36563183047213,0.32342557851082887
5,166,1577.3419288271875,79.56026612530245,0.34664779302491766
5,167,1495.4653477480906,88.91617432571289,0.3376650078735963
5,168,1435.8609958909608,93.2565502754927,0.328281735119063
5,169,2500.2655233650385,46.07776142464146,0.3966097786897613
5,170,1367.9825411886611,107.96057488328833,0.35018697711220526
5,171,1469.3729010150016,92.4119067194703,0.31569267689746994
5,172,1380.411873910853,103.34037961428825,0.343854846278262
5,173,1743.8978999172946,73.94198147270441,0.32360993386544123
5,174,1414.270860089303,92.39779015787144,0.3748489839290059
5,175,1329.4004092091168,115.90464782347556,0.36564145059291775
5,176,1325.9461128037608,119.39705104603806,0.36675970948931536
5,177,2628.449177549074,43.9133082527654,0.33504413977343717
5,178,2248.0039815868295,48.753970367258056,0.35838478389836226
5,179,2113.1956990060107,48.00982583991461,0.3637194169422777
6,1,3615.239847904248,25.432557107527693,0.5235918143435985
6,2,1230.0097644555242,107.03745109135195,0.27484109422825576
6,3,1905.1540368586557,83.79511467453302,0.21305601677591035
6,4,3666.4024582620564,26.714670079350487,0.48774156685874637
6,5,3587.9030019447305,25.891309346112532,0.5005750076230253
6,6,3399.9869382509733,31.843070605787247,0.4051939330272436
6,7,3251.2749454091763,31.84790575217117,0.3644002492263798
6,8,3074.108408519538,31.770575125754075,0.4483991415380135
6,9,3115.2015794285626,28.260169174494095,0.49726399947440036
6,10,2614.881912780973,36.17592132197129,0.40795253152619004
6,11,3159.036476783271,30.070292245833524,0.47211576413542566
6,12,3524.1404283620345,30.59904326443777,0.46630654745024636
6,13,3426.6885822108147,30.686447593618762,0.41499711764924463
6,14,2842.426616745364,35.02104042383223,0.37678086159049506
6,15,2289.0858562048425,39.83608351104265,0.43491071641978785
6,16,2248.3910761210736,42.47234995041549,0.3456444600833759
6,17,3650.3102876189096,27.40376458033077,0.4820835500071805
6,18,2851.7733342727633,33.54977854540234,0.3574276279089421
6,19,2537.5978522384034,39.0787151999446,0.37141516122201956
6,20,2060.3888745282734,42.91184965875937,0.47501980573294666
6,21,3220.9618898692597,29.7895460910976,0.47211576413542566
6,22,1847.6379011662757,47.429904396637674,0.3863036641366602
6,23,3542.404579762482,31.43706790543276,0.3921829467035227
6,24,3459.3955408997076,31.190480517877816,0.39869349908373586
6,25,3627.4276738011736,29.708904408138984,0.4535672697777766
6,26,2546.3005486209504,37.42361855281975,0.3227180450360887
6,27,2379.7933171149893,37.649649420638184,0.3812913561624054
6,28,3040.1785356852397,30.496694135249864,0.48258742530214427
6,29,1972.1180504983927,80.51660770929124,0.2194689987366214
6,30,3463.3450022475386,28.51736938729601,0.4935174665307098
6,31,2422.708676484441,40.64744878326713,0.3519663765636185
6,32,1245.3135532282365,102.90378277529415,0.27677034660670863
6,33,2784.771103505138,41.1704467715046,0.2938816725095297
6,34,2323.3351941162814,37.83462065103057,0.4187875079909755
6,35,2472.0124398414528,40.42996855301666,0.34205227695998097
6,36,2745.98892564994,34.510984040006015,0.4172708453697478
6,37,1482.6428881808984,78.07166610831955,0.2624676523158609
6,38,2318.747473310967,39.51428815723791,0.3998309904316937
6,39,2481.6891584769483,41.294111037133106,0.30495336750835556
6,40,1592.3345579107283,66.59448584174133,0.2964400465262056
6,41,2027.2292359786816,79.29810016706578,0.21571589229648858
6,42,2156.672239379921,43.15260559328229,0.33855383300764963
6,43,2716.614670524578,35.56321450214282,0.42419570451703414
6,44,1247.776290150003,104.9874149233928,0.2739177934947943
6,45,2395.0115306509356,56.72941223236628,0.23436448062126836
6,46,2360.89725309008,58.64445545912659,0.23854490083711077
6,47,1676.131816556497,61.384822905826724,0.30083021050094594
6,48,1740.4915537230725,57.483187876859574,0.2756392052564909
6,49,1697.537774146694,57.02710555805606,0.3103428977817604
6,50,1485.4881128755483,82.02635283579686,0.24770463528647646
6,51,2728.04565771067,35.46236454022678,0.4230398456120934
6,52,1305.395226746101,98.77396186136167,0.28166658027906344
6,53,1273.2005086948561,101.40900004305047,0.2760350002608174
6,54,3621.383262078504,28.85570773752204,0.4847952377670399
6,55,2454.406405361134,36.315058897203606,0.4057442904361661
6,56,2996.4276788854922,31.63591182535731,0.4678073831187657
6,57,2219.200528205884,60.644188193538234,0.2316242262992585
6,58,2623.738858806711,40.3182648738109,0.3071010625811841
6,59,1539.055668449375,69.70499662589332,0.27258395929135837
6,60,1329.9104635894146,92.64744591809175,0.2863611644450561
6,61,1495.6377338407615,74.86467920449093,0.2644778436098374
6,62,1961.2028278129062,76.7417881678047,0.22685016075185693
6,63,2934.258987504092,35.22093246613103,0.32744549385032506
6,64,1749.9617948631658,52.03810461138141,0.3339273338847253
6,65,1966.8869016060912,71.79155236094911,0.22502726171467025
6,66,3005.9513574531334,31.532890894378877,0.459211844095476
6,67,2691.2204086596234,35.841647384449224,0.4606377081351436
6,68,1261.6490905929486,100.47395111934401,0.28371922357238866
6,69,1636.549314191719,73.7375716597126,0.24897368368886852
6,70,2720.9396241756444,38.3750441830593,0.3025880341937377
6,71,1433.5974876712535,86.71602334137188,0.2516005772181895
6,72,1788.1015354669646,48.865930622470216,0.35460137693851657
6,73,2220.207416244053,41.82898157346675,0.3479843474865927
6,74,3008.6063548545076,30.960359040848502,0.45226296712979597
6,75,1337.9427497583647,94.54067173193185,0.2691845712162664
6,76,2887.9699060085563,32.42135878381012,0.43051093926162487
6,77,1383.6190880259792,84.82573632228265,0.28165022070889556
6,78,1365.5731442303777,81.29139472663616,0.3163604216627096
6,79,1401.2139859299878,87.34315353965832,0.26805747628070087
6,80,1923.954542534242,80.02899857055722,0.22174146852870713
6,81,1514.1462019428095,66.27670705385312,0.3189481554555105
6,82,1588.1347001350218,73.90168169923521,0.23695954733558544
6,83,1869.5640134736698,43.61414789942651,0.3886219857375668
6,84,1816.3668749912697,47.762665534467146,0.34818565811607094
6,85,2018.502132443336,63.46740219390054,0.22821736276437754
6,86,2137.1025249778118,42.92489786697699,0.38885877059516183
6,87,2898.752848170996,40.044959279012375,0.2944291029532824
6,88,1350.8045966355048,85.63997834516313,0.30494675341798505
6,89,2885.763798342718,36.53651246157423,0.3059825887906751
6,90,2660.9490982657917,36.85348462507913,0.3311389233023423
6,91,1502.8084474330535,75.9320578340009,0.2561853249261308
6,92,1311.958224152378,96.61967200714459,0.26583936133584807
6,93,1726.7141975607142,51.40652298514566,0.36608318023911046
6,94,2347.801503062233,54.6442642459054,0.24240712815837462
6,95,1705.3121045338544,64.6741649211324,0.28465044051792354
6,96,1376.7528526320468,90.70094913908547,0.2582318798122447
6,97,1273.2413155954168,102.41734051465193,0.27247108198144865
6,98,2158.6956651741298,59.47261869001775,0.24279495356741698
6,99,2185.424250011353,56.09411250492972,0.2493621399451431
6,100,2090.4175840434636,43.56357702049711,0.3098632460934301
6,101,1424.2417012399237,83.09875879701202,0.2700149447708764
6,102,1999.9769106445049,68.53944970710046,0.22402091839727412
6,103,1717.9449277152594,56.80621206321943,0.3143518499889577
6,104,2775.6789850339387,33.05017564068958,0.41756221207907807
6,105,1657.7067046439927,60.09006174700983,0.3159527434061875
6,106,1349.8132718427782,91.37061051576025,0.2634336644026707
6,107,2414.429060763481,41.78286731612775,0.2978143546934664
6,108,1794.6046134719995,48.16587454885914,0.3355029569772423
6,109,3229.758826942162,30.733894998148273,0.45009986258419055
6,110,1863.9224698855405,69.00037391365304,0.23187918059124435
6,111,1865.0453436015957,44.61826862376581,0.38736113706631237
6,112,1465.1513020053858,78.57254823914188,0.2609200716398643
6,113,1574.642660403967,65.11363769935407,0.3251550878531848
6,114,2267.280679168672,60.12615735712488,0.24089249034097016
6,115,2189.7419701891668,48.08035990542078,0.2878804871258378
6,116,1457.3571319513703,72.39054853101354,0.27949273727149837
6,117,2366.7114603234886,40.74864543226031,0.3560698365542745
6,118,1317.43345960743,89.04578990866852,0.28786838073057375
6,119,1283.9342861595014,97.41979422704556,0.2840567715101816
6,120,1442.7781642317614,79.71636310830175,0.290778537769258
6,121,2036.8961267040888,49.813791672680885,0.30536770015382864
6,122,1639.8011152638555,62.18009307958508,0.3101999923211576
6,123,2062.7725235860935,44.94121141788267,0.30379256910590335
6,124,1624.9075300901004,62.41839414253041,0.28929760076460376
6,125,1679.3930662987923,56.42976528776708,0.31712993113974086
6,126,1800.423495772758,55.30718197431182,0.269016600142832
6,127,1558.5324930006975,74.26632022793788,0.2520609878537474
6,128,1319.9146351041181,95.57158526423072,0.28335278686499343
6,129,2094.988442261954,46.1802618085997,0.29407841685501346
6,130,1511.0890465044222,75.77807805448907,0.25276750808738235
6,131,1349.498423065967,93.47638854396936,0.26521605861203135
6,132,1844.4906047639593,85.23615178476598,0.2220187105174407
6,133,1295.0969226048846,91.24028857668057,0.29488420033494656
6,134,1301.509354624452,94.16970451754896,0.2926082565151962
6,135,1524.4336400807383,78.45114751485914,0.24604127322092317
6,136,1666.656322138475,58.981473656633,0.3044450213880392
6,137,1836.0566446665557,67.51396852687166,0.24139609262138073
6,138,1921.7981771846423,53.32400139666744,0.25081930747273695
6,139,1801.0303716042395,70.83032544331846,0.24397290186128195
6,140,1546.6522574302317,76.4701740236352,0.24604127322092317
6,141,1614.9075463894487,70.73469910084616,0.2589479722613053
6,142,2677.5285806266584,45.13726790194443,0.276645276012383
6,143,1994.0811367189974,70.66265266525754,0.23170001847481636
6,144,2649.763776906679,44.765967948634575,0.2917707845275377
6,145,2308.5103732245816,48.41863896680844,0.2768167814342011
6,146,1274.6541477498326,97.3683239099003,0.29836322744831456
6,147,1303.6476409014822,99.83989680478402,0.2775187197872935
6,148,2693.9806442593062,37.19550256007197,0.32416507146516516
6,149,1954.7432512122966,45.45604891497494,0.36537284525097924
6,150,3549.3051885558957,27.394958307811837,0.4863435525882398
6,151,1833.104432362204,68.24234381326265,0.23965951783426398
6,152,2102.804164095203,43.47052864031076,0.32085061821780236
6,153,1325.50324791095,88.66284486681265,0.2999318381407914
6,154,2653.6673018147235,36.414627840866856,0.3738954845570337
6,155,2143.2245157074944,62.92692030115364,0.238983969322641
6,156,2766.998193148197,33.43415266542754,0.4496939694039117
6,157,1394.4256113863785,78.88970388747008,0.3321779456788665
6,158,1308.505734777556,96.22561180724071,0.28060259356680284
6,159,2756.2978760070378,36.38558320423677,0.3755451696013008
6,160,1429.0788177991794,87.7201440657112,0.2503397285469351
6,161,2113.495116115452,49.35627089940284,0.28172083072630905
6,162,1324.2370001507159,92.92573987297972,0.2705770066708322
6,163,1819.745556050411,53.580879427756784,0.2856206998399795
6,164,1709.7993916048576,53.852321575118836,0.3221775689455857
6,165,1755.0163308686256,52.70161632837913,0.3261142677856288
6,166,2017.7316693292569,63.80838933388546,0.24094716565463692
6,167,2013.3228695961584,62.81143114930533,0.24499958316558867
6,168,1393.0883899967594,88.2711174831353,0.26518075677792474
6,169,1766.3316233111896,50.66167752781215,0.31704050918992444
6,170,1887.5615616854677,52.75207829068297,0.25816541568485896
6,171,2037.695310726394,48.97499919897829,0.28191173263463476
6,172,1708.4083274683449,52.7969564709329,0.3297171195246964
6,173,1442.4320656065465,80.92621468777601,0.32828561979368764
6,174,1564.507904699266,69.21481733996815,0.25999677090640283
6,175,1757.1191692473908,49.414342961206366,0.3615925464910337
6,176,1565.613042287276,65.75839394964345,0.3147071905598242
6,177,1803.5961308977194,79.16127913285527,0.2305575762321137
6,178,2173.0124667127066,48.66186061576399,0.27045908261110263
6,179,1575.1517953926611,67.57716449994874,0.2780659304731241
6,180,2705.221656081751,35.754950123427264,0.4606377081351436
6,181,1406.1147298472488,89.97167716200642,0.2526670977892511
6,182,2105.9491839157217,65.79914325880867,0.22617582786496548
6,183,1439.865217153323,82.71504499224058,0.25407480462959775
6,184,1804.9421656448321,54.30306124997253,0.27027744881408644
6,185,2281.8524580149497,39.92181756420615,0.45283595880099803
7,1,3030.1930931968127,23.962714797061878,0.6734914859163084
7,2,3274.102204442045,24.508820070111497,0.5358905736898407
7,3,1262.4424568688655,86.46941757363304,0.3222967082273591
7,4,2989.298516887486,25.552650858263704,0.6924309999050386
7,5,2424.510555324179,60.13396814761597,0.25722041554311303
7,6,1334.6611004860486,91.44512595135643,0.2878161996956301
7,7,2891.7444206946248,26.049811607529918,0.6195198755301163
7,8,3112.0309510947054,25.208401079872786,0.5479515915711346
7,9,2864.1106028845643,26.156558077291933,0.6033572329118897
7,10,3147.7247714276264,26.53224196356772,0.5396280730458116
7,11,2985.228375764229,25.626329139346076,0.6745552584265688
7,12,2761.2322941765333,26.91176304679133,0.5338521416424662
7,13,2941.362991189948,26.368389852735767,0.5477683301441374
7,14,2635.192292786978,27.782342294728355,0.4818279231402727
7,15,2729.7287635440225,26.920687592363915,0.5100067853297183
7,16,1600.9382466199897,59.22594454665594,0.42250880570877314
7,17,2399.2260781404484,31.911845574629226,0.4277324915004108
7,18,1614.7768033908171,58.11873435300533,0.40975071817447173
7,19,2819.5149715941043,27.36085130799707,0.5066785271940653
7,20,1926.4394465580544,41.19553658102196,0.3188647959785662
7,21,2792.369611936361,26.87499470524043,0.5216564732424587
7,22,1910.9356228758857,42.543641209656165,0.3690369785569807
7,23,1275.823281636363,85.39900765428034,0.32467898191919176
7,24,1455.574680090423,83.52164980686086,0.2799138594339716
7,25,2258.0414327870017,55.836410583623326,0.27829274523276126
7,26,2860.0235701436122,26.832147213773553,0.6033572329118897
7,27,1532.8929162324505,81.22132203659227,0.26948902873896685
7,28,2421.254737998429,30.116884154265016,0.4947998417411057
7,29,2364.869605713231,32.74324972438,0.43556502754416115
7,30,1841.8716874869754,48.1222468123436,0.39459519230923235
7,31,1356.522578417494,88.25383583861934,0.2855598853135817
7,32,1304.7102995381492,78.2029330414287,0.3098902710090954
7,33,2052.6593301978255,34.35092015680224,0.3815153407284697
7,34,2209.7880082026904,62.929245436159356,0.2609860733431937
7,35,1831.254746201578,46.045781232217614,0.4051042785604544
7,36,2117.036006906035,73.13420807455117,0.2577604962954183
7,37,2547.072300524481,29.939979682054553,0.47379617044476774
7,38,1504.497394543115,62.138350064803156,0.33939588059807946
7,39,2525.45643902048,51.6545688047145,0.27131167239676657
7,40,2655.4566880336984,28.475184798488925,0.46543900287892015
7,41,1324.6485233616406,76.81479946126582,0.3225277030419136
7,42,2038.071750570368,36.5975494103222,0.36185447709028296
7,43,2583.25108960672,28.900674159549293,0.46798366629931465
7,44,2406.2286891521635,35.47594603757652,0.3628254084607647
7,45,2600.4939612889693,47.56849737681185,0.2911959312256087
7,46,2410.9219113465624,35.1020749620818,0.3791514505785827
7,47,1861.0674597722393,44.94174322905828,0.3664869990795232
7,48,1786.318597079725,50.96921473644292,0.3753011051827073
7,49,2051.1352509569124,64.61871485651753,0.26947809253535127
7,50,2696.2932361727217,45.03789991925522,0.3061106335831276
7,51,2449.473033310386,33.05111957959649,0.3874620935650732
7,52,2109.992045118275,60.21552266819448,0.27574895703942914
7,53,2028.3009821134854,37.638980265051295,0.36185447709028296
7,54,2115.199385211542,33.93153110521219,0.4023165840714782
7,55,1356.2228888952375,89.68528275801897,0.30591692909995416
7,56,1433.4698707400296,78.87923239222502,0.29188241808938287
7,57,2073.8121165369216,54.51358409610234,0.3029890946531282
7,58,1885.3715218293594,43.13259374659001,0.3576368270984531
7,59,2163.440123026859,33.25283949556536,0.40333146390405616
7,60,2563.4347191001575,28.537756406026844,0.47960867459022083
7,61,2328.6256080614976,53.988689585922835,0.2876791414313473
7,62,2060.5581127356813,63.86100388811236,0.27501617892331964
7,63,2257.191179689269,53.333085495755654,0.2883217363371564
7,64,1603.2841857975166,61.26376540491827,0.3334225426544819
7,65,2375.738922527765,31.778943852594757,0.4600942121486078
7,66,2680.586778148452,45.54662921972901,0.2914179523900984
7,67,2389.409018706457,30.69113572134605,0.45613679830479725
7,68,1728.6627747400435,69.8588931850096,0.2768835385074233
7,69,1385.3705417356566,70.8310524998,0.3078571921494664
7,70,1464.0341241409465,69.68814222455192,0.30185676312526866
7,71,2394.4550602468867,30.346264114537338,0.47232350685220936
7,72,2296.870643600217,59.9196140717989,0.2580137424389761
7,73,2494.467427212832,30.764911145177265,0.44887729427803436
7,74,1814.9484785058078,48.50459487927265,0.38640783877694673
7,75,2636.602791208799,46.56368507401805,0.3069932179099837
7,76,2570.1656761927243,29.259445255948425,0.46543900287892015
7,77,1477.4352303391368,65.32757906479425,0.3416521949801279
7,78,2716.695608068282,44.54181691693522,0.30721523907447335
7,79,2370.7227720974306,56.6461311245915,0.2713928428612249
7,80,1484.5591707196238,63.52648364496603,0.32675844856526126
7,81,1398.2947735981093,79.66277244346489,0.30485708971636427
7,82,1676.971806392371,60.41307309028336,0.33115496383026155
7,83,1559.0134237387526,75.88650604998541,0.2861772660724
7,84,2563.1461334382975,29.90393889621352,0.46543900287892015
7,85,2444.5085617957507,57.76627877263066,0.26263380097386246
7,86,2352.816406735331,32.75626838713285,0.4471726405166834
7,87,1266.502304747079,87.5433224150309,0.3184653014075529
7,88,1371.0785729498382,83.0723507509016,0.2852977391724849
7,89,1615.7357421167808,73.48457529765733,0.26574777995891097
7,90,1412.432705939635,67.6418234998089,0.30560087776741796
7,91,1561.5786450221267,77.66038342349749,0.2726960117284243
7,92,2223.593130294742,38.303402388181325,0.3538275813343361
7,93,1957.426837156545,39.64448302288467,0.37260184169710087
7,94,1658.9554413905714,55.09658516880434,0.3424279381099531
7,95,1277.648135334171,81.39216204141978,0.3121465853911438
7,96,1943.3438477556865,40.09553562272699,0.36329424860964465
7,97,1493.3704113457636,76.89088997329614,0.2870611015073976
7,98,2377.908685722922,32.74197831326088,0.4395224413879717
7,99,1788.9683369836632,49.18048146146434,0.39722638898531315
7,100,1576.805487626414,71.90299414742948,0.2814823970018594
7,101,2242.945158126977,60.494077203319655,0.264458367476216
7,102,1995.0930132950114,71.37843069299042,0.264934974924774
7,103,1666.6133485290698,68.60564339970053,0.29935710858613973
7,104,1368.0987042380957,81.62761754507277,0.2917163285748039
7,105,1297.5863591576622,80.00402846125692,0.324784017423962
7,106,2156.118688741126,58.30229423909243,0.28166859873031314
7,107,2340.819114049764,51.098296668363844,0.30290524699780264
7,108,2188.301659935836,56.90418344783122,0.299153002814986
7,109,1758.314648899165,70.32635180217814,0.26929690402633355
7,110,1846.6948920300358,46.89167870357941,0.3489651240538265
7,111,1876.5221374801226,44.21935743613466,0.3540999908575735
7,112,2664.6332412197808,48.21337656663761,0.2850992363736893
7,113,1478.006250206382,82.49952061565482,0.2799138594339716
7,114,1834.360653807848,48.49302530543886,0.39937303699734983
7,115,2461.730043773371,49.440023034605225,0.3087671612464291
7,116,2447.3310636549922,30.99632888191675,0.44887729427803436
7,117,1800.4855997737893,48.611892865719014,0.38062823330491113
7,118,1361.9685704841738,86.14217197034519,0.28135748008851635
7,119,1973.449328573308,38.54846931600289,0.3673285827569366
7,120,1428.8664374425896,77.80620879949988,0.292837710120196
7,121,2328.910268143636,55.1348720691791,0.27338424016454255
7,122,1575.924562159664,74.111344081226,0.2838104054737052
7,123,1637.458842151955,55.74489871090973,0.3401775031685297
7,124,1902.6262855428809,42.64344788538992,0.3369348157385197
7,125,2960.6083947753164,27.4447674667005,0.5058953159620856
7,126,1710.225680502961,63.14791339871718,0.31303313639247676
7,127,2491.212951005646,52.23634116224936,0.29013742388117336
7,128,1975.9727745318683,38.380466679790636,0.3641107914723314
7,129,1959.5407258797945,39.13081329616117,0.35761408699901764
7,130,1820.1897965863204,49.99478786121097,0.3260390537230151
7,131,1627.0140811687781,59.50801485767116,0.33510968661441964
7,132,1450.9440860024033,85.68874961564592,0.28217017381602005
7,133,1631.149400965128,57.49412023001327,0.34673474442547914
7,134,2384.371509942536,31.73310183122956,0.4533669851875288
7,135,2228.1527072286053,65.56808518258056,0.2580137424389761
7,136,1515.8383118075112,66.23557364495292,0.31535144223415656
7,137,2003.0538952932236,71.21703289104236,0.25892321704537125
7,138,1354.5993243095397,90.05699237112267,0.3004536317284483
7,139,1919.4452857109425,58.475291647859976,0.2976029584727158
7,140,1594.8385795673257,59.506867932384786,0.39711328614165353
7,141,1551.9654374305694,74.84463996657175,0.29937666817407305
7,142,1787.1047750062921,49.68230278507173,0.3782459596130785
7,143,2007.1607648635943,37.74097194448724,0.35591335456821227
7,144,1745.8220952413567,66.09729621052487,0.27030460601764617
7,145,2722.379745729744,27.47864070439471,0.5016827743425161
7,146,1695.970768114866,63.81798305833179,0.3082456276769179
7,147,1613.633256401281,60.578424777023855,0.332727412922587
7,148,2475.949909906028,51.462306049460715,0.2991625912442295
7,149,1406.9323301448455,69.0712093065334,0.32595792155379044
7,150,1843.1830441312602,47.1210024044457,0.34818487633837947
7,151,1930.103607181242,44.27151692727869,0.31596276654170197
7,152,1443.348686236707,82.57949121550561,0.28313836437625284
7,153,2589.688626689565,28.893138127479165,0.4735039121530704
7,154,2721.588232512113,27.023078869120706,0.5074952784879692
7,155,2453.426293443161,51.82825839305729,0.2922919486651807
7,156,1336.2846650717463,91.07341633825273,0.29327949706713596
7,157,1569.0650829020933,74.96227181613126,0.271172973440887
7,158,1672.3362661580684,54.02617524945164,0.3448102118017857
7,159,1890.1922336588145,43.131549304885944,0.35014257701376295
7,160,2133.3890865313974,65.83989339700777,0.26809393746203725
7,161,2479.8532582034222,52.55445754873903,0.266195556567947
7,162,2183.3902749040794,60.95351060653856,0.26832223118442755
7,163,1401.6803920387329,70.11286017355388,0.32321709737992066
7,164,1897.2810353977009,59.004496356961525,0.3187140655723013
7,165,1937.4526259316353,40.31854001290356,0.38061187433704546
7,166,1497.939995487121,62.45607372561334,0.3291407222570939
7,167,1517.8782193106124,61.067940145450464,0.3417781542899121
7,168,2384.550893819794,52.86161727042627,0.28934923339951624
7,169,2615.669342290137,28.148649423197615,0.4737630138661224
7,170,1627.2504633409208,57.23035249104351,0.3514818787352958
7,171,2174.109108151797,39.10452687240721,0.34525625884618094
7,172,2481.189531178294,50.43996381708263,0.2964167348699469
7,173,2446.470485981036,29.950184561761127,0.4511106708054804
7,174,2003.760180269156,37.83999318175841,0.36735910398489224
7,175,1579.0276016345479,71.65541096658065,0.2971203537920246
7,176,1459.45983410946,74.31937759459564,0.3029447076642384
7,177,1765.3872350065792,52.79581616616141,0.3640093532542501
7,178,1894.6145606805187,43.932054451744264,0.3376435434048375
7,179,1797.1563892054196,57.94044965618682,0.3215604597055055
7,180,2018.3374436361526,57.83569523332339,0.29914478701870095
7,181,1338.029348129138,75.74438954191312,0.3249099767337462
8,1,1337.3953999760886,141.60056878770834,0.27180058553003583
8,2,4459.794574830591,27.028891083201824,0.8750551819042176
8,3,1338.6102439409292,143.58648878304575,0.2688336172622474
8,4,4474.810025111735,29.158029336452856,0.5908564189696914
8,5,2538.332773477937,93.53874000162808,0.19269287984575634
8,6,4455.657609713765,27.436441261747913,0.8622870626773906
8,7,4266.171739615223,27.804024476682866,0.593647214985543
8,8,3817.9847237362683,32.672759124569104,0.40601145872065736
8,9,3440.6459265140634,32.98951233066121,0.5390658765795262
8,10,4252.313049549163,29.540596706059546,0.5858189550954673
8,11,4072.5060899015534,31.498852729857635,0.5156041004030865
8,12,3551.360789699434,36.26102098029801,0.3853687875376526
8,13,4310.926797535802,31.870903974402744,0.5013471324933914
8,14,4000.6453031189826,32.3567176182743,0.5147582385460563
8,15,3260.4485786920345,36.68082890034386,0.3750869905017691
8,16,3308.032816139408,34.62278050049568,0.49026887192796487
8,17,3140.464217041702,37.79580974713715,0.3247173778919912
8,18,3120.7091482807537,36.782970943902825,0.4633223154943078
8,19,3366.176904119087,36.55755690695413,0.4542231985384664
8,20,3518.0595299854876,33.86997373991839,0.4177914571651318
8,21,1958.6587953045946,62.44503828555083,0.4449869493129892
8,22,4017.470244459956,30.81913095891762,0.5220596491290603
8,23,3050.9426483873276,39.52818183978125,0.28393206031588214
8,24,1975.5014878143083,64.04128081156418,0.43459209024446643
8,25,1390.6360886945083,128.6756091379784,0.28246253666354626
8,26,1449.8594205289153,124.77992279803556,0.2649216403264898
8,27,3136.755975866669,36.11701129291905,0.47848830110998897
8,28,2663.1367743392166,47.41673584630104,0.33960768249325746
8,29,3454.9660357766998,34.48563402607836,0.5062942354191993
8,30,2099.1705229075187,58.35817809322934,0.3946745394609099
8,31,3500.925595139007,33.93759537299194,0.5119690984401029
8,32,2262.38634013769,55.070942229292,0.42827738813573824
8,33,1479.7815361018463,121.80603125631715,0.25094187277088587
8,34,3320.5903994529795,36.19438141337609,0.46992790610474877
8,35,1999.041848093437,105.25720893508374,0.22121257956292517
8,36,1357.491635696416,137.5823900614923,0.264499566084174
8,37,2203.2582359541702,80.53704427337608,0.2260469931523641
8,38,1910.3455349004805,107.4422125878665,0.22105538782222744
8,39,1570.1137568982074,118.82847780919373,0.2616855555457587
8,40,1659.9953743595854,115.44544312208906,0.22957337982505344
8,41,1557.7086345789444,114.4263669917816,0.26868529062855906
8,42,1946.112629837223,111.53227665940595,0.20825660724560002
8,43,1442.1951274625867,116.50138157568747,0.30394909645609225
8,44,2571.3327218869313,92.10182082062309,0.19839773971032137
8,45,1738.0342831271175,88.30316413312487,0.2632299138425278
8,46,1532.800548335789,110.14660450648731,0.2726144289090495
8,47,1461.3595203980617,127.18887108489528,0.2579232381442065
8,48,4014.5039931850415,30.620145388897622,0.5225864984361319
8,49,1643.3188959069007,84.59812430535148,0.36323112706908667
8,50,1375.0950732860413,133.39150105373147,0.27208927898419155
8,51,1457.154011015545,100.53352870753916,0.3325953255949674
8,52,2781.820176163587,42.85418319264907,0.30875251365053735
8,53,1515.6140298937414,96.95038378212281,0.36700920118810565
8,54,2184.6575978167693,102.10537510688351,0.19648096127375503
8,55,1404.759592260551,130.76772918003493,0.24953947665187393
8,56,1450.2444238367013,119.95248274447958,0.2736670059781847
8,57,2442.991314565307,49.76475417153472,0.3599399194150781
8,58,1905.5639835555771,113.00373100088751,0.20070896305602126
8,59,1593.0929157550115,97.432484995975,0.2955594154068475
8,60,2828.192808659942,40.305084227235575,0.3463760731547172
8,61,2150.2408746224946,106.38487184123082,0.19542809377168702
8,62,2226.763247234176,68.1201867278549,0.26927340023523705
8,63,1905.8651764548492,108.64021698340117,0.2324990198678325
8,64,2481.005112485268,61.73316590256196,0.2840358221379251
8,65,1790.178213235767,71.7743087974226,0.37803393256458584
8,66,2392.334179446506,70.15339895379597,0.21118053232476974
8,67,2929.9223729074097,37.08697309983505,0.38091153013301415
8,68,2334.0078994501196,53.52802460130818,0.4148802915232661
8,69,1845.0963824534292,78.40791368020645,0.2640045701835607
8,70,2323.251667476157,83.2779599536925,0.2113370700678079
8,71,2541.8757382463627,68.7643769131055,0.24034441238424797
8,72,1820.2776277115472,79.32626128572706,0.25358669630842634
8,73,1351.0791099176702,139.34937024936542,0.264499566084174
8,74,3018.837548323484,39.186955494646,0.3207878138394218
8,75,1933.1477582001944,62.93365766845458,0.4399698480810432
8,76,2014.3793994977161,61.23751225247942,0.3904009642057584
8,77,2257.590198364225,69.70176834806954,0.23352997879614357
8,78,2796.93328547519,39.33725158427673,0.4526870605552187
8,79,1778.4481290551025,75.60396961289361,0.32553664563745777
8,80,2197.800196242775,81.08465437248582,0.2235979331063529
8,81,2876.60976699795,43.78142978432074,0.2877950258929314
8,82,1866.8530183041673,71.03992877807988,0.3349039484864651
8,83,2719.213580889598,46.58272637736402,0.32167942221964374
8,84,1416.7697317476054,109.53693856398546,0.31676018195550704
8,85,2765.4735146234657,44.295060965042964,0.358977737348658
8,86,2364.7656697098737,57.01909813613708,0.34915244167410897
8,87,2946.1955109304167,59.98133538081355,0.25177968027576547
8,88,2441.4343349264027,90.62757278926426,0.20450580372143357
8,89,2113.175147401865,103.31769785585116,0.21518095567332018
8,90,2759.4334536864303,82.03313593464776,0.20133166320681362
8,91,2866.626986053694,45.77275612205589,0.287084095249833
8,92,2820.9901658542813,52.43887083457509,0.288354180306273
8,93,2916.9480895397264,41.84381494913829,0.2931852434532569
8,94,1792.5787012621868,94.05072001494439,0.2373254405451437
8,95,1824.7302421473105,73.59248500474062,0.3357614197448715
8,96,2036.4763872832232,64.36108684151169,0.33791453710570885
8,97,2047.716724976873,66.08498807612946,0.307566051961361
8,98,2696.571140899633,49.328749850280175,0.297150123096932
8,99,2520.006028937555,46.36198693452957,0.371322335106937
8,100,2350.2162646355628,57.406472532521036,0.35447818751555893
8,101,2490.2313089549302,55.43900400665402,0.32799103149285536
8,102,1860.851332226167,77.30121319108058,0.260896523185588
8,103,2150.834590336553,76.57048761652838,0.23332178888700916
8,104,3134.929450806733,36.541897543566556,0.4770317826964199
8,105,1806.6774844174029,72.9452921355599,0.3729668250352578
8,106,1705.9619245207525,87.11907723538492,0.29442931028944663
8,107,1928.3362453742022,64.6558238032095,0.43170043334518304
8,108,1345.0227697196751,141.81950859517264,0.2688336172622474
8,109,1748.1534495825365,98.85471596205862,0.25053856873083724
8,110,2407.691548105712,56.05758656420407,0.3021870400240072
8,111,4288.250272985775,32.11107483268314,0.5099094227925622
8,112,2731.368616491937,45.028441255091465,0.3444327980707431
8,113,2973.425136767172,37.66370386311978,0.34207586980977744
8,114,2556.873443164933,54.28131615763775,0.3071917170920617
8,115,2984.1159623896538,39.56111180621762,0.29631181647438076
8,116,2803.3653527019887,38.59962906908245,0.387703355672004
8,117,3004.279816746692,57.98288384526964,0.26390980014796916
8,118,2901.0028436283333,41.21918577778738,0.2941480947499482
8,119,3339.6083648449644,34.619226110303025,0.4947220728578454
8,120,1408.493910856425,125.88456005493094,0.28959861526653974
8,121,1632.6511757544465,98.24784853952353,0.26016384432326056
8,122,1420.741949072229,134.82839981064558,0.24612086278062328
8,123,2147.449194459498,59.362758264737074,0.31904215198290764
8,124,2136.0186470903986,58.64073885418159,0.3657126858783233
8,125,2746.192819182138,52.9949196519147,0.2863512743789034
8,126,2163.450850711859,74.82014320286082,0.22756613163641326
8,127,1761.8706852129121,84.87535276751773,0.2609561174138282
8,128,2825.376672327005,51.498881676302844,0.2804662700013889
8,129,2847.738458214087,38.68167035916785,0.3644660540861313
8,130,1457.1871157354349,130.00368652407735,0.2593739706422955
8,131,2163.413551772537,102.36951873037033,0.19709118053649455
8,132,2593.806833832598,68.30288965098089,0.23833255486042937
8,133,1431.6562016758178,121.08608865491684,0.26974215871071827
8,134,1890.927218412835,86.64810394486763,0.2377288145212848
8,135,2304.547558856667,95.46140310447764,0.21437464459495992
8,136,1674.3824085145145,93.4588200306868,0.2561513397757107
8,137,1809.2496063046358,89.26117387295095,0.25287735305312076
8,138,2763.9184393575915,63.12067612529286,0.2669372320487309
8,139,1884.474919315876,74.48933645488081,0.28454013340557616
8,140,1781.150502259227,117.50004100021779,0.2221270306528016
8,141,2704.54838179302,48.485060877068285,0.29918285556701996
8,142,1621.6581187929703,90.93583520434578,0.3212947685617795
8,143,2111.9248936668523,104.28690767433498,0.20259119147381632
8,144,2908.332631909472,42.596779778037664,0.29185295060986327
8,145,2960.779431825674,36.83450179376643,0.3905482296074414
8,146,2283.4396411668104,59.48856806533144,0.29050719732192043
8,147,1885.7517858648253,70.54097397419542,0.39356204206768375
8,148,1528.6109253103814,95.90968671540746,0.3659518197194611
8,149,2632.6496210104997,53.50243594848838,0.2810025292829632
8,150,2173.622918492106,99.74410683226327,0.21723883106174746
8,151,2838.8107291928404,50.61586748841186,0.29036421781206734
8,152,2893.497309414085,44.903111351037616,0.2869579738390211
8,153,1527.376138226829,120.9255963090226,0.26162246246626886
8,154,1583.7933344849355,95.55647439502314,0.34954930362606085
8,155,1362.5246353144012,136.37132966775906,0.26522682287249033
8,156,1936.267030438905,65.12791128828685,0.34325105413251045
8,157,1439.2412683978002,131.84275573194938,0.24249029642847297
8,158,1620.3445993239163,126.9182282106544,0.22932928938115005
8,159,4288.531623606522,31.874853020416605,0.506671271192646
8,160,2125.8311428072575,56.90891867044071,0.40786857164693835
8,161,2244.913087566863,55.36665048990257,0.35972302625094876
8,162,2079.163493053551,72.5272236295309,0.28979049424422065
8,163,1343.808050221081,139.83292451343235,0.27180058553003583
8,164,1632.8097871601913,125.45645897135508,0.24998808251548432
8,165,2417.480277460907,50.253373554438475,0.3549228181831321
8,166,1378.5069921260792,140.4320002983697,0.2618082090012397
8,167,1499.8443979054473,104.3050649614248,0.3133995536597656
8,168,2502.7218149722985,51.23761708607962,0.35167134344425754
8,169,1678.8313287373885,91.89727892411119,0.2988949311641047
8,170,2486.068553577817,48.62957261366088,0.3877112370094249
8,171,2308.4968623457194,54.016643984211946,0.4098631902913201
8,172,1691.0502988693258,89.71268529564425,0.3120687559629385
8,173,1920.21079493121,67.06815782448795,0.3839929066574843
8,174,2508.104291824994,49.29366862514208,0.38371367829481606
8,175,2595.9185777559255,48.00910881951886,0.3443911082993356
8,176,2288.386608141419,89.44995583049989,0.21548741324392218
8,177,1685.3027953842166,82.65475642329831,0.36899942031809907
8,178,1368.937161093147,134.60434947988594,0.26522682287249033
8,179,2407.017611732128,94.90706952361158,0.20345293621936555
8,180,1745.7110770559773,82.7949247420829,0.2763895592182042
8,181,1552.4591995350495,100.47256192239136,0.2768311413586009
8,182,2613.2630956929665,60.883518375615914,0.2771305409960032
8,183,1704.1791356360573,78.87749670259784,0.31162627204636273
8,184,1500.9142664903338,112.0130517442827,0.29404845304981286
8,185,2559.109011503419,65.57886808873651,0.2619460555166899
8,186,2499.1469631479595,54.973667104070884,0.2831866214945986
8,187,2605.749445081206,87.82232408627577,0.19945060721238939
8,188,1685.243978982381,90.12963464983521,0.2988949311641047
8,189,1494.5831618503994,112.31302337182304,0.281458688850309
8,190,1687.4757781173223,126.87889992763346,0.2217013535882213
9,1,1209.6294830801905,100.07707887768909,0.3503715982503852
9,2,3347.242316143604,24.899979481864477,0.6531722882863225
9,3,1978.523237285766,72.77875646594586,0.21638541224489494
9,4,3446.80015727186,22.37137231540844,0.6459261127750953
9,5,3535.5401968039578,24.110054052195604,0.5603917300536114
9,6,3348.261992843945,24.074105822646647,0.6331472376590792
9,7,3167.4193662684124,26.344636173208347,0.5656995966849454
9,8,3235.39284496781,24.999622575779565,0.5027001953439143
9,9,3027.0601574116927,26.740642626322263,0.5415613595369368
9,10,2810.6252354423655,29.33946666405866,0.43987985052378953
9,11,3097.921451809495,26.558205951464895,0.5161408984721287
9,12,3362.3889795113737,23.276826774142112,0.5650646693820693
9,13,3083.3176124869556,27.479985260125257,0.4623874124678782
9,14,1950.9377933852925,43.04731121317725,0.4142369776729513
9,15,2628.677800725162,31.908278830909943,0.3633492797828435
9,16,2572.19707821875,30.807057239421187,0.3917624802705699
9,17,1924.8686824672518,43.85029876393283,0.40353175606077407
9,18,3217.455689099221,26.08091457048261,0.5497685237472805
9,19,2745.9215532897992,30.474263402056028,0.43655013590104197
9,20,2502.1144000937616,31.346121118677715,0.3743010569299319
9,21,2342.291220571965,33.54867089087981,0.48701717214146534
9,22,3142.9403729943688,27.277703007236628,0.47046337718792053
9,23,1331.056802644802,78.47039678887054,0.33517135734708425
9,24,1702.4791554445628,50.06575858118288,0.3985534686855541
9,25,2901.6916260816047,28.890215613364724,0.4821883223621324
9,26,1747.0404335258206,69.55220445824298,0.23071069774172948
9,27,2902.54695160925,29.32641523628443,0.4684574754493074
9,28,2526.8264880779784,32.762896472667485,0.3525069227869313
9,29,1394.2190121298033,80.41719437452299,0.28028260950087436
9,30,3051.976187950905,27.560007354953044,0.5144942077029793
9,31,2986.9252488326024,28.7312640264463,0.4623874124678782
9,32,2383.0553297959846,33.15059905073445,0.42533986826305004
9,33,1768.2533399256015,61.21609800090044,0.22522259426331637
9,34,3135.945484297996,27.442526656113746,0.46341716496200824
9,35,2475.5870273386004,34.225879802938316,0.3617051296334477
9,36,1767.7421525547397,63.353853439658074,0.2412591059143434
9,37,1540.6664622033745,61.02612144361296,0.3023946196292844
9,38,2417.8790076863093,34.59623455845223,0.38000329018572465
9,39,1521.4664127948097,62.406326069946466,0.25844322544780063
9,40,1425.1483632585562,74.25981082467266,0.26918682093145385
9,41,2145.4163585240985,44.33723270230113,0.273209118406216
9,42,2589.55676761719,30.73304625684623,0.37144617607437347
9,43,1309.2699541930228,82.15069844019396,0.38717048212757454
9,44,1926.7674959731787,77.71430531084872,0.2191446077314172
9,45,1959.766847167955,45.37914175484099,0.3847971984573437
9,46,1292.4998307514,85.67673786413398,0.37343963521474954
9,47,2785.390700647168,30.385059052042827,0.43088216373165444
9,48,2871.5257304908237,29.467372593564914,0.4379170106774044
9,49,2039.7133222524117,41.72161608544116,0.3673413919899797
9,50,1632.6059452852385,56.380064258001916,0.27740290845703264
9,51,1401.7059643071289,71.44227411535535,0.35891676765788283
9,52,2803.3992750542943,29.777605276667487,0.4287856970191246
9,53,1774.0710481800024,49.86927770275994,0.33922799707912255
9,54,1735.9897220986018,61.71626730368558,0.24347474446910233
9,55,1231.2680780963294,97.85310669125705,0.34970348785124905
9,56,1868.6539931277573,60.15222675336205,0.24583527967193852
9,57,1302.6688065625597,84.08343796699789,0.3125622283205711
9,58,2295.629586857664,36.20313131416662,0.33223996847143944
9,59,1464.3099544137638,68.46187581444806,0.2520336801663472
9,60,2096.3828181607178,42.175536282811855,0.29547948755359776
9,61,1405.196494440265,76.31779306918945,0.2630670245524147
9,62,1910.0567640215309,51.00189639905046,0.279601617211652
9,63,1898.1719352010393,59.10857114674207,0.23682963901415555
9,64,3012.928015297399,28.637939453363245,0.5144942077029793
9,65,1267.3931370178661,90.11507085724493,0.3194609813160003
9,66,1663.4317031827043,65.50486588148065,0.2377885258000152
9,67,2453.4304692302826,32.63343200533465,0.3819211680175787
9,68,2034.0783701500177,44.69368641992566,0.3116345072595035
9,69,1259.2364044181525,91.00225845133878,0.3256819687768786
9,70,1587.3148171003859,54.13232941233566,0.30774300302805635
9,71,2102.943399095764,42.6914469169317,0.2878719289043641
9,72,1810.048894989296,53.60913139589463,0.2726141349287037
9,73,1642.7221761504507,67.79685441576288,0.2349904256224722
9,74,1282.164339258169,87.48594323079827,0.3244457406013215
9,75,1269.0487164148606,89.42342578170185,0.3057301344031753
9,76,3021.8102923601236,28.137164335153233,0.4702228960182513
9,77,1320.622018303715,81.2046012114349,0.3160531306773553
9,78,2076.3387211674167,38.92513745250246,0.32209619233502274
9,79,1296.5011295817192,84.71707800802758,0.3660535658286239
9,80,1851.6240846481776,68.0167980134,0.22004274478580932
9,81,1245.2621948419771,93.63849803525672,0.327105357824097
9,82,1430.274159427512,70.11675727749966,0.2753461953123679
9,83,1222.9790743078024,98.95659417245334,0.3446237787975637
9,84,2011.0353648431542,52.61076770744739,0.2643710444803684
9,85,1562.8602305663194,55.221613543914856,0.32114959990025405
9,86,2204.0173225977837,36.40010825706583,0.42844105686654466
9,87,1570.0493495785418,57.697346797382465,0.3167434511312859
9,88,1450.0049287858685,67.15821963622648,0.27256914488704176
9,89,2317.2796187733297,35.43045222166199,0.33784645468892727
9,90,2321.8838276044776,38.614760055351645,0.2842728508803969
9,91,1782.5685912127426,57.16796309015577,0.2490736063929493
9,92,1434.9374074277634,75.29255037108612,0.25804681460359724
9,93,1345.4227332458863,82.91612334395175,0.2772004919368225
9,94,1399.5609975613474,71.89802669395712,0.35425675921915634
9,95,1992.8238933821585,42.22058727570304,0.32285920491555054
9,96,1642.839745915753,66.77687133420739,0.24001063557128965
9,97,2309.552181691773,38.30830983957835,0.31017677038227554
9,98,2126.0041764334037,48.84737015254229,0.26725797178992927
9,99,1241.766521325275,94.73185603819913,0.35113808386074474
9,100,2068.5510911512383,40.65120703604642,0.3673413919899797
9,101,2127.020879854741,37.915566180419084,0.31095620087935494
9,102,1832.3443154070596,51.28892667668119,0.32419152313646116
9,103,1856.1001431307955,46.742291397166966,0.4354326365816643
9,104,1218.9088560923217,99.90269272449652,0.32832826443032737
9,105,1791.7782351140736,48.876124138194605,0.34398269373126134
9,106,1607.6431308728236,70.94284578976966,0.24350774755545324
9,107,1953.3440956245875,50.231361876023236,0.2657407144599748
9,108,1492.2139053290223,64.72360974903073,0.28281857530077836
9,109,1797.707736417436,47.83080038231909,0.3342288368825219
9,110,1464.017513507866,77.02708931809143,0.246449067020178
9,111,2369.5489910660403,35.06369647026688,0.3540341405260907
9,112,1609.5393035842944,58.112404472101865,0.27740290845703264
9,113,2280.8246484619262,39.551889772064634,0.2730887526205539
9,114,1729.4315428297,52.37902238842031,0.30669465957520536
9,115,2234.4287737315613,35.3221761649171,0.42844105686654466
9,116,2255.9652100207013,51.28845653435244,0.25832031690511137
9,117,1289.0403729047875,86.52575133481126,0.3306009876438569
9,118,1350.1824743927014,80.83191468059255,0.28109401476518947
9,119,1693.096537664337,58.524377843684,0.26398553128136193
9,120,1874.431175680354,55.034385182722325,0.24877463070887806
9,121,2181.3259990746606,41.775054187990214,0.30397716208511305
9,122,1972.3399873779258,48.38093530430189,0.27222503126458086
9,123,1425.4828622399864,76.44315462125095,0.26028997412708854
9,124,1304.999115332611,83.1490063217813,0.3057301344031753
9,125,1590.086506004785,60.335512948399874,0.25354795706809163
9,126,1276.9721316398777,88.5236173895085,0.3446237787975637
9,127,2126.647749258534,40.93882608535049,0.3052668309691189
9,128,2336.8912740584406,45.80664940297721,0.2576551083856291
9,129,1798.5665086577376,51.8686570758644,0.33066447784278274
9,130,1255.3108588383564,91.70342248847679,0.3244457406013215
9,131,1218.7363851653506,99.92278458535445,0.3470438706284735
9,132,2221.593820408618,44.492846382412445,0.2591192152414177
9,133,1382.7604915973702,73.36828056390499,0.3068144088677496
9,134,1793.5491966940967,56.08040793121962,0.26291890296145404
9,135,1752.4512893788108,53.276349332375226,0.28270694953099174
9,136,1263.9726048038551,92.5206255759492,0.29998231495035377
9,137,1359.6420016516072,75.2194345801436,0.3205452557805746
9,138,2168.779300458194,36.83559339923929,0.3353662738848282
9,139,1978.661791414994,45.829482845504224,0.3699157209869437
9,140,2354.8096704511013,39.89497352498764,0.2591192152414177
9,141,1401.846912713944,73.54961963118653,0.28705730085050796
9,142,2464.6127715304897,34.90940725656721,0.3143104662992986
9,143,1358.772324473498,81.79563863871601,0.27145267248400096
9,144,2013.129231801626,46.87045470141111,0.31880362064335266
9,145,1970.9113977173947,57.36397572248777,0.23905982233871192
9,146,1278.3233942660156,95.63233705619932,0.2889769999939613
9,147,2063.5910916642897,43.45865723837955,0.2990560999826375
9,148,1250.6230135762432,93.64111028118495,0.3057301344031753
9,149,1232.2584473199336,98.78220801926076,0.3225804449775058
9,150,1250.505443810941,95.72110095158992,0.30070992445435785
9,151,1426.9967578271608,66.34179461790791,0.36080989927029883
9,152,2228.551826984343,37.50162563938519,0.3137884862072564
9,153,1499.967912425616,70.75266985817088,0.246449067020178
9,154,1590.204075770087,59.31552986684438,0.2585681670169091
9,155,1263.1547065072218,91.57143238708755,0.30838975162595084
9,156,1249.9784880582074,96.73523435679962,0.3225804449775058
9,157,1841.7239965034382,47.47533788244525,0.2922988419697301
9,158,2184.8802095171454,37.347139826152805,0.3182512855871966
9,159,1983.4719454684068,47.39724007559979,0.2971572647324674
9,160,1663.314133417402,66.52484896303616,0.23276831585119773
9,161,2187.492647841791,38.43875535609818,0.3026043879474134
9,162,1241.0217327221274,94.79803684942907,0.3446237787975637
9,163,1687.4659023429888,55.0381034340977,0.3061285739717956
9,164,1933.5973968481374,53.979674693124885,0.2556903847206424
9,165,1938.894532920358,49.93148734965572,0.279601617211652
9,166,1509.695741302636,74.70032703654798,0.24640044903029867
9,167,1776.6048552612135,55.68944054495861,0.2773656010449894
9,168,2062.8485365293964,52.24769264975935,0.2641905036098695
9,169,2575.5576578304504,30.556588868386903,0.3866304540714314
9,170,1882.6554452038392,46.67520207091101,0.38567098269748534
9,171,1468.0003737778284,65.8259064894532,0.2630670245524147
9,172,1516.7066716479944,64.49053473330568,0.25454970261943366
9,173,2293.9700855259675,38.84334898641166,0.2821391051193043
9,174,1754.8551177077206,64.405825754814,0.2371549108543345
9,175,2101.446404047522,39.93877682016319,0.3113582395807999
9,176,1486.1799181348638,64.08430925407725,0.299928756205313
9,177,1459.53388709737,69.76978456376894,0.2669605473807817
9,178,1297.2459181848672,84.65089719679764,0.372567870891805
9,179,1495.6123180125574,63.9647027713266,0.28932227929625576
9,180,1953.3133989831247,47.102636281169175,0.3432838940905629
9,181,1264.7173934070029,92.45444476471926,0.30649662001353484
10,1,1083.8892900613878,102.21261165257424,0.42592882501449836
10,2,2757.2024300998487,27.095261821516218,0.8736582324571138
10,3,1735.9819046884957,55.409771396198025,0.3459907761741938
10,4,1099.3684857235494,103.05075002993176,0.41639151984350065
10,5,2537.712390040694,27.247678692361713,0.7791158247824583
10,6,2388.152977671475,28.219983195388075,0.6818676172520028
10,7,1649.8373948156755,46.34341887512637,0.6335920024328701
10,8,2353.5597594517994,28.296161758194426,0.6746525186229562
10,9,2405.764817222852,43.06576181300974,0.41357182429879913
10,10,2664.107727251976,36.169184435641604,0.4262977842781339
10,11,1923.28020251092,36.50728987151299,0.5859147410191561
10,12,1564.1680728528374,48.06389055185878,0.5654518523587555
10,13,2248.281999962559,30.77345833649953,0.5914459443535449
10,14,2187.064158226357,49.49080075232457,0.4047679340500743
10,15,2373.6172618904616,29.48066029109037,0.6180770312549235
10,16,2595.588918741249,35.95553823584958,0.47686979414268293
10,17,2634.027475673089,38.996577712856826,0.46694822224074173
10,18,1260.2921907021694,80.33600082809743,0.37959759646162894
10,19,1996.8873985229932,35.248363997867195,0.4977945068978933
10,20,1217.9641165501207,93.8871427886124,0.3876179384869829
10,21,1783.3011673478345,42.06611196845834,0.598501292414447
10,22,1203.7814857042813,85.73538497597998,0.39477200228516196
10,23,2017.3248722387382,33.84477842589753,0.6072591144865953
10,24,2070.8900442712393,42.56522975917351,0.42802570085131464
10,25,1275.4812517014614,91.02597435707015,0.37282397876023055
10,26,1626.5508045375473,66.67246049173279,0.35206498887638205
10,27,1192.7291395926677,82.07498721595547,0.41812258832273486
10,28,1186.3340851845098,83.3849354550233,0.4840990751234635
10,29,1431.6767183525217,76.3638651217445,0.3501115571147082
10,30,1162.9734042881046,92.22127101345257,0.3935555663405701
10,31,1233.813041082653,84.51219421931266,0.38398524883303153
10,32,1942.2690501596726,35.811017282087015,0.5308593543518327
10,33,1877.3458370756528,39.40360052174018,0.6198456658818863
10,34,1102.2501303768101,98.97313183953439,0.43335451176076134
10,35,2055.13366889985,47.32431416697517,0.41260666738793006
10,36,2306.3828279735776,30.75666716289732,0.6009454217540444
10,37,1396.037575335227,61.640317881693434,0.48136944181362296
10,38,1130.443491098137,94.75078992743029,0.4175290243238017
10,39,2598.206419060632,39.416507851357544,0.4436866053542161
10,40,2109.6600483357097,34.64631990088166,0.5305488488424253
10,41,1963.1773465790034,36.47389503001114,0.5046097835125956
10,42,1926.9491491387662,37.12071050690576,0.49069014907673036
10,43,1324.7568012526267,71.9736486901371,0.41937999896649814
10,44,1083.9999376518374,101.15907499916283,0.4270409968468698
10,45,1383.2407870514824,68.88148447931657,0.4204438517581366
10,46,2292.581023623493,45.292626306277484,0.41260666738793006
10,47,1837.8120198787062,40.71324311710959,0.5589019110844475
10,48,1363.7681956013125,78.28220979108545,0.36417487176908736
10,49,1261.9513469174333,72.80835753836836,0.48424096596368216
10,50,1177.9780397001837,87.34301726946804,0.43460857443335144
10,51,1534.5038173198734,66.26493808740274,0.36815497186528745
10,52,1516.5932181319847,51.62268905399827,0.5341109995829534
10,53,1967.6325907494033,37.64513454046814,0.4677542137540911
10,54,1809.4909197694033,40.87834214593588,0.5654364449605076
10,55,2109.503157084833,47.01911111416068,0.4238580407125063
10,56,1685.788071432352,48.94352551066549,0.47948664647031336
10,57,1895.5317995524767,38.53357504082128,0.5308593543518327
10,58,1897.569931362771,39.9690898556751,0.49492289236786746
10,59,1971.8573547546862,50.22435951819693,0.4115119518845205
10,60,2139.913211037078,32.15087316649239,0.5549193370869467
10,61,1483.8424954745064,56.88369993406666,0.5165469719403681
10,62,1100.4408103406145,98.17804196494423,0.43452552844902925
10,63,1289.1999812049128,88.91269056445994,0.36244336732234217
10,64,1815.9743734223894,44.43901274350167,0.4912334836504151
10,65,2240.63728791855,32.71594056969497,0.550345141611345
10,66,1409.2435686316733,55.06279195145441,0.5475641997764278
10,67,1693.1409352815376,57.24458455789244,0.3548235486398532
10,68,2225.619799652375,33.21771305023611,0.5415008905134613
10,69,1540.296351257883,50.93058084932323,0.5349776483811368
10,70,1580.2524176058296,59.23393897876236,0.38758157347355393
10,71,1365.6574529117925,75.00835578069265,0.3875687891612394
10,72,2317.290001885618,47.59394372199665,0.3976997568984686
10,73,1718.3850862256334,48.412212606012325,0.5077110293566207
10,74,1097.4791672047875,99.97603516391807,0.4175290243238017
10,75,1426.9122186424959,73.4135355394639,0.38260457949629867
10,76,1502.556889885971,64.2233377107978,0.4108013837562403
10,77,1641.9909062248857,56.283245466590664,0.3811832507960098
10,78,1310.1493095380542,73.99590683558984,0.40543879380408754
10,79,1356.4250145178576,83.6904269581251,0.36087242869411185
10,80,1460.8425767417455,69.79100227352394,0.41537090017863676
10,81,1440.6196878549383,70.71095728719875,0.39026995456799796
10,82,2362.2061334146483,32.46925676859091,0.4884104836787806
10,83,1506.5564826573923,58.420206421629594,0.4621055892834889
10,84,1180.2894415973085,85.29439862747881,0.44507972013332164
10,85,1496.8116111286245,54.691706309557,0.518870809921463
10,86,1419.1972308413601,53.151644783213506,0.5277815782725952
10,87,1273.4903622446252,88.06103022975724,0.37523090723627206
10,88,1599.7688215432297,59.50716662206455,0.3760889396141316
10,89,2036.2827644603062,47.7928206216661,0.40558734400794094
10,90,1755.911738859877,43.985556809180146,0.6310625998626236
10,91,2085.4680948315117,36.7183572719074,0.49366882969527737
10,92,1113.1887861650753,100.8276954986208,0.4047414844098718
10,93,1334.288997905544,67.78052232955338,0.4400782755698778
10,94,1138.447472274213,93.54424052254423,0.41357189025692875
10,95,1117.2637054880677,95.73781939578573,0.4063431062545
10,96,2338.115709748357,43.86489521415667,0.4157474564754864
10,97,1346.2373805978868,69.85120541405055,0.4093527178704406
10,98,1488.8755702599553,53.10695540657887,0.5211542320583362
10,99,1773.9957271725307,54.375275044629404,0.4458093898473834
10,100,1193.422131841237,86.32252112326232,0.4080746107012452
10,101,2220.5797854798875,31.531442036799024,0.6069206289793776
10,102,1290.4491127829463,71.40929333104489,0.44958503983045617
10,103,1315.8595595357947,81.13152945033136,0.3656954087098043
10,104,1793.8592582794192,48.488206004499986,0.4692829051159606
10,105,1314.121381106382,68.41352521683955,0.4521268213133709
10,106,1667.9910251879533,60.66673415679293,0.37065490354968134
10,107,1883.0428546869618,39.33849758395642,0.605286558421426
10,108,1611.9024529935284,58.95736071398378,0.39184739138125124
10,109,1697.219576094022,53.898230021405574,0.4497743925786004
10,110,1526.2701277238484,62.872160390669016,0.39942610117432054
10,111,2388.695582035044,31.853073276971802,0.48859466340602964
10,112,1662.038753169379,62.474443078191534,0.35289544952610896
10,113,2265.2018891439816,33.6254371875015,0.4988881354088761
10,114,1871.2291194094823,40.303682231215966,0.5589019110844475
10,115,1842.2016416283811,44.430409438816206,0.5137210831880203
10,116,1375.1063764453008,57.989681062274876,0.5262836484490805
10,117,1672.2570740408614,61.25222136786383,0.3543425114930763
10,118,1857.5514597069964,45.68641531030742,0.4485300174383653
10,119,1851.5509377332587,45.41839905532739,0.4544140555141887
10,120,1553.1441359387911,60.19710930492376,0.426740913467885
10,121,1326.7077870564913,65.13043200562093,0.46853903220544524
10,122,1446.73105689335,57.87127839906564,0.5084703841655198
10,123,2026.948243321154,41.60487170685033,0.44930250441314357
10,124,1753.637764748294,52.107163151580615,0.4626269876954474
10,125,1449.4705663985485,56.17120915752873,0.526261166664888
10,126,1827.2983923299548,52.87786478141942,0.43320848369399556
10,127,1100.5514579310643,97.12450531153281,0.4356377002814007
10,128,2214.6638061315775,34.756547987705126,0.5112063833322011
10,129,1348.0585766410247,77.43054945638275,0.37696241168301725
10,130,2654.350593916066,35.91064864130989,0.4757809947064011
10,131,1325.2459114144917,63.52519784144332,0.5392006958750422
10,132,1347.8655979404853,65.69457213416534,0.44099385273525016
10,133,1386.4250943576067,79.32221824108923,0.36087242869411185
10,134,1478.391743986757,51.206413505289895,0.5557625937157802
10,135,1475.9064572509828,69.43221232802426,0.4142734589622705
10,136,1283.5230414433706,69.41151356004667,0.46513238090100373
10,137,1250.558717550021,74.63675879653448,0.46513238090100373
10,138,1623.1393780358248,55.423667852932375,0.44256744209899423
10,139,1523.6539017007856,56.14026958789233,0.5032928139834176
10,140,1603.3516403351139,55.78104312956232,0.429612683698803
10,141,1776.0724360391346,50.3985719039601,0.4742854787370909
10,142,1891.5696227873455,39.624020026630554,0.5531234080421648
10,143,1133.4051342339642,92.95279672845645,0.43452552844902925
10,144,1571.0002565569814,74.77657981714084,0.356975236281837
10,145,1755.5527643893913,44.09239713776662,0.5434459057471237
10,146,1703.1300033104553,55.82719318565682,0.39993879495561657
10,147,1530.4958082693993,52.635474665524164,0.5288942841864426
10,148,1113.7033454168818,96.08291477913893,0.4463867644953119
10,149,1302.9319490212429,77.1125804299513,0.3826843649644047
10,150,1384.933261954783,78.14324919693212,0.375034312569273
10,151,1607.3836264139527,61.5108363250188,0.3587448939526361
10,152,1412.9432166924105,55.233800103817735,0.5389674963418969
10,153,1554.7590409311829,58.74195948679653,0.4380949076624141
10,154,1231.9512670776842,77.17656625540423,0.48424096596368216
10,155,1150.2280293814172,90.51257415929793,0.4063431062545
10,156,1132.7272577964966,99.76093447006825,0.402824005946087
10,157,1300.5447810714406,70.49947541222757,0.4512112441479985
10,158,2235.6059244929893,52.27386438687671,0.39742624242152047
10,159,1716.7989100292036,43.40348469447731,0.63233793976028
10,160,2269.0413305941597,48.9876518200562,0.3889417695286248
10,161,2330.534815167159,39.38437637008572,0.46615630656265594
10,162,1247.4783180164202,75.68918544953806,0.42611302591086186
10,163,1148.8539972845863,92.58479317960094,0.4063431062545
10,164,1399.3307778144165,65.1305414397857,0.4160192431886749
10,165,1189.758596807388,84.31135090622173,0.42737979043092267
10,166,1428.9522305240407,75.59978714095517,0.36632329626682747
10,167,1313.9132185063406,81.2052427401254,0.376881326779106
10,168,1742.2759887526659,51.438282051617826,0.47776916858427043
10,169,2655.062978241633,34.26048466466832,0.46694822224074173
10,170,1296.572709503113,76.08185703097786,0.40452321663871516
10,171,1659.4142571061984,62.53101928791133,0.35206498887638205
10,172,1165.2145341099088,89.37967788601071,0.43335451176076134
10,173,1984.7360968218752,36.764590925836465,0.4942423279873118
10,174,2153.189021426338,54.109378705616486,0.4018152858841475
10,175,1885.941678412332,41.12839789599628,0.4735420072351957
10,176,1498.8260521935433,59.723726341419344,0.49239269382617934
10,177,1790.0493421727767,50.88309026214695,0.4588559040423448
10,178,1912.1748377696754,38.86859777512573,0.5002021215997985
10,179,1799.7858209713957,45.5510808672412,0.4510871316913061
10,180,1410.0820080198362,63.881275357571795,0.4467581806461318
10,181,1556.3203468021381,56.52184888098258,0.45944572788972593
10,182,2170.785217932005,31.659226579329204,0.5515958308926265
10,183,1500.3024685084422,60.50236174223382,0.4732915073527906
10,184,1783.78327089583,49.00696360957069,0.4597441885652387
10,185,1985.7443816166515,52.2899790097889,0.4028572912652919
11,1,1834.4126184240333,72.70994468821065,0.5958700243259436
11,2,1323.4092385088945,86.86769715868033,0.8766909489194461
11,3,4390.455234525149,26.046422462636425,3.351589670037793
11,4,4404.271471663845,26.901766002202333,3.335745810867458
11,5,4328.425490131837,27.20881402925924,3.622482045198474
11,6,1371.3574959923965,94.3377864104997,0.8556323811967417
11,7,3410.188316229986,35.9813856131885,2.407636542379386
11,8,3498.2384328521634,34.90682920277142,2.578305954008325
11,9,3891.290609788928,31.468963248503485,2.5971079140447024
11,10,4381.312802291104,27.829819696558168,3.2611193899225412
11,11,3609.1707318707718,35.93911026765475,2.208412306038852
11,12,4163.612387216406,29.211468684502442,3.032749357717158
11,13,3629.386103721688,33.95416378126668,2.167243087284156
11,14,4090.6435759440337,36.12719708570658,1.918939772039277
11,15,1395.2926070826643,87.30875908307414,0.8563534202831882
11,16,4097.12165155525,29.548849902204363,2.9599009210861347
11,17,4222.141836221405,27.996904248481105,3.556883756122712
11,18,1383.6552216105267,92.30744948606791,0.8634224189858699
11,19,3244.7744485307467,43.322213369714284,1.2277149113458385
11,20,3774.8648407554265,33.48282350998683,2.6737973136149407
11,21,2905.425959127543,38.7746963686366,2.088207829545258
11,22,2669.635897800543,40.31197854348376,2.0286245990684364
11,23,3001.8821269465534,41.28977456253089,1.300075644931244
11,24,4285.793792454289,28.88291139993713,3.470796064669294
11,25,2710.57545195482,40.08356512856536,2.09401909814947
11,26,3813.513390837124,33.13823544900881,2.7864924726463194
11,27,3230.8303760643403,37.66983900837325,1.3558353005557215
11,28,2452.99711052243,44.81769322371283,1.6736546641367696
11,29,2599.6996729256202,43.83753540694812,1.1521989402474304
11,30,4317.356308538984,30.11219648423797,2.8810994090494653
11,31,3547.4458769159473,37.011826152066156,1.745363248093632
11,32,2925.9984209759796,42.70490312490346,1.4310300564978888
11,33,3425.6556406281015,42.80400940046401,1.236616142092256
11,34,2848.747158464897,35.99585268412136,2.0931424864355748
11,35,1606.9144344669166,64.04061764030662,1.0416204422831363
11,36,3094.461459433296,39.046628318210416,1.3197932198324942
11,37,1670.952736518818,79.01236466052698,0.6175688326708517
11,38,1453.4776937952129,81.02474071447148,0.8796134874761812
11,39,2264.5086349647986,48.517371622260626,1.8597302430735994
11,40,2802.798112201676,42.99036350290242,1.3633899529033933
11,41,4360.815892468384,27.921326433358566,3.351589670037793
11,42,3051.0612455448695,40.57207770938882,1.2673523187448303
11,43,3155.5755010816483,38.15804759154446,1.308974231898464
11,44,2786.3667331106435,42.41182583895635,1.504827915987235
11,45,1807.8154551115554,62.41815883376341,0.8174949157406175
11,46,4258.584014059145,34.26247602016508,1.9314416214601025
11,47,1958.8916279195641,65.54961272173963,0.6612596611068362
11,48,2975.9381228749685,47.08748108905175,1.0484782935629333
11,49,1927.1285330399762,66.64153662490261,0.6612596611068362
11,50,4351.3280997655065,30.815239052183443,2.8257771814768873
11,51,2581.137520557644,42.08413307326018,1.9693388262648206
11,52,3815.635891651576,33.330773073563485,2.7301303194834965
11,53,1910.163613889338,67.90281454096099,0.6200549716053771
11,54,1407.616998471322,86.29504681901668,0.844389117759377
11,55,2566.6006471817545,45.9934680339807,1.2142264039231812
11,56,4260.377293369575,28.88291157047539,3.4387964960585364
11,57,2257.55665405831,49.799758318841704,1.7170283240699433
11,58,4293.329603967315,28.322539220101163,3.465683307239509
11,59,2680.251664625433,41.92765569808984,1.9294414750716378
11,60,2404.5502299453583,47.75128327849442,1.7730038668728803
11,61,1646.3641666380704,73.27349257893667,0.6607117676219652
11,62,2229.321347549515,50.65808862047965,1.0252950409652364
11,63,2501.671375454784,43.46731019519424,1.8509235449566717
11,64,1861.1146054927199,57.70887438921724,1.0925131720915857
11,65,3554.3506791843606,34.877187803666594,2.64577154022928
11,66,2500.83631289606,46.74523924783788,1.181862782981515
11,67,1850.1613966549235,57.38883865674607,1.4808001111553324
11,68,4371.459419585615,30.530011870201797,2.8587524558241135
11,69,2295.39803727832,47.40571065271125,1.8836158939872654
11,70,1738.4118107225245,59.41760240640718,1.2490760714453621
11,71,1712.2037171975885,62.919345177012744,0.9970530028240674
11,72,3819.600193388383,33.26022699649661,2.752890733815967
11,73,3610.317802250657,37.34688681677525,1.5430507828841549
11,74,2398.27589516078,50.31392473083775,0.7733313672460014
11,75,1759.484709569409,59.87322585784873,1.0054788274715172
11,76,1689.2451740040672,77.94221068339583,0.6285836715660267
11,77,2569.4833272832925,43.15851262365052,1.8102865584020407
11,78,2764.808295607323,42.52456978891623,1.6263584600422014
11,79,1747.553138061371,61.85288105321034,1.0123091958025476
11,80,1628.255405277902,68.54265427244893,0.7375879031006605
11,81,1412.3273713151762,85.29919343751047,0.8533360944771076
11,82,2538.7777212602737,43.19380168602506,1.9508985264009056
11,83,2173.346281805936,52.266451402564336,1.1406589980596102
11,84,2738.3191956977985,43.510608069180286,1.2636477237548185
11,85,1722.5881403502676,63.720098916048926,0.6927582189200123
11,86,1419.9821747954102,72.29422325888356,0.9120627769382956
11,87,3829.473077751101,36.59373995172132,1.780630642069383
11,88,1958.3688364263198,54.87892071070752,1.6781304509555213
11,89,1534.4358362103471,74.26317872868461,0.8482939469647519
11,90,1523.9073838102286,70.44905860171119,1.0303680087507523
11,91,3548.177825563436,37.10598434674151,1.545728788939261
11,92,2477.9519401021566,48.93424502169228,1.168175539404988
11,93,2561.809881176205,42.87270474667004,1.9950922075513802
11,94,3865.495790167753,36.56508100393372,1.873065430804111
11,95,1377.8295513325281,81.58766209415828,0.8720202478793411
11,96,1675.8207530373493,69.02412046517912,0.6539327950446001
11,97,2797.7911748813353,40.568058774654936,1.5904093775045638
11,98,1485.478193458629,80.20747215628563,0.8611261322662358
11,99,1826.8860496369514,70.32136419618493,0.6092650402006292
11,100,4361.012360220351,27.367960809562092,3.615889691063437
11,101,2173.5067386259684,56.41002066228799,0.7238617875589597
11,102,1868.4538341401726,55.31085243825489,1.4918149500505073
11,103,1571.7097562838244,75.50581015962359,0.6573638819030663
11,104,2206.148963720495,55.69898155149737,0.7518317984643623
11,105,1816.004766470612,71.29573157421075,0.6344793173287187
11,106,2100.726568213636,50.07930892772246,1.4106572277110594
11,107,3871.701574318057,33.68977514261984,2.59608607269503
11,108,2198.610367027312,53.47028358072472,0.9054849237445985
11,109,2048.7928245782346,60.8980159319792,0.8063669593133618
11,110,2061.607978196255,54.19615714003517,1.0489204092388995
11,111,2527.1615928518313,47.66339773054991,0.8357670237213064
11,112,3236.939906038594,37.500080154500814,1.3985029396082496
11,113,2134.203774878979,58.603254839113546,0.7126093540265757
11,114,2303.078973862581,46.07167048179772,1.7974020663879884
11,115,1852.953423541378,60.451545464169136,0.9856611757802547
11,116,2360.6428274692635,44.23534192350603,1.7974020663879884
11,117,1617.729664595688,76.99973740068961,0.6423111071975427
11,118,4316.85440804958,31.00301723485008,2.830394145159495
11,119,1340.2919067149567,82.77614962705229,0.8766909489194461
11,120,1922.6207056592757,56.65740818258495,1.121193042741936
11,121,1694.1131905225984,67.95396648804795,0.6649476339397751
11,122,2162.8069601923144,51.10375553550424,1.273405932667945
11,123,2113.4157864879153,56.15876799478753,0.9268977548601569
11,124,1457.6210612508298,76.88629909504851,0.8931104419519471
11,125,1379.7778740310118,76.1700960740684,0.9569526946283773
11,126,2446.2630248267565,47.05259743906466,1.4165548341832626
11,127,1327.9942798313978,84.80469244536488,0.8689009111303179
11,128,3065.036204149126,39.5190509164992,1.2811832204591305
11,129,1545.5133856899524,78.00254990828181,0.6711431107578925
11,130,2424.2570732951276,48.97690010419223,1.2017680684961647
11,131,2346.3735408351686,49.3033073832341,0.9775013137298956
11,132,1567.6114707199272,66.23385181442357,1.0303680087507523
11,133,2071.654147640658,56.965532314842214,0.7369507485105871
11,134,2365.2967168558152,51.77504655558104,0.7507507570119856
11,135,1494.898992445731,74.3185198371128,0.74563111038049
11,136,4384.054405445002,30.072647004642583,2.8517512524495103
11,137,2314.6979843583067,51.58611754657037,0.9232115171314597
11,138,2334.32373689877,51.89686706089304,0.7651722751770969
11,139,2458.5135322670426,44.11735636788411,2.019690097295374
11,140,1986.5585792200905,54.725413906779394,1.3986209828956575
11,141,1468.4434292261171,82.2170378018493,0.8641434580723164
11,142,1472.3251240885347,72.06021245266686,0.9042727391491674
11,143,2011.26881753843,54.004914492543406,1.4616350681268955
11,144,2488.8534555853744,43.204377593052456,2.0022287713193982
11,145,1958.2352480829215,56.96302490352638,0.9814486776650817
11,146,1782.2373674037217,58.132552898036565,1.115358234636524
11,147,1378.5411774618142,76.31118121203232,0.9381112008728216
11,148,4303.127189045704,31.302313938688204,2.8517512524495103
11,149,1887.181492228274,61.394408858141624,0.7853720563489048
11,150,1523.9351042279773,75.26739421259461,0.7319235107952302
11,151,2127.254301553835,53.23499444267713,0.9227104601381129
11,152,1413.402316399715,84.53045910645551,0.844389117759377
11,153,1530.557444489879,69.83949784438249,0.9928883240603525
11,154,2158.6203782468347,53.00454108630073,0.948290039190681
11,155,2020.5990495609744,51.987015641319246,1.311293342285179
11,156,1890.660269660689,60.93958836945263,0.9708926039201984
11,157,2151.4757303446722,54.47330649125795,0.8873748083808621
11,158,1594.0787549850638,65.98112972316156,1.010317224110537
11,159,2748.44608929992,39.925713902239515,2.183275485332711
11,160,2361.4046149847786,53.78797366945207,0.7037789248558752
11,161,2058.8511503863865,60.78464545483836,0.6819667844107791
11,162,1778.271363000519,73.08309499984368,0.6374425062695792
11,163,1418.112689243569,83.5346057249493,0.8533360944771076
11,164,2463.2094345898217,49.24634006060519,0.8276079316524019
11,165,1468.1189639246868,70.98597889067959,0.9746015377843058
11,166,2412.5266490379395,49.12257333477032,1.1753176142991926
11,167,2144.7552184028314,55.495301607867304,0.914059697730071
11,168,1604.5228803457817,68.7941394806072,0.6902452761285716
11,169,1765.9745155727128,63.3176637820432,0.7570162938536775
11,170,2101.9185295125194,58.716890405319354,0.6550854855962598
11,171,1366.243451843684,78.34151813646409,0.9303211630836934
11,172,2261.5724412023637,52.67504484745362,0.9747325850825632
11,173,1995.9285506622637,50.85826910386215,1.4918149500505073
11,174,3086.912230400382,38.89375856941067,1.3278666563705777
11,175,1659.5685842452276,71.20944020991989,0.6721028595697014
11,176,2033.0315604752532,54.246692725328536,0.9273345533446502
11,177,1971.8041736102223,58.11579466359486,0.9519094178136918
11,178,2068.076441293992,63.29166068942834,0.651791440996849
11,179,2312.6046597959244,50.22774880420318,1.110947011806033
11,180,2294.6839819372512,54.23890930171304,0.839123001450762
12,1,1156.3335267991092,96.48154738236708,0.7874022505435025
12,2,1814.4128449006528,67.64113095153802,0.6988385086009696
12,3,3329.98810436227,23.138472881793085,2.256152115726186
12,4,3067.1271028950573,25.05888494017926,2.5101197503210013
12,5,2740.2951864074307,27.305461730333416,2.142103795481871
12,6,2206.335229832154,34.27732551868509,1.703077191640256
12,7,3279.274818680811,24.382946298609593,2.412117914325643
12,8,2893.178615536734,28.134379537954526,1.9782832110288506
12,9,3100.9534985860787,26.566105443039685,2.2444390226090274
12,10,2512.0004406402527,29.712409166687824,1.7649697213262616
12,11,2632.8892071511495,28.60820428495948,1.8743557019850225
12,12,2650.266430606879,29.082179022391443,1.6431840442605061
12,13,3110.0673414724247,25.835762333519693,2.2771126760497804
12,14,2521.8214067506906,30.471396214690362,1.4578421154567547
12,15,2671.2853261853243,28.637878939392866,1.8321368292781965
12,16,3003.964486425209,38.017080450358065,1.057600276965319
12,17,2835.655965320824,27.93525689987906,1.9912685447702554
12,18,3094.5464991870062,26.4405010357271,2.3428860796998077
12,19,2689.6321851112975,28.267961437400164,2.0637599527500736
12,20,2432.65941585245,40.14983782066766,1.1295401715994604
12,21,2801.3947226335663,42.01436087944429,0.8773479249749396
12,22,2007.2885918992322,38.30845461190926,1.406580631994773
12,23,2970.4185747916126,26.920742062281832,2.4484480335994956
12,24,2062.905783328925,37.69832210892151,1.4983695134826807
12,25,2393.7317713311645,31.879049570868883,1.3690931334979535
12,26,2229.1538074183745,33.24572876193692,1.7362822219366993
12,27,1156.9426964156196,94.3269608178865,0.7836650952899031
12,28,1779.1478593130983,64.5344803348448,0.6990682410528155
12,29,3155.0327746728926,24.883085523747287,2.3343239084126726
12,30,1161.1271774505014,93.55556013876853,0.7651442517185156
12,31,2296.383318593283,39.4556977419912,1.131429247813811
12,32,3280.2548760646014,25.67918530797113,1.3557116962848763
12,33,1556.6700725212288,47.75410887408411,0.9905792941384615
12,34,1194.9453881426846,83.63747244049247,0.7530952980455563
12,35,2326.947612491261,33.81632207774431,1.6235473713836743
12,36,2070.578631756005,37.11869174451621,1.2516216993374183
12,37,1166.363457395783,89.68533680126049,0.7355591729106745
12,38,3179.4532455779795,30.554065684694944,1.3001006814243699
12,39,3224.3423223635677,29.632874933482288,1.3872025103577652
12,40,1951.296639059267,44.541442963836694,1.0119684918851402
12,41,1803.839163754629,45.587770179157346,1.051390821105242
12,42,1588.488408237407,60.767710371227665,0.7766815966217084
12,43,1471.4444453449012,54.007937290611345,0.9534824843306939
12,44,3258.7157415397946,24.86358048037373,1.5736066540677296
12,45,2345.042303943854,33.91658969816646,1.2723694628708255
12,46,3184.210585249725,33.39760993992445,1.1556225192917022
12,47,1383.2333783725742,59.07901275520528,0.9528954550126141
12,48,2921.326952962375,32.53930254774642,1.3131808894234585
12,49,3145.7202862029408,31.527904359195603,1.3306201478029305
12,50,1347.7687204231408,65.84484742322853,0.8237031687313614
12,51,2102.5869362334083,36.21406135787266,1.3346314472472844
12,52,2771.0475853637645,39.682266666816474,0.9844602751713101
12,53,1270.3891640861495,74.92012771985544,0.7357528422707507
12,54,3175.1378439427517,26.200920620710786,1.5504125670293067
12,55,2938.4681974926734,29.41910613251439,1.6184767065946932
12,56,2851.1403882705727,27.154376795585524,2.0173982964782216
12,57,1182.4862192821272,89.01498790966376,0.7355591729106745
12,58,2968.480567531425,29.217514374409667,1.5769221869819052
12,59,2865.4402030279184,34.643234483741004,1.186076018503746
12,60,1981.4828809216076,39.821262054163995,1.2033058554357918
12,61,2159.9520562079388,41.53700747484317,1.054205223595341
12,62,1438.6023370120124,63.488131564149825,0.7690879934000936
12,63,1179.0844814707295,87.33872307700048,0.7461445323807734
12,64,1301.1309189019548,67.89570120303227,0.804093995321649
12,65,1161.7363470670118,91.40097352973598,0.7614070964649162
12,66,1228.6364735902623,76.97374507757135,0.7716848651888046
12,67,1762.484648955114,52.3697514437586,0.7877987741711063
12,68,1259.5058659208753,73.62987613566314,0.7436586368778233
12,69,1888.0662720355024,50.048786336527094,0.8095967290511208
12,70,2889.1969885419194,38.847220404562265,0.9141098679523889
12,71,1419.5862150812306,55.20734225257313,0.9355847986348405
12,72,1323.0760349615366,68.93807676567504,0.8031665103314065
12,73,1526.519791335487,56.02893963701517,0.8205451002830007
12,74,2361.5733371769247,38.62409823213288,1.2005553288237163
12,75,1395.865988457569,59.978368892843044,0.8502011186537697
12,76,1645.6119478732744,61.06698026152935,0.7349778336073367
12,77,1239.579720272963,78.34013520848656,0.7305621337866999
12,78,2712.218184227531,43.64110665564756,0.9135885088157867
12,79,1416.814797172275,57.782903322602934,0.884429254291069
12,80,1212.8929867855445,81.67279207293706,0.7377979801053396
12,81,3238.6879188237695,29.255589236847307,1.3407548079504021
12,82,1201.9942931035011,84.17430278966289,0.7436586368778233
12,83,2597.271374941074,36.28941396038114,1.114463197584156
12,84,1291.9473660176013,69.78748888217032,0.8605829034446888
12,85,1554.5171711163862,48.777700068702806,1.0409196846263757
12,86,1487.1829658309905,62.20692366533286,0.7124017077889118
12,87,1715.3166450065637,51.774588862025205,0.8020684924992434
12,88,1705.5760670904035,54.498049063738115,0.7884937035493191
12,89,2624.5210664924352,35.85133123408649,1.1774941703753452
12,90,1493.686322304593,51.053038731400946,1.0191360148192725
12,91,2956.4343973451123,29.68644768998612,1.5287996394184429
12,92,1938.7139037794864,47.14882052948454,0.8486839152902501
12,93,1218.648066742089,80.42580023789557,0.7377979801053396
12,94,1826.0716173507967,42.769257134940005,1.0364985064426886
12,95,1337.0814282968943,71.28140339122358,0.7841538259937781
12,96,3087.244894166328,34.33010466704052,1.246369933084205
12,97,3125.4383418924035,28.493750162856955,1.5373972653785035
12,98,2680.9371882551695,28.628328171087137,1.8449337004220698
12,99,2569.631937605678,41.01017409788747,0.9972568456986917
12,100,1742.6508398461308,51.63009292118763,0.8373298794389807
12,101,1883.4010683596348,41.148260336162494,1.231209615067149
12,102,1233.6772311431564,77.81555255179057,0.7460209882266309
12,103,1924.3176381478095,46.85921859702958,0.943732258832009
12,104,2035.9015365897496,37.91602322549437,1.2356572360461175
12,105,1675.1187262740125,46.45846420233636,1.0189126706944673
12,106,1342.687923903177,67.58734874222218,0.7707339692557458
12,107,2220.0825946798664,35.289909791251795,1.5288677136727689
12,108,1415.0049160368055,57.26248824849794,0.9560378076164024
12,109,2275.1459631439625,45.25056228073531,0.9871563698221326
12,110,2470.5967735373665,40.28481637679421,1.0830781864718109
12,111,1401.84777312156,57.93311621279466,0.8566696787106469
12,112,2730.642245243024,41.19742048781529,0.9717441555541715
12,113,1394.3390005186218,68.86565591734431,0.7406467365480349
12,114,1911.0201173139799,41.8411204250377,1.144624817142665
12,115,2155.459351795315,39.65549479325858,1.1623589152201053
12,116,2487.4265463756983,37.531072601092404,1.2223817151132135
12,117,2549.1162720314665,36.8541672890137,1.2709259521921563
12,118,1852.6229585821675,42.76154702715578,1.0668917137246385
12,119,2126.5005639087162,41.84760221574981,1.0882771166830576
12,120,1465.0003097366723,62.60406492938861,0.8464429221899987
12,121,1368.9520891216603,63.17951572272499,0.7958709872003578
12,122,2490.472506697476,30.489181693169236,1.3854056167207656
12,123,1191.390308162089,85.29275643652291,0.7555464396924325
12,124,2392.5506130484814,31.7428303204938,1.621098513645082
12,125,1254.5707391538601,72.25915834823795,0.7665289105608277
12,126,1227.9221511866117,79.06254461031392,0.7460209882266309
12,127,1667.1538968647237,60.678960778585406,0.74907607304708
12,128,1212.9795679574993,79.61034125765498,0.7613183061668476
12,129,1190.5837215052195,85.3383129843723,0.7787244211516562
12,130,3155.430514570386,26.60338401684038,1.5461111226336666
12,131,1659.3339527614662,54.90707979331491,0.8008359194828909
12,132,2898.6175027348145,32.664379892256875,1.3566173779499717
12,133,1455.6499534440152,74.03762184369971,0.7221909523185044
12,134,2948.4557004439453,35.488526871078435,1.163846095347596
12,135,2005.269772936409,40.4461544732564,1.195325979343922
12,136,1623.5784165732641,49.05450596106525,0.9724649682871043
12,137,2706.269737652827,43.88001545118659,0.8670614833848216
12,138,1745.8124450866508,44.786335825026995,1.3124447988537948
12,139,2239.868357132837,40.95871001755234,1.1012354606841424
12,140,1685.9388501978024,56.66779713824882,0.7910534527475388
12,141,1972.8848826603914,46.67830749514858,0.8011048232242235
12,142,2575.2342166793264,30.426769487374315,1.7497660442445895
12,143,1267.315821534311,71.31429928442867,0.743821378677298
12,144,1351.762046392763,64.21413496325869,0.9282721602806614
12,145,1286.2028068913976,70.18096697977414,0.7982333385491653
12,146,1244.577753910318,75.91514191240502,0.7377979801053396
12,147,2533.7023502031952,41.75901868087611,0.9312932061377932
12,148,3275.8601192820643,28.9415184419832,1.338086780851926
12,149,1749.9630999655158,51.468485993173815,0.8411053265730875
12,150,2059.432183168345,40.291123181647585,1.1066227330706422
12,151,2937.7204192470604,26.931001343945297,1.8428416242063594
12,152,2472.6236111507214,38.71373201592316,1.0815807814119065
12,153,1919.3979168032722,40.69233690691112,1.1894228092245047
12,154,2016.5349368405434,41.664933263302444,1.1723492294955502
12,155,1368.850516243878,66.29727598179059,0.8235087382443549
12,156,1551.680735408141,55.887848339616106,0.8643142182246333
12,157,1556.1872890132324,49.441491444775224,0.9775835575511689
12,158,1900.644445467898,46.47810375433363,0.9577082507089489
12,159,1543.702506894915,52.31846768123388,0.9534824843306939
12,160,2549.524952965079,37.87378785547307,1.184183350034866
12,161,2901.8343906933706,38.430837383036554,0.9091243338042556
12,162,1180.4897853949274,87.19316707590848,0.7637694478137238
12,163,1467.1299619298345,51.14276167330832,0.9628197185580394
12,164,1207.148079735785,80.22863714354473,0.7460557420827048
12,165,1503.1548768797752,61.88349223638296,0.7622717156230987
12,166,1853.4751774224808,42.61860848646939,1.0668917137246385
12,167,2703.185661875444,38.73041758959165,1.0283600254647087
12,168,1184.1363873758098,86.32931909017263,0.7644741499582306
12,169,2028.0805759816237,40.468526805628315,1.1734698502134204
12,170,2705.180354967233,36.818167193394224,1.0658411794894374
12,171,3136.7069299749282,35.32058440981799,1.107863278232733
12,172,1634.8435805779498,58.46960816507513,0.7837051247149329
12,173,1767.6514857058835,50.00059772064583,0.8381733768024144
12,174,1528.958619873815,49.774237743859274,1.030785024478904
12,175,2706.923401629436,35.82854207144041,1.109425210961545
13,1,1520.1703042054528,129.12355605597023,0.32017110056346354
13,2,2104.924911716748,114.00363755878732,0.2486806124842289
13,3,5228.673594991696,36.805174014195366,0.5718988856444369
13,4,4097.228289515588,39.721424694477136,0.7569660154335374
13,5,3390.2200020569685,47.63826051251786,0.6727520691231881
13,6,4002.987903588438,51.944210546914995,0.4511922819743006
13,7,3801.001763320779,43.50914889556425,0.7439613031279784
13,8,2433.153065275501,56.456386497695874,0.4072378467558373
13,9,2953.724734376299,77.21783209310587,0.2754640534126942
13,10,3863.721639198587,43.76932408049131,0.6174133669076802
13,11,3237.020301624029,48.48181559195306,0.6051470561061514
13,12,3802.752018111334,41.03075307678266,0.6424582449791139
13,13,2396.9615970484,57.540213268247236,0.3941210193585647
13,14,4440.724467660371,40.66785524619395,0.5333678191320992
13,15,2834.5482758696417,50.16575042995068,0.47519880976233253
13,16,3615.369257148452,45.81876541517409,0.5428537883806399
13,17,4590.738765673099,49.85883572299577,0.5056561198780365
13,18,4175.755318304585,50.06425212561642,0.5120485257306413
13,19,4934.234481646551,39.16744167486336,0.6478103646783815
13,20,5140.720963018445,37.33738755376741,0.5829996019676926
13,21,2753.8069737547216,52.183013944331385,0.4717766183220462
13,22,3770.4102124932833,49.02783447908764,0.5405798064813503
13,23,3306.4738785040163,54.85461067212576,0.4557549635449014
13,24,4371.688127170903,43.633503381088445,0.5337912050297398
13,25,2310.4018875201104,60.9701909490916,0.3807805657815386
13,26,3491.4402617962087,49.96773408046379,0.548067309532474
13,27,2293.0323496065002,62.30792218108187,0.3567631410980887
13,28,4862.646335901147,41.40902691215137,0.5016422193869836
13,29,4833.517353084142,47.14766321181094,0.4942149842944197
13,30,5041.0578062741515,40.02832536622558,0.5894787928109402
13,31,2494.2872957339027,58.255874377789205,0.35343548896185695
13,32,4918.343342658464,45.41441578707055,0.47023382633713595
13,33,2848.4155870146783,56.65182736478032,0.3831530225871411
13,34,2235.8535659915774,64.24875082575392,0.3727007110241445
13,35,3721.4290629669445,43.89096858864712,0.5885073281167088
13,36,2044.0505710530842,119.27164318406126,0.26761691136744403
13,37,5111.021066086947,40.5208714699553,0.5579943987869207
13,38,2725.828415858004,59.88345416167858,0.3492410418877512
13,39,3458.6490421775707,49.84677020181821,0.5962045791636932
13,40,2616.0662979704803,59.89593296631316,0.3437196062705006
13,41,4744.895841766868,45.38114296494446,0.4984388710868366
13,42,3828.2312778296337,49.582998118380495,0.5245884351794494
13,43,3595.752393433436,44.4930847657535,0.6444179910780647
13,44,4318.184724348088,43.90007953507531,0.5110337619062939
13,45,4237.699273678377,47.87882145409579,0.5081493351585173
13,46,4330.55817325523,41.75549008700418,0.5658384228890085
13,47,3540.3926796126407,49.9605697395239,0.5200625504572507
13,48,1785.2616249681703,90.86552655260279,0.3324975097152283
13,49,5047.47036570937,38.14194804773196,0.6075082624881212
13,50,2549.526188351302,63.59576294005476,0.3425952342779617
13,51,4824.2855296579,42.28164534523598,0.49500519354993244
13,52,5052.825070918136,38.32732489010696,0.5917311841311559
13,53,1846.0260365375998,86.04942935776901,0.30504972878059533
13,54,2338.2396078571387,79.86703433253314,0.2914039652263902
13,55,1694.560891155815,101.19736681816926,0.310140613783652
13,56,2047.6855742855507,82.60935448014521,0.2870685010151135
13,57,2041.4588307505605,74.30299826285135,0.3194243416480802
13,58,3543.341531389689,48.53718599910715,0.5608236430451079
13,59,3588.5576646697823,47.27156668527313,0.5982599025742097
13,60,4223.753498611756,46.380489694120946,0.5223758453383986
13,61,1534.7483562698046,123.82532985850945,0.32795515965080924
13,62,1719.3697269948243,98.66500981304515,0.2955128627187058
13,63,4925.151105483583,40.134720989464306,0.6526306675767124
13,64,1658.3474932893066,104.92867692903701,0.31455518815721106
13,65,3502.2239912849504,48.49132556026041,0.6011156238438176
13,66,1980.3879345121445,81.93503060477607,0.2963797318340191
13,67,2457.4542343275057,107.51696634776438,0.26270106145351946
13,68,3419.9264779101463,46.0904379760176,0.6073375189904731
13,69,4772.2905854045675,42.20216479214833,0.4950421758957333
13,70,4698.8972883336755,48.437567895704795,0.48412633451194154
13,71,2679.36508453561,58.23807737426848,0.36924362491060236
13,72,2504.011528473479,105.48071904572417,0.2581115555174023
13,73,1871.866269045168,94.1087507856219,0.2882541051100205
13,74,1535.4312666690582,128.00409511326876,0.3093145684795573
13,75,1734.0948052572073,97.51778720927453,0.30170468805419404
13,76,1536.2729968076114,125.91841381633485,0.31521571006551596
13,77,1714.7114273920306,102.86720741517836,0.2967782391230571
13,78,1733.311330474606,99.63118339073961,0.2891601921208782
13,79,1788.6156608157028,95.48280351167776,0.28055392588349193
13,80,2378.2411549269673,108.58426797187595,0.26924806772595034
13,81,1552.034089647867,121.81052245866687,0.31291261880346255
13,82,4767.486690998553,43.42834370235686,0.5048295841567132
13,83,2273.421039852474,63.14998463927414,0.3639197345468439
13,84,2176.396323552697,68.32638363745097,0.3633756012963829
13,85,2700.2335684357604,55.938582244804365,0.5109516028559895
13,86,2785.225790440256,66.05363364261513,0.30301559294287017
13,87,1762.0746276746145,96.46367860056182,0.2932705399975539
13,88,1620.5824928526365,110.3165681527923,0.3210691077769994
13,89,2520.58573870643,62.96631642099802,0.3488423398475433
13,90,2865.68053127544,55.96751689397759,0.4630465616404287
13,91,2183.2172386309976,112.03244226380335,0.26973337453096846
13,92,4663.812993044426,39.884246917028904,0.6619607039907898
13,93,1678.3824039111992,103.82501991718173,0.290284412976451
13,94,2329.2238178336015,61.22409541053051,0.3698799684953613
13,95,2221.6293356927663,67.64790288942376,0.31771639989777256
13,96,2585.6743974689957,69.3933572772132,0.31710041228352637
13,97,2849.0701696310803,65.05670897313159,0.3261429831271947
13,98,5088.585421555644,39.09851594663166,0.5742173059023656
13,99,2141.8277028710004,70.4702583348641,0.36038947427528
13,100,1904.5363010419387,91.49122909308348,0.2790588138995673
13,101,2262.7060651383854,85.48572418365151,0.27386019549409824
13,102,4669.55260902871,48.133773752142595,0.48501879496413025
13,103,1701.149689420104,100.77892633629058,0.321560888861395
13,104,2111.892724094817,78.00331715931458,0.29211351625713533
13,105,1964.370718193013,83.68837685515375,0.28459430966262644
13,106,4618.926423126351,46.384303108431986,0.5082386402341044
13,107,4437.681202863192,41.82123584070671,0.526833807424218
13,108,2058.3676175707747,116.03988486082753,0.2532701184203461
13,109,5124.839430819456,37.11533031904425,0.5848041456030906
13,110,2245.4986961100403,65.43085487557883,0.3535139154432514
13,111,2162.6889857876567,69.10632875215387,0.320286093801446
13,112,2187.9755348361573,109.52286147538622,0.2613352109091096
13,113,2456.3711364971937,107.63181224805693,0.2612873162375706
13,114,2885.569506374444,78.7425624208061,0.27934558685472055
13,115,1779.5134894851717,93.48454926350357,0.29602378029700915
13,116,1584.3682057791384,116.55157530516533,0.2937921121019542
13,117,4649.231044677759,47.69895021712362,0.4983806351604727
13,118,2008.1718606705674,84.38259406260016,0.27878744011274037
13,119,2143.05062912712,112.67560994903934,0.2614930459029132
13,120,2570.242194515472,105.37549016776137,0.25768200572571587
13,121,1888.7350630837832,84.62604072220657,0.3235376023968328
13,122,2800.3735568098523,67.94285587743961,0.29036561915896897
13,123,2072.5341337850396,80.53348914845215,0.2976560260807126
13,124,3398.2409908082955,48.27874238752522,0.6518926839427337
13,125,1566.2948249425092,120.70056839858628,0.3004354664493114
13,126,2673.559761053922,57.214447281503816,0.3703678457661752
13,127,1652.6155369527457,106.48296831562008,0.30372930191503755
13,128,2094.421868852055,76.02814263533833,0.300930004153944
13,129,1645.2379318208357,109.26801583530592,0.31096511327856646
13,130,1809.0440815281202,94.44143157581273,0.28204494092067023
13,131,2121.2192426567613,71.91263346016223,0.3459470565629985
13,132,1951.3122249399642,84.77470194416415,0.28459430966262644
13,133,2039.7131336492685,79.30183029064715,0.30092551515465615
13,134,2107.6833243880797,73.64487141832691,0.30717867380046826
13,135,3271.153420566265,56.4177620179482,0.4513223980144758
13,136,2118.328529355093,73.26286177098864,0.31797194660756034
13,137,1750.5607244904013,94.69115486898318,0.307924002594671
13,138,1591.6213755504996,114.44162012463563,0.29491633295752706
13,139,1534.0536098160903,128.0121971248195,0.3395347099660171
13,140,1833.7294016842063,89.16458338837963,0.31043018239585507
13,141,2262.2231228955425,66.84255274731056,0.33105025101906804
13,142,1930.7679888437538,87.88796231581131,0.2713667779702611
13,143,1800.48621913623,92.74161832186901,0.2893668948410024
13,144,2411.165645440861,67.06179277804942,0.3292664340139666
13,145,1996.2250182551768,78.84342288195128,0.32207745981014924
13,146,2699.004633023184,70.07186598389197,0.3083148589230511
13,147,1827.140603419917,90.25434947708004,0.29900990731811206
13,148,1651.5810351166876,106.96992759486342,0.3126550602084315
13,149,1540.3415572764588,124.89685051459719,0.3085723557181588
13,150,1548.8190824755188,124.83573483353445,0.3184559677409453
13,151,1743.2029577428602,96.75667212096262,0.31270092332505683
13,152,5075.197806493067,40.125392218658696,0.5593650055115482
13,153,2070.343012993512,115.06840567335504,0.25185637320439724
13,154,1616.0103927702887,113.22985704817877,0.3030547978384561
13,155,2660.8497474762044,71.20699951407413,0.3003423286447422
13,156,1578.7876855559452,117.60088505735567,0.29551226584007395
13,157,1557.8520162317527,120.75543132870673,0.3085723557181588
13,158,1917.709495590705,88.97428740482168,0.2713667779702611
13,159,1596.7667815289167,113.42921934331707,0.3083149835334993
13,160,1916.7436042582679,86.91857664157729,0.28160818264152354
13,161,2733.04006672063,65.24336553506029,0.33018926292616513
13,162,1837.152079903058,88.51577542558925,0.31905133235746064
13,163,4615.143133782839,50.06805105321601,0.5032820072169812
13,164,2647.515880726585,72.28931596501621,0.29892858342879336
13,165,1633.9835883395824,111.0982960618683,0.31629769730902524
13,166,2267.9735938531567,64.06082940659459,0.3477095580551719
13,167,1553.5046475056874,123.85510201984782,0.3026712141322001
13,168,2131.628591336646,71.39871070545156,0.3466985354930614
13,169,1565.387188966024,118.64841492987483,0.30403351677321666
13,170,1839.4372382733106,87.13919544646943,0.2936294537028523
13,171,1794.238567747555,92.33732665973292,0.3022156056324974
13,172,2090.048569073445,76.19919388818342,0.3007078290712286
13,173,1941.672655831844,83.76239196957987,0.29042115159903403
13,174,2014.3130725460558,76.66952683355031,0.30999941632925143
13,175,1959.8585093607055,81.03280829174275,0.2994562956392599
13,176,2768.3955696860116,66.88089413270825,0.3003423286447422
13,177,4671.610776058935,47.98662108424724,0.48501879496413025
13,178,2380.1602092089815,108.34489661660946,0.2553660592617675
13,179,1731.6814709294238,103.76591472990512,0.28168602721537184
13,180,1913.5443931084926,87.90840396775405,0.29042115159903403
14,1,1336.8137805201632,103.68908539625949,0.23443762114512978
14,2,4351.242996588618,25.15153846839056,0.6382630020494027
14,3,1855.2890371679136,86.71615584090705,0.17883735634585918
14,4,1333.5090027092215,97.83595604340923,0.2543781902519058
14,5,4332.9247860847745,25.30554183110245,0.6422152806656918
14,6,4067.242437594653,26.06540875164833,0.618730062443344
14,7,3415.7094169074585,26.945751477077803,0.49069265942639717
14,8,3383.352902172109,27.837583858030566,0.4799354733389407
14,9,3472.739803942755,26.249127888490023,0.48703368721678686
14,10,2938.8945576608066,28.53197238408687,0.4043080251962756
14,11,4066.8779901690555,26.147538005073084,0.618730062443344
14,12,3192.082219061645,30.799216198874795,0.3251201856287196
14,13,3139.6831580964085,28.315846311913972,0.3389188308005302
14,14,3006.377223329517,28.696401023131923,0.36135846980855746
14,15,2362.100924156502,36.997792749192755,0.39323484193553426
14,16,2701.14088513655,29.403790455194116,0.3364835538865343
14,17,1855.4661869835652,63.027648169292924,0.18837134378473408
14,18,2776.0953558269043,28.769737503040922,0.3728022550281196
14,19,2332.2991155763707,39.67299734038896,0.2713563401292518
14,20,2504.005570802989,34.18042402443736,0.38265239059816025
14,21,2750.062851217653,30.78535934553403,0.330536294480698
14,22,1806.7399995872092,51.765221869446755,0.2128717169922396
14,23,2746.0363565378666,30.99027493205305,0.3331552559535069
14,24,2937.356807332459,28.678821078710367,0.39093710694563555
14,25,2412.9712991898887,36.3452478864892,0.3450405464096278
14,26,1391.5487200888351,85.14632594742558,0.23731255716647226
14,27,2919.363740261949,32.77883891864847,0.3169399150521137
14,28,1770.6996907950295,62.28611153360246,0.1995037700938198
14,29,2907.0759344423936,31.19486392180123,0.3261891130682457
14,30,1782.883684976192,53.3259467571201,0.2644304901383556
14,31,2110.7104597928824,38.89150543253912,0.32231065626741895
14,32,2472.3665461492633,34.21278657594333,0.3823277778165135
14,33,1335.268735575772,101.81013783314576,0.24195903594854684
14,34,1712.9003649429487,56.64512884411322,0.28810725371620194
14,35,2206.373339967785,40.49922285957104,0.2682526767594453
14,36,1355.2959604045075,103.58475207764369,0.22586049183230728
14,37,2099.828379875986,75.5370489043889,0.1812468747280569
14,38,2535.3827797383797,32.979056872760744,0.3578848297298016
14,39,2636.3098519832092,38.137013971083405,0.27475002120667824
14,40,2303.738795027393,42.276995775055596,0.2591012867017568
14,41,1433.8593465165095,83.28539348495899,0.21639871675251499
14,42,2130.5499225937147,45.916422260262976,0.26477895038070187
14,43,2445.3885456741386,34.378567925100484,0.36989327725278187
14,44,1396.2634536011153,88.28533913818691,0.2291252975781788
14,45,1706.106335641796,57.26714778034935,0.2483106442370442
14,46,2847.9017613255496,29.19744818876215,0.34305654523208773
14,47,2251.0055749847693,41.51822689846419,0.2629522659991643
14,48,2682.12074953295,31.50600473452107,0.359666521420543
14,49,1731.6415570211284,55.62674222562962,0.26290212878270935
14,50,1598.072789889632,70.22993263419966,0.21143059773441664
14,51,1684.7832161111778,81.15445284566907,0.18715819982542214
14,52,1580.591186281159,64.67351949158353,0.2320153718332243
14,53,1984.56961851972,41.46421253402869,0.3094377436393607
14,54,3426.226243388679,27.512682075021125,0.4841427009800334
14,55,1648.260139384721,65.79077690652905,0.23107994298165835
14,56,2349.8473221616046,37.974481310563334,0.28454967717362223
14,57,2154.2377391429063,42.00557164693625,0.2947940924780923
14,58,4347.675842502623,25.37753289189899,0.6382630020494027
14,59,2573.8655228160183,33.476737038766046,0.32964358422509576
14,60,2960.402911420935,31.647316671120507,0.2914600900338762
14,61,3388.171689915904,27.763378539799238,0.4806939082624986
14,62,1881.9905048937344,51.42445520601573,0.29535461428393717
14,63,1414.4925386869218,89.21734558296018,0.21790963197791768
14,64,2193.209449062145,66.02320526095602,0.18230248158003803
14,65,1964.2208249233606,55.20497300134815,0.20205566883594983
14,66,1467.886558283521,91.90178671364669,0.19827704961882375
14,67,2053.32480041931,44.179592616688154,0.28323217579754356
14,68,1699.7358080503736,57.65921865838688,0.2892561711175432
14,69,1774.983280115504,74.20160840810931,0.1915760022048083
14,70,1360.004401322063,98.78466099868362,0.23072844197581333
14,71,1739.9587622831891,54.5916600333504,0.2694520872290731
14,72,2624.8524878473613,33.24124370475597,0.3493652455364611
14,73,1974.5189739298032,59.62011244380399,0.19609018250986665
14,74,1668.2031433206735,89.46388443674003,0.18430046311206638
14,75,1916.854247754911,48.588292379303674,0.2927823565819523
14,76,2614.253757859937,31.794452511452178,0.3503851943837226
14,77,2390.7483346622644,39.111672600109735,0.2726569722438512
14,78,2225.8789598636463,42.49437357309841,0.25867537460122847
14,79,1387.0137721506644,94.60369526072097,0.22767665663909753
14,80,2806.3732610954935,32.889878387308336,0.30241011806459284
14,81,1950.6837644744462,44.90221133830182,0.30607530580765285
14,82,1376.2066590764168,99.56742550852732,0.22280870649559148
14,83,1694.8254422848818,72.31715264518245,0.19408659607775647
14,84,2150.4287566558746,43.17787519530953,0.27699965306534224
14,85,1608.37186588042,96.35726557817193,0.17883735634585918
14,86,1830.2606357847558,86.06532040300596,0.1833437813807386
14,87,1973.4027651080398,44.572309078590095,0.3557394911349192
14,88,1432.433083568991,82.50297633485467,0.22646381002112292
14,89,1496.9573120879006,89.84689919675645,0.18869083989670798
14,90,1749.1986404460624,69.19782061562019,0.20773998631693402
14,91,2004.084913742954,49.64752211438238,0.2520811207854301
14,92,2193.318109792568,37.076895471216815,0.28711910308516053
14,93,1941.446791687237,46.65148817610205,0.308260287320433
14,94,1681.5261816367038,58.97552777716241,0.23255865956813437
14,95,2645.930096715346,34.598548376286416,0.294217015468778
14,96,2084.942187672419,51.00308300063303,0.23518582827257006
14,97,1512.9987368428508,72.08597620736805,0.2234662530958289
14,98,1934.2602622892925,46.92800296212206,0.3043961571810989
14,99,3151.529377896434,31.44735658980033,0.3182215747909254
14,100,1356.3562783588377,101.4037639269001,0.2276485831813133
14,101,2516.6358411585315,35.725547670137765,0.32322369199937384
14,102,1366.6293883883993,96.56481288892577,0.24195903594854684
14,103,1609.3992255778742,67.2730991753048,0.22103415185408792
14,104,1439.3761828680006,77.33262647809312,0.25562336209173964
14,105,1793.8869012187386,61.09268812919834,0.19715033281074312
14,106,2134.0159133254156,71.27845306555342,0.18230248158003803
14,107,1966.884925411769,44.833839214398026,0.29730023709199926
14,108,2835.212927737409,40.90330823561523,0.2680153351514356
14,109,2615.078290855738,35.861746066893694,0.2830321317097564
14,110,1391.951154345198,93.58220434378855,0.22792518518338767
14,111,2474.780461101277,49.26684798746101,0.2265899457244096
14,112,1376.8499654820034,92.7824276124215,0.2441374250772128
14,113,1447.8503153943075,76.30098050625556,0.260668296263038
14,114,1636.1230156085528,60.58632986734247,0.2719874078148905
14,115,2020.682160307964,40.76011423966299,0.3258606868053029
14,116,1784.514178726905,53.613932734695055,0.254400557656254
14,117,1567.8061362951373,78.40070085141876,0.2037747556103504
14,118,1514.5437817872416,73.96492377048178,0.21594483829241184
14,119,2694.8841059433958,35.26906208991879,0.2854749290155638
14,120,2530.2877968064113,46.93886413133017,0.2455247061486574
14,121,1483.3657658137492,80.28061358031485,0.20971399801721802
14,122,1718.2176894651373,79.6507947156399,0.1848532510315941
14,123,1622.9584587159777,61.600419681616124,0.27313632521623177
14,124,1617.0766652368993,69.81443328394292,0.20624135783666375
14,125,2137.9244982346067,43.63633223096964,0.26406754041955693
14,126,1647.3889284033357,91.1499404739586,0.18177809002840206
14,127,1406.5618424999413,95.58631881521092,0.2058109026294268
14,128,1534.789395725781,82.68606594292862,0.2011126383234796
14,129,1345.4893126693762,98.02775255664149,0.2441374250772128
14,130,1399.5682314120572,94.13846849103719,0.2091847284714028
14,131,1788.0247393916616,58.20300457054328,0.201163284098822
14,132,2960.3473352082347,32.27662563003373,0.2940712285157012
14,133,2039.5900764085611,46.14606316977274,0.2658612498409987
14,134,2430.8461757382347,50.14563152716639,0.233272929444162
14,135,2040.8086941967774,48.85695710216158,0.2606814873598715
14,136,1408.1068874443322,97.46526637832464,0.19828948782600975
14,137,1347.0343576137673,99.90670011975523,0.23661601027379575
14,138,1430.7427175543876,81.0212239193236,0.24033808040573135
14,139,1383.3213963072567,90.86691930281364,0.2565592235039844
14,140,2458.864646271941,34.357246513882735,0.3702178900344286
14,141,1639.7026992325227,67.74272562127435,0.20918209151920664
14,142,1369.7884643886848,100.33240985121397,0.23046682748841363
14,143,1685.2672597286387,58.59224181998523,0.24685826076504824
14,144,1952.2253755348625,47.53201575898026,0.2941671297138768
14,145,1408.1537365698157,90.49787470627935,0.21251311581019294
14,146,1806.0701244718925,60.93532407095962,0.1911895880918344
14,147,2351.301934561694,41.33790197883088,0.2578584812471121
14,148,2490.4345996729476,34.281151216144934,0.3510595683319053
14,149,2914.229216673819,31.168878915445212,0.32078238955693905
14,150,1481.5973051126348,75.9992535320803,0.22010460646284002
14,151,1630.7163937371997,61.80942824078106,0.2623960605569806
14,152,1493.1050006984262,77.00126333439378,0.21882764949335254
14,153,2778.453403512718,33.285535068416415,0.2879299970227258
14,154,1547.2803526851221,72.62018803554426,0.21305214660659288
14,155,1408.099850815465,87.52947156917872,0.23544659998680473
14,156,1590.4256868877576,66.75442504845114,0.2307384148637368
14,157,2829.0114603079596,32.03318254127945,0.3253176044543835
14,158,2693.3477140000973,32.62700746037554,0.34483712628257734
14,159,2277.717586681495,48.49847128954104,0.253496861331282
14,160,2391.2578743174627,48.268923635798636,0.24685275474888613
14,161,2144.0462451678723,47.85188239676437,0.26373049036849494
14,162,1630.5088512667462,68.74307920825679,0.20905960214376407
14,163,2039.0175685715465,42.61840207618164,0.3070696593870075
14,164,1499.8341799502755,73.1000660216417,0.22461517049717017
14,165,1895.6283964481138,50.28013876965057,0.2916009269128317
14,166,1616.4923015664076,68.3946409802364,0.20971032149355295
14,167,2427.383339392478,36.56339754200293,0.2798698722233972
14,168,1392.525908326713,95.62140106317676,0.22498709562425745
14,169,1494.650045642817,78.88021089750751,0.21130623468993548
14,170,1951.146431420558,50.876787803389945,0.2509958333988713
14,171,1641.8363141890798,60.61303126568586,0.23843351416036285
14,172,2005.1183641613925,43.09894697912361,0.296289670113989
14,173,1721.2229209150723,59.554260254942434,0.21640858015659603
14,174,1992.957697722284,44.38226767153654,0.2969821814381888
14,175,1547.9106993745736,86.78854878213714,0.187174810578977
14,176,1973.2423631643908,54.41004864394164,0.20402027117861365
14,177,1395.332145366348,92.6780942938057,0.2355602957643903
14,178,1413.9293200089946,87.20596253258904,0.22323458649128014
14,179,1494.6251986102875,74.95416551525331,0.2284533751838751
14,180,2441.3422160186456,34.78975034663604,0.33593060267114794
14,181,1434.9474447667699,85.2092348024897,0.2117606250011974
14,182,2522.1713707378954,34.48493738351183,0.328217753000807
14,183,1896.8922244716382,51.078305169528214,0.22880636261816534
14,184,1981.303069931251,42.83523404922237,0.3065176771880509
14,185,1473.9645072896858,80.00190969827635,0.2147013586837403
14,186,1617.8547096716638,69.20322367773704,0.20841974696532972
14,187,1544.359389655478,66.84065126314806,0.2234662530958289
14,188,1586.453277941448,73.1165010024493,0.20505810033234084
15,1,1364.1225924468708,109.53105510891771,0.326319824803992
15,2,2906.8823854546617,80.91092130796017,0.280277426572642
15,3,3572.689566943833,28.142879032219266,0.7641638723888562
15,4,4024.958139862926,32.941774238026646,0.603827553171719
15,5,1427.3080516250145,113.14900949885077,0.2969039540232643
15,6,3743.7850435822115,27.722915747220906,0.7562227875052656
15,7,2444.2969330316105,40.277758673948135,0.47099379521656104
15,8,2427.5204705619217,41.56104808310655,0.5120317807865575
15,9,2649.3920363765383,75.8676009189927,0.28958225863499365
15,10,3648.685797783961,31.61938370538604,0.6782724788902534
15,11,2911.6969725615613,38.271184063611116,0.5134343487230382
15,12,2807.8958550815,37.34460038423077,0.5444112084435702
15,13,3685.213581090926,28.627881076603245,0.6640378988590996
15,14,3388.9939679660056,31.296041881768264,0.7177807629976662
15,15,3862.0056755189544,30.7545414260981,0.6414935559417962
15,16,3069.638427094637,37.06626984767293,0.5697392553251248
15,17,3669.0962174473384,28.991593425966276,0.6527598568079434
15,18,3635.247735204706,35.183719585226406,0.5446866687799243
15,19,3493.365539914408,30.105719939496648,0.7485002582842668
15,20,2588.7842330299018,41.93347373701016,0.39882822193042955
15,21,2461.5101207180805,44.87608795933073,0.3946556153128391
15,22,3893.1466966209828,34.325577141538105,0.525280285748547
15,23,3772.9939187900122,31.429703194430196,0.6307950350940601
15,24,3480.5917020263646,30.75116892237523,0.6988635936113248
15,25,2458.806705363417,38.4332814715639,0.4668863021302272
15,26,2543.614817407785,40.529174555794576,0.42869250657362556
15,27,2531.3476421413434,39.536195354818595,0.44772116608663737
15,28,3461.8236700172874,31.09698848663847,0.7337432806763324
15,29,2330.6737800310266,84.07770161954568,0.28358173036745526
15,30,3460.6868527469123,35.34615234356348,0.5682204779834628
15,31,3147.206235711634,34.05780145988317,0.5929640061970858
15,32,3556.950514414077,33.33978806764276,0.5619739245046453
15,33,1914.3712423831855,54.2634073312301,0.41053026746185495
15,34,3102.5294861621533,34.14771103352642,0.5773406613737571
15,35,2869.6160316264886,75.34591448191067,0.29042751268880806
15,36,3372.907584079307,31.66410150522257,0.6306196743679386
15,37,2105.302647520539,47.53465754413759,0.43586668268557816
15,38,2225.300069209812,51.91953632495998,0.36470694993934316
15,39,3493.452516107562,34.40934808978176,0.558138597495276
15,40,1996.4462135787544,50.28590396723279,0.3872509509754636
15,41,3967.870876656162,31.88947563234895,0.6182710011670878
15,42,2101.339973973915,48.56479232138046,0.42397690107316066
15,43,3224.8921814272153,37.68383792442454,0.5197996356166072
15,44,2501.761585759809,44.44554411201536,0.382307488270893
15,45,1423.9832978503764,101.14628929265277,0.3252911306147901
15,46,2383.1003127069644,77.45163807396979,0.2937805741162478
15,47,3493.54210918478,28.872165479197612,0.7389869304980294
15,48,1935.5487883930466,52.95372261990093,0.4558285095867234
15,49,3978.060797732241,28.50287322692245,0.7130642147103572
15,50,1517.6997887796242,85.53327271660008,0.36866120371567845
15,51,1689.519463502014,102.51806758343082,0.292826386824224
15,52,1452.2443545242152,92.89614595792126,0.3742015857439469
15,53,2138.6513822296597,46.51710963387427,0.38278223926681676
15,54,1960.3367320312452,64.29667501775974,0.3452055339667339
15,55,1752.1880549268062,69.3819091485789,0.33540801277998966
15,56,3754.7979788701286,36.30019274993692,0.5286584888048793
15,57,1739.7295830437981,73.22471615890099,0.31004324929762817
15,58,3162.743988403711,33.46245294545969,0.6194744747810326
15,59,1639.3744036172359,71.01672148470789,0.3563149964493171
15,60,2069.6415232381983,49.830428142902306,0.4443501453815877
15,61,3313.4092198450685,34.472617043752095,0.5750363786630182
15,62,2034.9702700250998,97.20030979031162,0.28742636567904256
15,63,1820.7530376837676,72.35104341899843,0.31568487941252954
15,64,1364.5808018583566,111.59450886000715,0.3197759450802522
15,65,1673.8967494058818,88.54507230413408,0.30719550077490965
15,66,2629.829403383694,39.5367197722416,0.41339308611334147
15,67,2159.684576642666,58.92385650753947,0.3331774004959911
15,68,3878.727466421476,32.14859297092232,0.6132638103576085
15,69,2587.005406659757,80.43945800091294,0.28958225863499365
15,70,1513.4298947861669,107.65379744990413,0.304861130530675
15,71,1501.9392411803535,89.53730064054572,0.3336751354673311
15,72,2196.3026883929047,86.64256465849891,0.28613852517519334
15,73,1377.068610603385,109.51236662795145,0.3378813746865603
15,74,1581.595782710229,82.38894399319958,0.33037896675858036
15,75,1862.3409133249272,57.83429223812391,0.3818606809846976
15,76,1601.1308224595127,74.00632944401981,0.35701528138935856
15,77,3999.71816254187,31.302593868798855,0.6182710011670878
15,78,1532.1840982388103,83.52456627131369,0.3291661962820669
15,79,3079.6228901861286,36.341627349054136,0.6103078181680104
15,80,1896.3538202104728,65.39871549312377,0.34726892818077104
15,81,3264.6478414137728,31.990143500444336,0.6258820224010648
15,82,1570.0994111697253,78.55358823985057,0.37880856677004715
15,83,2286.2201984260837,64.5609633836411,0.30156128823188055
15,84,3176.3892589956263,35.370850996891484,0.5373294560556445
15,85,2101.591811820227,48.28731447898494,0.4199334378256445
15,86,3092.550107243882,77.96355721389351,0.2849321231626014
15,87,2024.0684470597832,50.139101098456855,0.439944492505532
15,88,2091.147530767734,95.33771745545444,0.29586782721414906
15,89,1766.4867971193833,60.55038209434438,0.36328427584411216
15,90,3673.7008126959013,28.589485035399637,0.7412564533089245
15,91,2184.9511042528115,43.954328828532226,0.4432915155679531
15,92,2124.0439712296384,53.45342643514408,0.3761605508617194
15,93,3132.3552352936313,77.25732054369162,0.2837430274210462
15,94,3984.0246520071705,31.82145940159155,0.6239526207724033
15,95,1525.5315120043886,95.7975205001306,0.31213533142730654
15,96,1491.2773233907708,94.49410400804959,0.32240310948986917
15,97,2064.8458394428,66.34540074749052,0.33859647921322633
15,98,1563.7916139065587,84.32080085658971,0.31956385342590465
15,99,3104.974080159091,42.68179820950446,0.3799518074020689
15,100,3262.8098905799607,32.225427707725714,0.6258820224010648
15,101,1487.3077105472541,108.22937690099162,0.2969039540232643
15,102,1787.4845275860662,67.27859125215605,0.3244409036312703
15,103,2306.988312200518,64.47331365645212,0.30667426359423544
15,104,1501.4810317688678,87.47384688945627,0.3402190151910709
15,105,1426.8498422135287,111.08555574776133,0.3034478337470041
15,106,2272.6824780783118,48.11468199601577,0.35978724870138734
15,107,1874.2567662558745,71.44968211206967,0.32432462062375933
15,108,1643.8756528178221,76.99072330559243,0.32847850229509135
15,109,1590.182563620432,81.14714873990197,0.31499061106897486
15,110,2022.5253409074844,47.02643481517335,0.44627348895932073
15,111,2854.0306296510144,59.216428980850054,0.32954671276421266
15,112,2084.579738904134,51.38137561187786,0.38289270232144546
15,113,1845.1446365594022,110.12195513258442,0.2878666581850453
15,114,1483.783829995302,90.6047939155878,0.3235822920735316
15,115,1711.4858348784678,65.5182327146011,0.37247767389538566
15,116,2410.044205800682,41.89905109918625,0.4105844652897481
15,117,1632.5257004543084,96.38288845200127,0.31165089012293024
15,118,1792.298710040832,58.00389313040117,0.3950620605742934
15,119,1467.63355457602,93.72487257081151,0.3235822920735316
15,120,1427.8310317779437,100.00929239969355,0.3333608367253653
15,121,2846.114572799355,43.31711092866918,0.33799454871730106
15,122,3463.8366793623222,35.235635406570296,0.5619739245046453
15,123,2260.1590234850305,79.45972801969343,0.2918433008269403
15,124,2275.602911578309,61.435833580278434,0.31992585517550154
15,125,2241.5394271033497,55.22646218227139,0.34136939095570895
15,126,2208.32795672,65.66131309969205,0.300280257914757
15,127,2236.6806723483264,62.101817359134266,0.3202607799643147
15,128,3670.9520544722186,32.990772036488345,0.6086663760326516
15,129,2390.56514455298,42.60311948285621,0.394982965109282
15,130,1472.5385663554123,91.62700998104303,0.3295724945582208
15,131,1700.7890952599885,65.7469794943956,0.35032844999650337
15,132,2142.9103312130983,62.591005309357016,0.3331774004959911
15,133,1390.5135421607438,106.35740299222996,0.3217465824470622
15,134,1629.9802310447676,79.84614323419329,0.33392126581220793
15,135,1779.8658473468874,56.829824070892,0.3955284067303104
15,136,1875.483173408859,60.67511286923934,0.34952489811980314
15,137,1582.913160940214,74.06568796658301,0.3355751482654661
15,138,2840.2035591499734,37.24154596037899,0.5283039893602179
15,139,1450.3742475642493,97.972637175965,0.3207178882578603
15,140,3250.5493946222214,32.225368617938514,0.6343994516549145
15,141,2085.9916286694915,50.513731004190355,0.3807309260796927
15,142,3099.8049076674506,35.871998907921366,0.5380252603980367
15,143,3754.2039457274714,28.449103232923594,0.7366232202366199
15,144,1691.3167309737612,63.43074862802686,0.37389100549809484
15,145,1553.9487432685999,81.69075298652014,0.37880856677004715
15,146,2127.3164429251287,94.0915928548802,0.29482656670876395
15,147,1805.5725857074735,59.962317396231036,0.35495817376851946
15,148,1459.160437118335,107.93959954461717,0.30855176920204386
15,149,1441.700814273633,98.96197843858873,0.3216116547067216
15,150,2446.9932455500007,47.075963386204705,0.36980350440792265
15,151,1406.6638175800258,103.23732433700626,0.3217465824470622
15,152,2123.913099588973,55.69639634676869,0.34784275096575357
15,153,1675.7130045224906,68.51159654225282,0.3561105462384333
15,154,2822.0335000612113,47.44102296150267,0.33799454871730106
15,155,1901.9729875430544,55.95911773511066,0.34937598724308216
15,156,1922.3534267044859,53.109792656067825,0.38513014891816155
15,157,1557.9917916574582,79.3146769976391,0.38412724187334746
15,158,1541.7426240226548,90.50393664471483,0.3276849329826419
15,159,2168.327462029411,43.972265032965154,0.4432915155679531
15,160,1828.6453921236675,64.10415447024505,0.34846490073821457
15,161,2427.9433853893065,62.465592835823834,0.3177213209777676
15,162,2001.860599577061,68.36199337886802,0.2985244096620292
15,163,1819.378236072633,104.04922561914569,0.29062347442460634
15,164,1586.5009139042816,105.12091189202796,0.2972846249057959
15,165,1782.3663992073166,68.32343717131704,0.3445767083208544
15,166,1441.2426048621471,96.89852468749929,0.3281555344304614
15,167,1539.134072730107,97.84184719301831,0.3055914517035667
15,168,2194.8838742389557,66.74946854958488,0.3027245053139431
15,169,3866.5695388124304,27.980629679623018,0.7398774421335332
15,170,1569.0784285333891,98.91175242989799,0.29779813731498095
15,171,1542.6874788195162,103.1096757242132,0.30237137967191074
15,172,2065.0183062681767,54.74346866769537,0.3576094876231757
15,173,1815.8773674026984,55.00274360736238,0.41180218624568
15,174,1416.256467110669,100.17406693035143,0.3350781796760032
15,175,1566.567269668352,87.07974491981537,0.3181635096968982
15,176,1649.1608933264772,69.26753433320752,0.3525073587085572
15,177,3476.30184010517,34.642393343878105,0.5619739245046453
15,178,1398.1238978020592,104.29442538295925,0.3438715771712495
15,179,1725.888287829514,60.64686463643591,0.38450896806338974
15,180,2102.0047351413345,48.27469552708307,0.4265904572957169
15,181,1784.8051307863468,56.44773060337725,0.3955284067303104
15,182,1671.3901647286502,66.44033251692679,0.38639700723820525
15,183,2278.610451216605,54.338857837153824,0.35560286479491765
16,1,1362.4566150794267,92.92127316572048,0.26561013112317333
16,2,3235.8208527921115,27.597035359894843,0.5684984907901676
16,3,1394.7922239211564,95.67383308795621,0.2348142499919046
16,4,1947.1052948958788,67.81871257018872,0.22815654383958694
16,5,2651.467241302333,36.70956654502095,0.5262581311261751
16,6,3171.179172049021,28.62149174232135,0.39770663757848546
16,7,3016.510777969736,30.18840019143055,0.41944829163432296
16,8,2717.8939969247976,36.39455674509934,0.4430930189372351
16,9,3138.4008815126967,29.769884824901578,0.4337442863822236
16,10,2556.74295357958,39.38068678258189,0.4583566654000091
16,11,2963.452883929664,32.721149115122685,0.49513863171848804
16,12,2797.435063822401,34.61512436403649,0.5156459701902332
16,13,1742.8388840145094,59.757546478332955,0.28833630120526443
16,14,1959.1004549413183,67.07371508777473,0.2288110281911191
16,15,2595.527722792468,37.04973016128815,0.48547589389767687
16,16,2394.434837368982,46.849875358671866,0.30928445388842896
16,17,2859.608077629503,33.09233765553045,0.5210147121711035
16,18,1979.0947036415018,54.944122726956415,0.30310208623984813
16,19,2432.052599419707,48.476582222350544,0.28697830228002097
16,20,3093.799118306807,32.5532635405071,0.3653857837437311
16,21,2359.8305777272544,43.8553969315774,0.45865073575958526
16,22,2296.2380199707527,58.42114233709696,0.25155222795635446
16,23,3124.2328395375926,31.010741141197933,0.3943519774227493
16,24,2078.9922801628777,52.13529513392664,0.26791113278567913
16,25,3079.495371911881,29.253517300139325,0.46838103756743443
16,26,2050.7774234148137,48.50414183371783,0.29973003438392887
16,27,1879.6608873766888,55.266161062177645,0.29366772112152795
16,28,2637.224560050019,39.26687733756508,0.4416653134608186
16,29,1737.075244498836,57.73404471839855,0.3062268532881536
16,30,2324.8397181711716,50.02226505326658,0.27800105333729697
16,31,2708.2755928183806,37.618932042847014,0.3871845140482346
16,32,2919.2550986520346,32.735370346688214,0.465841414513557
16,33,2822.0558267376928,35.163569201656486,0.37682665910490165
16,34,2904.7684731386003,33.2185636394537,0.4991472168533466
16,35,3028.6219646116906,30.07520940861982,0.43468953146154554
16,36,2777.0817022175775,36.054811624348375,0.36984265770391467
16,37,2831.245020283641,37.88101352736033,0.3151764699056496
16,38,1378.1600153526072,92.22733572448178,0.2531251109834667
16,39,2575.117502861358,39.2461975994135,0.5098808098778225
16,40,2349.6964852114875,55.69131024369578,0.25393422089622497
16,41,1589.0711016508737,75.79529122674538,0.23840920389676334
16,42,2243.7496210001605,44.184374064956714,0.31290863019914106
16,43,2586.348832829698,37.66718276117315,0.4747752960241787
16,44,1544.3935650340513,72.17708620982441,0.2773178163174048
16,45,2732.8373978573595,39.85301540014668,0.34221092415990206
16,46,2019.293420980445,49.10235550030152,0.3380260292098338
16,47,1828.9753375872438,69.67923234571352,0.23101530231320844
16,48,1787.9513029991047,56.81141126606222,0.30751122500906014
16,49,2954.3207911977793,33.854686958297506,0.37953966249379256
16,50,1991.9988492133596,53.61219023464835,0.3146339689695754
16,51,2814.058740394034,40.81736250840902,0.3250564289905409
16,52,2991.465545686089,34.122876303812326,0.37186264564767946
16,53,3001.8220521944127,32.85844044502633,0.36966377600465883
16,54,2110.602826859855,47.32205180630711,0.32674051319287223
16,55,1388.041035650002,89.11093459016689,0.2810014706491213
16,56,1382.9605856185494,91.29958079700266,0.2621399647571696
16,57,1455.85773747105,80.36153288621647,0.2519215909007304
16,58,2952.9726774559736,34.364802268770035,0.3815008952108112
16,59,1666.796986205133,62.87359007122839,0.2850341864977519
16,60,2980.057815267317,29.788947478897516,0.48106790295084956
16,61,3076.14108533081,27.818579096996924,0.4714326868403784
16,62,2862.428641575578,30.481023358101435,0.5249892615016609
16,63,2029.3748919290285,47.8636677180205,0.31871837695075733
16,64,2072.714255437324,53.224401391035386,0.2635901982159883
16,65,1914.7230910874737,68.15802559958041,0.23101530231320844
16,66,2664.614176954032,39.372953799109744,0.3618268029848668
16,67,1992.9228765246721,50.87329394733599,0.32042255321785795
16,68,2140.2543424352516,48.13743062940292,0.31118699505231184
16,69,1608.0176592058397,64.4172136299307,0.28014802209863454
16,70,1455.3088044127012,78.9635037682672,0.26268636765661846
16,71,1477.1886878519986,77.32772246882256,0.2790414881678718
16,72,1572.844615285421,76.54752636421482,0.2371560426518169
16,73,2467.8448279285517,60.318393786465656,0.24244150795533947
16,74,1504.20667828758,74.77995655557802,0.2739218094520428
16,75,1403.7226196821948,93.17088818738732,0.2412260216069786
16,76,1851.027054739613,66.35675784447474,0.24595909244447078
16,77,2874.442212971582,35.29577015903264,0.3714087097416279
16,78,1716.6331420299523,65.71735491734073,0.26108669101609827
16,79,2494.501544831625,39.67195965631912,0.36371932764927983
16,80,1433.1800747498946,83.82295553404546,0.284429509412357
16,81,1582.2657667831143,71.3027656829755,0.28336493117867967
16,82,1801.433455715592,58.163655074310796,0.3017841359865816
16,83,2373.895577389115,51.756219048080446,0.2605774379831356
16,84,2168.246032019768,61.21339666135519,0.25001796472657567
16,85,1678.431362839492,65.33417442628158,0.2724789741445459
16,86,3141.6624990863115,30.884358986299237,0.3934008645456064
16,87,2215.9381388128813,44.03343293677766,0.33686969519302146
16,88,2308.3721245799247,49.76251595786228,0.28522815177223215
16,89,1410.5983821425546,88.39545445410151,0.24872766613797204
16,90,2210.5605905257885,44.222038808407405,0.32870278249052554
16,91,2976.040767557815,32.546964664354384,0.3851085155159826
16,92,2610.508316407628,41.24623054256032,0.34492071275952263
16,93,2721.5727750101937,40.36442278133851,0.3462548007862818
16,94,1911.7330692366404,58.6597292466197,0.2748746227217769
16,95,1877.1052257902343,60.73092517189966,0.2654144421330553
16,96,1941.3916516025233,56.03942066781228,0.2763351110574117
16,97,2104.7138553783852,51.31756367496473,0.27800105333729697
16,98,1437.2557144896682,85.26623656032469,0.24872766613797204
16,99,1653.395875327266,70.54254211978441,0.2463228578627099
16,100,1634.0787748868602,62.32014621400492,0.29720172816145585
16,101,2188.2315567403834,46.18236861619404,0.3181494051774916
16,102,2373.624215791834,42.92302082978098,0.33923015962366243
16,103,2599.7168424925057,44.25313356213545,0.30464951239128446
16,104,1645.250576176902,69.10899075776783,0.26891520513894385
16,105,1762.4519330782366,68.86419404780251,0.23672468215706566
16,106,1445.5377721108955,85.9705450628502,0.24546904735249875
16,107,3065.859381249118,27.92981762805093,0.47785574440755063
16,108,1414.3380791562483,90.74304317617451,0.23426784709245574
16,109,2747.006054049974,38.67996758626595,0.35605298300175114
16,110,2487.0179129815697,60.048637892415734,0.24212342915146756
16,111,1834.8030352431585,53.475469464021074,0.323892799355038
16,112,1407.5956541793194,87.63329410959905,0.26903816988640905
16,113,1545.1546145380887,73.78557985877652,0.26920623986722525
16,114,1770.0556242827743,63.54243714625809,0.25931197051220245
16,115,1781.0610797761274,68.7037613162256,0.2566545841003123
16,116,2172.3053412018276,46.63148484151013,0.34071765371790086
16,117,3022.9565315595755,28.67731080907632,0.5059252170093824
16,118,2939.7504813640344,34.92508557092709,0.3594380146889886
16,119,2570.581539682852,42.488220892237386,0.3345021154018841
16,120,1462.5428780016432,81.17566831318246,0.24500785609088815
16,121,1502.5197575987931,81.6762199782313,0.23968200222884128
16,122,1932.9939689165572,66.06993740131402,0.23402806254606112
16,123,1985.8513731713797,49.31612422720913,0.3226150081382162
16,124,2535.7655542445123,42.90116379227257,0.3401080388571014
16,125,2616.122002497093,42.34896533883619,0.33239488500774605
16,126,2189.567594357108,45.804371383812125,0.3192662192010456
16,127,1595.2259709651948,70.94828911126326,0.24712178808773366
16,128,2940.3052862287627,36.739851015620054,0.34997860915760093
16,129,1679.7189491511579,61.832533384201355,0.3020878925605732
16,130,2966.082681103181,30.369405973456082,0.5069167275976074
16,131,1591.3109806384214,69.9347835272828,0.2578865648436217
16,132,2151.3010829257523,46.89732326406284,0.36973806170658996
16,133,1534.007503311895,73.83785619122433,0.2713695600903119
16,134,2183.6181932783857,51.20913799963558,0.28106551699553073
16,135,2983.6868370124453,31.782044594103457,0.39276728546431094
16,136,1794.3619523622997,56.60648535418394,0.30397659090693985
16,137,1896.4747181706803,61.07825719252389,0.25885097531273793
16,138,2543.995781570195,41.69333510631668,0.35386742518910985
16,139,2625.5712429596197,41.14454946542225,0.33615630215787284
16,140,1522.4349350650355,72.12648163057763,0.3001162796978125
16,141,2360.0650838971665,42.57759261624728,0.39103228627827313
16,142,2557.22380641902,40.221129854613295,0.35685593434172524
16,143,1766.68956701435,63.926960680226905,0.25931197051220245
16,144,2613.1841766464836,36.893843973905376,0.48547589389767687
16,145,2511.0662776316626,42.09531755247319,0.3536851356791484
16,146,2745.6581868522508,39.18731101961242,0.3580142157187698
16,147,2197.4655137604823,45.278174807171354,0.3383448905487878
16,148,1574.7664981431371,71.70115010919866,0.2783438521898969
16,149,1512.629129260465,84.27234729168774,0.23426784709245574
16,150,1487.5940757549224,84.74538486293427,0.23426784709245574
16,151,1367.4617858318431,94.73494331849274,0.2628385503087376
16,152,1892.2409347354373,57.974237512380725,0.28710752349697977
16,153,2931.3486960862188,32.34380751217785,0.5170320742377807
16,154,1566.926962870508,74.35735396388077,0.2507441371058565
16,155,1439.6693451078775,82.39819067779978,0.26903816988640905
16,156,2651.5738493319222,38.89746789450295,0.37044329049019886
16,157,1386.8664696641063,95.64309320253983,0.24671121425647335
16,158,2129.393858252036,49.55330311394613,0.29560452932927284
16,159,2361.8318735351886,42.055144038396726,0.36237318018619824
16,160,3027.7558318798697,31.744755397239622,0.3975331464746734
16,161,1997.738941716185,52.779295351896664,0.3128436261599372
16,162,1673.4966985372032,83.19927955093726,0.2330364197331054
16,163,2541.143102531605,42.71255792064282,0.3482749515595973
16,164,3042.1587684865663,31.400358591788468,0.39339243588919537
16,165,1398.839279369542,94.17840569766459,0.23496643264402373
16,166,1497.3166190838986,78.00325859399356,0.2511219292647322
16,167,2689.7913235932656,41.06768478620788,0.3324055995612998
16,168,1498.3385253570702,82.13750609471244,0.2389834166772733
16,169,2456.490447527829,47.40313094703655,0.27017875064472996
16,170,1530.199718341935,77.55947331171583,0.25501443957905856
16,171,1412.4260337471396,86.62034727115363,0.25635291963351214
16,172,1460.337721851664,87.00255234183851,0.2320635729703664
16,173,1698.6525753776145,78.62644338833418,0.2320635729703664
16,174,1702.0186326460391,78.24191985436536,0.2320635729703664
16,175,2759.826843044865,38.014263205731694,0.37185627456061887
16,176,1367.791940664652,94.69153018733253,0.2531251109834667
16,177,2764.260913222686,36.72051600488263,0.35403936614504694
16,178,1683.411544052765,65.95995290599997,0.26472709517717696
16,179,1395.0792390663337,89.08419885187047,0.2548453543672853
16,180,2695.555741431773,36.61876809839838,0.4658885026638533
16,181,2131.0843998341584,49.546625227930264,0.29560452932927284
16,182,2460.983446363546,42.09653541065027,0.3491850830363905
16,183,1856.6238573359833,65.59623907110763,0.24392107210713654
16,184,1439.0833660942535,83.49112937737678,0.25635291963351214
16,185,1527.2215718987695,80.58163075300622,0.23761395450733325
