<?xml version="1.0" encoding="UTF-8"?>
<kml xmlns="http://www.opengis.net/kml/2.2">
<Document>


<LookAt>

<longitude>101.63727572165392</longitude>

<latitude>2.702500609512707</latitude>

<range>500</range>

<tilt>45</tilt>

</LookAt>



<Style id="cluster0">

<LineStyle>

<color>ff0000ff</color>

<width>4</width>

</LineStyle>

</Style>



<Style id="cluster1">

<LineStyle>

<color>ff00ff00</color>

<width>4</width>

</LineStyle>

</Style>



<Style id="cluster2">

<LineStyle>

<color>ffff0000</color>

<width>4</width>

</LineStyle>

</Style>



<Style id="cluster3">

<LineStyle>

<color>ff00ffff</color>

<width>4</width>

</LineStyle>

</Style>



<Style id="cluster4">

<LineStyle>

<color>ffffff00</color>

<width>4</width>

</LineStyle>

</Style>



<Style id="cluster5">

<LineStyle>

<color>ff9900ff</color>

<width>4</width>

</LineStyle>

</Style>



<Style id="cluster6">

<LineStyle>

<color>ffff00ff</color>

<width>4</width>

</LineStyle>

</Style>



<Style id="cluster7">

<LineStyle>

<color>ff0099ff</color>

<width>4</width>

</LineStyle>

</Style>



<Style id="cluster8">

<LineStyle>

<color>ff800000</color>

<width>4</width>

</LineStyle>

</Style>



<Style id="cluster9">

<LineStyle>

<color>ff008080</color>

<width>4</width>

</LineStyle>

</Style>



<Style id="cluster10">

<LineStyle>

<color>ff808000</color>

<width>4</width>

</LineStyle>

</Style>



<Style id="cluster11">

<LineStyle>

<color>ff800080</color>

<width>4</width>

</LineStyle>

</Style>



<Style id="cluster12">

<LineStyle>

<color>ff0080ff</color>

<width>4</width>

</LineStyle>

</Style>



<Style id="cluster13">

<LineStyle>

<color>ffff8000</color>

<width>4</width>

</LineStyle>

</Style>



<Style id="cluster14">

<LineStyle>

<color>ff808080</color>

<width>4</width>

</LineStyle>

</Style>



<Style id="cluster15">

<LineStyle>

<color>ff00ff99</color>

<width>4</width>

</LineStyle>

</Style>



<Style id="roadStyle">

<LineStyle>

<color>ff00aaff</color>

<width>5</width>

</LineStyle>

</Style>


<Style id="accessStyle">

<LineStyle>

<color>ffaaaaaa</color>

<width>2</width>

</LineStyle>

</Style>


<Style id="startStyle">

<IconStyle>

<color>ff00ffff</color>

<scale>1.2</scale>

</IconStyle>

</Style>


<Style id="endStyle">

<IconStyle>

<color>ff0000ff</color>

<scale>1.2</scale>

</IconStyle>

</Style>



<Folder>

<name>Plantation Boundary</name>

<Placemark>

<name>Tree Boundary</name>

<LineString>

<altitudeMode>clampToGround</altitudeMode>

<coordinates>

101.6335013787885,2.7025582486319735,0 101.63350149689566,2.701438525491111,0 101.6335024503575,2.7008777577705154,0 101.63366438247745,2.7008769992229205,0 101.63431102205948,2.7008747226004557,0 101.63593119858443,2.7008752976487784,0 101.64046328928205,2.700879144016927,0 101.64127178020911,2.7008804977230114,0 101.64135261744272,2.701013843818628,0 101.64135365233416,2.70130005669122,0 101.64135455241947,2.7021432990503715,0 101.64135399164697,2.7038201850903874,0 101.64135367292766,2.704096861574845,0 101.6338258552993,2.7042405896768593,0 101.63366479829423,2.7042400288195796,0 101.63350311137822,2.704239032258646,0 101.6335013787885,2.7025582486319735,0 

</coordinates>

</LineString>

</Placemark>

</Folder>



<Folder>

<name>Generated Road</name>

<Placemark>

<styleUrl>#roadStyle</styleUrl>

<name>5m Offset Road</name>

<LineString>

<altitudeMode>clampToGround</altitudeMode>

<coordinates>

101.63345636269977,2.7025582694133963,0 101.63345648081342,2.701438484937302,0 101.63345751030411,2.700833001710955,0 101.63366419759397,2.70083203351424,0 101.63431095072521,2.7008297564920025,0 101.6359312257058,2.70083033157527,0 101.64046334613425,2.700834177968651,0 101.64129717280571,2.7008355740959304,0 101.64139758816113,2.7010012155335104,0 101.64139866833375,2.7012999515155287,0 101.64139956851376,2.702143282588683,0 101.64139900772459,2.7038202184713604,0 101.64139863822427,2.7041409773492955,0 101.63382620702043,2.704285557255225,0 101.63366458094575,2.7042849944162444,0 101.6334581413353,2.7042837220210743,0 101.63345636269977,2.7025582694133963,0 

</coordinates>

</LineString>

</Placemark>

</Folder>



<Folder>

<name>Shared Road Bases</name>



<Placemark>

<name>B0</name>

<Point>

<coordinates>

101.63345656347411,2.701389868994103,0

</coordinates>

</Point>

</Placemark>



<Placemark>

<name>B1</name>

<Point>

<coordinates>

101.63467640398,2.7008298862021163,0

</coordinates>

</Point>

</Placemark>



<Placemark>

<name>B2</name>

<Point>

<coordinates>

101.63554243681139,2.700830193582651,0

</coordinates>

</Point>

</Placemark>



<Placemark>

<name>B3</name>

<Point>

<coordinates>

101.63623145974253,2.700830586382756,0

</coordinates>

</Point>

</Placemark>



<Placemark>

<name>B4</name>

<Point>

<coordinates>

101.63708857186543,2.7008313138105566,0

</coordinates>

</Point>

</Placemark>



<Placemark>

<name>B5</name>

<Point>

<coordinates>

101.63796556645696,2.700832058112533,0

</coordinates>

</Point>

</Placemark>



<Placemark>

<name>B6</name>

<Point>

<coordinates>

101.63860589625783,2.700832601558001,0

</coordinates>

</Point>

</Placemark>



<Placemark>

<name>B7</name>

<Point>

<coordinates>

101.64034015516424,2.700834073416943,0

</coordinates>

</Point>

</Placemark>



<Placemark>

<name>B8</name>

<Point>

<coordinates>

101.64139940269409,2.7019879349048366,0

</coordinates>

</Point>

</Placemark>



<Placemark>

<name>B9</name>

<Point>

<coordinates>

101.64139905400029,2.70368183956107,0

</coordinates>

</Point>

</Placemark>



<Placemark>

<name>B10</name>

<Point>

<coordinates>

101.64008212591146,2.7041661134279495,0

</coordinates>

</Point>

</Placemark>



<Placemark>

<name>B11</name>

<Point>

<coordinates>

101.63872748185334,2.704191977553383,0

</coordinates>

</Point>

</Placemark>



<Placemark>

<name>B12</name>

<Point>

<coordinates>

101.63681163828834,2.7042285566222377,0

</coordinates>

</Point>

</Placemark>



<Placemark>

<name>B13</name>

<Point>

<coordinates>

101.63485796097427,2.70426585804825,0

</coordinates>

</Point>

</Placemark>



<Placemark>

<name>B14</name>

<Point>

<coordinates>

101.63345758122902,2.7037403634617507,0

</coordinates>

</Point>

</Placemark>

</Folder>


<Folder>

<name>2D Coverage Routes</name>



<Placemark>

<styleUrl>#cluster0</styleUrl>

<name>

Cluster 1 Coverage

</name>


<LineString>

<altitudeMode>clampToGround</altitudeMode>

<coordinates>

101.63358284930534,2.7021395846754035,0 101.63374597429014,2.702138347331714,0 101.6339892405294,2.7019983342403826,0 101.63431099899643,2.7028419768064227,0 101.63406899197828,2.7026979914675957,0 101.63414924174165,2.7028409122177774,0 101.63398843668733,2.7025572771072084,0 101.63390628003368,2.702978044244973,0 101.63406891181597,2.702978758482798,0 101.63374586340063,2.7029788031444584,0 101.6335837313827,2.7029779454878997,0 101.6335013787885,2.7025582486319735,0 101.63366506370312,2.7022786206635834,0 101.63422977712617,2.702697680334352,0 101.6341504245863,2.702558138881095,0 101.63414903421135,2.701997493069771,0 101.63439312014407,2.702419897017711,0 101.63439350875481,2.702138458574811,0 101.6343107932747,2.701997673402682,0 101.63447464787986,2.7019968836364914,0 101.63447320615953,2.7022819703833285,0 101.63447333098689,2.702841709603351,0 101.63423011449026,2.7029785671016073,0 101.63382542569539,2.7028409707055947,0 101.63374600108,2.70269765301041,0 101.63398892822269,2.702840505869822,0 101.63382531996272,2.702279433936605,0 101.63390673233359,2.7024201146942946,0 101.63415118872192,2.7022814519952125,0 101.6339872551068,2.7022807662876893,0 101.63447345726158,2.702558160076163,0 101.63455494299052,2.702138844564389,0 101.63479651922002,2.7022815719363202,0 101.63455537959285,2.7024189470314783,0 101.63471756893613,2.7024177383066452,0 101.63463608664802,2.7022825534127644,0 101.63487951543212,2.7026981913435004,0 101.63487728216998,2.702419064520265,0 101.63471765032614,2.7026987062770087,0 101.63463633005719,2.702559262838411,0 101.63479725202104,2.702559781697521,0 101.63479718538083,2.7028429353459216,0 101.63495905330618,2.702842649213287,0 101.63487848902753,2.7029776542669968,0 101.63471584117013,2.7029779905013287,0 101.63479726159615,2.703115413080754,0 101.63455348293094,2.7026983876993413,0 101.63495907516524,2.7025609936368813,0 101.63487959030664,2.702140170499645,0 101.63496031529623,2.702280598033682,0 101.63479651348896,2.7019952226947983,0 101.63463503873481,2.7028426074969483,0 101.63439341306311,2.7026974256947054,0 101.63439421784271,2.702978171530552,0 101.634554373761,2.702977238561379,0 101.63447334172993,2.7031149385729716,0 101.6346344774811,2.703116260896438,0 101.63431070551493,2.7025587623756993,0 101.63423212150964,2.702137494588172,0 101.6342302799971,2.702419059597519,0 101.63406932405168,2.702420130036335,0 101.63390768252658,2.7026971416800736,0 101.63374551188932,2.7024192547648225,0 101.63382627636142,2.702557457477667,0 101.63366533664995,2.702557532540242,0 101.63350346020657,2.702277540127433,0 101.6335829584362,2.7024189728397197,0 101.63366446771168,2.7028400899312452,0 101.63350347910682,2.702838839444949,0 101.63358371568238,2.7026975659116452,0 101.63390776650101,2.7021396609500483,0 101.63406930399015,2.702138611846499,0 101.63431210668597,2.7022813344377234,0 101.6347154370423,2.702140085387975,0 101.63463605035616,2.70199608222782,0 

</coordinates>

</LineString>

</Placemark>



<Placemark>

<styleUrl>#cluster1</styleUrl>

<name>

Cluster 2 Coverage

</name>


<LineString>

<altitudeMode>clampToGround</altitudeMode>

<coordinates>

101.63463699471905,2.700876177790121,0 101.63455369734638,2.7010171364395505,0 101.63447385415628,2.700874900423752,0 101.63431091662868,2.7011596216512284,0 101.63439161857735,2.7015809101206743,0 101.63415118548178,2.7017190531289073,0 101.63414995274951,2.701438031098827,0 101.63406943645367,2.701580377078476,0 101.63431104641086,2.7017183040146433,0 101.63423118891853,2.701860535617304,0 101.6345558506071,2.701858974125236,0 101.63447262951212,2.701717517917773,0 101.63439377275228,2.7018597743654245,0 101.63463704387031,2.7017170369391246,0 101.6346370279058,2.7014362137699677,0 101.63455393819514,2.701298764416686,0 101.63447381432431,2.7014368763710594,0 101.63439384308724,2.7012986623220447,0 101.63422992040837,2.7015807748818514,0 101.63431260440228,2.7014377150484385,0 101.63398789321438,2.70143781711494,0 101.6339068424109,2.7018598892641443,0 101.63382559173733,2.7008782326933987,0 101.6335024503575,2.7008777577705154,0 101.63358326292477,2.701017562185978,0 101.63350335630038,2.7011593045307323,0 101.63366438247745,2.7008769992229205,0 101.63366315010545,2.7011581620430825,0 101.63382642858993,2.7011593725216767,0 101.6338257794652,2.7014387737086296,0 101.63390701042819,2.7013001896334754,0 101.63398928665255,2.7017185673302024,0 101.63390734046634,2.7015806134634035,0 101.63382582032699,2.701718872988971,0 101.63358222382263,2.7015785443266207,0 101.63374552047917,2.7018597656973404,0 101.63366519405396,2.7019973343617347,0 101.63382608398179,2.7019986201210577,0 101.63350206619165,2.701719571632347,0 101.63350149689566,2.701438525491111,0 101.63358249837235,2.701859260542423,0 101.63350385151547,2.7019980298374002,0 101.63406888061013,2.7018611936222454,0 101.63374412685806,2.7015793746746777,0 101.6336651604346,2.7017197207398094,0 101.63366515151883,2.701438749039939,0 101.63374570151693,2.7012992858623583,0 101.6335844191232,2.701299396816955,0 101.63374627594452,2.7010181931080193,0 101.63390630667783,2.701018718423473,0 101.63415056929799,2.700875899558446,0 101.63398872885116,2.700876919132658,0 101.63423131869573,2.7010190699756254,0 101.63406858728655,2.701020025481428,0 101.6339885378129,2.7011599558943415,0 101.6340697457915,2.7012999440231193,0 101.63414896667352,2.701160290840064,0 101.6342319784355,2.701299837186699,0 101.63431102205948,2.7008747226004557,0 101.6343939673858,2.7010181075318984,0 101.63455418197682,2.701581704137646,0 101.63447473800896,2.7011604272903713,0 101.63463616712987,2.7011592065542946,0 

</coordinates>

</LineString>

</Placemark>



<Placemark>

<styleUrl>#cluster2</styleUrl>

<name>

Cluster 3 Coverage

</name>


<LineString>

<altitudeMode>clampToGround</altitudeMode>

<coordinates>

101.63560755984983,2.7008755505284494,0 101.63520183799928,2.7013008604001416,0 101.6352830908077,2.7011585530114837,0 101.63504114678665,2.7015819435969974,0 101.63496021810117,2.701995903332679,0 101.63503937533841,2.7021390976996855,0 101.6348778417771,2.70158119934669,0 101.63487934737091,2.7018579866363526,0 101.63479876660004,2.701715829649496,0 101.63471550048502,2.7018578953293027,0 101.63495867336987,2.701158865081028,0 101.63487720430798,2.701300271790514,0 101.63503992426423,2.701300603079609,0 101.63512222232022,2.701717116388644,0 101.63520157073445,2.701582095927027,0 101.63504008536938,2.7018567470265085,0 101.63512018458013,2.7014368822783803,0 101.63504173735998,2.701017250473015,0 101.63512043495652,2.7011588627083145,0 101.6349583511321,2.7008755605090347,0 101.63487863563407,2.7010165371669643,0 101.63471606440147,2.701016095912226,0 101.63479817024837,2.7008767971574246,0 101.63479833259794,2.7011597246849584,0 101.63479630833307,2.701435216093723,0 101.63471694353139,2.7012990569156003,0 101.63471678871517,2.7015811058088257,0 101.63496062076138,2.701435640814019,0 101.63495907767322,2.70171683801262,0 101.63520315836814,2.7010173990875335,0 101.63512085866581,2.7008757355365796,0 101.63536387446206,2.701016911471697,0 101.63528245516794,2.7008769475366097,0 101.63544407648192,2.7008766338039765,0 101.63536395890704,2.701302088335851,0 101.63552625707965,2.7010176478436465,0 101.63544596894836,2.70115727532858,0 101.63544557622072,2.701436878802263,0 101.63552653697742,2.701301093181792,0 101.63552509594578,2.7015832410206473,0 101.63512234034566,2.7019967893842076,0 101.63520361374675,2.7018575576273283,0 101.6352840495176,2.701996049194925,0 101.63544473804866,2.701995154972488,0 101.63536531024468,2.7018562878070593,0 101.63552580797008,2.701855861251024,0 101.63560702588927,2.7017174754235733,0 101.63568843008163,2.7015822545063997,0 101.6356881005739,2.7018567918527134,0 101.6352824657629,2.7017166452105212,0 101.63536289116662,2.7015824996029947,0 101.63528446627686,2.701435732956386,0 101.63544564150544,2.701716367193309,0 101.63560729589821,2.701156100340015,0 101.63568784663427,2.701018011520159,0 101.63560740780756,2.7014364914700786,0 101.6356880501907,2.701299932414854,0 101.63576936790209,2.701716427488255,0 101.63585103484776,2.7012994283590395,0 101.63592994721853,2.7017162227472187,0 101.6358492008419,2.7015821650478453,0 101.63593153957923,2.7014374797343823,0 101.635769725032,2.7014365654566346,0 101.63576917552116,2.701156511252196,0 101.63593150650159,2.7011553128118955,0 101.63584867530672,2.7010189353637704,0 101.63576979645745,2.7008760493066095,0 101.63593119858443,2.7008752976487784,0 

</coordinates>

</LineString>

</Placemark>



<Placemark>

<styleUrl>#cluster3</styleUrl>

<name>

Cluster 4 Coverage

</name>


<LineString>

<altitudeMode>clampToGround</altitudeMode>

<coordinates>

101.63601222042496,2.7018566925914604,0 101.63593179191797,2.7019955016708375,0 101.63585073293002,2.7018566452001953,0 101.63593182312002,2.7022804411332833,0 101.63560743504493,2.701996227968435,0 101.63576985914803,2.7022798692303875,0 101.63568915287104,2.7021373235115402,0 101.63552657045102,2.702138169363039,0 101.63560674767496,2.702280685354905,0 101.63601293757948,2.702137218542714,0 101.63609214376517,2.7019961133731445,0 101.63625384205994,2.7022802194247304,0 101.63617228308244,2.7021365076400614,0 101.63584947540075,2.702419645344301,0 101.63593075534007,2.7028427996730247,0 101.63544607446288,2.7028431378172613,0 101.63528421607451,2.702843928203932,0 101.6352025984997,2.702975950426782,0 101.63552505335699,2.7029748766054142,0 101.63520210513751,2.7024176127747785,0 101.63528224464251,2.7025614014863253,0 101.63512178083381,2.702280555284654,0 101.63512233222393,2.702561010286074,0 101.63504035916013,2.7024183575744214,0 101.63504104065024,2.702696852614079,0 101.63512245853644,2.702842861473814,0 101.63536385700064,2.7029758831492527,0 101.63520346647461,2.7026973638165597,0 101.63520339157661,2.7021391232155487,0 101.63528252042246,2.7022811447277824,0 101.63552548497978,2.702694911859281,0 101.6353652405375,2.702696158524352,0 101.63544456542829,2.7025609275465095,0 101.63536375253193,2.7024188851184983,0 101.63568846518832,2.702419132862609,0 101.63576979868793,2.7019961744736425,0 101.63585095225137,2.702136021159126,0 101.63536312233987,2.702138756757357,0 101.63544556002965,2.7022808034109747,0 101.63552683931539,2.70241850200271,0 101.63576778483241,2.702843475756026,0 101.63585043106751,2.702975076450977,0 101.63568666576312,2.7029761970645483,0 101.63560758711871,2.702843265156143,0 101.63560619974471,2.702560108621157,0 101.63568767430661,2.7026948237572803,0 101.63576917964792,2.7025590909069104,0 101.63585015619759,2.7026937105430915,0 101.635929764565,2.7025580828704507,0 101.63617263148731,2.702421359929887,0 101.63633437871742,2.7024217378136752,0 101.63633572516866,2.7026935123949536,0 101.63625503077,2.7028437745697165,0 101.63617359732775,2.7029744127188535,0 101.63633599193723,2.7029755689638275,0 101.63617221357228,2.7026945936238036,0 101.63609321464043,2.7025573016391946,0 101.63625504638638,2.7025570339031413,0 101.63609208409265,2.7028434320522385,0 101.63609249690334,2.7031143579086296,0 101.63601224235983,2.7029741422042,0 101.63625521696996,2.7031135930428145,0 101.63601143288585,2.702694948975955,0 101.63601088586364,2.702420536074133,0 101.6360920826501,2.702280664022453,0 101.63633617365547,2.70213739662516,0 101.63649631683765,2.702420840776866,0 101.63641547110329,2.702280948054304,0 101.63657889096442,2.7022805126372687,0 101.63625352586853,2.701997255564047,0 

</coordinates>

</LineString>

</Placemark>



<Placemark>

<styleUrl>#cluster4</styleUrl>

<name>

Cluster 5 Coverage

</name>


<LineString>

<altitudeMode>clampToGround</altitudeMode>

<coordinates>

101.63706418768105,2.7008793490211853,0 101.63674015016048,2.7011545186631585,0 101.63641525667323,2.701717621916514,0 101.6362535372402,2.701716510977554,0 101.63617383813829,2.7015826608127327,0 101.63633439493336,2.7018581500809558,0 101.63617261295639,2.7018569118180364,0 101.63609289986873,2.7017171860674383,0 101.63657782787925,2.7019962907464574,0 101.63649789541059,2.7018580133901766,0 101.63681982917343,2.701583124522448,0 101.63649739206421,2.7015832685840016,0 101.63665967577917,2.7015826212444107,0 101.63633643243733,2.7015830673696235,0 101.6364161812065,2.701154542221853,0 101.6362557819167,2.7008770188627644,0 101.6364160186132,2.7008776019023766,0 101.6368211159071,2.7010175058958774,0 101.63673967225094,2.7008776108431904,0 101.63690184764967,2.7008783666486087,0 101.63674127171171,2.7014385875586835,0 101.63649737634532,2.7013001737114046,0 101.63665954305029,2.7010180622587465,0 101.63657899892766,2.701154080820883,0 101.63649754841086,2.7010186946217747,0 101.63633636664837,2.7010182871783153,0 101.6363366580846,2.7012993957628413,0 101.63617402799535,2.701299945385801,0 101.63601100738434,2.7012986432746433,0 101.63625492256364,2.7011542427065827,0 101.63665899894605,2.702138073384047,0 101.63649650949303,2.7021383067418165,0 101.63641662968156,2.701996663530038,0 101.63657938828868,2.7017176854887777,0 101.63666050492658,2.701857746258855,0 101.6370627779619,2.7017179639832194,0 101.63698348786367,2.7015826113805503,0 101.63698289098693,2.7018573100793835,0 101.63698353358141,2.701016560053904,0 101.63706317156878,2.7011552368991536,0 101.63706324791161,2.701437241110012,0 101.63690145765294,2.701438346693366,0 101.63714552497146,2.7013019565357577,0 101.63714405934391,2.701016948790513,0 101.63722666475927,2.7014359484681423,0 101.63738749095097,2.701435194073612,0 101.63738824309418,2.701155463204509,0 101.63746752647097,2.701303385554397,0 101.63738661491367,2.700878317803978,0 101.63730798653745,2.7010163631474975,0 101.63722508151652,2.701155348806616,0 101.6373058603659,2.701303284681308,0 101.6369834808673,2.701301135076362,0 101.6369014214113,2.701155507971098,0 101.6371458476326,2.701581337171689,0 101.63690068831039,2.7017175950165098,0 101.63682187147977,2.701856892256674,0 101.63674032801804,2.7017179513156275,0 101.6367408362822,2.7019965959005345,0 101.63682065035044,2.7013004032375707,0 101.63666023004579,2.7013007963119096,0 101.63657696871417,2.7014385883642995,0 101.63601271098184,2.7015826325213754,0 101.63625440027123,2.7014384290987112,0 101.63609309610017,2.701437120950915,0 101.63641607207715,2.70143745043017,0 101.63617257840131,2.701018911145939,0 101.63601135192633,2.701018522311777,0 101.63609242578192,2.7008757385853035,0 101.63609377717438,2.7011552255752918,0 101.63657897845562,2.7008773613128496,0 101.63722487878913,2.700878844158522,0 101.6374680139621,2.701017086220787,0 

</coordinates>

</LineString>

</Placemark>



<Placemark>

<styleUrl>#cluster5</styleUrl>

<name>

Cluster 6 Coverage

</name>


<LineString>

<altitudeMode>clampToGround</altitudeMode>

<coordinates>

101.6375485900636,2.701436307366434,0 101.6372253368318,2.701717438173581,0 101.63714506430537,2.702137386384988,0 101.63746963071767,2.7015831843795697,0 101.63763175536631,2.701860673982561,0 101.63763112346004,2.7015837718086866,0 101.63730780701376,2.7015821019343385,0 101.63754843734691,2.7017176364362228,0 101.63738712238832,2.701716337869624,0 101.63738639735425,2.701995383224597,0 101.63730618049425,2.7018591893528896,0 101.63779315444688,2.7021378690091584,0 101.63771098474682,2.701994546452411,0 101.63771259495918,2.702279194567017,0 101.63762977507815,2.7021366968030374,0 101.63779238908539,2.7026918828887294,0 101.63771193852482,2.7025580601361545,0 101.63795375890449,2.7024194196174576,0 101.63803423725648,2.7022791441507885,0 101.6380362710785,2.7019943419103205,0 101.6379537461641,2.701861834339153,0 101.63811679627476,2.7021394671264782,0 101.6378742650133,2.701716305054782,0 101.63787454403699,2.7019950994797695,0 101.6377111796701,2.7017174935450017,0 101.63795508157165,2.7021383668345234,0 101.6378720975468,2.7022780220977594,0 101.63803524528929,2.7025569721507505,0 101.63779324679561,2.7024205002694095,0 101.63787271700967,2.702556760651183,0 101.63795474979082,2.702692042248496,0 101.63771049092237,2.7028452744191025,0 101.63746820991435,2.7026925839800904,0 101.6373868308397,2.702558039047931,0 101.63754855809198,2.7025573944501615,0 101.63763103140995,2.7026912684693545,0 101.637468389104,2.702420064125547,0 101.637549116724,2.7022792335967534,0 101.63738851962638,2.7022804403262515,0 101.63722655594094,2.7022802225303812,0 101.63722700313824,2.701994829855895,0 101.63714603120874,2.701858277729398,0 101.63706348436499,2.701995538629926,0 101.63682034345645,2.702139277907313,0 101.6369025222849,2.7019962616722744,0 101.63698339314408,2.7024195271103983,0 101.63665813579215,2.702419839168344,0 101.63673913397231,2.702279840246011,0 101.63690282219154,2.702279330867426,0 101.63682058220375,2.70241866304571,0 101.63714591520004,2.702420329451505,0 101.63698228030134,2.7021384635262358,0 101.63706325630446,2.7022796494124055,0 101.63754833087712,2.7028445063315334,0 101.63738858510163,2.7028440657563824,0 101.63730644116839,2.7024210068460395,0 101.63763158821,2.702419566920774,0 101.63730540213251,2.70213756125753,0 101.63746891315668,2.7021370371534075,0 101.63746963460524,2.701860089146828,0 101.63754878175844,2.701995386000068,0 101.63779132299518,2.7018611375992463,0 101.63779340110345,2.701584627806222,0 

</coordinates>

</LineString>

</Placemark>



<Placemark>

<styleUrl>#cluster6</styleUrl>

<name>

Cluster 7 Coverage

</name>


<LineString>

<altitudeMode>clampToGround</altitudeMode>

<coordinates>

101.63868268614854,2.700877815099059,0 101.63876351908543,2.701014568811161,0 101.63851980578815,2.700879102700808,0 101.63844109841084,2.7010148785994863,0 101.63811655432215,2.701015284382647,0 101.63819736121876,2.701155853855013,0 101.63803599831012,2.701155345814983,0 101.63787229490683,2.7014371061697617,0 101.63795350093129,2.7015858225221767,0 101.63803643633088,2.7017164061722965,0 101.63811598181056,2.7015853086087716,0 101.63819734463996,2.7017175359978585,0 101.63819728133646,2.7014390949362617,0 101.63843894622379,2.7013023159634257,0 101.63827747811733,2.701303217648398,0 101.63811594669993,2.701861987697165,0 101.63827850514522,2.701861898695677,0 101.63827776184371,2.701585377277915,0 101.63835971189864,2.7014382153203766,0 101.63844106979435,2.7018620983496793,0 101.63835943453861,2.701717788351859,0 101.63844084254384,2.7015859500808594,0 101.63924869039181,2.701585628741255,0 101.63900537507403,2.701718539913574,0 101.63884548723252,2.7014383418629633,0 101.63884586723549,2.700878801550915,0 101.63892676173452,2.7010136456469533,0 101.63908769838257,2.7013028356578235,0 101.63900697909288,2.70115496453853,0 101.63916740321314,2.70143891784667,0 101.63884350069789,2.7011538976829144,0 101.63868211927647,2.7011539048235087,0 101.63876283742822,2.7013019169371844,0 101.63851950998956,2.7014374359319775,0 101.6385208822543,2.7011544878979232,0 101.63827772110135,2.701015174695272,0 101.63803428109217,2.7008780161929296,0 101.63779256258296,2.7013039032765414,0 101.63763042918164,2.7013036158287442,0 101.6375506984689,2.701155726866108,0 101.63771232863395,2.701154765897006,0 101.63771004182445,2.7014360878987027,0 101.6377110136124,2.7008775651158285,0 101.63762924733328,2.7010171838834145,0 101.6375491023594,2.7008781409235527,0 101.637792202856,2.7010163919526997,0 101.637952905691,2.701016219434638,0 101.63787220293695,2.7008786055637017,0 101.63819700348414,2.700878593938937,0 101.63787365165933,2.701155222288256,0 101.6379539998032,2.7013032791937523,0 101.63835938611841,2.7008785082585587,0 101.63803484081255,2.7014380094289145,0 101.63836009096472,2.7011551020839653,0 101.63811670875782,2.7013040415700913,0 101.63868147553883,2.7014386770380443,0 101.63860225066084,2.701587158388609,0 101.6386814179008,2.701719453135994,0 101.63852196199392,2.701718478569138,0 101.63892626320025,2.7013015746599915,0 101.6392504133038,2.7013021424891006,0 101.63908740350861,2.701012594668277,0 101.6391685341658,2.7011554506778275,0 101.63900653464668,2.700879923517906,0 101.63860261041539,2.7013026509393616,0 101.63860068275159,2.701013646861409,0 101.63884564872703,2.701718326794186,0 101.63876312333794,2.701585956606183,0 101.63908724869029,2.7015842924462357,0 101.63900680019626,2.7014386541213433,0 101.63892470342222,2.7015851895416496,0 101.6391689926876,2.7008803417111986,0 101.63925010461298,2.7010128562296254,0 

</coordinates>

</LineString>

</Placemark>



<Placemark>

<styleUrl>#cluster7</styleUrl>

<name>

Cluster 8 Coverage

</name>


<LineString>

<altitudeMode>clampToGround</altitudeMode>

<coordinates>

101.63916951223814,2.7017184484620866,0 101.63876262884608,2.7018616358880267,0 101.63924970314638,2.701862684041175,0 101.63908627615854,2.7018622762867808,0 101.63916737770842,2.701992026369829,0 101.63916917468468,2.7022785788884236,0 101.63924993054279,2.702140882106454,0 101.63868315336046,2.702279516358772,0 101.63876415667255,2.7024218487288203,0 101.6386832165592,2.702557628436513,0 101.63884376544584,2.7022797274681496,0 101.63852168439654,2.702280045212985,0 101.63844083327395,2.7021417008679043,0 101.6386022141442,2.7021420479398306,0 101.63819818039298,2.7019953569428465,0 101.638358065364,2.701994471910618,0 101.63827777052973,2.7021406001847446,0 101.63860229341236,2.701861133934101,0 101.63852006855765,2.7019949697785446,0 101.6390060459174,2.7019922200249904,0 101.63876432292105,2.702142627461013,0 101.63884388043327,2.701993101663941,0 101.63908662826802,2.70214189956182,0 101.63908623702346,2.70242270352393,0 101.63900627183524,2.7022786955457923,0 101.63892546068286,2.7024213966300192,0 101.63933079832265,2.7025569447004383,0 101.6391692433065,2.7025560455545827,0 101.63900528508964,2.7025566237783734,0 101.63876417087464,2.7026922999210052,0 101.63892547245821,2.7026929368411343,0 101.63884333825652,2.7028445050782017,0 101.6386016602655,2.7026929083143845,0 101.63811625251299,2.7024200514653134,0 101.63852205123526,2.7025565714446294,0 101.63835837764518,2.702555363677544,0 101.63827666408466,2.7024206464122154,0 101.63819816502456,2.70255610542768,0 101.63819706000864,2.7022793297454553,0 101.63835964417586,2.7022791109546187,0 101.63860141184107,2.7024210167891827,0 101.63844078342571,2.7024200691793863,0 101.63811540457237,2.7026924506584145,0 101.63835978231664,2.7028445822539324,0 101.63827837505796,2.7026934471234836,0 101.63851978572477,2.7028452732796446,0 101.6384385033973,2.7026931592377346,0 101.63843848987766,2.7029735899330443,0 101.63868239718899,2.7031158166553912,0 101.63860186296273,2.702973572431817,0 101.63876446826247,2.7029746543791107,0 101.63868145051829,2.702845036479445,0 101.6389242656584,2.7029742353133113,0 101.63900723434877,2.702845670102951,0 101.63908793860635,2.7026938666553164,0 101.63884360805315,2.702557303635182,0 101.63892414104212,2.701861177041089,0 101.63868167568928,2.701994311585103,0 101.63892589375092,2.70214231957737,0 101.63925011750237,2.7024228249833353,0 101.63941132521161,2.7026927783011208,0 101.63916745172334,2.7028469676884517,0 101.6392481246778,2.702693742820326,0 101.63949242508704,2.7025569215164986,0 101.63965289420707,2.702558089581615,0 

</coordinates>

</LineString>

</Placemark>



<Placemark>

<styleUrl>#cluster8</styleUrl>

<name>

Cluster 9 Coverage

</name>


<LineString>

<altitudeMode>clampToGround</altitudeMode>

<coordinates>

101.64127341846059,2.7019901082853615,0 101.64135375113092,2.7018624501309496,0 101.64119307021834,2.7018631796659,0 101.64127361231516,2.701721583444141,0 101.64119134895358,2.7015833421825093,0 101.64111146124196,2.7014399695836753,0 101.6411116608101,2.70172132287416,0 101.64102883634642,2.7015833079181593,0 101.64094835693521,2.70172049894553,0 101.64103095847628,2.7012996407930587,0 101.64135292908378,2.701584153942993,0 101.64135365233416,2.70130005669122,0 101.6412730935742,2.7014408626645054,0 101.64119092918374,2.70129922672648,0 101.64102988803948,2.701014393523852,0 101.6409485953623,2.7008808416189383,0 101.64127184370025,2.701153341674003,0 101.64135261744272,2.701013843818628,0 101.64119140276001,2.7010145035847324,0 101.64127178020911,2.7008804977230114,0 101.64111007848635,2.700881157227309,0 101.64086744062833,2.701013635975108,0 101.64111148420447,2.701154102621958,0 101.64078758736012,2.700879886229702,0 101.64070563231772,2.7010124460803002,0 101.64062487410077,2.7008803577664353,0 101.64078776767883,2.701156219029602,0 101.64094975096344,2.7014393197746287,0 101.64086670507194,2.701581986130632,0 101.64062440261064,2.7014390639564314,0 101.64078664365456,2.7014388392134636,0 101.64070604485931,2.7013000578451374,0 101.6408670769109,2.7012988360192915,0 101.6409499649891,2.7011554326328238,0 101.64103073502439,2.701862076772785,0 101.64078612568734,2.701719589893223,0 101.6408682396314,2.7018633292786163,0 101.64070533428152,2.7018619956145846,0 101.64062603704859,2.701720467210094,0 101.64070506729644,2.7015832107232036,0 101.6403827312397,2.701301512127852,0 101.64062594673452,2.70115535379668,0 101.64046328928205,2.700879144016927,0 101.64054360954435,2.701012792517644,0 101.64054457617914,2.7013010607192816,0 101.64046379458377,2.7011554547265963,0 101.64046298420136,2.701439235558875,0 101.64038331302265,2.7018638352936084,0 101.6405455536908,2.7018625760486086,0 101.64046225474866,2.7017197187423743,0 101.64038151378162,2.701585241320647,0 101.64054514942846,2.701584046397297,0 101.64094792138633,2.701990485993443,0 101.6411108258313,2.701990022673842,0 

</coordinates>

</LineString>

</Placemark>



<Placemark>

<styleUrl>#cluster9</styleUrl>

<name>

Cluster 10 Coverage

</name>


<LineString>

<altitudeMode>clampToGround</altitudeMode>

<coordinates>

101.64135329294727,2.7029765297084367,0 101.64135254439269,2.702422316289104,0 101.64135345902193,2.7026903166560183,0 101.64119059149212,2.702143917130988,0 101.64127290722148,2.702277741216876,0 101.64135455241947,2.7021432990503715,0 101.64119234909235,2.70242128134768,0 101.64127226981898,2.702561438575728,0 101.64127196570392,2.702843158717432,0 101.64119170041168,2.7026891581381918,0 101.64119185319902,2.7029751986893213,0 101.64111155995887,2.702844244077872,0 101.64103071682294,2.7029748236898206,0 101.64094897725802,2.7025591534239255,0 101.64094940483216,2.702844728292575,0 101.64110974492044,2.7022785203142794,0 101.64110990667224,2.7025601177005227,0 101.64102917670535,2.7024207956487323,0 101.64103010199855,2.702689471648341,0 101.64086771239842,2.702689705760095,0 101.64062625420186,2.7028457411574456,0 101.6404629001973,2.7028446520592633,0 101.64070667973255,2.7026908936640446,0 101.64078664781998,2.7022792543366023,0 101.6408683566372,2.7024214564541427,0 101.64086816555478,2.702142643190206,0 101.64102894713227,2.70214390211135,0 101.64078568903474,2.7019912184925188,0 101.64062641563496,2.7019923111161614,0 101.64070726416378,2.702141776156032,0 101.64094930011737,2.702279370934751,0 101.64070587291688,2.702420699212445,0 101.64046462155247,2.702559907416934,0 101.64038126569659,2.702421579181968,0 101.64030255449345,2.7022775054003496,0 101.64013832781444,2.7025586208573626,0 101.63997824045468,2.7025574842934263,0 101.64005768690944,2.7026921792162004,0 101.63981559855488,2.702558665475102,0 101.6398980337629,2.7026908953230127,0 101.63997672939821,2.7028453594235837,0 101.64013886510456,2.7028451254616943,0 101.64038255020597,2.702974333321694,0 101.6402203854778,2.7029737867520764,0 101.64054357190585,2.702691991254524,0 101.64062526526351,2.7025588897486275,0 101.64046340998105,2.7022781266017164,0 101.64038209489965,2.7021407104605135,0 101.64046365429017,2.7019909691651725,0 101.64054432372318,2.7021416304804378,0 101.6405440235084,2.702421856461272,0 101.64062468144894,2.7022785318826545,0 101.64078571818611,2.7025590026613044,0 101.64078643812522,2.702844680543232,0 101.64086892179473,2.7029752279616495,0 101.64070636667684,2.7029746069343648,0 101.64054421348916,2.7029745739991093,0 101.64038345503084,2.702691040740926,0 101.64030097911453,2.702559738121567,0 101.64022181629744,2.7026918233282426,0 101.64030006730052,2.7028456077560055,0 101.64005847408944,2.7029732063669063,0 

</coordinates>

</LineString>

</Placemark>



<Placemark>

<styleUrl>#cluster10</styleUrl>

<name>

Cluster 11 Coverage

</name>


<LineString>

<altitudeMode>clampToGround</altitudeMode>

<coordinates>

101.64005941562202,2.7040995472210683,0 101.64013859147538,2.703971399487668,0 101.64070597634952,2.7032632700720254,0 101.64078724050307,2.703117222359071,0 101.64086843285799,2.703263298121357,0 101.64094777361633,2.7031163525102353,0 101.64111143657735,2.703115045889867,0 101.64119300234947,2.7032633051889277,0 101.64102884423974,2.7032641028752153,0 101.64094881309441,2.7033945463634197,0 101.64135371147314,2.7032626313465027,0 101.64135290103876,2.703538479807315,0 101.64127189377568,2.7036825664961888,0 101.64119270775011,2.7035396825644287,0 101.64127293013318,2.7033942655597194,0 101.6412723543069,2.7031145089871784,0 101.6411108193813,2.703395023617556,0 101.64062520817473,2.703395197445912,0 101.6407865412115,2.703395336167237,0 101.64070592673956,2.703539204692735,0 101.64062630124755,2.7036838797828167,0 101.64062406070991,2.703972972094582,0 101.64078755093576,2.703683431229222,0 101.64070478737708,2.7038185581843965,0 101.64070692035843,2.704095621504333,0 101.64086794075342,2.7040945235262255,0 101.64103026253616,2.7038195419515008,0 101.64078632103812,2.7039725581208534,0 101.64094867608662,2.703971728671038,0 101.64086664849108,2.703818342904794,0 101.6412737526897,2.703971155891057,0 101.64135367292766,2.704096861574845,0 101.6411905679589,2.704096565533053,0 101.641191719411,2.7038199060307213,0 101.64111078951797,2.703972112734916,0 101.64135399164697,2.7038201850903874,0 101.64103098950169,2.7040958315933916,0 101.64111131329771,2.7036818756737855,0 101.64094830608452,2.703682748035882,0 101.64102998012599,2.703538859521469,0 101.64086866949447,2.7035402015503633,0 101.64054452493419,2.704096886397034,0 101.64046454036105,2.7039720578482402,0 101.64038333050223,2.7040970542532063,0 101.64046440083683,2.7036838201800624,0 101.64054389605487,2.703818845471793,0 101.64030194551802,2.703972082021732,0 101.64038269105136,2.703540908827245,0 101.64030086001993,2.7036845211506595,0 101.64013951752699,2.703684275862504,0 101.64046343585157,2.7031170311148864,0 101.64038251655879,2.7032630425496444,0 101.64054447362949,2.7032629453363355,0 101.64046360332259,2.703395482761878,0 101.64062412003562,2.703118194882975,0 101.64054344596855,2.703540417737447,0 101.6403821252128,2.7038196154178085,0 101.64022106174914,2.704098261235763,0 101.6402210112951,2.70354007631232,0 101.64030270912104,2.7033945443764513,0 101.64013936604321,2.7031159308792545,0 101.64030213892487,2.703116553931177,0 101.64022161452897,2.7032622018233243,0 101.64014077369482,2.7033951000062864,0 101.64021973260046,2.703819986704017,0 101.6400580168358,2.7038205832238638,0 

</coordinates>

</LineString>

</Placemark>



<Placemark>

<styleUrl>#cluster11</styleUrl>

<name>

Cluster 12 Coverage

</name>


<LineString>

<altitudeMode>clampToGround</altitudeMode>

<coordinates>

101.63876350419676,2.7040981495833867,0 101.63997743568935,2.7036831355574096,0 101.6395729902362,2.7040997135291893,0 101.63981659752706,2.703970725679315,0 101.64005760008348,2.703541275698848,0 101.63981540495483,2.70339415760032,0 101.63989688312822,2.7035404150042646,0 101.63997864370418,2.703395218938653,0 101.63989542773564,2.7032641386788083,0 101.6398153884171,2.7028457606675302,0 101.63973501957094,2.7032629955653755,0 101.63973418582164,2.702972597888849,0 101.6394906766496,2.703393817972583,0 101.63941038180246,2.7038205345573862,0 101.63981596568532,2.703683638357757,0 101.6394121513943,2.70409914166445,0 101.63924965957249,2.704097989378928,0 101.63908604846647,2.704098114751088,0 101.6389241269553,2.7040992524332514,0 101.63916722607775,2.703967951711264,0 101.63884551591374,2.7039660720040786,0 101.63900627280053,2.703966874338718,0 101.63932978326044,2.703114765285211,0 101.63916939692962,2.703394119421592,0 101.6388444530277,2.7031150705923714,0 101.63876251938959,2.703262269104896,0 101.63892439410856,2.7032632795093368,0 101.63892612822902,2.7035429594315143,0 101.63924849628181,2.7035420013603555,0 101.6388458056597,2.7036819004441495,0 101.63908686803941,2.7035424409367295,0 101.63900643944054,2.7036823990579526,0 101.63916932994478,2.7036832497979706,0 101.63892507842917,2.703817974810573,0 101.63924876239679,2.703820259696821,0 101.63941017453443,2.703541443151589,0 101.6393288372471,2.703394044579846,0 101.63957406680035,2.7035424663895817,0 101.63957350486042,2.7032628818315945,0 101.63973529042536,2.7035414967731035,0 101.63965513697107,2.7033948493682236,0 101.64005963766184,2.7032633850707057,0 101.63965344403896,2.7036848599652594,0 101.63932888969107,2.703682971220855,0 101.63957418241932,2.7038203532046032,0 101.63973604564335,2.7038208426256887,0 101.63989721570942,2.703819900265322,0 101.63997654944241,2.703970760784825,0 101.63989643346322,2.704098826686891,0 101.63973610104175,2.704098594476426,0 101.63965276390653,2.7039698136366805,0 101.63949149492595,2.7039698281710813,0 101.63949120350144,2.70368408584871,0 101.6393304105604,2.7039692916297704,0 101.63908807131905,2.703819119054475,0 101.63957289401064,2.7029725675965834,0 101.63949099636888,2.703114575964951,0 101.63957212976692,2.70269319918169,0 101.63933052266962,2.7028470105714084,0 101.63949104528184,2.702846926377215,0 101.63941102188151,2.702972453862452,0 101.63965504355997,2.7028456165870476,0 101.63973613843037,2.7026920790810984,0 101.63981506654603,2.703115468274701,0 101.63989608364955,2.702972722765433,0 101.63997890388575,2.7031153248311286,0 101.6396547567153,2.703114598075483,0 101.63924823048565,2.7032634867885297,0 101.6394099012859,2.703264091905133,0 101.63884332134498,2.7033964397526886,0 101.63900545833714,2.7033952305582223,0 101.63900556568571,2.7031149395633314,0 101.63916947749927,2.703115161863369,0 101.63908798165508,2.702973111749034,0 101.63924896805705,2.70297331068546,0 101.63908812658615,2.7032634013813803,0 101.63876302913205,2.703544068030878,0 101.63876257159349,2.7038182562750914,0 

</coordinates>

</LineString>

</Placemark>



<Placemark>

<styleUrl>#cluster12</styleUrl>

<name>

Cluster 13 Coverage

</name>


<LineString>

<altitudeMode>clampToGround</altitudeMode>

<coordinates>

101.6373875408719,2.7039658830255533,0 101.63754862778728,2.7033956501679675,0 101.63795503267178,2.7035448465763716,0 101.63835896331383,2.70368133898249,0 101.63868232957802,2.7036809547933243,0 101.6386027694904,2.703543429010187,0 101.63852050456289,2.7036804748180754,0 101.63827795288186,2.7040994873492763,0 101.63860142936922,2.704098250483795,0 101.63868376331752,2.703967142735819,0 101.63851971644077,2.703965972749666,0 101.63844042846313,2.7040984512606276,0 101.6383591122633,2.703966375035248,0 101.63860067348648,2.7038179660083164,0 101.63827883576633,2.703817851367921,0 101.63843967881901,2.7038173342610623,0 101.63843947741927,2.703543715764935,0 101.63868305729422,2.7033952028587405,0 101.63851988560023,2.703115815419831,0 101.63860244467405,2.703261341464461,0 101.63844041700641,2.703261397619346,0 101.63852076302086,2.703395037336749,0 101.63827692059749,2.7035434911504748,0 101.63819629660678,2.703681668118989,0 101.63795417409892,2.703819005356332,0 101.6383587459617,2.7033961408718445,0 101.63811598472923,2.70354385137454,0 101.63795298728922,2.7040998817590327,0 101.63787234946236,2.7039657506293704,0 101.63779173007876,2.7040993050648865,0 101.63746765697537,2.7040976920166857,0 101.63755070837804,2.7036798235682427,0 101.63746946380002,2.703817574537638,0 101.63803551108343,2.703681048559086,0 101.63787374373346,2.703680664651829,0 101.63762915607022,2.703544809640732,0 101.63762945007194,2.7032614154434405,0 101.63787421172528,2.703395710871595,0 101.63738766311694,2.7033960220159994,0 101.63746804956625,2.703543917319082,0 101.63771273073422,2.7033951038181434,0 101.63771071984537,2.703114481630894,0 101.63746983317802,2.7029744785344727,0 101.637630990038,2.702975137733662,0 101.63754865362777,2.703114167070659,0 101.63738632844121,2.7031146283849457,0 101.63746968579346,2.703260491872067,0 101.63803423540682,2.7031149542889414,0 101.63795350174469,2.7029753676597563,0 101.63819767919594,2.7031147037056127,0 101.63827786218954,2.7032627193980883,0 101.63835894068107,2.703114581061406,0 101.63795470292006,2.7032601681592077,0 101.63787320850942,2.7031149002126478,0 101.63811661769843,2.703261384774287,0 101.63779312203468,2.702975023739951,0 101.6377921359383,2.703261001034298,0 101.63779171058677,2.703545170918366,0 101.63787370309717,2.702844379808534,0 101.63803418153677,2.7028446233242955,0 101.63819834498004,2.7028445130699614,0 101.63811708950261,2.7029749368059646,0 101.63827689742483,2.7029735902976144,0 101.63803421635905,2.703395030757891,0 101.63819691531674,2.703395228806584,0 101.63771119898864,2.703680688871056,0 101.63771123662745,2.7039659130672535,0 101.63779099851781,2.7038181529996472,0 101.63755052816866,2.70396575738775,0 101.63762999402837,2.70409856545837,0 101.63763172875409,2.703818733147338,0 101.63803499807106,2.703965657458617,0 101.63811685033504,2.7040990410224244,0 101.63819667856542,2.7039669105816566,0 101.63811621223962,2.7038191126241298,0 101.63738870248756,2.7036799596353327,0 

</coordinates>

</LineString>

</Placemark>



<Placemark>

<styleUrl>#cluster13</styleUrl>

<name>

Cluster 14 Coverage

</name>


<LineString>

<altitudeMode>clampToGround</altitudeMode>

<coordinates>

101.6348794623085,2.7040986084417296,0 101.63504150210727,2.7038171344266666,0 101.6351222858573,2.7039611206984078,0 101.63503983404316,2.7035402788745104,0 101.63496076499037,2.7036806050144984,0 101.63487976503455,2.703541355127936,0 101.63496033977736,2.7031147307897516,0 101.63503940550973,2.702976568068198,0 101.63512253054773,2.7033959836725785,0 101.63520310983826,2.703262654498873,0 101.63528330876059,2.703962091201558,0 101.63536422482886,2.703541994591158,0 101.63544529789516,2.7033950845861923,0 101.6355248521245,2.703542218196083,0 101.63560822784935,2.7033943799450446,0 101.63568710142766,2.703543194332528,0 101.63576843258241,2.7033930444195167,0 101.63576887301338,2.70311405780427,0 101.63568743092974,2.7032610301783317,0 101.63560759060185,2.7031133455453293,0 101.63592974062344,2.7036807815007857,0 101.63584914453017,2.703544118838424,0 101.63576785794513,2.703679644858649,0 101.63584971195417,2.703261018328664,0 101.63617237720393,2.7035435440322724,0 101.63609185100209,2.7033937093518894,0 101.63601059628225,2.7032604098143795,0 101.63617482411685,2.703260721400305,0 101.63593010760376,2.703392938509264,0 101.63592971385687,2.703115133930449,0 101.6360109857799,2.703542927486112,0 101.63633672851356,2.70326164440531,0 101.63633616874188,2.703543547595564,0 101.63633659313965,2.7038172990498235,0 101.63633593786103,2.7040981292263475,0 101.63609321979801,2.7036794449025963,0 101.6362553130611,2.703965237378168,0 101.63617414736558,2.7040994000355423,0 101.63625470634692,2.703394916719178,0 101.63625364157933,2.7036798690192114,0 101.63617443200476,2.703817882710281,0 101.63601204024599,2.703817306763389,0 101.63568781811973,2.703817926620789,0 101.63585074332258,2.704101492901414,0 101.63601223354408,2.704100746698262,0 101.63609352988642,2.7039654381424616,0 101.63593044504341,2.703964833804191,0 101.63585039958016,2.703818155465802,0 101.63576773939839,2.703964386875375,0 101.63568711275663,2.704100745825658,0 101.63560807320336,2.7039633205051996,0 101.63536433153409,2.704099491366492,0 101.63520295029011,2.7040993294408135,0 101.6351201977501,2.7036798986839656,0 101.63504134897867,2.7040994441631976,0 101.63495837984442,2.7033955593011703,0 101.63504121852775,2.7032628016906632,0 101.63528441830405,2.703680899755531,0 101.63552586023981,2.7038190825281108,0 101.63544633666223,2.703962280559587,0 101.63552571625776,2.7041000335911427,0 101.63520189098419,2.7038184267271403,0 101.63536316542543,2.703819415144496,0 101.6352030627304,2.703541525371499,0 101.6354450039124,2.7036803376007943,0 101.63560705295296,2.7036795617560543,0 101.63536300627995,2.703262156498186,0 101.63544520251916,2.703114494367111,0 101.63552603777832,2.7032609575706794,0 101.63528247440509,2.7031155884543905,0 101.63528260172119,2.7033947334591213,0 101.635122124502,2.703115598023558,0 101.6348791361961,2.7032624673877437,0 101.63495913047916,2.7039604534400867,0 101.6348797345759,2.7038181796447587,0 

</coordinates>

</LineString>

</Placemark>



<Placemark>

<styleUrl>#cluster14</styleUrl>

<name>

Cluster 15 Coverage

</name>


<LineString>

<altitudeMode>clampToGround</altitudeMode>

<coordinates>

101.63350278111221,2.7036785357385655,0 101.63350302217265,2.7033979362060925,0 101.6335037239288,2.7039598085351058,0 101.6338258552993,2.7042405896768593,0 101.63366479829423,2.7042400288195796,0 101.63366333106849,2.7039587225932626,0 101.63358484234614,2.704099389613648,0 101.63350311137822,2.704239032258646,0 101.63366446391422,2.7036785403760843,0 101.63374423020768,2.7038166778978026,0 101.6337465170136,2.704099745368384,0 101.63390704212652,2.704100913128529,0 101.63406865023714,2.7041011217652864,0 101.63398895036666,2.703959077484108,0 101.63382514684172,2.7039591569413326,0 101.6335847644229,2.7035390745632077,0 101.63358364155211,2.703817784208146,0 101.63374472166424,2.703540152853605,0 101.63414933457612,2.7039586308446832,0 101.63390728542555,2.7038172236809515,0 101.63382636359827,2.703679444678492,0 101.6338271230998,2.70339899321934,0 101.63398848909074,2.7036805783849953,0 101.6340682296659,2.703816886519707,0 101.6341488642666,2.7033973232376107,0 101.63406890264498,2.703259810920802,0 101.63415129245779,2.7031149731152153,0 101.63398689021369,2.7031161407197803,0 101.63382616201945,2.7031173383758627,0 101.6336658253576,2.7031172511790125,0 101.63366372136811,2.7033978045564218,0 101.63390620937724,2.703259665182621,0 101.63358476900918,2.703259172642277,0 101.63374668065927,2.7032601141005292,0 101.63390811287796,2.7035409035583036,0 101.6339884453785,2.703398251525577,0 101.63406992856443,2.70354116789319,0 101.63439200836409,2.7038174017591055,0 101.63431215927189,2.7036812433517543,0 101.63423064420866,2.7038161681439967,0 101.63447494757776,2.7033958648766863,0 101.63455436246456,2.703261506841618,0 101.63471733634935,2.7035418332886003,0 101.63471706942003,2.7032619272641467,0 101.63479863689085,2.7039612787381637,0 101.63479871919101,2.703681079054586,0 101.63463633970596,2.7036804919086976,0 101.63471643813709,2.703817860357856,0 101.63463549622107,2.7033956275001665,0 101.63479816899867,2.7033957644449504,0 101.63463557876058,2.7039601606947867,0 101.63471573461057,2.7040979555495777,0 101.63455564159341,2.704098765628487,0 101.63423234258958,2.704099804520551,0 101.63447272687107,2.703959551528897,0 101.63439406906345,2.704099152762221,0 101.63431154105444,2.7039595605686717,0 101.63447261164325,2.703680829614456,0 101.6345547278165,2.703817269919632,0 101.6343932632089,2.703542143881475,0 101.63455490249522,2.7035409810410576,0 101.63431294869045,2.70311395816575,0 101.63439282691701,2.7032606219903412,0 101.63423079519643,2.7032610622925706,0 101.63431328752965,2.7033968127361607,0 101.6341491979164,2.7036800196596094,0 101.6342323740858,2.7035419456219962,0 101.63350304211258,2.703117647601777,0 

</coordinates>

</LineString>

</Placemark>

</Folder>


<Folder>

<name>Access Legs - Not Counted</name>



<Placemark>

<styleUrl>#accessStyle</styleUrl>

<name>

Base To Start Palm

</name>


<LineString>

<altitudeMode>clampToGround</altitudeMode>

<coordinates>

101.63345656347411,2.701389868994103,0 101.63358284930534,2.7021395846754035,0 

</coordinates>

</LineString>

</Placemark>



<Placemark>

<styleUrl>#accessStyle</styleUrl>

<name>

End Palm To Base

</name>


<LineString>

<altitudeMode>clampToGround</altitudeMode>

<coordinates>

101.63463605035616,2.70199608222782,0 101.63467640398,2.7008298862021163,0 

</coordinates>

</LineString>

</Placemark>



<Placemark>

<styleUrl>#accessStyle</styleUrl>

<name>

Base To Start Palm

</name>


<LineString>

<altitudeMode>clampToGround</altitudeMode>

<coordinates>

101.63467640398,2.7008298862021163,0 101.63463699471905,2.700876177790121,0 

</coordinates>

</LineString>

</Placemark>



<Placemark>

<styleUrl>#accessStyle</styleUrl>

<name>

End Palm To Base

</name>


<LineString>

<altitudeMode>clampToGround</altitudeMode>

<coordinates>

101.63463616712987,2.7011592065542946,0 101.63554243681139,2.700830193582651,0 

</coordinates>

</LineString>

</Placemark>



<Placemark>

<styleUrl>#accessStyle</styleUrl>

<name>

Base To Start Palm

</name>


<LineString>

<altitudeMode>clampToGround</altitudeMode>

<coordinates>

101.63554243681139,2.700830193582651,0 101.63560755984983,2.7008755505284494,0 

</coordinates>

</LineString>

</Placemark>



<Placemark>

<styleUrl>#accessStyle</styleUrl>

<name>

End Palm To Base

</name>


<LineString>

<altitudeMode>clampToGround</altitudeMode>

<coordinates>

101.63593119858443,2.7008752976487784,0 101.63623145974253,2.700830586382756,0 

</coordinates>

</LineString>

</Placemark>



<Placemark>

<styleUrl>#accessStyle</styleUrl>

<name>

Base To Start Palm

</name>


<LineString>

<altitudeMode>clampToGround</altitudeMode>

<coordinates>

101.63623145974253,2.700830586382756,0 101.63601222042496,2.7018566925914604,0 

</coordinates>

</LineString>

</Placemark>



<Placemark>

<styleUrl>#accessStyle</styleUrl>

<name>

End Palm To Base

</name>


<LineString>

<altitudeMode>clampToGround</altitudeMode>

<coordinates>

101.63625352586853,2.701997255564047,0 101.63708857186543,2.7008313138105566,0 

</coordinates>

</LineString>

</Placemark>



<Placemark>

<styleUrl>#accessStyle</styleUrl>

<name>

Base To Start Palm

</name>


<LineString>

<altitudeMode>clampToGround</altitudeMode>

<coordinates>

101.63708857186543,2.7008313138105566,0 101.63706418768105,2.7008793490211853,0 

</coordinates>

</LineString>

</Placemark>



<Placemark>

<styleUrl>#accessStyle</styleUrl>

<name>

End Palm To Base

</name>


<LineString>

<altitudeMode>clampToGround</altitudeMode>

<coordinates>

101.6374680139621,2.701017086220787,0 101.63796556645696,2.700832058112533,0 

</coordinates>

</LineString>

</Placemark>



<Placemark>

<styleUrl>#accessStyle</styleUrl>

<name>

Base To Start Palm

</name>


<LineString>

<altitudeMode>clampToGround</altitudeMode>

<coordinates>

101.63796556645696,2.700832058112533,0 101.6375485900636,2.701436307366434,0 

</coordinates>

</LineString>

</Placemark>



<Placemark>

<styleUrl>#accessStyle</styleUrl>

<name>

End Palm To Base

</name>


<LineString>

<altitudeMode>clampToGround</altitudeMode>

<coordinates>

101.63779340110345,2.701584627806222,0 101.63860589625783,2.700832601558001,0 

</coordinates>

</LineString>

</Placemark>



<Placemark>

<styleUrl>#accessStyle</styleUrl>

<name>

Base To Start Palm

</name>


<LineString>

<altitudeMode>clampToGround</altitudeMode>

<coordinates>

101.63860589625783,2.700832601558001,0 101.63868268614854,2.700877815099059,0 

</coordinates>

</LineString>

</Placemark>



<Placemark>

<styleUrl>#accessStyle</styleUrl>

<name>

End Palm To Base

</name>


<LineString>

<altitudeMode>clampToGround</altitudeMode>

<coordinates>

101.63925010461298,2.7010128562296254,0 101.64034015516424,2.700834073416943,0 

</coordinates>

</LineString>

</Placemark>



<Placemark>

<styleUrl>#accessStyle</styleUrl>

<name>

Base To Start Palm

</name>


<LineString>

<altitudeMode>clampToGround</altitudeMode>

<coordinates>

101.64034015516424,2.700834073416943,0 101.63916951223814,2.7017184484620866,0 

</coordinates>

</LineString>

</Placemark>



<Placemark>

<styleUrl>#accessStyle</styleUrl>

<name>

End Palm To Base

</name>


<LineString>

<altitudeMode>clampToGround</altitudeMode>

<coordinates>

101.63965289420707,2.702558089581615,0 101.64139940269409,2.7019879349048366,0 

</coordinates>

</LineString>

</Placemark>



<Placemark>

<styleUrl>#accessStyle</styleUrl>

<name>

Base To Start Palm

</name>


<LineString>

<altitudeMode>clampToGround</altitudeMode>

<coordinates>

101.64139940269409,2.7019879349048366,0 101.64127341846059,2.7019901082853615,0 

</coordinates>

</LineString>

</Placemark>



<Placemark>

<styleUrl>#accessStyle</styleUrl>

<name>

End Palm To Base

</name>


<LineString>

<altitudeMode>clampToGround</altitudeMode>

<coordinates>

101.6411108258313,2.701990022673842,0 101.64139905400029,2.70368183956107,0 

</coordinates>

</LineString>

</Placemark>



<Placemark>

<styleUrl>#accessStyle</styleUrl>

<name>

Base To Start Palm

</name>


<LineString>

<altitudeMode>clampToGround</altitudeMode>

<coordinates>

101.64139905400029,2.70368183956107,0 101.64135329294727,2.7029765297084367,0 

</coordinates>

</LineString>

</Placemark>



<Placemark>

<styleUrl>#accessStyle</styleUrl>

<name>

End Palm To Base

</name>


<LineString>

<altitudeMode>clampToGround</altitudeMode>

<coordinates>

101.64005847408944,2.7029732063669063,0 101.64008212591146,2.7041661134279495,0 

</coordinates>

</LineString>

</Placemark>



<Placemark>

<styleUrl>#accessStyle</styleUrl>

<name>

Base To Start Palm

</name>


<LineString>

<altitudeMode>clampToGround</altitudeMode>

<coordinates>

101.64008212591146,2.7041661134279495,0 101.64005941562202,2.7040995472210683,0 

</coordinates>

</LineString>

</Placemark>



<Placemark>

<styleUrl>#accessStyle</styleUrl>

<name>

End Palm To Base

</name>


<LineString>

<altitudeMode>clampToGround</altitudeMode>

<coordinates>

101.6400580168358,2.7038205832238638,0 101.63872748185334,2.704191977553383,0 

</coordinates>

</LineString>

</Placemark>



<Placemark>

<styleUrl>#accessStyle</styleUrl>

<name>

Base To Start Palm

</name>


<LineString>

<altitudeMode>clampToGround</altitudeMode>

<coordinates>

101.63872748185334,2.704191977553383,0 101.63876350419676,2.7040981495833867,0 

</coordinates>

</LineString>

</Placemark>



<Placemark>

<styleUrl>#accessStyle</styleUrl>

<name>

End Palm To Base

</name>


<LineString>

<altitudeMode>clampToGround</altitudeMode>

<coordinates>

101.63876257159349,2.7038182562750914,0 101.63681163828834,2.7042285566222377,0 

</coordinates>

</LineString>

</Placemark>



<Placemark>

<styleUrl>#accessStyle</styleUrl>

<name>

Base To Start Palm

</name>


<LineString>

<altitudeMode>clampToGround</altitudeMode>

<coordinates>

101.63681163828834,2.7042285566222377,0 101.6373875408719,2.7039658830255533,0 

</coordinates>

</LineString>

</Placemark>



<Placemark>

<styleUrl>#accessStyle</styleUrl>

<name>

End Palm To Base

</name>


<LineString>

<altitudeMode>clampToGround</altitudeMode>

<coordinates>

101.63738870248756,2.7036799596353327,0 101.63485796097427,2.70426585804825,0 

</coordinates>

</LineString>

</Placemark>



<Placemark>

<styleUrl>#accessStyle</styleUrl>

<name>

Base To Start Palm

</name>


<LineString>

<altitudeMode>clampToGround</altitudeMode>

<coordinates>

101.63485796097427,2.70426585804825,0 101.6348794623085,2.7040986084417296,0 

</coordinates>

</LineString>

</Placemark>



<Placemark>

<styleUrl>#accessStyle</styleUrl>

<name>

End Palm To Base

</name>


<LineString>

<altitudeMode>clampToGround</altitudeMode>

<coordinates>

101.6348797345759,2.7038181796447587,0 101.63345758122902,2.7037403634617507,0 

</coordinates>

</LineString>

</Placemark>



<Placemark>

<styleUrl>#accessStyle</styleUrl>

<name>

Base To Start Palm

</name>


<LineString>

<altitudeMode>clampToGround</altitudeMode>

<coordinates>

101.63345758122902,2.7037403634617507,0 101.63350278111221,2.7036785357385655,0 

</coordinates>

</LineString>

</Placemark>



<Placemark>

<styleUrl>#accessStyle</styleUrl>

<name>

End Palm To Base

</name>


<LineString>

<altitudeMode>clampToGround</altitudeMode>

<coordinates>

101.63350304211258,2.703117647601777,0 101.63345656347411,2.701389868994103,0 

</coordinates>

</LineString>

</Placemark>



</Folder>



<Folder>

<name>Cluster Start End Palms</name>



<Placemark>

<styleUrl>#startStyle</styleUrl>

<name>

Cluster 1 Start Palm

</name>


<Point>

<coordinates>

101.63358284930534,2.7021395846754035,13.325047079994508

</coordinates>

</Point>

</Placemark>



<Placemark>

<styleUrl>#endStyle</styleUrl>

<name>

Cluster 1 End Palm

</name>


<Point>

<coordinates>

101.63463605035616,2.70199608222782,13.268474146250027

</coordinates>

</Point>

</Placemark>



<Placemark>

<styleUrl>#startStyle</styleUrl>

<name>

Cluster 2 Start Palm

</name>


<Point>

<coordinates>

101.63463699471905,2.700876177790121,13.277606794398157

</coordinates>

</Point>

</Placemark>



<Placemark>

<styleUrl>#endStyle</styleUrl>

<name>

Cluster 2 End Palm

</name>


<Point>

<coordinates>

101.63463616712987,2.7011592065542946,13.270208043553472

</coordinates>

</Point>

</Placemark>



<Placemark>

<styleUrl>#startStyle</styleUrl>

<name>

Cluster 3 Start Palm

</name>


<Point>

<coordinates>

101.63560755984983,2.7008755505284494,13.230799689941337

</coordinates>

</Point>

</Placemark>



<Placemark>

<styleUrl>#endStyle</styleUrl>

<name>

Cluster 3 End Palm

</name>


<Point>

<coordinates>

101.63593119858443,2.7008752976487784,13.215303582804292

</coordinates>

</Point>

</Placemark>



<Placemark>

<styleUrl>#startStyle</styleUrl>

<name>

Cluster 4 Start Palm

</name>


<Point>

<coordinates>

101.63601222042496,2.7018566925914604,13.213574987018369

</coordinates>

</Point>

</Placemark>



<Placemark>

<styleUrl>#endStyle</styleUrl>

<name>

Cluster 4 End Palm

</name>


<Point>

<coordinates>

101.63625352586853,2.701997255564047,13.205367697208086

</coordinates>

</Point>

</Placemark>



<Placemark>

<styleUrl>#startStyle</styleUrl>

<name>

Cluster 5 Start Palm

</name>


<Point>

<coordinates>

101.63706418768105,2.7008793490211853,13.151808537370577

</coordinates>

</Point>

</Placemark>



<Placemark>

<styleUrl>#endStyle</styleUrl>

<name>

Cluster 5 End Palm

</name>


<Point>

<coordinates>

101.6374680139621,2.701017086220787,13.128734413649205

</coordinates>

</Point>

</Placemark>



<Placemark>

<styleUrl>#startStyle</styleUrl>

<name>

Cluster 6 Start Palm

</name>


<Point>

<coordinates>

101.6375485900636,2.701436307366434,13.132668997128874

</coordinates>

</Point>

</Placemark>



<Placemark>

<styleUrl>#endStyle</styleUrl>

<name>

Cluster 6 End Palm

</name>


<Point>

<coordinates>

101.63779340110345,2.701584627806222,13.122400803934116

</coordinates>

</Point>

</Placemark>



<Placemark>

<styleUrl>#startStyle</styleUrl>

<name>

Cluster 7 Start Palm

</name>


<Point>

<coordinates>

101.63868268614854,2.700877815099059,13.096387409331435

</coordinates>

</Point>

</Placemark>



<Placemark>

<styleUrl>#endStyle</styleUrl>

<name>

Cluster 7 End Palm

</name>


<Point>

<coordinates>

101.63925010461298,2.7010128562296254,13.056897923289075

</coordinates>

</Point>

</Placemark>



<Placemark>

<styleUrl>#startStyle</styleUrl>

<name>

Cluster 8 Start Palm

</name>


<Point>

<coordinates>

101.63916951223814,2.7017184484620866,13.086450459041743

</coordinates>

</Point>

</Placemark>



<Placemark>

<styleUrl>#endStyle</styleUrl>

<name>

Cluster 8 End Palm

</name>


<Point>

<coordinates>

101.63965289420707,2.702558089581615,13.115327624007767

</coordinates>

</Point>

</Placemark>



<Placemark>

<styleUrl>#startStyle</styleUrl>

<name>

Cluster 9 Start Palm

</name>


<Point>

<coordinates>

101.64127341846059,2.7019901082853615,12.971363965322265

</coordinates>

</Point>

</Placemark>



<Placemark>

<styleUrl>#endStyle</styleUrl>

<name>

Cluster 9 End Palm

</name>


<Point>

<coordinates>

101.6411108258313,2.701990022673842,12.991431381431896

</coordinates>

</Point>

</Placemark>



<Placemark>

<styleUrl>#startStyle</styleUrl>

<name>

Cluster 10 Start Palm

</name>


<Point>

<coordinates>

101.64135329294727,2.7029765297084367,12.953171910275755

</coordinates>

</Point>

</Placemark>



<Placemark>

<styleUrl>#endStyle</styleUrl>

<name>

Cluster 10 End Palm

</name>


<Point>

<coordinates>

101.64005847408944,2.7029732063669063,13.106212975718899

</coordinates>

</Point>

</Placemark>



<Placemark>

<styleUrl>#startStyle</styleUrl>

<name>

Cluster 11 Start Palm

</name>


<Point>

<coordinates>

101.64005941562202,2.7040995472210683,13.074669336096457

</coordinates>

</Point>

</Placemark>



<Placemark>

<styleUrl>#endStyle</styleUrl>

<name>

Cluster 11 End Palm

</name>


<Point>

<coordinates>

101.6400580168358,2.7038205832238638,13.091931687693576

</coordinates>

</Point>

</Placemark>



<Placemark>

<styleUrl>#startStyle</styleUrl>

<name>

Cluster 12 Start Palm

</name>


<Point>

<coordinates>

101.63876350419676,2.7040981495833867,13.109797015696815

</coordinates>

</Point>

</Placemark>



<Placemark>

<styleUrl>#endStyle</styleUrl>

<name>

Cluster 12 End Palm

</name>


<Point>

<coordinates>

101.63876257159349,2.7038182562750914,13.123180186154482

</coordinates>

</Point>

</Placemark>



<Placemark>

<styleUrl>#startStyle</styleUrl>

<name>

Cluster 13 Start Palm

</name>


<Point>

<coordinates>

101.6373875408719,2.7039658830255533,13.170772768905714

</coordinates>

</Point>

</Placemark>



<Placemark>

<styleUrl>#endStyle</styleUrl>

<name>

Cluster 13 End Palm

</name>


<Point>

<coordinates>

101.63738870248756,2.7036799596353327,13.176305322880863

</coordinates>

</Point>

</Placemark>



<Placemark>

<styleUrl>#startStyle</styleUrl>

<name>

Cluster 14 Start Palm

</name>


<Point>

<coordinates>

101.6348794623085,2.7040986084417296,13.289077651579998

</coordinates>

</Point>

</Placemark>



<Placemark>

<styleUrl>#endStyle</styleUrl>

<name>

Cluster 14 End Palm

</name>


<Point>

<coordinates>

101.6348797345759,2.7038181796447587,13.286714938481158

</coordinates>

</Point>

</Placemark>



<Placemark>

<styleUrl>#startStyle</styleUrl>

<name>

Cluster 15 Start Palm

</name>


<Point>

<coordinates>

101.63350278111221,2.7036785357385655,13.336237759365536

</coordinates>

</Point>

</Placemark>



<Placemark>

<styleUrl>#endStyle</styleUrl>

<name>

Cluster 15 End Palm

</name>


<Point>

<coordinates>

101.63350304211258,2.703117647601777,13.333990008859928

</coordinates>

</Point>

</Placemark>



</Folder>



<Folder>

<name>3D Coverage Routes</name>



<Placemark>

<styleUrl>#cluster0</styleUrl>


<name>

Cluster 1 3D Drone Path

</name>


<LineString>


<tessellate>0</tessellate>


<altitudeMode>absolute</altitudeMode>


<coordinates>

101.63358284930534,2.7021395846754035,16.32504707999451 101.63374597429014,2.702138347331714,16.319393875435907 101.6339892405294,2.7019983342403826,16.308245591643278 101.63431099899643,2.7028419768064227,16.29970089549301 101.63406899197828,2.7026979914675957,16.30816811263218 101.63414924174165,2.7028409122177774,16.305825160008165 101.63398843668733,2.7025572771072084,16.31108228076423 101.63390628003368,2.702978044244973,16.315526986191344 101.63406891181597,2.702978758482798,16.30954931534287 101.63374586340063,2.7029788031444584,16.322175664895166 101.6335837313827,2.7029779454878997,16.329480231747517 101.6335013787885,2.7025582486319735,16.330610739352423 101.63366506370312,2.7022786206635834,16.32297030536464 101.63422977712617,2.702697680334352,16.301764457415732 101.6341504245863,2.702558138881095,16.30411812108613 101.63414903421135,2.701997493069771,16.299264605851036 101.63439312014407,2.702419897017711,16.28944062023585 101.63439350875481,2.702138458574811,16.284638026801968 101.6343107932747,2.701997673402682,16.28884938933264 101.63447464787986,2.7019968836364914,16.27831192608086 101.63447320615953,2.7022819703833285,16.281894432036722 101.63447333098689,2.702841709603351,16.29252503036421 101.63423011449026,2.7029785671016073,16.303856811454644 101.63382542569539,2.7028409707055947,16.31788542621905 101.63374600108,2.70269765301041,16.32074441488638 101.63398892822269,2.702840505869822,16.311577926185326 101.63382531996272,2.702279433936605,16.317180164196905 101.63390673233359,2.7024201146942946,16.314282819373794 101.63415118872192,2.7022814519952125,16.30157781220452 101.6339872551068,2.7022807662876893,16.310263234540376 101.63447345726158,2.702558160076163,16.287890744201107 101.63455494299052,2.702138844564389,16.274651698419877 101.63479651922002,2.7022815719363202,16.262658132356982 101.63455537959285,2.7024189470314783,16.280146692595164 101.63471756893613,2.7024177383066452,16.270904654407786 101.63463608664802,2.7022825534127644,16.27223840264046 101.63487951543212,2.7026981913435004,16.27090570447946 101.63487728216998,2.702419064520265,16.262309763101165 101.63471765032614,2.7026987062770087,16.27828105605319 101.63463633005719,2.702559262838411,16.279176214875722 101.63479725202104,2.702559781697521,16.270829574481613 101.63479718538083,2.7028429353459216,16.27735188597895 101.63495905330618,2.702842649213287,16.270878515818588 101.63487848902753,2.7029776542669968,16.27581800333339 101.63471584117013,2.7029779905013287,16.282428374203764 101.63479726159615,2.703115413080754,16.280046464182554 101.63455348293094,2.7026983876993413,16.28648472373378 101.63495907516524,2.7025609936368813,16.263350173765126 101.63487959030664,2.702140170499645,16.254881617593252 101.63496031529623,2.702280598033682,16.2537739932993 101.63479651348896,2.7019952226947983,16.2584052983928 101.63463503873481,2.7028426074969483,16.28468119822261 101.63439341306311,2.7026974256947054,16.294442232367295 101.63439421784271,2.702978171530552,16.297387785089715 101.634554373761,2.702977238561379,16.289967873714808 101.63447334172993,2.7031149385729716,16.294856532752313 101.6346344774811,2.703116260896438,16.28714863587929 101.63431070551493,2.7025587623756993,16.296412973239494 101.63423212150964,2.702137494588172,16.295110418235932 101.6342302799971,2.702419059597519,16.298677170421215 101.63406932405168,2.702420130036335,16.307056222388525 101.63390768252658,2.7026971416800736,16.314313970291252 101.63374551188932,2.7024192547648225,16.32049214861572 101.63382627636142,2.702557457477667,16.317480076896977 101.63366533664995,2.702557532540242,16.32378496098586 101.63350346020657,2.702277540127433,16.328785182286243 101.6335829584362,2.7024189728397197,16.326563922486063 101.63366446771168,2.7028400899312452,16.32483032438979 101.63350347910682,2.702838839444949,16.33225984179314 101.63358371568238,2.7026975659116452,16.32774513871892 101.63390776650101,2.7021396609500483,16.313071860846044 101.63406930399015,2.702138611846499,16.305008343108014 101.63431210668597,2.7022813344377234,16.291807131002436 101.6347154370423,2.702140085387975,16.26483679686916 101.63463605035616,2.70199608222782,16.26847414625003 

</coordinates>

</LineString>

</Placemark>



<Placemark>

<styleUrl>#cluster1</styleUrl>


<name>

Cluster 2 3D Drone Path

</name>


<LineString>


<tessellate>0</tessellate>


<altitudeMode>absolute</altitudeMode>


<coordinates>

101.63463699471905,2.700876177790121,16.277606794398157 101.63455369734638,2.7010171364395505,16.277507741076107 101.63447385415628,2.700874900423752,16.284968405439386 101.63431091662868,2.7011596216512284,16.28608093158237 101.63439161857735,2.7015809101206743,16.27987607064408 101.63415118548178,2.7017190531289073,16.296944358315493 101.63414995274951,2.701438031098827,16.294792385609984 101.63406943645367,2.701580377078476,16.300927594234416 101.63431104641086,2.7017183040146433,16.286466708296626 101.63423118891853,2.701860535617304,16.29309945986155 101.6345558506071,2.701858974125236,16.27247541372993 101.63447262951212,2.701717517917773,16.2762319099129 101.63439377275228,2.7018597743654245,16.282475586777416 101.63463704387031,2.7017170369391246,16.266574269699348 101.6346370279058,2.7014362137699677,16.266008983851002 101.63455393819514,2.701298764416686,16.271419514679728 101.63447381432431,2.7014368763710594,16.27449254643023 101.63439384308724,2.7012986623220447,16.279567828012702 101.63422992040837,2.7015807748818514,16.2903986535715 101.63431260440228,2.7014377150484385,16.28399841949941 101.63398789321438,2.70143781711494,16.305322326505788 101.6339068424109,2.7018598892641443,16.31128771741934 101.63382559173733,2.7008782326933987,16.31442403646125 101.6335024503575,2.7008777577705154,16.3249858756841 101.63358326292477,2.701017562185978,16.323526274241736 101.63350335630038,2.7011593045307323,16.32749665213933 101.63366438247745,2.7008769992229205,16.319913941105142 101.63366315010545,2.7011581620430825,16.321480895056677 101.63382642858993,2.7011593725216767,16.31421647693328 101.6338257794652,2.7014387737086296,16.314412988258752 101.63390701042819,2.7013001896334754,16.309969425305326 101.63398928665255,2.7017185673302024,16.306511485179968 101.63390734046634,2.7015806134634035,16.31030027162659 101.63382582032699,2.701718872988971,16.314344567808796 101.63358222382263,2.7015785443266207,16.324402049881925 101.63374552047917,2.7018597656973404,16.317728939922535 101.63366519405396,2.7019973343617347,16.321254600704506 101.63382608398179,2.7019986201210577,16.315470604857143 101.63350206619165,2.701719571632347,16.326680640319395 101.63350149689566,2.701438525491111,16.32819072247276 101.63358249837235,2.701859260542423,16.323504236409832 101.63350385151547,2.7019980298374002,16.326963466508072 101.63406888061013,2.7018611936222454,16.303079370334075 101.63374412685806,2.7015793746746777,16.317969480169555 101.6336651604346,2.7017197207398094,16.320624744746787 101.63366515151883,2.701438749039939,16.321750122663175 101.63374570151693,2.7012992858623583,16.318307966962905 101.6335844191232,2.701299396816955,16.325124615842796 101.63374627594452,2.7010181931080193,16.317523337323724 101.63390630667783,2.701018718423473,16.31051868451448 101.63415056929799,2.700875899558446,16.300380376327645 101.63398872885116,2.700876919132658,16.307873025595242 101.63423131869573,2.7010190699756254,16.29324166389161 101.63406858728655,2.701020025481428,16.302174741683427 101.6339885378129,2.7011599558943415,16.305470386328388 101.6340697457915,2.7012999440231193,16.299970988124795 101.63414896667352,2.701160290840064,16.295758074659915 101.6342319784355,2.701299837186699,16.289345903542532 101.63431102205948,2.7008747226004557,16.292568674423332 101.6343939673858,2.7010181075318984,16.284806731344155 101.63455418197682,2.701581704137646,16.270456609861156 101.63447473800896,2.7011604272903713,16.277561569627828 101.63463616712987,2.7011592065542946,16.270208043553474 

</coordinates>

</LineString>

</Placemark>



<Placemark>

<styleUrl>#cluster2</styleUrl>


<name>

Cluster 3 3D Drone Path

</name>


<LineString>


<tessellate>0</tessellate>


<altitudeMode>absolute</altitudeMode>


<coordinates>

101.63560755984983,2.7008755505284494,16.230799689941335 101.63520183799928,2.7013008604001416,16.2458337944516 101.6352830908077,2.7011585530114837,16.246300530465017 101.63504114678665,2.7015819435969974,16.244693063066897 101.63496021810117,2.701995903332679,16.248684661465866 101.63503937533841,2.7021390976996855,16.24666582632579 101.6348778417771,2.70158119934669,16.252550436820105 101.63487934737091,2.7018579866363526,16.2524406552063 101.63479876660004,2.701715829649496,16.25682603230244 101.63471550048502,2.7018578953293027,16.262701267932425 101.63495867336987,2.701158865081028,16.257182348706074 101.63487720430798,2.701300271790514,16.256820488624495 101.63503992426423,2.701300603079609,16.250889871828477 101.63512222232022,2.701717116388644,16.239807730685058 101.63520157073445,2.701582095927027,16.238703341814446 101.63504008536938,2.7018567470265085,16.24348864091188 101.63512018458013,2.7014368822783803,16.244719063809864 101.63504173735998,2.701017250473015,16.25702240846379 101.63512043495652,2.7011588627083145,16.251707040515893 101.6349583511321,2.7008755605090347,16.262659168520628 101.63487863563407,2.7010165371669643,16.263509519194645 101.63471606440147,2.701016095912226,16.270359976421858 101.63479817024837,2.7008767971574246,16.27015824037688 101.63479833259794,2.7011597246849584,16.263240460260842 101.63479630833307,2.701435216093723,16.25802979546384 101.63471694353139,2.7012990569156003,16.263716420542718 101.63471678871517,2.7015811058088257,16.26139077027097 101.63496062076138,2.701435640814019,16.25063594749684 101.63495907767322,2.70171683801262,16.247552579241336 101.63520315836814,2.7010173990875335,16.25070841649678 101.63512085866581,2.7008757355365796,16.25489837430899 101.63536387446206,2.701016911471697,16.244102750266173 101.63528245516794,2.7008769475366097,16.247053107053055 101.63544407648192,2.7008766338039765,16.2390532697537 101.63536395890704,2.701302088335851,16.24084149515537 101.63552625707965,2.7010176478436465,16.236792661825483 101.63544596894836,2.70115727532858,16.240271490986814 101.63544557622072,2.701436878802263,16.23495102273175 101.63552653697742,2.701301093181792,16.235076534331533 101.63552509594578,2.7015832410206473,16.22929235850775 101.63512234034566,2.7019967893842076,16.241093400640686 101.63520361374675,2.7018575576273283,16.236714403085955 101.6352840495176,2.701996049194925,16.235964698028443 101.63544473804866,2.701995154972488,16.232219871989074 101.63536531024468,2.7018562878070593,16.232092736698167 101.63552580797008,2.701855861251024,16.228083510358488 101.63560702588927,2.7017174754235733,16.22527989577349 101.63568843008163,2.7015822545063997,16.223709733564544 101.6356881005739,2.7018567918527134,16.223302059505404 101.6352824657629,2.7017166452105212,16.23430741320399 101.63536289116662,2.7015824996029947,16.233986184844383 101.63528446627686,2.701435732956386,16.239765025341057 101.63544564150544,2.701716367193309,16.229929926820727 101.63560729589821,2.701156100340015,16.233269451909578 101.63568784663427,2.701018011520159,16.228921834702703 101.63560740780756,2.7014364914700786,16.2292513330449 101.6356880501907,2.701299932414854,16.228274174471814 101.63576936790209,2.701716427488255,16.220021424191074 101.63585103484776,2.7012994283590395,16.221508373698846 101.63592994721853,2.7017162227472187,16.215284945505477 101.6358492008419,2.7015821650478453,16.21827808934168 101.63593153957923,2.7014374797343823,16.217246817190805 101.635769725032,2.7014365654566346,16.222874877116304 101.63576917552116,2.701156511252196,16.225708424337718 101.63593150650159,2.7011553128118955,16.21882315198579 101.63584867530672,2.7010189353637704,16.221296900638237 101.63576979645745,2.7008760493066095,16.22262120502308 101.63593119858443,2.7008752976487784,16.215303582804292 

</coordinates>

</LineString>

</Placemark>



<Placemark>

<styleUrl>#cluster3</styleUrl>


<name>

Cluster 4 3D Drone Path

</name>


<LineString>


<tessellate>0</tessellate>


<altitudeMode>absolute</altitudeMode>


<coordinates>

101.63601222042496,2.7018566925914604,16.21357498701837 101.63593179191797,2.7019955016708375,16.218073159900243 101.63585073293002,2.7018566452001953,16.218373543983535 101.63593182312002,2.7022804411332833,16.22265798800086 101.63560743504493,2.701996227968435,16.228068650218617 101.63576985914803,2.7022798692303875,16.2288741687807 101.63568915287104,2.7021373235115402,16.22863853787909 101.63552657045102,2.702138169363039,16.233335077422822 101.63560674767496,2.702280685354905,16.234358346332538 101.63601293757948,2.702137218542714,16.217505161140053 101.63609214376517,2.7019961133731445,16.21237395992655 101.63625384205994,2.7022802194247304,16.205733948781756 101.63617228308244,2.7021365076400614,16.210204220416173 101.63584947540075,2.702419645344301,16.227340207181314 101.63593075534007,2.7028427996730247,16.222383157649613 101.63544607446288,2.7028431378172613,16.249960908170557 101.63528421607451,2.702843928203932,16.257774518303812 101.6352025984997,2.702975950426782,16.263426283186273 101.63552505335699,2.7029748766054142,16.247388750963484 101.63520210513751,2.7024176127747785,16.2491744542522 101.63528224464251,2.7025614014863253,16.25132823607793 101.63512178083381,2.702280555284654,16.247081528100367 101.63512233222393,2.702561010286074,16.256899302444996 101.63504035916013,2.7024183575744214,16.254845288053495 101.63504104065024,2.702696852614079,16.26430080954406 101.63512245853644,2.702842861473814,16.264571385803162 101.63536385700064,2.7029758831492527,16.25598706463154 101.63520346647461,2.7026973638165597,16.258031086470307 101.63520339157661,2.7021391232155487,16.240767684750562 101.63528252042246,2.7022811447277824,16.24253674313409 101.63552548497978,2.702694911859281,16.24419931857696 101.6353652405375,2.702696158524352,16.25144926403674 101.63544456542829,2.7025609275465095,16.245579136691347 101.63536375253193,2.7024188851184983,16.244659119424107 101.63568846518832,2.702419132862609,16.233946122927666 101.63576979868793,2.7019961744736425,16.22313806165136 101.63585095225137,2.702136021159126,16.223456914113424 101.63536312233987,2.702138756757357,16.23696872559342 101.63544556002965,2.7022808034109747,16.238797475248383 101.63552683931539,2.70241850200271,16.23981520892795 101.63576778483241,2.702843475756026,16.232058947154748 101.63585043106751,2.702975076450977,16.228071908593684 101.63568666576312,2.7029761970645483,16.238016037883426 101.63560758711871,2.702843265156143,16.241280568169216 101.63560619974471,2.702560108621157,16.239021915642667 101.63568767430661,2.7026948237572803,16.236060408179043 101.63576917964792,2.7025590909069104,16.231587269059666 101.63585015619759,2.7026937105430915,16.22726087355013 101.635929764565,2.7025580828704507,16.223376283637762 101.63617263148731,2.702421359929887,16.209984104909 101.63633437871742,2.7024217378136752,16.199798038507097 101.63633572516866,2.7026935123949536,16.200093167541127 101.63625503077,2.7028437745697165,16.20577594344186 101.63617359732775,2.7029744127188535,16.211385155863212 101.63633599193723,2.7029755689638275,16.20602415405814 101.63617221357228,2.7026945936238036,16.208668550709948 101.63609321464043,2.7025573016391946,16.2139341941966 101.63625504638638,2.7025570339031413,16.204083259744245 101.63609208409265,2.7028434320522385,16.213389137765027 101.63609249690334,2.7031143579086296,16.217712664659874 101.63601224235983,2.7029741422042,16.218847218003447 101.63625521696996,2.7031135930428145,16.2120344033437 101.63601143288585,2.702694948975955,16.21792945256304 101.63601088586364,2.702420536074133,16.21940831907875 101.6360920826501,2.702280664022453,16.215007855822925 101.63633617365547,2.70213739662516,16.201314393085504 101.63649631683765,2.702420840776866,16.190144939967254 101.63641547110329,2.702280948054304,16.1957812146285 101.63657889096442,2.7022805126372687,16.186528666666607 101.63625352586853,2.701997255564047,16.205367697208086 

</coordinates>

</LineString>

</Placemark>



<Placemark>

<styleUrl>#cluster4</styleUrl>


<name>

Cluster 5 3D Drone Path

</name>


<LineString>


<tessellate>0</tessellate>


<altitudeMode>absolute</altitudeMode>


<coordinates>

101.63706418768105,2.7008793490211853,16.151808537370577 101.63674015016048,2.7011545186631585,16.177703660330426 101.63641525667323,2.701717621916514,16.198764650538287 101.6362535372402,2.701716510977554,16.205347322178987 101.63617383813829,2.7015826608127327,16.20876192375317 101.63633439493336,2.7018581500809558,16.20152627494301 101.63617261295639,2.7018569118180364,16.20816587426128 101.63609289986873,2.7017171860674383,16.21064925177934 101.63657782787925,2.7019962907464574,16.188875895621173 101.63649789541059,2.7018580133901766,16.193831468630673 101.63681982917343,2.701583124522448,16.179312914029268 101.63649739206421,2.7015832685840016,16.195844199213674 101.63665967577917,2.7015826212444107,16.187727767777524 101.63633643243733,2.7015830673696235,16.202949102830335 101.6364161812065,2.701154542221853,16.197576585859952 101.6362557819167,2.7008770188627644,16.201852496188035 101.6364160186132,2.7008776019023766,16.19374925421148 101.6368211159071,2.7010175058958774,16.169974986661714 101.63673967225094,2.7008776108431904,16.173712524843133 101.63690184764967,2.7008783666486087,16.163126670504518 101.63674127171171,2.7014385875586835,16.18255208756533 101.63649737634532,2.7013001737114046,16.194900896398867 101.63665954305029,2.7010180622587465,16.180595064743002 101.63657899892766,2.701154080820883,16.18796264798694 101.63649754841086,2.7010186946217747,16.190880916864757 101.63633636664837,2.7010182871783153,16.19999134851762 101.6363366580846,2.7012993957628413,16.20309204489828 101.63617402799535,2.701299945385801,16.209901465209235 101.63601100738434,2.7012986432746433,16.215722413693854 101.63625492256364,2.7011542427065827,16.20570151851162 101.63665899894605,2.702138073384047,16.183909734018343 101.63649650949303,2.7021383067418165,16.192203450679926 101.63641662968156,2.701996663530038,16.19715990207023 101.63657938828868,2.7017176854887777,16.191095416302296 101.63666050492658,2.701857746258855,16.18601803340301 101.6370627779619,2.7017179639832194,16.16719203060579 101.63698348786367,2.7015826113805503,16.170246994592237 101.63698289098693,2.7018573100793835,16.171107964126332 101.63698353358141,2.701016560053904,16.158685970811398 101.63706317156878,2.7011552368991536,16.155336916174438 101.63706324791161,2.701437241110012,16.162799730051596 101.63690145765294,2.701438346693366,16.173117472373495 101.63714552497146,2.7013019565357577,16.15336223270327 101.63714405934391,2.701016948790513,16.146923609227215 101.63722666475927,2.7014359484681423,16.15201711191601 101.63738749095097,2.701435194073612,16.14185056923691 101.63738824309418,2.701155463204509,16.13370605693479 101.63746752647097,2.701303385554397,16.133228716981932 101.63738661491367,2.700878317803978,16.132468523085798 101.63730798653745,2.7010163631474975,16.136234392839544 101.63722508151652,2.701155348806616,16.143606100695333 101.6373058603659,2.701303284681308,16.142517800979412 101.6369834808673,2.701301135076362,16.16483819875286 101.6369014214113,2.701155507971098,16.167061530561877 101.6371458476326,2.701581337171689,16.160905738361777 101.63690068831039,2.7017175950165098,16.175295445439254 101.63682187147977,2.701856892256674,16.178541713017502 101.63674032801804,2.7017179513156275,16.18327877443761 101.6367408362822,2.7019965959005345,16.18125643976256 101.63682065035044,2.7013004032375707,16.175582678074747 101.63666023004579,2.7013007963119096,16.185439705883994 101.63657696871417,2.7014385883642995,16.191715986333236 101.63601271098184,2.7015826325213754,16.21350628909849 101.63625440027123,2.7014384290987112,16.206716677171507 101.63609309610017,2.701437120950915,16.2122264872836 101.63641607207715,2.70143745043017,16.19988194685024 101.63617257840131,2.701018911145939,16.20777211329507 101.63601135192633,2.701018522311777,16.214443947611333 101.63609242578192,2.7008757385853035,16.20878880971627 101.63609377717438,2.7011552255752918,16.212498908417594 101.63657897845562,2.7008773613128496,16.184047540238133 101.63722487878913,2.700878844158522,16.14098199046024 101.6374680139621,2.701017086220787,16.128734413649205 

</coordinates>

</LineString>

</Placemark>



<Placemark>

<styleUrl>#cluster5</styleUrl>


<name>

Cluster 6 3D Drone Path

</name>


<LineString>


<tessellate>0</tessellate>


<altitudeMode>absolute</altitudeMode>


<coordinates>

101.6375485900636,2.701436307366434,16.132668997128874 101.6372253368318,2.701717438173581,16.158985976597037 101.63714506430537,2.702137386384988,16.16484066335226 101.63746963071767,2.7015831843795697,16.14164173575126 101.63763175536631,2.701860673982561,16.13891056598584 101.63763112346004,2.7015837718086866,16.13190030498624 101.63730780701376,2.7015821019343385,16.151363471561194 101.63754843734691,2.7017176364362228,16.140568966753982 101.63738712238832,2.701716337869624,16.15018047403094 101.63738639735425,2.701995383224597,16.154853105637358 101.63730618049425,2.7018591893528896,16.156900308104895 101.63779315444688,2.7021378690091584,16.13680558120381 101.63771098474682,2.701994546452411,16.137395677976993 101.63771259495918,2.702279194567017,16.146452684973703 101.63762977507815,2.7021366968030374,16.14587340275299 101.63779238908539,2.7026918828887294,16.15806857516381 101.63771193852482,2.7025580601361545,16.157177559204868 101.63795375890449,2.7024194196174576,16.140542512894147 101.63803423725648,2.7022791441507885,16.129373538011652 101.6380362710785,2.7019943419103205,16.117878641985264 101.6379537461641,2.701861834339153,16.118835465039314 101.63811679627476,2.7021394671264782,16.11825635298909 101.6378742650133,2.701716305054782,16.120125671429456 101.63787454403699,2.7019950994797695,16.12749739130417 101.6377111796701,2.7017174935450017,16.13027437964935 101.63795508157165,2.7021383668345234,16.127559962077758 101.6378720975468,2.7022780220977594,16.13800253859513 101.63803524528929,2.7025569721507505,16.14335464220099 101.63779324679561,2.7024205002694095,16.1484162421066 101.63787271700967,2.702556760651183,16.150442622178435 101.63795474979082,2.702692042248496,16.15163997202555 101.63771049092237,2.7028452744191025,16.163613920755072 101.63746820991435,2.7026925839800904,16.167459316266044 101.6373868308397,2.702558039047931,16.16541699857337 101.63754855809198,2.7025573944501615,16.16224621367038 101.63763103140995,2.7026912684693545,16.163522236441683 101.637468389104,2.702420064125547,16.160337257544185 101.637549116724,2.7022792335967534,16.153817343931983 101.63738851962638,2.7022804403262515,16.15923407559513 101.63722655594094,2.7022802225303812,16.163296031930212 101.63722700313824,2.701994829855895,16.161382208233338 101.63714603120874,2.701858277729398,16.16404002599873 101.63706348436499,2.701995538629926,16.16752312837304 101.63682034345645,2.702139277907313,16.176897350113116 101.6369025222849,2.7019962616722744,16.174088635584596 101.63698339314408,2.7024195271103983,16.170186944902365 101.63665813579215,2.702419839168344,16.182217987634 101.63673913397231,2.702279840246011,16.179232320058013 101.63690282219154,2.702279330867426,16.17269455215892 101.63682058220375,2.70241866304571,16.17584663416077 101.63714591520004,2.702420329451505,16.166315374568352 101.63698228030134,2.7021384635262358,16.17033399978031 101.63706325630446,2.7022796494124055,16.167381961145956 101.63754833087712,2.7028445063315334,16.168614936931842 101.63738858510163,2.7028440657563824,16.172712433646613 101.63730644116839,2.7024210068460395,16.163591599903945 101.63763158821,2.702419566920774,16.155304418727653 101.63730540213251,2.70213756125753,16.15975192606801 101.63746891315668,2.7021370371534075,16.153578546494206 101.63746963460524,2.701860089146828,16.148522732413866 101.63754878175844,2.701995386000068,16.146801113384576 101.63779132299518,2.7018611375992463,16.128821199164975 101.63779340110345,2.701584627806222,16.122400803934116 

</coordinates>

</LineString>

</Placemark>



<Placemark>

<styleUrl>#cluster6</styleUrl>


<name>

Cluster 7 3D Drone Path

</name>


<LineString>


<tessellate>0</tessellate>


<altitudeMode>absolute</altitudeMode>


<coordinates>

101.63868268614854,2.700877815099059,16.096387409331435 101.63876351908543,2.701014568811161,16.091324201158336 101.63851980578815,2.700879102700808,16.106251970684887 101.63844109841084,2.7010148785994863,16.108453005375136 101.63811655432215,2.701015284382647,16.113783781157693 101.63819736121876,2.701155853855013,16.110156696012922 101.63803599831012,2.701155345814983,16.112863815405778 101.63787229490683,2.7014371061697617,16.11664350202536 101.63795350093129,2.7015858225221767,16.11357418433999 101.63803643633088,2.7017164061722965,16.110539969787453 101.63811598181056,2.7015853086087716,16.10505216956355 101.63819734463996,2.7017175359978585,16.10109036803797 101.63819728133646,2.7014390949362617,16.103261796954374 101.63843894622379,2.7013023159634257,16.10121760692897 101.63827747811733,2.701303217648398,16.10481470777404 101.63811594669993,2.701861987697165,16.108840075826638 101.63827850514522,2.701861898695677,16.09908578650858 101.63827776184371,2.701585377277915,16.097361709314683 101.63835971189864,2.7014382153203766,16.098215486249117 101.63844106979435,2.7018620983496793,16.091860004100738 101.63835943453861,2.701717788351859,16.092877520880286 101.63844084254384,2.7015859500808594,16.091398798926747 101.63924869039181,2.701585628741255,16.080155313417368 101.63900537507403,2.701718539913574,16.08637522904256 101.63884548723252,2.7014383418629633,16.08552080674543 101.63884586723549,2.700878801550915,16.083758485770073 101.63892676173452,2.7010136456469533,16.07928912670875 101.63908769838257,2.7013028356578235,16.075321530700847 101.63900697909288,2.70115496453853,16.07632409997405 101.63916740321314,2.70143891784667,16.076474306994392 101.63884350069789,2.7011538976829144,16.086542116342205 101.63868211927647,2.7011539048235087,16.09610218233643 101.63876283742822,2.7013019169371844,16.09005168376934 101.63851950998956,2.7014374359319775,16.09400380549306 101.6385208822543,2.7011544878979232,16.103371355696247 101.63827772110135,2.701015174695272,16.111914368557784 101.63803428109217,2.7008780161929296,16.11703843542883 101.63779256258296,2.7013039032765414,16.119475526317224 101.63763042918164,2.7013036158287442,16.125787938749 101.6375506984689,2.701155726866108,16.126669065028473 101.63771232863395,2.701154765897006,16.12167070729579 101.63771004182445,2.7014360878987027,16.12436659690188 101.6377110136124,2.7008775651158285,16.123695089729225 101.63762924733328,2.7010171838834145,16.123990041285367 101.6375491023594,2.7008781409235527,16.127077957835553 101.637792202856,2.7010163919526997,16.12035426972302 101.637952905691,2.701016219434638,16.116569079007597 101.63787220293695,2.7008786055637017,16.12033806401096 101.63819700348414,2.700878593938937,16.114876167516055 101.63787365165933,2.701155222288256,16.117109562954575 101.6379539998032,2.7013032791937523,16.113499239896697 101.63835938611841,2.7008785082585587,16.11206588637954 101.63803484081255,2.7014380094289145,16.10945303871523 101.63836009096472,2.7011551020839653,16.107693353973318 101.63811670875782,2.7013040415700913,16.108485970113883 101.63868147553883,2.7014386770380443,16.089883621761985 101.63860225066084,2.701587158388609,16.08773063884907 101.6386814179008,2.701719453135994,16.085910617534445 101.63852196199392,2.701718478569138,16.087689501493408 101.63892626320025,2.7013015746599915,16.082620605559665 101.6392504133038,2.7013021424891006,16.068374633403234 101.63908740350861,2.701012594668277,16.067600856182903 101.6391685341658,2.7011554506778275,16.06671319809322 101.63900653464668,2.700879923517906,16.070891883363693 101.63860261041539,2.7013026509393616,16.096346916222295 101.63860068275159,2.701013646861409,16.10168267322866 101.63884564872703,2.701718326794186,16.086079612697617 101.63876312333794,2.701585956606183,16.08576674858076 101.63908724869029,2.7015842924462357,16.082356133193105 101.63900680019626,2.7014386541213433,16.08091997633693 101.63892470342222,2.7015851895416496,16.084174025471604 101.6391689926876,2.7008803417111986,16.058345563805712 101.63925010461298,2.7010128562296254,16.056897923289075 

</coordinates>

</LineString>

</Placemark>



<Placemark>

<styleUrl>#cluster7</styleUrl>


<name>

Cluster 8 3D Drone Path

</name>


<LineString>


<tessellate>0</tessellate>


<altitudeMode>absolute</altitudeMode>


<coordinates>

101.63916951223814,2.7017184484620866,16.086450459041743 101.63876262884608,2.7018616358880267,16.089103627890427 101.63924970314638,2.701862684041175,16.092944430337308 101.63908627615854,2.7018622762867808,16.09224602739127 101.63916737770842,2.701992026369829,16.099440695576284 101.63916917468468,2.7022785788884236,16.11305651990682 101.63924993054279,2.702140882106454,16.107411561311416 101.63868315336046,2.702279516358772,16.10784313487569 101.63876415667255,2.7024218487288203,16.116559105789754 101.6386832165592,2.702557628436513,16.124908023410136 101.63884376544584,2.7022797274681496,16.10941998264628 101.63852168439654,2.702280045212985,16.108612754822193 101.63844083327395,2.7021417008679043,16.102748407059906 101.6386022141442,2.7021420479398306,16.100323893743685 101.63819818039298,2.7019953569428465,16.10806413137808 101.638358065364,2.701994471910618,16.099607881901548 101.63827777052973,2.7021406001847446,16.10928843146916 101.63860229341236,2.701861133934101,16.088718493058003 101.63852006855765,2.7019949697785446,16.0946530952954 101.6390060459174,2.7019922200249904,16.09766514707256 101.63876432292105,2.702142627461013,16.101435455085067 101.63884388043327,2.701993101663941,16.095622658230386 101.63908662826802,2.70214189956182,16.105928526170473 101.63908623702346,2.70242270352393,16.118236237549556 101.63900627183524,2.7022786955457923,16.111301415031598 101.63892546068286,2.7024213966300192,16.117315063577692 101.63933079832265,2.7025569447004383,16.121534335158103 101.6391692433065,2.7025560455545827,16.12288861028255 101.63900528508964,2.7025566237783734,16.12332006375596 101.63876417087464,2.7026922999210052,16.131131879938266 101.63892547245821,2.7026929368411343,16.12903044393785 101.63884333825652,2.7028445050782017,16.135304397507927 101.6386016602655,2.7026929083143845,16.13371696190867 101.63811625251299,2.7024200514653134,16.13266001699715 101.63852205123526,2.7025565714446294,16.127060131226127 101.63835837764518,2.702555363677544,16.131010056971995 101.63827666408466,2.7024206464122154,16.125315953845927 101.63819816502456,2.70255610542768,16.136629745004015 101.63819706000864,2.7022793297454553,16.12054765709469 101.63835964417586,2.7022791109546187,16.112955304019195 101.63860141184107,2.7024210167891827,16.116855264807565 101.63844078342571,2.7024200691793863,16.119583657271082 101.63811540457237,2.7026924506584145,16.14574144206535 101.63835978231664,2.7028445822539324,16.144378452496603 101.63827837505796,2.7026934471234836,16.14079305560319 101.63851978572477,2.7028452732796446,16.141638739228284 101.6384385033973,2.7026931592377346,16.136882119234077 101.63843848987766,2.7029735899330443,16.145617611865106 101.63868239718899,2.7031158166553912,16.14282016914464 101.63860186296273,2.702973572431817,16.143150718551645 101.63876446826247,2.7029746543791107,16.139880010577226 101.63868145051829,2.702845036479445,16.138622957321942 101.6389242656584,2.7029742353133113,16.13612042639442 101.63900723434877,2.702845670102951,16.132088594924024 101.63908793860635,2.7026938666553164,16.127263673317117 101.63884360805315,2.702557303635182,16.123882514355092 101.63892414104212,2.701861177041089,16.090761076864784 101.63868167568928,2.701994311585103,16.093848651987564 101.63892589375092,2.70214231957737,16.103817839167874 101.63925011750237,2.7024228249833353,16.118717474105203 101.63941132521161,2.7026927783011208,16.12196217862619 101.63916745172334,2.7028469676884517,16.12909081518501 101.6392481246778,2.702693742820326,16.125172866100186 101.63949242508704,2.7025569215164986,16.11883917727289 101.63965289420707,2.702558089581615,16.11532762400777 

</coordinates>

</LineString>

</Placemark>



<Placemark>

<styleUrl>#cluster8</styleUrl>


<name>

Cluster 9 3D Drone Path

</name>


<LineString>


<tessellate>0</tessellate>


<altitudeMode>absolute</altitudeMode>


<coordinates>

101.64127341846059,2.7019901082853615,15.971363965322265 101.64135375113092,2.7018624501309496,15.963127917113024 101.64119307021834,2.7018631796659,15.981409683530222 101.64127361231516,2.701721583444141,15.97403070374099 101.64119134895358,2.7015833421825093,15.984204469043132 101.64111146124196,2.7014399695836753,15.991347542469438 101.6411116608101,2.70172132287416,15.991460937428208 101.64102883634642,2.7015833079181593,15.99959059612413 101.64094835693521,2.70172049894553,16.008449454649927 101.64103095847628,2.7012996407930587,15.99410944660772 101.64135292908378,2.701584153942993,15.968052690425104 101.64135365233416,2.70130005669122,15.968898004331262 101.6412730935742,2.7014408626645054,15.97703709746631 101.64119092918374,2.70129922672648,15.982855058947484 101.64102988803948,2.701014393523852,15.984289488093202 101.6409485953623,2.7008808416189383,15.98335179218512 101.64127184370025,2.701153341674003,15.9728917652357 101.64135261744272,2.701013843818628,15.962298686844777 101.64119140276001,2.7010145035847324,15.974744526838192 101.64127178020911,2.7008804977230114,15.964509658880639 101.64111007848635,2.700881157227309,15.975741788399231 101.64086744062833,2.701013635975108,15.989947769019162 101.64111148420447,2.701154102621958,15.98471205834396 101.64078758736012,2.700879886229702,15.987846101545593 101.64070563231772,2.7010124460803002,15.993272812955533 101.64062487410077,2.7008803577664353,15.991557959306315 101.64078776767883,2.701156219029602,15.99723586910061 101.64094975096344,2.7014393197746287,16.00284193445247 101.64086670507194,2.701581986130632,16.011976784494877 101.64062440261064,2.7014390639564314,16.01480598969559 101.64078664365456,2.7014388392134636,16.010327347100542 101.64070604485931,2.7013000578451374,16.005543877363365 101.6408670769109,2.7012988360192915,16.00148871776657 101.6409499649891,2.7011554326328238,15.992809581077925 101.64103073502439,2.701862076772785,16.000794595177283 101.64078612568734,2.701719589893223,16.021834236032642 101.6408682396314,2.7018633292786163,16.018933102419233 101.64070533428152,2.7018619956145846,16.032896996540096 101.64062603704859,2.701720467210094,16.030884701528237 101.64070506729644,2.7015832107232036,16.020311613587076 101.6403827312397,2.701301512127852,16.01442593663068 101.64062594673452,2.70115535379668,16.00021329112606 101.64046328928205,2.700879144016927,15.99698423697707 101.64054360954435,2.701012792517644,15.997193558389704 101.64054457617914,2.7013010607192816,16.00892125778835 101.64046379458377,2.7011554547265963,16.004878180125516 101.64046298420136,2.701439235558875,16.01888434960385 101.64038331302265,2.7018638352936084,16.04933438345518 101.6405455536908,2.7018625760486086,16.042316586903855 101.64046225474866,2.7017197187423743,16.037101244862555 101.64038151378162,2.701585241320647,16.0307850110041 101.64054514942846,2.701584046397297,16.0256817243054 101.64094792138633,2.701990485993443,16.012398569532625 101.6411108258313,2.701990022673842,15.991431381431896 

</coordinates>

</LineString>

</Placemark>



<Placemark>

<styleUrl>#cluster9</styleUrl>


<name>

Cluster 10 3D Drone Path

</name>


<LineString>


<tessellate>0</tessellate>


<altitudeMode>absolute</altitudeMode>


<coordinates>

101.64135329294727,2.7029765297084367,15.953171910275755 101.64135254439269,2.702422316289104,15.954103300288978 101.64135345902193,2.7026903166560183,15.950191219779096 101.64119059149212,2.702143917130988,15.980895535767596 101.64127290722148,2.702277741216876,15.968161049734105 101.64135455241947,2.7021432990503715,15.960034812626155 101.64119234909235,2.70242128134768,15.976899897762383 101.64127226981898,2.702561438575728,15.963241313834803 101.64127196570392,2.702843158717432,15.96431867879845 101.64119170041168,2.7026891581381918,15.975707724486261 101.64119185319902,2.7029751986893213,15.9808694785521 101.64111155995887,2.702844244077872,15.992221356557046 101.64103071682294,2.7029748236898206,16.01074656025233 101.64094897725802,2.7025591534239255,16.01692890751371 101.64094940483216,2.702844728292575,16.02199248020517 101.64110974492044,2.7022785203142794,15.991019072179698 101.64110990667224,2.7025601177005227,15.988933871290923 101.64102917670535,2.7024207956487323,16.00284214128355 101.64103010199855,2.702689471648341,16.004141801397868 101.64086771239842,2.702689705760095,16.03250474526832 101.64062625420186,2.7028457411574456,16.06817920625345 101.6404629001973,2.7028446520592633,16.082577934119502 101.64070667973255,2.7026908936640446,16.056109895523694 101.64078664781998,2.7022792543366023,16.03773939016218 101.6408683566372,2.7024214564541427,16.028638317583685 101.64086816555478,2.702142643190206,16.02496232908735 101.64102894713227,2.70214390211135,16.003283920068114 101.64078568903474,2.7019912184925188,16.030473438348892 101.64062641563496,2.7019923111161614,16.043748536715633 101.64070726416378,2.702141776156032,16.042770996018675 101.64094930011737,2.702279370934751,16.015392300102498 101.64070587291688,2.702420699212445,16.050722341891824 101.64046462155247,2.702559907416934,16.07784944724215 101.64038126569659,2.702421579181968,16.079284362870894 101.64030255449345,2.7022775054003496,16.077297813100678 101.64013832781444,2.7025586208573626,16.09798655315826 101.63997824045468,2.7025574842934263,16.10540279320871 101.64005768690944,2.7026921792162004,16.10468438548888 101.63981559855488,2.702558665475102,16.11102757241243 101.6398980337629,2.7026908953230127,16.110620547398785 101.63997672939821,2.7028453594235837,16.10910381450871 101.64013886510456,2.7028451254616943,16.102071673140905 101.64038255020597,2.702974333321694,16.088891952693995 101.6402203854778,2.7029737867520764,16.098142170541657 101.64054357190585,2.702691991254524,16.073923994702405 101.64062526526351,2.7025588897486275,16.063127266334583 101.64046340998105,2.7022781266017164,16.067727322537124 101.64038209489965,2.7021407104605135,16.065498043842638 101.64046365429017,2.7019909691651725,16.053143762079273 101.64054432372318,2.7021416304804378,16.055959825312357 101.6405440235084,2.702421856461272,16.06729872157179 101.64062468144894,2.7022785318826545,16.055174557306508 101.64078571818611,2.7025590026613044,16.042877780845778 101.64078643812522,2.702844680543232,16.04824069657432 101.64086892179473,2.7029752279616495,16.038713954135382 101.64070636667684,2.7029746069343648,16.06127480934397 101.64054421348916,2.7029745739991093,16.077491584862393 101.64038345503084,2.702691040740926,16.08633367967237 101.64030097911453,2.702559738121567,16.088844370374893 101.64022181629744,2.7026918233282426,16.096152846451666 101.64030006730052,2.7028456077560055,16.093135754743336 101.64005847408944,2.7029732063669063,16.106212975718897 

</coordinates>

</LineString>

</Placemark>



<Placemark>

<styleUrl>#cluster10</styleUrl>


<name>

Cluster 11 3D Drone Path

</name>


<LineString>


<tessellate>0</tessellate>


<altitudeMode>absolute</altitudeMode>


<coordinates>

101.64005941562202,2.7040995472210683,16.074669336096456 101.64013859147538,2.703971399487668,16.07837670884291 101.64070597634952,2.7032632700720254,16.06360441917203 101.64078724050307,2.703117222359071,16.053286384492637 101.64086843285799,2.703263298121357,16.042900563917012 101.64094777361633,2.7031163525102353,16.028827545406052 101.64111143657735,2.703115045889867,15.999082785829778 101.64119300234947,2.7032633051889277,15.986370099973776 101.64102884423974,2.7032641028752153,16.016619277562448 101.64094881309441,2.7033945463634197,16.029219084048485 101.64135371147314,2.7032626313465027,15.95808106065249 101.64135290103876,2.703538479807315,15.959555319830569 101.64127189377568,2.7036825664961888,15.968746007996497 101.64119270775011,2.7035396825644287,15.984745610368615 101.64127293013318,2.7033942655597194,15.97303296179399 101.6412723543069,2.7031145089871784,15.969705106151048 101.6411108193813,2.703395023617556,16.00155552375697 101.64062520817473,2.703395197445912,16.069312858146457 101.6407865412115,2.703395336167237,16.052240296388163 101.64070592673956,2.703539204692735,16.055926352322118 101.64062630124755,2.7036838797828167,16.055726649589428 101.64062406070991,2.703972972094582,16.034207507942845 101.64078755093576,2.703683431229222,16.037285806877975 101.64070478737708,2.7038185581843965,16.03685445260976 101.64070692035843,2.704095621504333,16.015222319929386 101.64086794075342,2.7040945235262255,15.995915572914713 101.64103026253616,2.7038195419515008,15.994558041432558 101.64078632103812,2.7039725581208534,16.01432053740151 101.64094867608662,2.703971728671038,15.994159917585113 101.64086664849108,2.703818342904794,16.016463111494367 101.6412737526897,2.703971155891057,15.958131550026536 101.64135367292766,2.704096861574845,15.946584813092553 101.6411905679589,2.704096565533053,15.962039560764216 101.641191719411,2.7038199060307213,15.973818816641536 101.64111078951797,2.703972112734916,15.975466028999938 101.64135399164697,2.7038201850903874,15.95412155428159 101.64103098950169,2.7040958315933916,15.977907745693894 101.64111131329771,2.7036818756737855,15.991784007141826 101.64094830608452,2.703682748035882,16.015734038460586 101.64102998012599,2.703538859521469,16.011547213120323 101.64086866949447,2.7035402015503633,16.03576720307635 101.64054452493419,2.704096886397034,16.034249754738646 101.64046454036105,2.7039720578482402,16.052009024650566 101.64038333050223,2.7040970542532063,16.05089262624545 101.64046440083683,2.7036838201800624,16.070765510468565 101.64054389605487,2.703818845471793,16.054893597760906 101.64030194551802,2.703972082021732,16.066783263079454 101.64038269105136,2.703540908827245,16.082657911183993 101.64030086001993,2.7036845211506595,16.082876160645178 101.64013951752699,2.703684275862504,16.092863170886602 101.64046343585157,2.7031170311148864,16.084280241902185 101.64038251655879,2.7032630425496444,16.08823897201188 101.64054447362949,2.7032629453363355,16.078036908496635 101.64046360332259,2.703395482761878,16.0813900705795 101.64062412003562,2.703118194882975,16.071727622999077 101.64054344596855,2.703540417737447,16.07116577821363 101.6403821252128,2.7038196154178085,16.069967016012914 101.64022106174914,2.704098261235763,16.0640057883954 101.6402210112951,2.70354007631232,16.092344417872372 101.64030270912104,2.7033945443764513,16.09071374337086 101.64013936604321,2.7031159308792545,16.102299795058215 101.64030213892487,2.703116553931177,16.093741045823837 101.64022161452897,2.7032622018233243,16.09681102942068 101.64014077369482,2.7033951000062864,16.099233794798323 101.64021973260046,2.703819986704017,16.081996719228137 101.6400580168358,2.7038205832238638,16.091931687693574 

</coordinates>

</LineString>

</Placemark>



<Placemark>

<styleUrl>#cluster11</styleUrl>


<name>

Cluster 12 3D Drone Path

</name>


<LineString>


<tessellate>0</tessellate>


<altitudeMode>absolute</altitudeMode>


<coordinates>

101.63876350419676,2.7040981495833867,16.109797015696813 101.63997743568935,2.7036831355574096,16.101257161867537 101.6395729902362,2.7040997135291893,16.100727460846404 101.63981659752706,2.703970725679315,16.097344468610515 101.64005760008348,2.703541275698848,16.10086212865421 101.63981540495483,2.70339415760032,16.110349588167338 101.63989688312822,2.7035404150042646,16.1070075681258 101.63997864370418,2.703395218938653,16.1060109879989 101.63989542773564,2.7032641386788083,16.10973204105072 101.6398153884171,2.7028457606675302,16.113471699987713 101.63973501957094,2.7032629955653755,16.113099431248717 101.63973418582164,2.702972597888849,16.1150183248092 101.6394906766496,2.703393817972583,16.11824782165384 101.63941038180246,2.7038205345573862,16.115537505444493 101.63981596568532,2.703683638357757,16.107550435172428 101.6394121513943,2.70409914166445,16.10473940928922 101.63924965957249,2.704097989378928,16.106632253462216 101.63908604846647,2.704098114751088,16.1075664435381 101.6389241269553,2.7040992524332514,16.10844486490121 101.63916722607775,2.703967951711264,16.113083224619263 101.63884551591374,2.7039660720040786,16.115396691307105 101.63900627280053,2.703966874338718,16.114257011895003 101.63932978326044,2.703114765285211,16.125871805570505 101.63916939692962,2.703394119421592,16.128700989179087 101.6388444530277,2.7031150705923714,16.139247305901193 101.63876251938959,2.703262269104896,16.140867994428966 101.63892439410856,2.7032632795093368,16.136934323137005 101.63892612822902,2.7035429594315143,16.131897547236072 101.63924849628181,2.7035420013603555,16.124216144709948 101.6388458056597,2.7036819004441495,16.12849728907976 101.63908686803941,2.7035424409367295,16.128252141290773 101.63900643944054,2.7036823990579526,16.125979466798913 101.63916932994478,2.7036832497979706,16.123063244685135 101.63892507842917,2.703817974810573,16.121761029182423 101.63924876239679,2.703820259696821,16.117892324608825 101.63941017453443,2.703541443151589,16.119699006347574 101.6393288372471,2.703394044579846,16.123566998335086 101.63957406680035,2.7035424663895817,16.11528959311628 101.63957350486042,2.7032628818315945,16.116847060421964 101.63973529042536,2.7035414967731035,16.111357365265036 101.63965513697107,2.7033948493682236,16.113829367494297 101.64005963766184,2.7032633850707057,16.104547670319278 101.63965344403896,2.7036848599652594,16.11236490710986 101.63932888969107,2.703682971220855,16.119953114525575 101.63957418241932,2.7038203532046032,16.11208547258612 101.63973604564335,2.7038208426256887,16.10709541859712 101.63989721570942,2.703819900265322,16.100396805792975 101.63997654944241,2.703970760784825,16.088486563326438 101.63989643346322,2.704098826686891,16.084980205070682 101.63973610104175,2.704098594476426,16.093968099856117 101.63965276390653,2.7039698136366805,16.104548440920205 101.63949149492595,2.7039698281710813,16.109188606741753 101.63949120350144,2.70368408584871,16.11637335436174 101.6393304105604,2.7039692916297704,16.111710920294477 101.63908807131905,2.703819119054475,16.119833566528484 101.63957289401064,2.7029725675965834,16.118575946839407 101.63949099636888,2.703114575964951,16.120539865336028 101.63957212976692,2.70269319918169,16.118389472425875 101.63933052266962,2.7028470105714084,16.12509907939907 101.63949104528184,2.702846926377215,16.12070335521341 101.63941102188151,2.702972453862452,16.12322112029438 101.63965504355997,2.7028456165870476,16.116803563338607 101.63973613843037,2.7026920790810984,16.114773369051417 101.63981506654603,2.703115468274701,16.112943646438595 101.63989608364955,2.702972722765433,16.111577442782988 101.63997890388575,2.7031153248311286,16.108880602862207 101.6396547567153,2.703114598075483,16.116203055897778 101.63924823048565,2.7032634867885297,16.127662319085033 101.6394099012859,2.703264091905133,16.12198578030374 101.63884332134498,2.7033964397526886,16.137227067070548 101.63900545833714,2.7033952305582223,16.13317511055744 101.63900556568571,2.7031149395633314,16.135175371979457 101.63916947749927,2.703115161863369,16.130947669810645 101.63908798165508,2.702973111749034,16.132366296637834 101.63924896805705,2.70297331068546,16.128244637319344 101.63908812658615,2.7032634013813803,16.132520063547318 101.63876302913205,2.703544068030878,16.13475896073927 101.63876257159349,2.7038182562750914,16.12318018615448 

</coordinates>

</LineString>

</Placemark>



<Placemark>

<styleUrl>#cluster12</styleUrl>


<name>

Cluster 13 3D Drone Path

</name>


<LineString>


<tessellate>0</tessellate>


<altitudeMode>absolute</altitudeMode>


<coordinates>

101.6373875408719,2.7039658830255533,16.170772768905714 101.63754862778728,2.7033956501679675,16.168711914320756 101.63795503267178,2.7035448465763716,16.145689970034134 101.63835896331383,2.70368133898249,16.132466585589675 101.63868232957802,2.7036809547933243,16.13013913508938 101.6386027694904,2.703543429010187,16.13631987893868 101.63852050456289,2.7036804748180754,16.131156696072246 101.63827795288186,2.7040994873492763,16.12407714092765 101.63860142936922,2.704098250483795,16.112527133613668 101.63868376331752,2.703967142735819,16.116743713171694 101.63851971644077,2.703965972749666,16.119482639214844 101.63844042846313,2.7040984512606276,16.11737804045746 101.6383591122633,2.703966375035248,16.123863982121286 101.63860067348648,2.7038179660083164,16.124491400408978 101.63827883576633,2.703817851367921,16.12983742747266 101.63843967881901,2.7038173342610623,16.12651898613732 101.63843947741927,2.703543715764935,16.13701618779689 101.63868305729422,2.7033952028587405,16.1401678846145 101.63851988560023,2.703115815419831,16.145287837176948 101.63860244467405,2.703261341464461,16.143554804562477 101.63844041700641,2.703261397619346,16.14499511651966 101.63852076302086,2.703395037336749,16.141664511402738 101.63827692059749,2.7035434911504748,16.138079059872464 101.63819629660678,2.703681668118989,16.135147587908946 101.63795417409892,2.703819005356332,16.140364134340015 101.6383587459617,2.7033961408718445,16.14234729777491 101.63811598472923,2.70354385137454,16.1407905732612 101.63795298728922,2.7040998817590327,16.13802266448475 101.63787234946236,2.7039657506293704,16.142271104025376 101.63779173007876,2.7040993050648865,16.14453694938877 101.63746765697537,2.7040976920166857,16.162135283717273 101.63755070837804,2.7036798235682427,16.163466145580042 101.63746946380002,2.703817574537638,16.167465628081914 101.63803551108343,2.703681048559086,16.139621227343397 101.63787374373346,2.703680664651829,16.145483893455292 101.63762915607022,2.703544809640732,16.16074015291155 101.63762945007194,2.7032614154434405,16.166451229408974 101.63787421172528,2.703395710871595,16.152945890540316 101.63738766311694,2.7033960220159994,16.178813291314256 101.63746804956625,2.703543917319082,16.17186089653752 101.63771273073422,2.7033951038181434,16.159820641164245 101.63771071984537,2.703114481630894,16.164231994563274 101.63746983317802,2.7029744785344727,16.172793741753654 101.637630990038,2.702975137733662,16.16726492905015 101.63754865362777,2.703114167070659,16.17082991082662 101.63738632844121,2.7031146283849457,16.17766281097557 101.63746968579346,2.703260491872067,16.174441027476394 101.63803423540682,2.7031149542889414,16.152584307053683 101.63795350174469,2.7029753676597563,16.155675704462084 101.63819767919594,2.7031147037056127,16.148871721212732 101.63827786218954,2.7032627193980883,16.146121707956542 101.63835894068107,2.703114581061406,16.146910510762012 101.63795470292006,2.7032601681592077,16.15329975250993 101.63787320850942,2.7031149002126478,16.158062195160532 101.63811661769843,2.703261384774287,16.148569654974622 101.63779312203468,2.702975023739951,16.16143844617369 101.6377921359383,2.703261001034298,16.159351352373704 101.63779171058677,2.703545170918366,16.152077697710183 101.63787370309717,2.702844379808534,16.15775029554866 101.63803418153677,2.7028446233242955,16.1520733981308 101.63819834498004,2.7028445130699614,16.147575152567473 101.63811708950261,2.7029749368059646,16.1508137572822 101.63827689742483,2.7029735902976144,16.147786139883237 101.63803421635905,2.703395030757891,16.14740253630301 101.63819691531674,2.703395228806584,16.14380324015176 101.63771119898864,2.703680688871056,16.15300620028045 101.63771123662745,2.7039659130672535,16.149551692573425 101.63779099851781,2.7038181529996472,16.14692379482021 101.63755052816866,2.70396575738775,16.159147038426475 101.63762999402837,2.70409856545837,16.152469805995644 101.63763172875409,2.703818733147338,16.155692927730833 101.63803499807106,2.703965657458617,16.13603088392466 101.63811685033504,2.7040990410224244,16.131306458344852 101.63819667856542,2.7039669105816566,16.129717902256402 101.63811621223962,2.7038191126241298,16.134613400269245 101.63738870248756,2.7036799596353327,16.176305322880864 

</coordinates>

</LineString>

</Placemark>



<Placemark>

<styleUrl>#cluster13</styleUrl>


<name>

Cluster 14 3D Drone Path

</name>


<LineString>


<tessellate>0</tessellate>


<altitudeMode>absolute</altitudeMode>


<coordinates>

101.6348794623085,2.7040986084417296,16.289077651579998 101.63504150210727,2.7038171344266666,16.282379906845698 101.6351222858573,2.7039611206984078,16.281061871181336 101.63503983404316,2.7035402788745104,16.276893975292815 101.63496076499037,2.7036806050144984,16.28190329654568 101.63487976503455,2.703541355127936,16.28128831449166 101.63496033977736,2.7031147307897516,16.274037445985666 101.63503940550973,2.702976568068198,16.269859112783855 101.63512253054773,2.7033959836725785,16.27179831282075 101.63520310983826,2.703262654498873,16.266953025970174 101.63528330876059,2.703962091201558,16.274164878783346 101.63536422482886,2.703541994591158,16.265948559366198 101.63544529789516,2.7033950845861923,16.2589035205263 101.6355248521245,2.703542218196083,16.258188499739745 101.63560822784935,2.7033943799450446,16.250221868369756 101.63568710142766,2.703543194332528,16.24924686851603 101.63576843258241,2.7033930444195167,16.24087640474756 101.63576887301338,2.70311405780427,16.235142831425584 101.63568743092974,2.7032610301783317,16.24271721848207 101.63560759060185,2.7031133455453293,16.24478278155798 101.63592974062344,2.7036807815007857,16.23851990991864 101.63584914453017,2.703544118838424,16.240018742046686 101.63576785794513,2.703679644858649,16.247275096271192 101.63584971195417,2.703261018328664,16.233101033458105 101.63617237720393,2.7035435440322724,16.226438408734634 101.63609185100209,2.7033937093518894,16.22483582964899 101.63601059628225,2.7032604098143795,16.22463942691992 101.63617482411685,2.703260721400305,16.218312886940115 101.63593010760376,2.703392938509264,16.23188928964509 101.63592971385687,2.703115133930449,16.22572062540688 101.6360109857799,2.703542927486112,16.232024367964996 101.63633672851356,2.70326164440531,16.214407866511902 101.63633616874188,2.703543547595564,16.22298687368904 101.63633659313965,2.7038172990498235,16.225109498090514 101.63633593786103,2.7040981292263475,16.218055704700625 101.63609321979801,2.7036794449025963,16.231503474184194 101.6362553130611,2.703965237378168,16.22451178068156 101.63617414736558,2.7040994000355423,16.223494399939845 101.63625470634692,2.703394916719178,16.220253888229323 101.63625364157933,2.7036798690192114,16.22694150667658 101.63617443200476,2.703817882710281,16.229331687254444 101.63601204024599,2.703817306763389,16.235526407106338 101.63568781811973,2.703817926620789,16.25297903762142 101.63585074332258,2.704101492901414,16.239606369161947 101.63601223354408,2.704100746698262,16.230713049901627 101.63609352988642,2.7039654381424616,16.230296417073895 101.63593044504341,2.703964833804191,16.238124726676624 101.63585039958016,2.703818155465802,16.243718364362948 101.63576773939839,2.703964386875375,16.24733790726492 101.63568711275663,2.704100745825658,16.24934711621339 101.63560807320336,2.7039633205051996,16.256544771521007 101.63536433153409,2.704099491366492,16.268220071723455 101.63520295029011,2.7040993294408135,16.27681588903642 101.6351201977501,2.7036798986839656,16.27764260898056 101.63504134897867,2.7040994441631976,16.28369932051907 101.63495837984442,2.7033955593011703,16.276725618280256 101.63504121852775,2.7032628016906632,16.272574412404584 101.63528441830405,2.703680899755531,16.27207460005718 101.63552586023981,2.7038190825281108,16.26195826290862 101.63544633666223,2.703962280559587,16.265636082634582 101.63552571625776,2.7041000335911427,16.25876546804706 101.63520189098419,2.7038184267271403,16.27720600755257 101.63536316542543,2.703819415144496,16.270322052528073 101.6352030627304,2.703541525371499,16.272111143927606 101.6354450039124,2.7036803376007943,16.264905897163175 101.63560705295296,2.7036795617560543,16.256381201819856 101.63536300627995,2.703262156498186,16.260229002968124 101.63544520251916,2.703114494367111,16.25383880776901 101.63552603777832,2.7032609575706794,16.251936806430532 101.63528247440509,2.7031155884543905,16.26177949031233 101.63528260172119,2.7033947334591213,16.2661432583403 101.635122124502,2.703115598023558,16.268293202462935 101.6348791361961,2.7032624673877437,16.277946880467496 101.63495913047916,2.7039604534400867,16.28638632424171 101.6348797345759,2.7038181796447587,16.286714938481158 

</coordinates>

</LineString>

</Placemark>



<Placemark>

<styleUrl>#cluster14</styleUrl>


<name>

Cluster 15 3D Drone Path

</name>


<LineString>


<tessellate>0</tessellate>


<altitudeMode>absolute</altitudeMode>


<coordinates>

101.63350278111221,2.7036785357385655,16.336237759365538 101.63350302217265,2.7033979362060925,16.335174040759554 101.6335037239288,2.7039598085351058,16.336795246116402 101.6338258552993,2.7042405896768593,16.329237151358008 101.63366479829423,2.7042400288195796,16.333863437811527 101.63366333106849,2.7039587225932626,16.33415228667447 101.63358484234614,2.704099389613648,16.335700966312324 101.63350311137822,2.704239032258646,16.336312933328134 101.63366446391422,2.7036785403760843,16.33207193067453 101.63374423020768,2.7038166778978026,16.331011874544465 101.6337465170136,2.704099745368384,16.33221193723489 101.63390704212652,2.704100913128529,16.32661565377463 101.63406865023714,2.7041011217652864,16.319558237746048 101.63398895036666,2.703959077484108,16.322790429614408 101.63382514684172,2.7039591569413326,16.329399822622108 101.6335847644229,2.7035390745632077,16.333262800073715 101.63358364155211,2.703817784208146,16.33520945950397 101.63374472166424,2.703540152853605,16.32770582963886 101.63414933457612,2.7039586308446832,16.315527170120642 101.63390728542555,2.7038172236809515,16.324987801399136 101.63382636359827,2.703679444678492,16.326438864157716 101.6338271230998,2.70339899321934,16.322781888287512 101.63398848909074,2.7036805783849953,16.319742197595787 101.6340682296659,2.703816886519707,16.317959869520642 101.6341488642666,2.7033973232376107,16.309940988254056 101.63406890264498,2.703259810920802,16.31195554000782 101.63415129245779,2.7031149731152153,16.307796143425264 101.63398689021369,2.7031161407197803,16.31375769264361 101.63382616201945,2.7031173383758627,16.3200826701195 101.6336658253576,2.7031172511790125,16.326931777988896 101.63366372136811,2.7033978045564218,16.32929466506277 101.63390620937724,2.703259665182621,16.318192808977813 101.63358476900918,2.703259172642277,16.331392882279733 101.63374668065927,2.7032601141005292,16.324706348126206 101.63390811287796,2.7035409035583036,16.321203057357046 101.6339884453785,2.703398251525577,16.31626107248682 101.63406992856443,2.70354116789319,16.314457048191084 101.63439200836409,2.7038174017591055,16.303966151118992 101.63431215927189,2.7036812433517543,16.305741263224547 101.63423064420866,2.7038161681439967,16.3106951884689 101.63447494757776,2.7033958648766863,16.29633655992245 101.63455436246456,2.703261506841618,16.29184435153183 101.63471733634935,2.7035418332886003,16.28678945844359 101.63471706942003,2.7032619272641467,16.284238186800142 101.63479863689085,2.7039612787381637,16.29097591133943 101.63479871919101,2.703681079054586,16.286365688247294 101.63463633970596,2.7036804919086976,16.292200592762647 101.63471643813709,2.703817860357856,16.2915645871325 101.63463549622107,2.7033956275001665,16.288765887635847 101.63479816899867,2.7033957644449504,16.281980984965585 101.63463557876058,2.7039601606947867,16.296263526551314 101.63471573461057,2.7040979555495777,16.294150683393347 101.63455564159341,2.704098765628487,16.2996894522503 101.63423234258958,2.704099804520551,16.312133056706188 101.63447272687107,2.703959551528897,16.302203947366706 101.63439406906345,2.704099152762221,16.305507697301913 101.63431154105444,2.7039595605686717,16.308447571235433 101.63447261164325,2.703680829614456,16.29906469491685 101.6345547278165,2.703817269919632,16.297601468049074 101.6343932632089,2.703542143881475,16.30095553532128 101.63455490249522,2.7035409810410576,16.29380983047301 101.63431294869045,2.70311395816575,16.30176530528906 101.63439282691701,2.7032606219903412,16.299348380373456 101.63423079519643,2.7032610622925706,16.305918595938206 101.63431328752965,2.7033968127361607,16.30338415408726 101.6341491979164,2.7036800196596094,16.312712878127478 101.6342323740858,2.7035419456219962,16.3077076999332 101.63350304211258,2.703117647601777,16.333990008859928 

</coordinates>

</LineString>

</Placemark>



</Folder>



</Document>

</kml>

