<?xml version="1.0" encoding="UTF-8"?>
<kml xmlns="http://www.opengis.net/kml/2.2">
<Document>
<LookAt><longitude>101.63743242821704</longitude><latitude>2.702572595692251</latitude><range>300</range><tilt>45</tilt></LookAt>
<Placemark><name>Base</name><Point><coordinates>101.633375,2.70425,0</coordinates></Point></Placemark>
<Folder><name>2D Routes</name>
<Placemark><name>Route 1</name><Style><LineStyle><color>ff0000ff</color><width>4</width></LineStyle></Style><LineString><altitudeMode>clampToGround</altitudeMode><coordinates>101.633375,2.70425,0 101.6403473767574,2.702963389759399,0 101.64050951405135,2.7029638321734204,0 101.64066999140694,2.7029647572422277,0 101.64083185538394,2.7029647589436787,0 101.64099378717235,2.7029643119272952,0 101.64115578675799,2.7029645432760576,0 101.64131833888494,2.70296516772277,0 101.64018636630499,2.7029627303125525,0 101.64026696901462,2.70310542855386,0 101.64042677495007,2.703104439649141,0 101.64059008395236,2.7031033630043466,0 101.64075208009176,2.703103004178565,0 101.64091223797597,2.70310375604177,0 101.64107450619161,2.7031029362372916,0 101.64123725085159,2.703101978104843,0 101.6413999608322,2.7031021014386387,0 101.64131765920095,2.703255507397629,0 101.64115654661053,2.7032561400138824,0 101.64050991295842,2.702403172177603,0 101.64034640014142,2.7024043289751156,0 101.64066973347367,2.7024022469409013,0 101.64083160028086,2.7024020026758118,0 101.64099380808757,2.702400819806436,0 101.64115598210562,2.7024015968460873,0 101.64131913545349,2.7024016479478155,0 101.64123770827325,2.7022709648250034,0 101.64139966031999,2.7022701055957614,0 101.641076412501,2.7022705455903315,0 101.64091212474781,2.70226958127465,0 101.64075280391225,2.702268506482372,0 101.64058852284674,2.7022692903073913,0 101.6404265611285,2.7022703906527488,0 101.64026641032608,2.7022709719667803,0 101.64131943578612,2.7021244095336456,0 101.64115600806655,2.7021250929103977,0 101.64099451283967,2.702124023134862,0 101.64083239404248,2.7021230978508655,0 101.6406704294724,2.7021224039354377,0 101.64050860064398,2.702123314522975,0 101.64034721246901,2.7021245907216827,0 101.64018547821075,2.702691550564539,0 101.64034770291747,2.7026907508955667,0 101.6405088865638,2.7026904955243154,0 101.64066959677893,2.7026893139180825,0 101.64083272427,2.7026889231189397,0 101.64099459700914,2.70268777015784,0 101.64115500152765,2.7026878472618927,0 101.64131721237632,2.702686694696143,0 101.64026719257538,2.702829652208267,0 101.6404265658984,2.702829516541861,0 101.64058884038594,2.702830503426065,0 101.64075098110949,2.7028311941879073,0 101.6409133692215,2.702831602123075,0 101.64107416306462,2.7028304523900335,0 101.64123692045399,2.702831436569644,0 101.6413986424146,2.70283061500608,0 101.64123666825236,2.7025543424040737,0 101.64139979377383,2.7025541994710034,0 101.64107551205633,2.7025538331848815,0 101.64091375933934,2.7025544376848467,0 101.64075230371051,2.7025542402835145,0 101.64059024576983,2.702555466897236,0 101.640428161991,2.702555977030449,0 101.64026601026217,2.7025570206428187,0 101.64010397747558,2.7025573747144227,0 101.633375,2.70425,0 </coordinates></LineString></Placemark>
<Placemark><name>Route 2</name><Style><LineStyle><color>ff00ff00</color><width>4</width></LineStyle></Style><LineString><altitudeMode>clampToGround</altitudeMode><coordinates>101.633375,2.70425,0 101.63346773060259,2.7039494467531258,0 101.63362868441165,2.7039492970960666,0 101.63379214993616,2.703948672114567,0 101.63395343833673,2.703949206466586,0 101.63411381241143,2.703948443359912,0 101.6342763233554,2.7039475612236763,0 101.63443958752454,2.7039478400191825,0 101.63460027949502,2.703948147249657,0 101.63476212360747,2.7039471789648135,0 101.6335491085406,2.704088732337688,0 101.6337096798034,2.7040898018619832,0 101.63387099680958,2.704090030918083,0 101.63403246341993,2.704091079343886,0 101.6341967847502,2.7040902210963633,0 101.63435830585516,2.704089189512143,0 101.6345200579293,2.7040889951208857,0 101.63468217354054,2.704090248631297,0 101.63346768926638,2.704228228038305,0 101.63411406713934,2.704227004321274,0 101.63427663773764,2.704227151447157,0 101.63443732437831,2.704226305760085,0 101.6345989599747,2.704226021103204,0 101.63476285601305,2.704225901285431,0 101.63468255069391,2.7035307970728133,0 101.63451944703951,2.703530370526512,0 101.63435880741055,2.703530058866716,0 101.63419503839464,2.7035296679245806,0 101.63403397281266,2.7035284560721315,0 101.6338730327634,2.7035272886077713,0 101.63370873240372,2.7035283508899473,0 101.63354925430785,2.7035277134664417,0 101.63460122029261,2.703386357250854,0 101.63443880232067,2.703385206473737,0 101.63427684959144,2.703385912901597,0 101.63411366994491,2.7033846860760216,0 101.63395383443485,2.7033844668762046,0 101.63379036465221,2.7033852200677964,0 101.63362971010301,2.703386440993828,0 101.63346754127667,2.7033877019810086,0 101.6337096956277,2.703247030479657,0 101.63354767113302,2.7032475689074866,0 101.63387268374849,2.703248134028661,0 101.63403313558403,2.7032488484182258,0 101.63419548574842,2.7032475702248417,0 101.63435827944102,2.7032478557993196,0 101.63451809300476,2.7032490681327417,0 101.63460053685074,2.7031094896202283,0 101.63443731103952,2.7031092859787123,0 101.63427759246669,2.703108761253599,0 101.6341153693293,2.7031096798048155,0 101.6339532037459,2.7031109864764007,0 101.63378985432777,2.7031101893792293,0 101.63362992884333,2.7031091868097072,0 101.6334664226056,2.7031090934509208,0 101.63354684180305,2.70380786287436,0 101.6337098690048,2.7038070181781575,0 101.63387271696784,2.7038080034711696,0 101.63403427501656,2.703808103294182,0 101.63419437969108,2.7038080074425768,0 101.63435691649636,2.7038081472777606,0 101.63451911183729,2.703807061964806,0 101.63468100150833,2.703808269673813,0 101.63460096773129,2.7036649247949187,0 101.63443805874009,2.7036652416472484,0 101.63427785759008,2.703666102091554,0 101.63411538281075,2.703667396842332,0 101.63395195363111,2.7036684948703518,0 101.63379056429018,2.7036683412333953,0 101.63362980994943,2.703667649692201,0 101.63346775544127,2.7036683238929435,0 101.633375,2.70425,0 </coordinates></LineString></Placemark>
<Placemark><name>Route 3</name><Style><LineStyle><color>ffff0000</color><width>4</width></LineStyle></Style><LineString><altitudeMode>clampToGround</altitudeMode><coordinates>101.633375,2.70425,0 101.63735204381258,2.7022681126599215,0 101.63751414427249,2.7022687933566116,0 101.63767701611967,2.7022700355492604,0 101.63783743990584,2.7022704113651046,0 101.63799912575472,2.702271625654125,0 101.63816033980456,2.702270292335763,0 101.63832289155494,2.702270333344841,0 101.63848400894643,2.7022693127220863,0 101.63864839178349,2.702268010263236,0 101.63880868238336,2.7022690593203,0 101.63856661643206,2.702128431120393,0 101.63840557603034,2.7021271094166157,0 101.63824354437511,2.7021270833751703,0 101.63807948920335,2.702128081370334,0 101.63791961176273,2.7021279012113912,0 101.63775649885733,2.7021276096382247,0 101.63759492172495,2.7021268010902464,0 101.6383224458074,2.701988279005818,0 101.6381629175572,2.7019879182836686,0 101.63800019347458,2.7019870780829196,0 101.63783872036545,2.7019871228422705,0 101.63808008725606,2.701846607306876,0 101.63735274509936,2.702555895507711,0 101.63751343760802,2.702556929824717,0 101.63767572346858,2.7025567094307137,0 101.63783647588045,2.7025566681830537,0 101.63799839145175,2.702557246625206,0 101.63816043363202,2.7025583228671692,0 101.6383227146709,2.7025574241774297,0 101.63848540729452,2.7025563044267287,0 101.6386470534249,2.70255677421771,0 101.63880921927107,2.7025570893913784,0 101.63889073030623,2.7024063203573823,0 101.63872732684199,2.702406796471063,0 101.63856725986761,2.7024059692263327,0 101.63840487600669,2.7024068684307574,0 101.63824301707851,2.7024077343101847,0 101.6380815348216,2.702407377080514,0 101.63791897377793,2.702408717264796,0 101.63775716049113,2.7024093253891883,0 101.63759366608046,2.7024096437836063,0 101.63743236562945,2.7024090616308722,0 101.63727116071009,2.7024078126554816,0 101.63864837483156,2.702831731716612,0 101.63848418950472,2.702831042740303,0 101.63832309086497,2.7028321353012514,0 101.63816176976027,2.702831942383486,0 101.63799840478649,2.702831031822974,0 101.637917641573,2.7029639820379163,0 101.63807969649513,2.702964076920977,0 101.6382422570677,2.7029631310122726,0 101.63840506908832,2.7029625872861303,0 101.63856696188988,2.7029622400889397,0 101.63800102632497,2.7031085663030927,0 101.63816245429163,2.7031081710012907,0 101.63872800704934,2.7026923418333557,0 101.63856677346347,2.7026917685779397,0 101.63840471237327,2.7026906528329864,0 101.63824116073107,2.702689341046731,0 101.63808102376352,2.7026899037538406,0 101.6379180933812,2.7026888357997665,0 101.63775705209675,2.7026896057506917,0 101.63759406919414,2.7026899052309945,0 101.63743189916832,2.702691233726391,0 101.63727228201873,2.7026917712925456,0 101.633375,2.70425,0 </coordinates></LineString></Placemark>
<Placemark><name>Route 4</name><Style><LineStyle><color>ff00ffff</color><width>4</width></LineStyle></Style><LineString><altitudeMode>clampToGround</altitudeMode><coordinates>101.633375,2.70425,0 101.63597561335067,2.7026903237981528,0 101.6358131206618,2.7026907616402567,0 101.63565250226559,2.702692020159566,0 101.63613808599305,2.702690321021021,0 101.63629937595064,2.7026904903030364,0 101.63646313625694,2.702691638671637,0 101.63662405887524,2.7026912003686947,0 101.63678521698189,2.702690890077889,0 101.63694870820036,2.7026904346213096,0 101.63710992692684,2.7026907332724,0 101.63702951556523,2.702830697551216,0 101.63718929196793,2.702830633792457,0 101.63686529889407,2.702830979280134,0 101.63670563263608,2.702831260269063,0 101.6365436948149,2.7028321434284552,0 101.63638000739904,2.7028318685566353,0 101.63621858527986,2.702831232105368,0 101.63605806333247,2.70283038719562,0 101.63589635028265,2.7028290689487644,0 101.63597577661517,2.7029660158747455,0 101.63613718494959,2.7029660049480055,0 101.63629938134042,2.7029653077325895,0 101.63646297544157,2.702964808209898,0 101.63662335639378,2.702965506893015,0 101.63630114120562,2.702411973101477,0 101.63646095596565,2.7024109433970414,0 101.63662497949056,2.7024105191368184,0 101.63678626682774,2.702409404525804,0 101.6369471290345,2.702408468314121,0 101.63711020670834,2.7024084491887472,0 101.63613797288278,2.702411933125534,0 101.63597583139729,2.7024108186924285,0 101.63581541610061,2.7024119603527508,0 101.63565370875925,2.7024118658856544,0 101.63549151695528,2.702411002838057,0 101.63621948735542,2.702270019978163,0 101.63605726957222,2.702270269581626,0 101.63589460208382,2.702269272662244,0 101.63573311901825,2.702269087032247,0 101.63557072426055,2.7022687191734094,0 101.63638101408138,2.702268823325607,0 101.63654180709749,2.7022688063943803,0 101.63670483808225,2.70226791118177,0 101.63686710668749,2.7022692413159692,0 101.63702892168442,2.7022686796971547,0 101.63694792491034,2.702129616802576,0 101.63678668571931,2.702129003471162,0 101.6366249632372,2.7021279697356473,0 101.63646104859563,2.702129217095811,0 101.63629867086905,2.7021300751018735,0 101.63613738326048,2.7021299139954102,0 101.63597583768964,2.7021289388659,0 101.63581463510512,2.70212830805808,0 101.63565191221215,2.7021281743354044,0 101.63573412597715,2.7019870168528497,0 101.63589543126814,2.701987416274535,0 101.63605648007743,2.7019862298943567,0 101.6362189750441,2.701986100683832,0 101.63638051256952,2.701985153465406,0 101.63654402398197,2.701986432518063,0 101.63670400083384,2.701985563503806,0 101.63686751622944,2.701986215337921,0 101.63662393682777,2.7018450091028736,0 101.63646293597266,2.7018457102288993,0 101.63654214492162,2.702553318088841,0 101.6363799007506,2.702552966604366,0 101.63621950565978,2.7025524144489412,0 101.63605759499035,2.7025532348976853,0 101.63589643657897,2.7025526444321675,0 101.63573269178673,2.7025529935569454,0 101.63557264044822,2.7025528136731913,0 101.63686733120673,2.702552544187118,0 101.63702928563934,2.702553601727192,0 101.63719113761165,2.702554768153022,0 101.63670376593602,2.7025529504623576,0 101.633375,2.70425,0 </coordinates></LineString></Placemark>
<Placemark><name>Route 5</name><Style><LineStyle><color>ffffff00</color><width>4</width></LineStyle></Style><LineString><altitudeMode>clampToGround</altitudeMode><coordinates>101.633375,2.70425,0 101.6346804727063,2.7018476295741563,0 101.63451804822864,2.701848684485773,0 101.63484408025057,2.7018471486883575,0 101.63500451849134,2.701846132492502,0 101.63516599063448,2.7018464971282925,0 101.63532766057456,2.7018473881656244,0 101.63549128258596,2.701847560210118,0 101.63565262008711,2.70184779520043,0 101.63540882761464,2.701706332972992,0 101.63557239372885,2.701706790737671,0 101.63524830269947,2.701705784381586,0 101.63508511914668,2.7017053649829914,0 101.63492411379386,2.701706403826446,0 101.63476284168894,2.7017051425384673,0 101.63460147406605,2.7017059502718834,0 101.63443915673639,2.7017068968551965,0 101.63565328509813,2.7015711725202083,0 101.63549042310858,2.701570161831356,0 101.63532742453343,2.701568984295432,0 101.63516581507106,2.7015690582312466,0 101.63500364543006,2.7015702357373526,0 101.63484184564965,2.701571154399932,0 101.63468257252394,2.7015700763388586,0 101.63451864186058,2.701569238439836,0 101.63508696318915,2.70143042094674,0 101.6349251500982,2.701429405993005,0 101.6347613145587,2.701428908066561,0 101.6345993441012,2.7014296316734363,0 101.63443735856563,2.701428462910787,0 101.63524662568179,2.701429803858127,0 101.63540849351634,2.7014290700387154,0 101.63557068726992,2.70142782824616,0 101.63548978251731,2.7012869339856533,0 101.6353274877378,2.701286642519323,0 101.6351664454222,2.7012877507993065,0 101.63500556399433,2.7012890638633595,0 101.63484349691858,2.701288132179431,0 101.63468213122233,2.7012876244794812,0 101.63451951537736,2.7012887785050665,0 101.63540968561333,2.7011443737957728,0 101.63524762033909,2.7011456653105217,0 101.63508617700806,2.7011450237444983,0 101.63492362186554,2.7011463154892366,0 101.63476118323285,2.7011471326052092,0 101.63460027987445,2.701147110511041,0 101.63443967008091,2.701146896779613,0 101.63468232657188,2.7010076296923695,0 101.6345181699119,2.7010083516546253,0 101.63484394377211,2.70100641804978,0 101.63500456419246,2.7010056630238575,0 101.63516784317576,2.701006708560089,0 101.63532900220721,2.701007132454666,0 101.63548992783805,2.7010074692274726,0 101.63540839006558,2.700867735690078,0 101.63524792032992,2.700867101804432,0 101.63508611681259,2.700866847304967,0 101.63492528477056,2.700866676727793,0 101.63476166884419,2.700867631223097,0 101.63459911177203,2.7008673077325325,0 101.63476177756482,2.701989115761788,0 101.63460059968637,2.7019904324902786,0 101.63492485639077,2.7019894364597934,0 101.63508674733679,2.701989125360794,0 101.63524707179766,2.7019883269292095,0 101.63540992861817,2.7019874425266863,0 101.63557168102552,2.701987035756978,0 101.63549021119914,2.7021270136692648,0 101.6353281509956,2.7021259041593084,0 101.63516770502001,2.7021250932216487,0 101.63500571729594,2.7021262436543525,0 101.63484420442235,2.7021266974727034,0 101.63492374524544,2.702269696573545,0 101.63508573464726,2.7022696206880057,0 101.63524685634421,2.7022691697682846,0 101.63541010322415,2.7022694654986306,0 101.6350060855915,2.7024090241185266,0 101.63516597763187,2.7024101967223872,0 101.63532874115322,2.7024114568686093,0 101.633375,2.70425,0 </coordinates></LineString></Placemark>
<Placemark><name>Route 6</name><Style><LineStyle><color>ff9900ff</color><width>4</width></LineStyle></Style><LineString><altitudeMode>clampToGround</altitudeMode><coordinates>101.633375,2.70425,0 101.63816169432336,2.7036650654430354,0 101.63799850867085,2.7036641532275616,0 101.6378389278755,2.703665377087557,0 101.63832342048758,2.7036646488261766,0 101.63848620915846,2.703663947033411,0 101.6386473777305,2.7036651203197546,0 101.63880898182771,2.703664587286428,0 101.6389710510548,2.7036655520627964,0 101.63913409185552,2.7036647408252956,0 101.6382429847583,2.703531177589701,0 101.6380797517021,2.703532124505799,0 101.63791952648096,2.7035320598717005,0 101.638404658685,2.7035322851687216,0 101.63856629729905,2.7035312827199456,0 101.63872874221329,2.703530049892373,0 101.63889076968488,2.703529205021246,0 101.63905277961972,2.7035303726432605,0 101.63897181507303,2.7033871834211465,0 101.63881008219879,2.703387690879666,0 101.638646900563,2.703387648921635,0 101.6384861107529,2.703386713159121,0 101.63832248978265,2.7033868525984444,0 101.63816175907267,2.7033879850039573,0 101.63800092752663,2.703388494067921,0 101.637837559339,2.703388015360469,0 101.63808100953202,2.703251471638164,0 101.63791798027157,2.703251709962578,0 101.63824133040994,2.703252316255984,0 101.63840341679044,2.703253011602792,0 101.63856612997448,2.7032538950210045,0 101.638728854841,2.7032548443430624,0 101.63888908288301,2.703255896504764,0 101.6386483115517,2.7031070438523774,0 101.63848490270409,2.703106126685949,0 101.6383241593067,2.70310740625135,0 101.63872895813394,2.7038081454280527,0 101.63856606534908,2.7038069276951258,0 101.63840356599174,2.7038069574027506,0 101.63824330718798,2.703806029695706,0 101.63807953077692,2.703807319301092,0 101.63791815372964,2.7038074858560766,0 101.6388913489826,2.7038073041308635,0 101.6390526058908,2.7038065244551746,0 101.63921343309713,2.703806515964629,0 101.63929454959398,2.7039498995915516,0 101.63913178312794,2.703950160458562,0 101.63896991313194,2.703949088166541,0 101.63880974771189,2.7039499228621446,0 101.63864712032408,2.703949241853822,0 101.63848488945413,2.7039493101149072,0 101.6383245248496,2.703950003309115,0 101.63816121163059,2.7039500892175266,0 101.63799969633982,2.7039489842866304,0 101.6378368995449,2.70394912367179,0 101.63937513120067,2.704090288219647,0 101.63921261948383,2.70408934480955,0 101.63905060531121,2.70409002725147,0 101.63889116339809,2.704089657316042,0 101.63872814980253,2.704089456019938,0 101.63856569282464,2.704090465639471,0 101.6384036476448,2.704091156719451,0 101.63824315098894,2.704090585742909,0 101.63808095297041,2.704089997506167,0 101.63791959903273,2.7040904416070126,0 101.63816169369764,2.704223795304146,0 101.63832406777789,2.704223688900623,0 101.63799853616241,2.7042237214646185,0 101.633375,2.70425,0 </coordinates></LineString></Placemark>
<Placemark><name>Route 7</name><Style><LineStyle><color>ff0000ff</color><width>4</width></LineStyle></Style><LineString><altitudeMode>clampToGround</altitudeMode><coordinates>101.633375,2.70425,0 101.63816173816541,2.7017044274815163,0 101.63832327851375,2.7017051457645676,0 101.63848414036681,2.7017046168252916,0 101.63864790789485,2.701703766884207,0 101.63880926617668,2.7017035907266433,0 101.6389715319584,2.7017033936138914,0 101.6391336119758,2.7017040718986656,0 101.63929371604071,2.7017033845388685,0 101.63872788309581,2.7015694331271525,0 101.63856620149414,2.701570334956499,0 101.638404995104,2.701570540341283,0 101.63824205632429,2.701569726829546,0 101.63807950224646,2.701569530365945,0 101.63888922442905,2.70157036057327,0 101.63905055203313,2.7015714585999215,0 101.63921417438428,2.70157273143596,0 101.63896984636473,2.7014268304878435,0 101.63913188939848,2.701427608946774,0 101.63929431441876,2.7014269915253584,0 101.6388089474408,2.7014264506509984,0 101.63864842202723,2.7014264979447096,0 101.63848585824918,2.7014277571336094,0 101.63832258462476,2.7014269893919423,0 101.63816081156203,2.7014269987243344,0 101.63808099569138,2.7012904223402505,0 101.63824143685636,2.7012909013828725,0 101.63840338912833,2.7012919292120623,0 101.63856653531388,2.70129300395437,0 101.6387272514037,2.701292207885338,0 101.63889086989977,2.7012911188995488,0 101.63905300886776,2.701290756460597,0 101.63921320227311,2.701291752552161,0 101.63929372534867,2.7011437405719767,0 101.63913378747328,2.7011448337092068,0 101.63897207892562,2.7011440792777184,0 101.63880918805495,2.701143552054016,0 101.63864592285252,2.7011447286319212,0 101.63848481072986,2.701145576023235,0 101.6383227659717,2.7011457116875177,0 101.6381623584215,2.7011466162252504,0 101.6382427907064,2.7010042737809323,0 101.63807956022161,2.7010048830214015,0 101.63840398068648,2.7010030469486797,0 101.63856574143792,2.7010030292431004,0 101.6387269829956,2.7010022374478306,0 101.6388902936997,2.701002210665624,0 101.63905212998581,2.7010023096206144,0 101.63921301751195,2.7010023349802306,0 101.63913395989208,2.700860798672598,0 101.63929507701778,2.7008606387548437,0 101.6389704145746,2.7008605875408644,0 101.63881020124103,2.700860799421276,0 101.63864592928438,2.700860754392676,0 101.63848557214439,2.700861958713942,0 101.63832456391486,2.700862980906569,0 101.63816161632447,2.70086205884495,0 101.63905158214733,2.702126622958402,0 101.63921256941806,2.7021252889959633,0 101.63888917939965,2.702126869304415,0 101.63872904474529,2.7021280030445487,0 101.63897105364826,2.7019885143248783,0 101.63880854859079,2.701988513221473,0 101.63864835279647,2.701988358027193,0 101.63848568855683,2.7019877072930583,0 101.63929450110456,2.7019876514480727,0 101.6391337749034,2.7019878299421007,0 101.63856637563669,2.70184792445802,0 101.63840494853292,2.701847780221131,0 101.63824340679086,2.7018472874226425,0 101.63921363744285,2.701847954423526,0 101.63905248983855,2.7018491302704386,0 101.63888964701187,2.7018488790346877,0 101.63872821057042,2.701848059375908,0 101.63897147646996,2.7022694829283322,0 101.633375,2.70425,0 </coordinates></LineString></Placemark>
<Placemark><name>Route 8</name><Style><LineStyle><color>ff00ff00</color><width>4</width></LineStyle></Style><LineString><altitudeMode>clampToGround</altitudeMode><coordinates>101.633375,2.70425,0 101.63500586360334,2.7038089251793616,0 101.63484342207579,2.7038092925455,0 101.63581332989337,2.703808483203885,0 101.6356523018214,2.7038079812511207,0 101.6354916456567,2.703806993246889,0 101.63532749641031,2.70380822471166,0 101.63516813728592,2.7038082076728536,0 101.63557283293858,2.70366650837584,0 101.63573223439361,2.7036666609035382,0 101.63589443440658,2.703667431231431,0 101.63541049963058,2.703666548665088,0 101.63524677020528,2.703665460098557,0 101.63508659521347,2.703665476299976,0 101.6349241326817,2.7036660308993548,0 101.63476171949526,2.7036646970136893,0 101.63484257864923,2.7035310597851114,0 101.63500514953458,2.7035308696146543,0 101.63516621266281,2.7035321722026437,0 101.63532868675982,2.7035308729229763,0 101.63549137281423,2.703530803861552,0 101.63565164538475,2.7035320619820897,0 101.63581362770334,2.7035318685899257,0 101.63573332831525,2.703386655753014,0 101.63589417598537,2.7033872735627065,0 101.63557216326818,2.703386948473868,0 101.63541040950162,2.703385877402272,0 101.63524766471784,2.7033863104402447,0 101.63508627945012,2.703385993850986,0 101.63492421567395,2.703386479085929,0 101.63476285472171,2.7033862868205185,0 101.63516557030675,2.703249297007908,0 101.63500607848938,2.7032490009283316,0 101.63484358123785,2.703250069880851,0 101.63468026861604,2.7032490632637045,0 101.63532849614295,2.703250249847632,0 101.63548947111559,2.703249488036939,0 101.63565200224623,2.703249987943506,0 101.6358134998285,2.7032507877168754,0 101.63557270530521,2.703108925872309,0 101.63540939961253,2.703108893637459,0 101.63524715015801,2.703108623272533,0 101.63508510732835,2.7031079137600336,0 101.6349241329104,2.7031089815385174,0 101.63476083170926,2.7031099299664216,0 101.63589440281342,2.7031094877969424,0 101.635733987535,2.7031096278857194,0 101.63581370577577,2.7029654811943833,0 101.63565139761947,2.70296542296965,0 101.63548980612968,2.7029662450966776,0 101.63532984868309,2.7029667008888363,0 101.63516611905509,2.702967759083079,0 101.63500579167771,2.70296868021729,0 101.63484203358712,2.702968062410698,0 101.63468171453235,2.7029670375005264,0 101.63492309951687,2.7028323111340398,0 101.63508629266646,2.7028310779350835,0 101.63524884198972,2.702830056173307,0 101.63541040675109,2.702830757272313,0 101.63557234297394,2.7028295857316116,0 101.63573280809048,2.7028285487899883,0 101.63516618124295,2.7026883332260847,0 101.63500494654902,2.7026874661825335,0 101.63532866101203,2.7026896511009904,0 101.63549121603138,2.702690759065358,0 101.63540909261597,2.7025535071901947,0 101.63524793067695,2.7025521752609847,0 101.63508527171541,2.7025512807408125,0 101.6358143671235,2.7040893535213675,0 101.63565275536023,2.704088447182321,0 101.63548970916747,2.7040892119667026,0 101.63532866868572,2.7040887901423725,0 101.6351682053839,2.7040879372933895,0 101.63500458520303,2.7040888681722173,0 101.63484361264078,2.704089923521464,0 101.63541084366554,2.7039478413928006,0 101.63557246667241,2.703948685988815,0 101.63573239816337,2.703950028380388,0 101.63524808279489,2.7039470600223754,0 101.63508706517713,2.703948263792167,0 101.63492369730339,2.7039477539457324,0 101.633375,2.70425,0 </coordinates></LineString></Placemark>
<Placemark><name>Route 9</name><Style><LineStyle><color>ffff0000</color><width>4</width></LineStyle></Style><LineString><altitudeMode>clampToGround</altitudeMode><coordinates>101.633375,2.70425,0 101.64050858589421,2.7018464489591594,0 101.64067180478932,2.701845373156606,0 101.6408316542466,2.7018441375379574,0 101.64099474187948,2.701843572278691,0 101.64115699977118,2.701842910955398,0 101.64131896393792,2.701842597621464,0 101.6403480059194,2.701847181861154,0 101.64139879268215,2.7017028217015797,0 101.64123704054565,2.7017015563186395,0 101.64107492824583,2.701702581314456,0 101.64091457763377,2.7017027827735856,0 101.6407524888604,2.7017033681630362,0 101.64058959940598,2.701704092207706,0 101.64042749224659,2.701703061401698,0 101.64050924681639,2.7015740777465425,0 101.64034761439524,2.701572974506854,0 101.64067168426884,2.7015730617204534,0 101.64083287231901,2.701572103440247,0 101.64099480536471,2.701573093950238,0 101.64115612980322,2.7015738827150124,0 101.64131738394337,2.70157396422404,0 101.64147870143745,2.701575199302968,0 101.64139892763608,2.701423978858156,0 101.6412359824093,2.70142444743721,0 101.64107532711805,2.7014256924792224,0 101.64091449135532,2.7014252904322755,0 101.64075057937627,2.7014263945777786,0 101.64058957903354,2.701425441901473,0 101.64042737601497,2.7014246104984925,0 101.6402668429968,2.7014257804606365,0 101.64034607618318,2.701292982714874,0 101.64050901619663,2.7012943284576068,0 101.64067071611777,2.701294977617816,0 101.64083186568875,2.7012955983264657,0 101.64099374881215,2.701295278089349,0 101.64115724923208,2.7012965150763057,0 101.6413169763887,2.701296640556801,0 101.64148086249459,2.7012964822395285,0 101.6409125807069,2.7011410399640514,0 101.640750978054,2.7011420366727292,0 101.6405895490879,2.7011423620656916,0 101.64042852228435,2.7011434488398245,0 101.64107504446488,2.701140055810071,0 101.64123668692862,2.7011391275690677,0 101.64140023922239,2.7011379150931294,0 101.64148102152295,2.7009999744968023,0 101.64131837810606,2.701001017703628,0 101.64115705155746,2.7010019392139575,0 101.64099567319167,2.70100113018548,0 101.64083157041314,2.701000351913261,0 101.64067075403192,2.7010001102491206,0 101.640509103883,2.701000093332678,0 101.64034679401252,2.7010013847597443,0 101.64042870244916,2.7008608964061414,0 101.64058992263563,2.700860106730087,0 101.64075150078214,2.7008607933957878,0 101.64091221089377,2.7008600746254996,0 101.64107446933942,2.7008589908521152,0 101.64123729782658,2.7008590643747814,0 101.6413982055894,2.700858452238269,0 101.64123852622228,2.7019879474617956,0 101.64139928213446,2.7019876513024443,0 101.64107407059927,2.701988010451655,0 101.6409133263919,2.7019882706238434,0 101.64075124809021,2.701988724859181,0 101.64058853614054,2.70198884349021,0 101.6404288734455,2.701988964849138,0 101.64026505612017,2.7019878473360066,0 101.633375,2.70425,0 </coordinates></LineString></Placemark>
<Placemark><name>Route 10</name><Style><LineStyle><color>ff00ffff</color><width>4</width></LineStyle></Style><LineString><altitudeMode>clampToGround</altitudeMode><coordinates>101.633375,2.70425,0 101.63605611714796,2.703385970654877,0 101.63621822907243,2.7033872334810827,0 101.63638179387337,2.703387055897071,0 101.63654340952954,2.7033883522167947,0 101.63670350520655,2.7033876209982477,0 101.63686781785465,2.7033873283869396,0 101.63702780699528,2.703388606680602,0 101.6371099597258,2.7032519467431033,0 101.63694766780009,2.703251236748946,0 101.63678573483573,2.703250298804533,0 101.63662281426734,2.70325017143816,0 101.63646161347435,2.703249471852853,0 101.63629885221309,2.7032492627946723,0 101.6361380675144,2.7032493848677643,0 101.63597679208851,2.7032495425005947,0 101.6362194538425,2.7031080235878284,0 101.63605739367914,2.703108733349997,0 101.63686522926312,2.7031068006043255,0 101.63670374201922,2.70310700355701,0 101.63654257331716,2.7031083268137692,0 101.63638212709856,2.7031089320534103,0 101.637029076735,2.703107132729771,0 101.63719139528331,2.703108348422623,0 101.636786961374,2.7029662856821113,0 101.63694845114195,2.7029649861310223,0 101.63710999158457,2.7029645425678543,0 101.63694861279481,2.703531095863347,0 101.63711054875733,2.7035318593901327,0 101.63678589869292,2.703530650426048,0 101.63662425167291,2.7035315362632,0 101.63646246623539,2.7035303132915796,0 101.63630043980265,2.7035311452108086,0 101.63613708519506,2.7035321665064584,0 101.6359753188679,2.7035322869503773,0 101.63605828081255,2.7036666834574556,0 101.63621886410618,2.7036675711018052,0 101.63638081886609,2.7036677797812145,0 101.63654176059794,2.703668855926162,0 101.63670410531866,2.7036680003866995,0 101.6368662270985,2.7036673438762913,0 101.6370286611189,2.703666492404271,0 101.63662302322312,2.7038075563246338,0 101.63646171226003,2.703808846503681,0 101.63629943254274,2.7038075207185575,0 101.63613862861442,2.7038077326582166,0 101.63597518359819,2.703807693835149,0 101.63710995538226,2.703806844786951,0 101.63694776789775,2.703807081628749,0 101.63678573210838,2.7038083166758544,0 101.63702789361123,2.703950213862801,0 101.63686743871231,2.7039493569133213,0 101.63670483084304,2.703950368348708,0 101.63654380072833,2.7039511007791286,0 101.6363811338949,2.7039517298568065,0 101.63621935331476,2.7039509856121984,0 101.63605766632084,2.7039515612482132,0 101.63589509166208,2.7039505469101184,0 101.63613688071072,2.7040899537524203,0 101.63597573461384,2.704090672162983,0 101.6362993847996,2.704090675996705,0 101.63646310640168,2.7040904004777797,0 101.63662467598623,2.7040912266212778,0 101.63678514882108,2.704090723740502,0 101.63694826500927,2.704089760723407,0 101.63710893202801,2.7040908540291118,0 101.63702834011409,2.7042250600963254,0 101.633375,2.70425,0 </coordinates></LineString></Placemark>
<Placemark><name>Route 11</name><Style><LineStyle><color>ffffff00</color><width>4</width></LineStyle></Style><LineString><altitudeMode>clampToGround</altitudeMode><coordinates>101.633375,2.70425,0 101.63986202988845,2.7040927350289325,0 101.63969816461734,2.704091494740755,0 101.64002179932952,2.7040919950968734,0 101.64018420203338,2.7040910109885044,0 101.6403463253593,2.704091209451214,0 101.64050913329518,2.704092183413391,0 101.64067174843615,2.704092987915658,0 101.64083212434606,2.7040941524588367,0 101.64099456723571,2.7040941902388274,0 101.64115733046367,2.704094381563076,0 101.64131934552675,2.704093289203666,0 101.64042780772512,2.7042242832376964,0 101.64058842342419,2.704223966252472,0 101.64075053032246,2.7042245121904513,0 101.64091307352722,2.7042243309244003,0 101.64107590102755,2.7042231453863605,0 101.64123591744531,2.704222395474357,0 101.64140023672577,2.7042215223455064,0 101.64139777664448,2.703947695555121,0 101.64123710462005,2.7039477314430864,0 101.64107577476231,2.703947721065818,0 101.64091364407462,2.703947569704088,0 101.64075039902275,2.7039471677507234,0 101.64058886213742,2.7039480614848244,0 101.64042766428126,2.7039491829353626,0 101.64026598981127,2.703948249400438,0 101.6401036575747,2.7039488293337213,0 101.63994292532739,2.7039500607440097,0 101.63978094242931,2.703950763339867,0 101.64083210144453,2.7038057207206934,0 101.64099494582982,2.703805658103404,0 101.64115523473788,2.7038063402186947,0 101.64131842760534,2.703805512071027,0 101.64067054315471,2.703806504159887,0 101.64050786971214,2.7038061653936483,0 101.64034570858038,2.7038066043488924,0 101.64018584859163,2.7038056785707854,0 101.64002368232687,2.7038064348750663,0 101.6398617912802,2.703806360355645,0 101.64010307170689,2.7036634283893832,0 101.6399429663407,2.7036641782228146,0 101.64042711692328,2.703663428490944,0 101.6405899265454,2.7036633198924886,0 101.64075141313894,2.7036637802176555,0 101.6409126325157,2.7036626144079645,0 101.64107543477922,2.7036615371839696,0 101.64123603352387,2.703661392002057,0 101.64139918637608,2.7036618093325995,0 101.64026478044332,2.7036626494602447,0 101.64018440119115,2.703527868021879,0 101.64002181997368,2.703529180224748,0 101.64034806242289,2.7035265889476743,0 101.64050935034842,2.7035267723816916,0 101.64067042615777,2.7035264511045973,0 101.64083230324825,2.7035263618955017,0 101.64099557883529,2.70352719288998,0 101.64115610406841,2.7035263537346825,0 101.64131903211562,2.703525786723561,0 101.64139781495545,2.703384421722087,0 101.64123807137088,2.70338534205425,0 101.64107443038021,2.703386103385938,0 101.64091469068207,2.70338492974427,0 101.64075123694,2.703385481654191,0 101.64058908695323,2.7033865696636266,0 101.64042745190088,2.7033869538148836,0 101.64026705416244,2.7033875745686675,0 101.64010454194913,2.7033885737994217,0 101.64099375494321,2.7032553673013773,0 101.64083340724817,2.7032548070914606,0 101.64067007121292,2.7032537638874987,0 101.64050844038768,2.703255009181416,0 101.64034785002204,2.703255478849246,0 101.64018512391745,2.703254281542655,0 101.633375,2.70425,0 </coordinates></LineString></Placemark>
<Placemark><name>Route 12</name><Style><LineStyle><color>ff9900ff</color><width>4</width></LineStyle></Style><LineString><altitudeMode>clampToGround</altitudeMode><coordinates>101.633375,2.70425,0 101.63573375496276,2.701707952678514,0 101.63589437168568,2.7017069259239546,0 101.63605798154127,2.7017069302491064,0 101.63637988554594,2.701705373487093,0 101.63654233599242,2.7017043389234705,0 101.63670379879015,2.7017042561321376,0 101.6362184992706,2.701705883866328,0 101.63662260386612,2.7015720316415344,0 101.63646219722695,2.701573120213674,0 101.63629898483418,2.701572244711535,0 101.63613811350257,2.701573305042265,0 101.635975380214,2.7015726408742475,0 101.6358136141006,2.701571654355583,0 101.63573275664297,2.7014289938432476,0 101.6358940383996,2.7014292854139015,0 101.63605734112014,2.701428445606697,0 101.63621789724243,2.7014291471129317,0 101.63638171636399,2.7014278277172354,0 101.63654272311285,2.7014274229216775,0 101.63670584899705,2.701428767443037,0 101.63581370668145,2.7012880702883564,0 101.63565377840179,2.7012869983292638,0 101.63597520515897,2.7012867266452703,0 101.63613773205422,2.701288049719941,0 101.63629992983135,2.7012869850589953,0 101.63646154815702,2.7012871935130858,0 101.63678688269728,2.7012886298669243,0 101.6366247032055,2.701287708811221,0 101.63637959581281,2.701145159855803,0 101.63670434945418,2.7011476003267956,0 101.63654315519398,2.7011463352262406,0 101.63622023572506,2.701145624468799,0 101.63605789543216,2.701144698236029,0 101.63589447281075,2.7011439816756795,0 101.63573364029433,2.70114440722755,0 101.63557054349232,2.7011433906710316,0 101.63581569047716,2.701006837956544,0 101.63597739441362,2.7010081418730394,0 101.6361387612346,2.7010086929445563,0 101.63630074408556,2.701008551857295,0 101.63646248773841,2.7010082103273705,0 101.63662391815683,2.7010079904209996,0 101.63678602879028,2.701008588612831,0 101.63565362680909,2.7010074484160116,0 101.63557157518203,2.700866832574736,0 101.63573267183773,2.700867325185105,0 101.63589438354472,2.7008669700753516,0 101.63605600570584,2.700867023687898,0 101.63621827127723,2.7008665941871595,0 101.6363822461391,2.7008668399753506,0 101.63654339107352,2.7008656111928744,0 101.63670383370346,2.700865704263488,0 101.63686556738048,2.700866358581979,0 101.6361380938687,2.701846437685754,0 101.63630053200679,2.7018461830995038,0 101.63597745803621,2.7018463086725273,0 101.6358148921894,2.7018466632323497,0 101.633375,2.70425,0 </coordinates></LineString></Placemark>
<Placemark><name>Route 13</name><Style><LineStyle><color>ff0000ff</color><width>4</width></LineStyle></Style><LineString><altitudeMode>clampToGround</altitudeMode><coordinates>101.633375,2.70425,0 101.63363000102086,2.701989114544207,0 101.63346622040507,2.701987905754616,0 101.63379185845456,2.70198854811578,0 101.63395359079367,2.701988842014105,0 101.63411550352313,2.7019876863877657,0 101.63427662819007,2.7019888220273525,0 101.63443915318501,2.701989929962186,0 101.63435614950157,2.7018493559523575,0 101.63419514806913,2.7018486754178532,0 101.63403414189287,2.701847648577689,0 101.63387229738494,2.7018469833864667,0 101.63371074490638,2.7018467127364887,0 101.6335481721169,2.7018479519160272,0 101.63354744747863,2.702128348283479,0 101.63371014259064,2.702128118982208,0 101.63387277753934,2.7021271167191943,0 101.63403498659326,2.70212654039652,0 101.63419522154167,2.7021262834677304,0 101.63435773803342,2.702127613816776,0 101.63452063508802,2.7021274048775363,0 101.63468226318649,2.7021268028110406,0 101.63411546994445,2.702267676033389,0 101.63395153996768,2.7022676348210144,0 101.63378959175844,2.702268284501821,0 101.6336289885309,2.7022676440653166,0 101.6334681957233,2.702268697225218,0 101.63427638371074,2.70226884681709,0 101.63443837000612,2.7022685705800735,0 101.63460060992037,2.7022687419109457,0 101.63476307094778,2.702269101248771,0 101.63370880751465,2.7024065569367672,0 101.63354809453227,2.702407534049268,0 101.63387081508097,2.7024059925900517,0 101.6340328182091,2.7024051949701464,0 101.63419624008674,2.7024065039130343,0 101.63435820974483,2.7024076347485764,0 101.63451901463714,2.702408331472302,0 101.6346824312473,2.702408914758242,0 101.63484312131466,2.702409561591434,0 101.63492510725328,2.7025502749470456,0 101.63476216622783,2.7025496628165944,0 101.63459965981673,2.7025487396805383,0 101.6344376174683,2.7025483294250443,0 101.6342755156501,2.7025494781427293,0 101.63411586554682,2.702549714270892,0 101.63395151404067,2.7025500997677145,0 101.63379180133973,2.7025488238790927,0 101.63362779789865,2.7025480188479842,0 101.63346692251814,2.702547821861762,0 101.63354792136056,2.7026892024362037,0 101.6337088479843,2.702688157047048,0 101.63387202782496,2.702688525651778,0 101.63403452102284,2.702687617499701,0 101.63419469504578,2.7026874920030104,0 101.6343563965762,2.702688530965766,0 101.63451869088856,2.7026877476166384,0 101.63468057609425,2.702688744454063,0 101.63484188976015,2.7026884376782854,0 101.6347615933569,2.7028314633638875,0 101.6345993234537,2.702830592641353,0 101.63443959886578,2.7028307383546135,0 101.63427522380515,2.702830129933812,0 101.6341140215968,2.7028297889030855,0 101.63395393803437,2.702828710931022,0 101.63379004070399,2.702827774657791,0 101.63363028748572,2.702827629698119,0 101.63346765107454,2.7028283652554674,0 101.63371102916447,2.7029668061888015,0 101.63354933102454,2.7029671749951385,0 101.63387231281665,2.7029662355999604,0 101.63403501620382,2.7029665870701907,0 101.63419511963912,2.7029667961130994,0 101.63435809958881,2.7029664935382014,0 101.63452030293195,2.702966537456415,0 101.633375,2.70425,0 </coordinates></LineString></Placemark>
<Placemark><name>Route 14</name><Style><LineStyle><color>ff00ff00</color><width>4</width></LineStyle></Style><LineString><altitudeMode>clampToGround</altitudeMode><coordinates>101.633375,2.70425,0 101.63969807029665,2.703807307167654,0 101.6395379451443,2.7038063876611367,0 101.63937626780215,2.703805437026429,0 101.6394571085878,2.7039499479257882,0 101.63961733031766,2.7039501645465136,0 101.6395384355375,2.7040902022677007,0 101.63970049468548,2.7035299399359283,0 101.6398601439748,2.703530026545666,0 101.63953765532773,2.703529348473615,0 101.63937585986469,2.703529758651458,0 101.63921377255423,2.703529664632583,0 101.63945767329109,2.703664668790698,0 101.63929556417641,2.7036644137085086,0 101.63961797105549,2.703664089103857,0 101.63978098670937,2.7036632147143367,0 101.63961830886468,2.703388708334432,0 101.63977962693583,2.703388658611325,0 101.63994256430239,2.7033895597027104,0 101.63945542688411,2.703388601278912,0 101.63929459800502,2.7033886788192834,0 101.63913313571702,2.7033876062624618,0 101.63905185565334,2.703255472534519,0 101.63921343045709,2.7032559670449205,0 101.63937526400383,2.7032554615774385,0 101.63953629754084,2.7032551037670003,0 101.63970067172951,2.7032540681670527,0 101.63986210821236,2.7032543243779257,0 101.64002253733743,2.7032551589791423,0 101.63961964302051,2.7031057437064154,0 101.63977962599287,2.7031051779238826,0 101.63994225455004,2.7031042660791313,0 101.6401043580031,2.7031048356207634,0 101.63945597531881,2.7031068232870097,0 101.63929496922793,2.7031067934118087,0 101.63913220581905,2.7031078704960807,0 101.63897203310637,2.7031079598339214,0 101.63880790317577,2.7031077997751374,0 101.63872831469183,2.7029632409886997,0 101.6388892467996,2.7029626205090658,0 101.63905071805823,2.7029616666599967,0 101.63921276423129,2.70296225259035,0 101.63937429380205,2.7029633503940516,0 101.63953862131744,2.7029632333558076,0 101.63969993986423,2.702963696448411,0 101.63986192749317,2.7029632540775084,0 101.6400233180411,2.7029639449761222,0 101.63897107546624,2.702831125435138,0 101.6388098859349,2.7028324178176555,0 101.63929585076201,2.702830292944285,0 101.63913272065967,2.7028303766508803,0 101.6394577463373,2.7028289608737834,0 101.6396175047254,2.7028293712674065,0 101.63977919918041,2.7028298148449337,0 101.6399430364455,2.7028299814918424,0 101.64010489738483,2.7028307728973067,0 101.63937632046715,2.702692613627352,0 101.6392128970163,2.702692659982557,0 101.63905245081129,2.7026932391539704,0 101.63888980732206,2.7026927882641236,0 101.63953686724378,2.7026921480424893,0 101.63970041254798,2.7026919183910647,0 101.63986088666421,2.7026923714869424,0 101.6400225401759,2.7026925322186828,0 101.63961746570716,2.7025581099804357,0 101.63978093836418,2.702557633552965,0 101.63994320420723,2.702557944878344,0 101.63945582903897,2.7025586592899926,0 101.63929468978198,2.7025576458968033,0 101.63913200086523,2.702556837100898,0 101.6389710522271,2.7025578927854497,0 101.63921489017868,2.702404278815951,0 101.63905084162022,2.7024052632595503,0 101.63929518971659,2.7022720050834868,0 101.63913409510221,2.7022707739663017,0 101.633375,2.70425,0 </coordinates></LineString></Placemark>
<Placemark><name>Route 15</name><Style><LineStyle><color>ffff0000</color><width>4</width></LineStyle></Style><LineString><altitudeMode>clampToGround</altitudeMode><coordinates>101.633375,2.70425,0 101.63686525006068,2.701146470164446,0 101.63702952354848,2.701146170606248,0 101.63718936171577,2.7011456511847984,0 101.63735106049428,2.7011469612658727,0 101.63751537870421,2.7011464921725055,0 101.63767467377566,2.7011471405455887,0 101.63783792355751,2.70114653987297,0 101.63799845027725,2.7011473062194296,0 101.63694664518653,2.7010080682795445,0 101.63743204198082,2.701006952162006,0 101.63727220094026,2.7010067309940693,0 101.63710815264243,2.7010080669155783,0 101.63759624392995,2.701006170556486,0 101.63775591882288,2.7010050361654154,0 101.63791763344273,2.7010045588292644,0 101.63800010675729,2.7008633584846136,0 101.6378366274173,2.7008625108152966,0 101.63767650875243,2.7008637189417644,0 101.63751312292572,2.7008649959610347,0 101.6373512177429,2.7008656401179474,0 101.63718955525947,2.700865539087027,0 101.63702732456402,2.700866838912853,0 101.63759594194244,2.7012878513980736,0 101.63775599502101,2.7012878379955456,0 101.63791877415538,2.701289123590361,0 101.63743268287898,2.7012889680324097,0 101.63727079329283,2.7012876238901846,0 101.6371082504133,2.7012886021278235,0 101.63694727942398,2.701287533852343,0 101.6371904564154,2.7014283674184947,0 101.63702745771955,2.7014288643158024,0 101.63686631787468,2.701427706386094,0 101.63735208985183,2.701427904080661,0 101.63751316820569,2.7014272070972303,0 101.63767542265927,2.70142669891436,0 101.6378383596608,2.701427009591156,0 101.63800026090458,2.7014258882214657,0 101.63791922983093,2.701570037004757,0 101.63775803372269,2.7015710238587056,0 101.6375957166256,2.7015714256898025,0 101.63743352158393,2.7015706498362166,0 101.63727142893354,2.7015716060655635,0 101.63710957387237,2.701571120949358,0 101.63694796899836,2.7015711904353954,0 101.6367852131858,2.701571279621364,0 101.6370272263672,2.7017032348213728,0 101.63686730152331,2.7017034475393618,0 101.63718973925484,2.7017025881956083,0 101.63735134465165,2.7017032720625638,0 101.63751306395677,2.7017039670481187,0 101.63767706085987,2.7017035485548107,0 101.63783713110817,2.7017046585076323,0 101.63799949952373,2.701705641052614,0 101.63791989287627,2.701846783412415,0 101.63775708301462,2.7018474151311596,0 101.637594054703,2.7018470169489803,0 101.63743435274426,2.7018462085618653,0 101.63727125795992,2.7018460623955427,0 101.6371100008332,2.7018454868070347,0 101.63694793698072,2.701846140853565,0 101.6367844607225,2.7018452236723305,0 101.63719045012986,2.701985998718582,0 101.63702829717879,2.7019857568504086,0 101.63735272564658,2.7019872279490436,0 101.63751489378382,2.7019868330019268,0 101.6376761064169,2.7019875265554,0 101.63711031730006,2.7021285619128745,0 101.63727068919847,2.702127730656299,0 101.63743413853247,2.702127308564472,0 101.63719069613032,2.702267613086506,0 101.633375,2.70425,0 </coordinates></LineString></Placemark>
</Folder>
<Folder><name>3D Routes</name>
<Placemark><name>Route 1</name><Style><LineStyle><color>ff0000ff</color><width>4</width></LineStyle></Style><LineString><altitudeMode>relativeToGround</altitudeMode><coordinates>101.633375,2.70425,3 101.6403473767574,2.702963389759399,16.094771436424438 101.64050951405135,2.7029638321734204,16.083793699655445 101.64066999140694,2.7029647572422277,16.06838955153676 101.64083185538394,2.7029647589436787,16.046703568602915 101.64099378717235,2.7029643119272952,16.01949229680831 101.64115578675799,2.7029645432760576,15.989568438707074 101.64131833888494,2.70296516772277,15.961227361754872 101.64018636630499,2.7029627303125525,16.10363915717172 101.64026696901462,2.70310542855386,16.099305012257318 101.64042677495007,2.703104439649141,16.090297948065572 101.64059008395236,2.7031033630043466,16.078042051380102 101.64075208009176,2.703103004178565,16.060356137370675 101.64091223797597,2.70310375604177,16.036708117693248 101.64107450619161,2.7031029362372916,16.007972021897242 101.64123725085159,2.703101978104843,15.977985666341473 101.6413999608322,2.7031021014386387,15.950231946217976 101.64131765920095,2.703255507397629,15.966374679265632 101.64115654661053,2.7032561400138824,15.99497795211813 101.64050991295842,2.702403172177603,16.073892491842045 101.64034640014142,2.7024043289751156,16.085697733490047 101.64066973347367,2.7024022469409013,16.057901016585557 101.64083160028086,2.7024020026758118,16.036355045125863 101.64099380808757,2.702400819806436,16.01079261263666 101.64115598210562,2.7024015968460873,15.98478224682677 101.64131913545349,2.7024016479478155,15.961250132294271 101.64123770827325,2.7022709648250034,15.97542928762658 101.64139966031999,2.7022701055957614,15.953621432506658 101.641076412501,2.7022705455903315,15.998512468147394 101.64091212474781,2.70226958127465,16.02339859884019 101.64075280391225,2.702268506482372,16.04503274523578 101.64058852284674,2.7022692903073913,16.06254807965219 101.6404265611285,2.7022703906527488,16.075016842000572 101.64026641032608,2.7022709719667803,16.084437588878348 101.64131943578612,2.7021244095336456,15.967507358041413 101.64115600806655,2.7021250929103977,15.988570884189677 101.64099451283967,2.702124023134862,16.011058926780713 101.64083239404248,2.7021230978508655,16.032541991978214 101.6406704294724,2.7021224039354377,16.05009420643738 101.64050860064398,2.702123314522975,16.062930385125384 101.64034721246901,2.7021245907216827,16.072332823467534 101.64018547821075,2.702691550564539,16.10216943162551 101.64034770291747,2.7026907508955667,16.09264548634988 101.6405088865638,2.7026904955243154,16.08057990246838 101.64066959677893,2.7026893139180825,16.063626049599925 101.64083272427,2.7026889231189397,16.040395115667362 101.64099459700914,2.70268777015784,16.01266575510079 101.64115500152765,2.7026878472618927,15.984141466837901 101.64131721237632,2.702686694696143,15.957982583076767 101.64026719257538,2.702829652208267,16.098754247459993 101.6404265658984,2.702829516541861,16.088789285162534 101.64058884038594,2.702830503426065,16.07506303666746 101.64075098110949,2.7028311941879073,16.055621634924456 101.6409133692215,2.702831602123075,16.030201411144304 101.64107416306462,2.7028304523900335,16.00119543117762 101.64123692045399,2.702831436569644,15.972437996262164 101.6413986424146,2.70283061500608,15.946292610983255 101.64123666825236,2.7025543424040737,15.97083397726412 101.64139979377383,2.7025541994710034,15.946667047228768 101.64107551205633,2.7025538331848815,15.996872479853497 101.64091375933934,2.7025544376848467,16.024886021613767 101.64075230371051,2.7025542402835145,16.050133681930333 101.64059024576983,2.702555466897236,16.0702024694223 101.640428161991,2.702555977030449,16.08464413771393 101.64026601026217,2.7025570206428187,16.09525398076836 101.64010397747558,2.7025573747144227,16.104146674633025 101.633375,2.70425,3 </coordinates></LineString></Placemark>
<Placemark><name>Route 2</name><Style><LineStyle><color>ff00ff00</color><width>4</width></LineStyle></Style><LineString><altitudeMode>relativeToGround</altitudeMode><coordinates>101.633375,2.70425,3 101.63346773060259,2.7039494467531258,16.336741002060805 101.63362868441165,2.7039492970960666,16.334259887017616 101.63379214993616,2.703948672114567,16.32960539343073 101.63395343833673,2.703949206466586,16.32321389572321 101.63411381241143,2.703948443359912,16.31603067660119 101.6342763233554,2.7039475612236763,16.308992775739686 101.63443958752454,2.7039478400191825,16.302762212739232 101.63460027949502,2.703948147249657,16.29701704482589 101.63476212360747,2.7039471789648135,16.29182038940676 101.6335491085406,2.704088732337688,16.335663657860692 101.6337096798034,2.7040898018619832,16.332346541452285 101.63387099680958,2.704090030918083,16.326861102366628 101.63403246341993,2.704091079343886,16.319907366400713 101.6341967847502,2.7040902210963633,16.31252098577911 101.63435830585516,2.704089189512143,16.305961435888527 101.6345200579293,2.7040889951208857,16.30021931165335 101.63468217354054,2.704090248631297,16.294687663004243 101.63346768926638,2.704228228038305,16.33618881055141 101.63411406713934,2.704227004321274,16.315556721058464 101.63427663773764,2.704227151447157,16.308445996992624 101.63443732437831,2.704226305760085,16.302364364136945 101.6345989599747,2.704226021103204,16.296713365745397 101.63476285601305,2.704225901285431,16.291268546497108 101.63468255069391,2.7035307970728133,16.287722285594274 101.63451944703951,2.703530370526512,16.29464124996192 101.63435880741055,2.703530058866716,16.301581969264852 101.63419503839464,2.7035296679245806,16.308371143030165 101.63403397281266,2.7035284560721315,16.315025030542444 101.6338730327634,2.7035272886077713,16.321675534203244 101.63370873240372,2.7035283508899473,16.328123239295113 101.63354925430785,2.7035277134664417,16.333472381344343 101.63460122029261,2.703386357250854,16.289533460103335 101.63443880232067,2.703385206473737,16.297050023769792 101.63427684959144,2.703385912901597,16.303991642510198 101.63411366994491,2.7033846860760216,16.310432449158146 101.63395383443485,2.7033844668762046,16.316689029276436 101.63379036465221,2.7033852200677964,16.32323798936217 101.63362971010301,2.703386440993828,16.32954310068789 101.63346754127667,2.7033877019810086,16.335288538425228 101.6337096956277,2.703247030479657,16.32510942125706 101.63354767113302,2.7032475689074866,16.331679080056073 101.63387268374849,2.703248134028661,16.31854590582664 101.63403313558403,2.7032488484182258,16.312442119773507 101.63419548574842,2.7032475702248417,16.306420477995488 101.63435827944102,2.7032478557993196,16.299911103475235 101.63451809300476,2.7032490681327417,16.292601788367836 101.63460053685074,2.7031094896202283,16.287890388632 101.63443731103952,2.7031092859787123,16.29561815377928 101.63427759246669,2.703108761253599,16.302398389164704 101.6341153693293,2.7031096798048155,16.308378887912724 101.6339532037459,2.7031109864764007,16.31421446906888 101.63378985432777,2.7031101893792293,16.32056553618716 101.63362992884333,2.7031091868097072,16.327292926098973 101.6334664226056,2.7031090934509208,16.33422713302835 101.63354684180305,2.70380786287436,16.335351146960214 101.6337098690048,2.7038070181781575,16.331312044238686 101.63387271696784,2.7038080034711696,16.325448184344424 101.63403427501656,2.703808103294182,16.31848377683668 101.63419437969108,2.7038080074425768,16.311383941461564 101.63435691649636,2.7038081472777606,16.304673005604222 101.63451911183729,2.703807061964806,16.298459177517802 101.63468100150833,2.703808269673813,16.292551650726 101.63460096773129,2.7036649247949187,16.293074706750627 101.63443805874009,2.7036652416472484,16.299761368836915 101.63427785759008,2.703666102091554,16.306323891691015 101.63411538281075,2.703667396842332,16.313243936006835 101.63395195363111,2.7036684948703518,16.320348686842443 101.63379056429018,2.7036683412333953,16.326925209401985 101.63362980994943,2.703667649692201,16.332342904811025 101.63346775544127,2.7036683238929435,16.33628369304849 101.633375,2.70425,3 </coordinates></LineString></Placemark>
<Placemark><name>Route 3</name><Style><LineStyle><color>ffff0000</color><width>4</width></LineStyle></Style><LineString><altitudeMode>relativeToGround</altitudeMode><coordinates>101.633375,2.70425,3 101.63735204381258,2.7022681126599215,16.162325299413325 101.63751414427249,2.7022687933566116,16.157314862593484 101.63767701611967,2.7022700355492604,16.150428986705844 101.63783743990584,2.7022704113651046,16.142327915151 101.63799912575472,2.702271625654125,16.134026780777475 101.63816033980456,2.702270292335763,16.125524221730437 101.63832289155494,2.702270333344841,16.118171111567538 101.63848400894643,2.7022693127220863,16.113783165471702 101.63864839178349,2.702268010263236,16.1129092999348 101.63880868238336,2.7022690593203,16.11448955599989 101.63856661643206,2.702128431120393,16.105145245183248 101.63840557603034,2.7021271094166157,16.107460897295 101.63824354437511,2.7021270833751703,16.113859856181715 101.63807948920335,2.702128081370334,16.122856693124998 101.63791961176273,2.7021279012113912,16.13181910383019 101.63775649885733,2.7021276096382247,16.14088122994523 101.63759492172495,2.7021268010902464,16.149531210288792 101.6383224458074,2.701988279005818,16.104503661746683 101.6381629175572,2.7019879182836686,16.112696461402507 101.63800019347458,2.7019870780829196,16.122301693288627 101.63783872036545,2.7019871228422705,16.13162712167242 101.63808008725606,2.701846607306876,16.113068545785282 101.63735274509936,2.702555895507711,16.168752641916043 101.63751343760802,2.702556929824717,16.16587763411704 101.63767572346858,2.7025567094307137,16.1611509817384 101.63783647588045,2.7025566681830537,16.154820863078932 101.63799839145175,2.702557246625206,16.14811399643168 101.63816043363202,2.7025583228671692,16.14194076070609 101.6383227146709,2.7025574241774297,16.13665089735923 101.63848540729452,2.7025563044267287,16.132781384873617 101.6386470534249,2.70255677421771,16.130530950420475 101.63880921927107,2.7025570893913784,16.1293287637297 101.63889073030623,2.7024063203573823,16.122117004936385 101.63872732684199,2.702406796471063,16.121406040859277 101.63856725986761,2.7024059692263327,16.121747063457487 101.63840487600669,2.7024068684307574,16.12458353307381 101.63824301707851,2.7024077343101847,16.13005388126622 101.6380815348216,2.702407377080514,16.13715177064613 101.63791897377793,2.702408717264796,16.144827115102906 101.63775716049113,2.7024093253891883,16.15244330788982 101.63759366608046,2.7024096437836063,16.159077051492513 101.63743236562945,2.7024090616308722,16.16362602424904 101.63727116071009,2.7024078126554816,16.166506740874617 101.63864837483156,2.702831731716612,16.14288882625013 101.63848418950472,2.702831042740303,16.14576100526026 101.63832309086497,2.7028321353012514,16.148342294798255 101.63816176976027,2.702831942383486,16.151295727265637 101.63799840478649,2.702831031822974,16.15555833374615 101.637917641573,2.7029639820379163,16.158874332548265 101.63807969649513,2.702964076920977,16.15417905636778 101.6382422570677,2.7029631310122726,16.151270182844982 101.63840506908832,2.7029625872861303,16.149305221612572 101.63856696188988,2.7029622400889397,16.147078621147628 101.63800102632497,2.7031085663030927,16.155558678518148 101.63816245429163,2.7031081710012907,16.152020757680738 101.63872800704934,2.7026923418333557,16.1363874727057 101.63856677346347,2.7026917685779397,16.13893535236383 101.63840471237327,2.7026906528329864,16.141848326893495 101.63824116073107,2.702689341046731,16.145445982666534 101.63808102376352,2.7026899037538406,16.150002513341718 101.6379180933812,2.7026888357997665,16.15565871672033 101.63775705209675,2.7026896057506917,16.161781406074027 101.63759406919414,2.7026899052309945,16.16706569294891 101.63743189916832,2.702691233726391,16.17086447118554 101.63727228201873,2.7026917712925456,16.173586052169764 101.633375,2.70425,3 </coordinates></LineString></Placemark>
<Placemark><name>Route 4</name><Style><LineStyle><color>ff00ffff</color><width>4</width></LineStyle></Style><LineString><altitudeMode>relativeToGround</altitudeMode><coordinates>101.633375,2.70425,3 101.63597561335067,2.7026903237981528,16.219488408017014 101.6358131206618,2.7026907616402567,16.228796428548847 101.63565250226559,2.702692020159566,16.237529892377182 101.63613808599305,2.702690321021021,16.210390759610785 101.63629937595064,2.7026904903030364,16.202352945642755 101.63646313625694,2.702691638671637,16.195631418510345 101.63662405887524,2.7026912003686947,16.190141850952145 101.63678521698189,2.702690890077889,16.18502715084686 101.63694870820036,2.7026904346213096,16.18002055577085 101.63710992692684,2.7026907332724,16.176304310734096 101.63702951556523,2.702830697551216,16.183720734305215 101.63718929196793,2.702830633792457,16.179644452528976 101.63686529889407,2.702830979280134,16.18851569099295 101.63670563263608,2.702831260269063,16.193372767118397 101.6365436948149,2.7028321434284552,16.197850499254397 101.63638000739904,2.7028318685566353,16.202356537035982 101.63621858527986,2.702831232105368,16.20789616699428 101.63605806333247,2.70283038719562,16.215130954650167 101.63589635028265,2.7028290689487644,16.22396133883581 101.63597577661517,2.7029660158747455,16.220857104045088 101.63613718494959,2.7029660049480055,16.213575970170766 101.63629938134042,2.7029653077325895,16.208401001606656 101.63646297544157,2.702964808209898,16.204674193123992 101.63662335639378,2.702965506893015,16.201164744787047 101.63630114120562,2.702411973101477,16.201486650130416 101.63646095596565,2.7024109433970414,16.192168059707623 101.63662497949056,2.7024105191368184,16.184345070799356 101.63678626682774,2.702409404525804,16.17821673933082 101.6369471290345,2.702408468314121,16.172775492601538 101.63711020670834,2.7024084491887472,16.16903817727507 101.63613797288278,2.702411933125534,16.211599602764068 101.63597583139729,2.7024108186924285,16.220972915218614 101.63581541610061,2.7024119603527508,16.2288609584257 101.63565370875925,2.7024118658856544,16.235542466897744 101.63549151695528,2.702411002838057,16.241469765489093 101.63621948735542,2.702270019978163,16.20743696828852 101.63605726957222,2.702270269581626,16.216707423194713 101.63589460208382,2.702269272662244,16.224446314799657 101.63573311901825,2.702269087032247,16.23061885484429 101.63557072426055,2.7022687191734094,16.236020013828277 101.63638101408138,2.702268823325607,16.197579389476203 101.63654180709749,2.7022688063943803,16.18857399299479 101.63670483808225,2.70226791118177,16.181286125053234 101.63686710668749,2.7022692413159692,16.174983836213723 101.63702892168442,2.7022686796971547,16.169819585110602 101.63694792491034,2.702129616802576,16.172624439222403 101.63678668571931,2.702129003471162,16.178969355448896 101.6366249632372,2.7021279697356473,16.185826709138208 101.63646104859563,2.702129217095811,16.194096280332936 101.63629867086905,2.7021300751018735,16.203296082023222 101.63613738326048,2.7021299139954102,16.21206455925511 101.63597583768964,2.7021289388659,16.219460347749735 101.63581463510512,2.70212830805808,16.225361677058697 101.63565191221215,2.7021281743354044,16.23047314977653 101.63573412597715,2.7019870168528497,16.22495810797527 101.63589543126814,2.701987416274535,16.220011586630292 101.63605648007743,2.7019862298943567,16.21428986956954 101.6362189750441,2.701986100683832,16.207229920906116 101.63638051256952,2.701985153465406,16.199115685457958 101.63654402398197,2.701986432518063,16.190758513072794 101.63670400083384,2.701985563503806,16.183409615141734 101.63686751622944,2.701986215337921,16.17634752585791 101.63662393682777,2.7018450091028736,16.188067178548863 101.63646293597266,2.7018457102288993,16.195686190299952 101.63654214492162,2.702553318088841,16.18938843565905 101.6363799007506,2.702552966604366,16.196973765799495 101.63621950565978,2.7025524144489412,16.205884887005283 101.63605759499035,2.7025532348976853,16.215489204717443 101.63589643657897,2.7025526444321675,16.22471846882031 101.63573269178673,2.7025529935569454,16.23311603357039 101.63557264044822,2.7025528136731913,16.24047165486877 101.63686733120673,2.702552544187118,16.177790565040297 101.63702928563934,2.702553601727192,16.173464332909766 101.63719113761165,2.702554768153022,16.170804371911373 101.63670376593602,2.7025529504623576,16.18333816241143 101.633375,2.70425,3 </coordinates></LineString></Placemark>
<Placemark><name>Route 5</name><Style><LineStyle><color>ffffff00</color><width>4</width></LineStyle></Style><LineString><altitudeMode>relativeToGround</altitudeMode><coordinates>101.633375,2.70425,3 101.6346804727063,2.7018476295741563,16.26360402087489 101.63451804822864,2.701848684485773,16.273454992836868 101.63484408025057,2.7018471486883575,16.2534389971032 101.63500451849134,2.701846132492502,16.24456874139701 101.63516599063448,2.7018464971282925,16.237932777920427 101.63532766057456,2.7018473881656244,16.23342043192251 101.63549128258596,2.701847560210118,16.22949827228696 101.63565262008711,2.70184779520043,16.224895815120217 101.63540882761464,2.701706332972992,16.230990292839202 101.63557239372885,2.701706790737671,16.22647127615474 101.63524830269947,2.701705784381586,16.23517762621038 101.63508511914668,2.7017053649829914,16.240754582768787 101.63492411379386,2.701706403826446,16.248423892054188 101.63476284168894,2.7017051425384673,16.257768450647042 101.63460147406605,2.7017059502718834,16.267461902371778 101.63443915673639,2.7017068968551965,16.27695538786734 101.63565328509813,2.7015711725202083,16.22479357413973 101.63549042310858,2.701570161831356,16.23018273344171 101.63532742453343,2.701568984295432,16.234733260773073 101.63516581507106,2.7015690582312466,16.239376271150007 101.63500364543006,2.7015702357373526,16.245453400981866 101.63484184564965,2.701571154399932,16.253320632943975 101.63468257252394,2.7015700763388586,16.262118669985085 101.63451864186058,2.701569238439836,16.271239429520037 101.63508696318915,2.70143042094674,16.24497978028026 101.6349251500982,2.701429405993005,16.251045185516347 101.6347613145587,2.701428908066561,16.25853666183989 101.6345993441012,2.7014296316734363,16.266720309602633 101.63443735856563,2.701428462910787,16.27516590310393 101.63524662568179,2.701429803858127,16.240192965032293 101.63540849351634,2.7014290700387154,16.235585488065688 101.63557068726992,2.70142782824616,16.230144657225274 101.63548978251731,2.7012869339856533,16.236039847960086 101.6353274877378,2.701286642519323,16.241597895609665 101.6351664454222,2.7012877507993065,16.246336724980786 101.63500556399433,2.7012890638633595,16.251243363107378 101.63484349691858,2.701288132179431,16.2571562298891 101.63468213122233,2.7012876244794812,16.264097635066776 101.63451951537736,2.7012887785050665,16.27175522416889 101.63540968561333,2.7011443737957728,16.241296301708992 101.63524762033909,2.7011456653105217,16.247051153539736 101.63508617700806,2.7011450237444983,16.25223285455034 101.63492362186554,2.7011463154892366,16.2575613646883 101.63476118323285,2.7011471326052092,16.263621610409885 101.63460027987445,2.701147110511041,16.270477173321943 101.63443967008091,2.701146896779613,16.27778382135202 101.63468232657188,2.7010076296923695,16.270410040113706 101.6345181699119,2.7010083516546253,16.27754134749422 101.63484394377211,2.70100641804978,16.263806225120582 101.63500456419246,2.7010056630238575,16.257673852539334 101.63516784317576,2.701006708560089,16.251557867353828 101.63532900220721,2.701007132454666,16.24522209961438 101.63548992783805,2.7010074692274726,16.23822516895597 101.63540839006558,2.700867735690078,16.240585259051556 101.63524792032992,2.700867101804432,16.248235843686885 101.63508611681259,2.700866847304967,16.255752080851913 101.63492528477056,2.700866676727793,16.26309404286391 101.63476166884419,2.700867631223097,16.270480835622834 101.63459911177203,2.7008673077325325,16.277800507213655 101.63476177756482,2.701989115761788,16.259385593133793 101.63460059968637,2.7019904324902786,16.26938090136548 101.63492485639077,2.7019894364597934,16.24983107836107 101.63508674733679,2.701989125360794,16.24236499085101 101.63524707179766,2.7019883269292095,16.23740417113057 101.63540992861817,2.7019874425266863,16.23376286042476 101.63557168102552,2.701987035756978,16.229767962365646 101.63549021119914,2.7021270136692648,16.234983848410366 101.6353281509956,2.7021259041593084,16.238430209280004 101.63516770502001,2.7021250932216487,16.24212773978131 101.63500571729594,2.7021262436543525,16.24787848993249 101.63484420442235,2.7021266974727034,16.25605196568963 101.63492374524544,2.702269696573545,16.255312077024815 101.63508573464726,2.7022696206880057,16.248671402163673 101.63524685634421,2.7022691697682846,16.24411201623378 101.63541010322415,2.7022694654986306,16.240409383643726 101.6350060855915,2.7024090241185266,16.256481988631037 101.63516597763187,2.7024101967223872,16.250975793478524 101.63532874115322,2.7024114568686093,16.246371409424153 101.633375,2.70425,3 </coordinates></LineString></Placemark>
<Placemark><name>Route 6</name><Style><LineStyle><color>ff9900ff</color><width>4</width></LineStyle></Style><LineString><altitudeMode>relativeToGround</altitudeMode><coordinates>101.633375,2.70425,3 101.63816169432336,2.7036650654430354,16.138227386294915 101.63799850867085,2.7036641532275616,16.142743421915718 101.6378389278755,2.703665377087557,16.14837896891693 101.63832342048758,2.7036646488261766,16.13554015035568 101.63848620915846,2.703663947033411,16.13421870515908 101.6386473777305,2.7036651203197546,16.13327673978132 101.63880898182771,2.703664587286428,16.1319277266446 101.6389710510548,2.7036655520627964,16.12962978064378 101.63913409185552,2.7036647408252956,16.12701350536164 101.6382429847583,2.703531177589701,16.14089366625412 101.6380797517021,2.703532124505799,16.14362175186072 101.63791952648096,2.7035320598717005,16.148464215312913 101.638404658685,2.7035322851687216,16.139836966560154 101.63856629729905,2.7035312827199456,16.139300857757387 101.63872874221329,2.703530049892373,16.138017272153434 101.63889076968488,2.703529205021246,16.135440481228855 101.63905277961972,2.7035303726432605,16.131988971332323 101.63897181507303,2.7033871834211465,16.1368496033824 101.63881008219879,2.703387690879666,16.140662779460634 101.638646900563,2.703387648921635,16.143349514083454 101.6384861107529,2.703386713159121,16.14460101503861 101.63832248978265,2.7033868525984444,16.14515162933209 101.63816175907267,2.7033879850039573,16.146457198573003 101.63800092752663,2.703388494067921,16.149920406311708 101.637837559339,2.703388015360469,16.155494658734074 101.63808100953202,2.703251471638164,16.15144629898007 101.63791798027157,2.703251709962578,16.156094573421694 101.63824133040994,2.703252316255984,16.149119675829684 101.63840341679044,2.703253011602792,16.14813270962157 101.63856612997448,2.7032538950210045,16.14692006091427 101.638728854841,2.7032548443430624,16.144438708647787 101.63888908288301,2.703255896504764,16.140743880992723 101.6386483115517,2.7031070438523774,16.146577154346755 101.63848490270409,2.703106126685949,16.148832436363918 101.6383241593067,2.70310740625135,16.150229503650863 101.63872895813394,2.7038081454280527,16.126106937192823 101.63856606534908,2.7038069276951258,16.12739692191691 101.63840356599174,2.7038069574027506,16.129491940831606 101.63824330718798,2.703806029695706,16.132971272503653 101.63807953077692,2.703807319301092,16.1378401183546 101.63791815372964,2.7038074858560766,16.143483547494682 101.6388913489826,2.7038073041308635,16.124925406682074 101.6390526058908,2.7038065244551746,16.123357745409308 101.63921343309713,2.703806515964629,16.121719742828837 101.63929454959398,2.7039498995915516,16.11574330171688 101.63913178312794,2.703950160458562,16.11685412076681 101.63896991313194,2.703949088166541,16.117854561747976 101.63880974771189,2.7039499228621446,16.11874777995732 101.63864712032408,2.703949241853822,16.120107774265414 101.63848488945413,2.7039493101149072,16.122777067605043 101.6383245248496,2.703950003309115,16.1271898965336 101.63816121163059,2.7039500892175266,16.1330919128523 101.63799969633982,2.7039489842866304,16.139309163134165 101.6378368995449,2.70394912367179,16.145409601802537 101.63937513120067,2.704090288219647,16.108300079273313 101.63921261948383,2.70408934480955,16.110034756937544 101.63905060531121,2.70409002725147,16.11079830263205 101.63889116339809,2.704089657316042,16.111604778335447 101.63872814980253,2.704089456019938,16.11286771374448 101.63856569282464,2.704090465639471,16.11561387680899 101.6384036476448,2.704091156719451,16.120593228011415 101.63824315098894,2.704090585742909,16.127314160805746 101.63808095297041,2.704089997506167,16.134547230773993 101.63791959903273,2.7040904416070126,16.14103119545431 101.63816169369764,2.704223795304146,16.128564868716524 101.63832406777789,2.704223688900623,16.120495708985757 101.63799853616241,2.7042237214646185,16.136034183910983 101.633375,2.70425,3 </coordinates></LineString></Placemark>
<Placemark><name>Route 7</name><Style><LineStyle><color>ff0000ff</color><width>4</width></LineStyle></Style><LineString><altitudeMode>relativeToGround</altitudeMode><coordinates>101.633375,2.70425,3 101.63816173816541,2.7017044274815163,16.105160941975846 101.63832327851375,2.7017051457645676,16.096992638446125 101.63848414036681,2.7017046168252916,16.091870831418525 101.63864790789485,2.701703766884207,16.090186344403385 101.63880926617668,2.7017035907266433,16.09063981133791 101.6389715319584,2.7017033936138914,16.091259951247697 101.6391336119758,2.7017040718986656,16.09168910918728 101.63929371604071,2.7017033845388685,16.090300583974617 101.63872788309581,2.7015694331271525,16.089933896819588 101.63856620149414,2.701570334956499,16.091616954251243 101.638404995104,2.701570540341283,16.095120022893518 101.63824205632429,2.701569726829546,16.101088697686663 101.63807950224646,2.701569530365945,16.10885416700093 101.63888922442905,2.70157036057327,16.088760371149398 101.63905055203313,2.7015714585999215,16.087430448220786 101.63921417438428,2.70157273143596,16.085660206764214 101.63896984636473,2.7014268304878435,16.085822275853296 101.63913188939848,2.701427608946774,16.081896990694908 101.63929431441876,2.7014269915253584,16.077283639559607 101.6388089474408,2.7014264506509984,16.089838664021908 101.63864842202723,2.7014264979447096,16.093576292176117 101.63848585824918,2.7014277571336094,16.097261264596774 101.63832258462476,2.7014269893919423,16.101524624786475 101.63816081156203,2.7014269987243344,16.106682241577616 101.63808099569138,2.7012904223402505,16.11179425944841 101.63824143685636,2.7012909013828725,16.108012050189004 101.63840338912833,2.7012919292120623,16.104398534512885 101.63856653531388,2.70129300395437,16.09985118933553 101.6387272514037,2.701292207885338,16.094104086178575 101.63889086989977,2.7012911188995488,16.0873132278094 101.63905300886776,2.701290756460597,16.0805407920912 101.63921320227311,2.701291752552161,16.074266547464873 101.63929372534867,2.7011437405719767,16.06456198000516 101.63913378747328,2.7011448337092068,16.072364384291763 101.63897207892562,2.7011440792777184,16.08145389980276 101.63880918805495,2.701143552054016,16.091087218565548 101.63864592285252,2.7011447286319212,16.10015697095571 101.63848481072986,2.701145576023235,16.106896958526725 101.6383227659717,2.7011457116875177,16.110945191109398 101.6381623584215,2.7011466162252504,16.113287976453 101.6382427907064,2.7010042737809323,16.11524723732379 101.63807956022161,2.7010048830214015,16.116996779018905 101.63840398068648,2.7010030469486797,16.112152109104755 101.63856574143792,2.7010030292431004,16.105726974119637 101.6387269829956,2.7010022374478306,16.095964146989914 101.6388902936997,2.701002210665624,16.08440126236594 101.63905212998581,2.7010023096206144,16.073096437719656 101.63921301751195,2.7010023349802306,16.062882780242916 101.63913395989208,2.700860798672598,16.063738634620584 101.63929507701778,2.7008606387548437,16.053782666409756 101.6389704145746,2.7008605875408644,16.07605144235538 101.63881020124103,2.700860799421276,16.088577113591136 101.63864592928438,2.700860754392676,16.100901046703306 101.63848557214439,2.700861958713942,16.110205347690574 101.63832456391486,2.700862980906569,16.11568311948526 101.63816161632447,2.70086205884495,16.118253301657568 101.63905158214733,2.702126622958402,16.11091202907633 101.63921256941806,2.7021252889959633,16.11253110487629 101.63888917939965,2.702126869304415,16.10866086344398 101.63872904474529,2.7021280030445487,16.106250640331204 101.63897105364826,2.7019885143248783,16.103257863458687 101.63880854859079,2.701988513221473,16.100979071634985 101.63864835279647,2.701988358027193,16.099008224203615 101.63848568855683,2.7019877072930583,16.09961589820524 101.63929450110456,2.7019876514480727,16.10548484374096 101.6391337749034,2.7019878299421007,16.105213321345737 101.63856637563669,2.70184792445802,16.093359817985682 101.63840494853292,2.701847780221131,16.096396007667902 101.63824340679086,2.7018472874226425,16.103464426682635 101.63921363744285,2.701847954423526,16.098347897889326 101.63905248983855,2.7018491302704386,16.09747087793295 101.63888964701187,2.7018488790346877,16.095795950625675 101.63872821057042,2.701848059375908,16.093879568433827 101.63897147646996,2.7022694829283322,16.116445234821327 101.633375,2.70425,3 </coordinates></LineString></Placemark>
<Placemark><name>Route 8</name><Style><LineStyle><color>ff00ff00</color><width>4</width></LineStyle></Style><LineString><altitudeMode>relativeToGround</altitudeMode><coordinates>101.633375,2.70425,3 101.63500586360334,2.7038089251793616,16.283518743298252 101.63484342207579,2.7038092925455,16.287814297305943 101.63581332989337,2.703808483203885,16.24524301745194 101.6356523018214,2.7038079812511207,16.254322356621664 101.6354916456567,2.703806993246889,16.263124094617652 101.63532749641031,2.70380822471166,16.271499697713637 101.63516813728592,2.7038082076728536,16.27828039663871 101.63557283293858,2.70366650837584,16.257838364354775 101.63573223439361,2.7036666609035382,16.248939968243718 101.63589443440658,2.703667431231431,16.240244476520964 101.63541049963058,2.703666548665088,16.266253889099126 101.63524677020528,2.703665460098557,16.273423676976073 101.63508659521347,2.703665476299976,16.278772783786227 101.6349241326817,2.7036660308993548,16.283019493139786 101.63476171949526,2.7036646970136893,16.28737299281849 101.63484257864923,2.7035310597851114,16.282427498134005 101.63500514953458,2.7035308696146543,16.278116667860804 101.63516621266281,2.7035321722026437,16.273550306344347 101.63532868675982,2.7035308729229763,16.267454890429747 101.63549137281423,2.703530803861552,16.25972825409947 101.63565164538475,2.7035320619820897,16.25104477954617 101.63581362770334,2.7035318685899257,16.241920801488604 101.63573332831525,2.703386655753014,16.242885232659532 101.63589417598537,2.7033872735627065,16.23409233716346 101.63557216326818,2.703386948473868,16.252103273670947 101.63541040950162,2.703385877402272,16.26051048946299 101.63524766471784,2.7033863104402447,16.267583074062163 101.63508627945012,2.703385993850986,16.27305845361528 101.63492421567395,2.703386479085929,16.27775783042749 101.63476285472171,2.7033862868205185,16.282903054572575 101.63516557030675,2.703249297007908,16.26823241744126 101.63500607848938,2.7032490009283316,16.27358271637801 101.63484358123785,2.703250069880851,16.278842878338907 101.63468026861604,2.7032490632637045,16.285094151817248 101.63532849614295,2.703250249847632,16.26160671692317 101.63548947111559,2.703249488036939,16.25360965378737 101.63565200224623,2.703249987943506,16.244499136984555 101.6358134998285,2.7032507877168754,16.23508825807028 101.63557270530521,2.703108925872309,16.246512367355173 101.63540939961253,2.703108893637459,16.255424493682707 101.63524715015801,2.703108623272533,16.26312016344568 101.63508510732835,2.7031079137600336,16.26948989270643 101.6349241329104,2.7031089815385174,16.275055138218505 101.63476083170926,2.7031099299664216,16.280969359211078 101.63589440281342,2.7031094877969424,16.227753954377526 101.635733987535,2.7031096278857194,16.2370249798942 101.63581370577577,2.7029654811943833,16.22993786551848 101.63565139761947,2.70296542296965,16.239662604831622 101.63548980612968,2.7029662450966776,16.2489463453728 101.63532984868309,2.7029667008888363,16.25734487222907 101.63516611905509,2.702967759083079,16.264756299250365 101.63500579167771,2.70296868021729,16.270921143899066 101.63484203358712,2.702968062410698,16.276829573777697 101.63468171453235,2.7029670375005264,16.283237501632975 101.63492309951687,2.7028323111340398,16.27207508499123 101.63508629266646,2.7028310779350835,16.265879782001228 101.63524884198972,2.702830056173307,16.25911171505428 101.63541040675109,2.702830757272313,16.25140379876131 101.63557234297394,2.7028295857316116,16.242744673757848 101.63573280809048,2.7028285487899883,16.233565930152828 101.63516618124295,2.7026883332260847,16.25964055629202 101.63500494654902,2.7026874661825335,16.265793097208416 101.63532866101203,2.7026896511009904,16.25306955957202 101.63549121603138,2.702690759065358,16.245680284274123 101.63540909261597,2.7025535071901947,16.247185914341536 101.63524793067695,2.7025521752609847,16.252933137772438 101.63508527171541,2.7025512807408125,16.258602659938266 101.6358143671235,2.7040893535213675,16.240650090049883 101.63565275536023,2.704088447182321,16.250186958344145 101.63548970916747,2.7040892119667026,16.25958855526283 101.63532866868572,2.7040887901423725,16.268980280295914 101.6351682053839,2.7040879372933895,16.277507133327322 101.63500458520303,2.7040888681722173,16.28442888527109 101.63484361264078,2.704089923521464,16.289729467725536 101.63541084366554,2.7039478413928006,16.266623919646648 101.63557246667241,2.703948685988815,16.25761139640175 101.63573239816337,2.703950028380388,16.248488463740237 101.63524808279489,2.7039470600223754,16.275096730683515 101.63508706517713,2.703948263792167,16.281954682939805 101.63492369730339,2.7039477539457324,16.287255890294166 101.633375,2.70425,3 </coordinates></LineString></Placemark>
<Placemark><name>Route 9</name><Style><LineStyle><color>ffff0000</color><width>4</width></LineStyle></Style><LineString><altitudeMode>relativeToGround</altitudeMode><coordinates>101.633375,2.70425,3 101.64050858589421,2.7018464489591594,16.049642423561327 101.64067180478932,2.701845373156606,16.040165427373832 101.6408316542466,2.7018441375379574,16.02662556677707 101.64099474187948,2.701843572278691,16.0087642261497 101.64115699977118,2.701842910955398,15.989254548654628 101.64131896393792,2.701842597621464,15.970607836659473 101.6403480059194,2.701847181861154,16.05641648082594 101.64139879268215,2.7017028217015797,15.964000617183316 101.64123704054565,2.7017015563186395,15.98173985796051 101.64107492824583,2.701702581314456,15.999410974541636 101.64091457763377,2.7017027827735856,16.01600169628917 101.6407524888604,2.7017033681630362,16.029292156896076 101.64058959940598,2.701704092207706,16.03838933791854 101.64042749224659,2.701703061401698,16.044406539355638 101.64050924681639,2.7015740777465425,16.03362068533304 101.64034761439524,2.701572974506854,16.038376671594577 101.64067168426884,2.7015730617204534,16.02815056263576 101.64083287231901,2.701572103440247,16.019757074050986 101.64099480536471,2.701573093950238,16.007335354108918 101.64115612980322,2.7015738827150124,15.991802078755383 101.64131738394337,2.70157396422404,15.975440628882385 101.64147870143745,2.701575199302968,15.958203857715908 101.64139892763608,2.701423978858156,15.96924711325703 101.6412359824093,2.70142444743721,15.984922558586995 101.64107532711805,2.7014256924792224,15.999318884678011 101.64091449135532,2.7014252904322755,16.01074299241627 101.64075057937627,2.7014263945777786,16.018265088541135 101.64058957903354,2.701425441901473,16.022593111137038 101.64042737601497,2.7014246104984925,16.0264888095386 101.6402668429968,2.7014257804606365,16.032463187533672 101.64034607618318,2.701292982714874,16.02219045782133 101.64050901619663,2.7012943284576068,16.017000152102387 101.64067071611777,2.701294977617816,16.0138487023083 101.64083186568875,2.7012955983264657,16.009915407429318 101.64099374881215,2.701295278089349,16.00258561540867 101.64115724923208,2.7012965150763057,15.990913148699214 101.6413169763887,2.701296640556801,15.976978682080974 101.64148086249459,2.7012964822395285,15.961954243266144 101.6409125807069,2.7011410399640514,16.00093439387118 101.640750978054,2.7011420366727292,16.00516988445132 101.6405895490879,2.7011423620656916,16.007998190215332 101.64042852228435,2.7011434488398245,16.012449438181548 101.64107504446488,2.701140055810071,15.992889402376727 101.64123668692862,2.7011391275690677,15.98094156484111 101.64140023922239,2.7011379150931294,15.967267884121346 101.64148102152295,2.7009999744968023,15.95761040560275 101.64131837810606,2.701001017703628,15.970293892880962 101.64115705155746,2.7010019392139575,15.982805726906886 101.64099567319167,2.70100113018548,15.992262371040432 101.64083157041314,2.701000351913261,15.997817428288618 101.64067075403192,2.7010001102491206,16.000975304031194 101.640509103883,2.701000093332678,16.004712095868634 101.64034679401252,2.7010013847597443,16.011494397543977 101.64042870244916,2.7008608964061414,16.004156009952446 101.64058992263563,2.700860106730087,15.99878147784549 101.64075150078214,2.7008607933957878,15.995259770653165 101.64091221089377,2.7008600746254996,15.99093244034355 101.64107446933942,2.7008589908521152,15.983426068364171 101.64123729782658,2.7008590643747814,15.972206889942484 101.6413982055894,2.700858452238269,15.95963358013534 101.64123852622228,2.7019879474617956,15.978929889313882 101.64139928213446,2.7019876513024443,15.959293326618852 101.64107407059927,2.701988010451655,15.99967871961448 101.6409133263919,2.7019882706238434,16.020336846412533 101.64075124809021,2.701988724859181,16.038269432406963 101.64058853614054,2.70198884349021,16.051679841186473 101.6404288734455,2.701988964849138,16.060899991118433 101.64026505612017,2.7019878473360066,16.06843780457297 101.633375,2.70425,3 </coordinates></LineString></Placemark>
<Placemark><name>Route 10</name><Style><LineStyle><color>ff00ffff</color><width>4</width></LineStyle></Style><LineString><altitudeMode>relativeToGround</altitudeMode><coordinates>101.633375,2.70425,3 101.63605611714796,2.703385970654877,16.227081628079652 101.63621822907243,2.7033872334810827,16.222621017326812 101.63638179387337,2.703387055897071,16.219884166369596 101.63654340952954,2.7033883522167947,16.21737273434406 101.63670350520655,2.7033876209982477,16.213460279323627 101.63686781785465,2.7033873283869396,16.207995628944246 101.63702780699528,2.703388606680602,16.201043772787113 101.6371099597258,2.7032519467431033,16.193958397442152 101.63694766780009,2.703251236748946,16.200935272242532 101.63678573483573,2.703250298804533,16.206508720279885 101.63662281426734,2.70325017143816,16.211046580979318 101.63646161347435,2.703249471852853,16.21410079448219 101.63629885221309,2.7032492627946723,16.216731713056646 101.6361380675144,2.7032493848677643,16.22052781484311 101.63597679208851,2.7032495425005947,16.226622601137883 101.6362194538425,2.7031080235878284,16.21441265670918 101.63605739367914,2.703108733349997,16.21989621128354 101.63686522926312,2.7031068006043255,16.199307657866022 101.63670374201922,2.70310700355701,16.20415984602939 101.63654257331716,2.7031083268137692,16.20797853022735 101.63638212709856,2.7031089320534103,16.21090379164245 101.637029076735,2.703107132729771,16.193637038534867 101.63719139528331,2.703108348422623,16.187312842526364 101.636786961374,2.7029662856821113,16.19668986443549 101.63694845114195,2.7029649861310223,16.191635131315692 101.63710999158457,2.7029645425678543,16.186444555132805 101.63694861279481,2.703531095863347,16.207474998691556 101.63711054875733,2.7035318593901327,16.198221310626348 101.63678589869292,2.703530650426048,16.214175845794102 101.63662425167291,2.7035315362632,16.2192750904397 101.63646246623539,2.7035303132915796,16.222590076938854 101.63630043980265,2.7035311452108086,16.22507345670617 101.63613708519506,2.7035321665064584,16.22848593849145 101.6359753188679,2.7035322869503773,16.234051442084933 101.63605828081255,2.7036666834574556,16.23325686298934 101.63621886410618,2.7036675711018052,16.228707036877537 101.63638081886609,2.7036677797812145,16.225668004576946 101.63654176059794,2.703668855926162,16.22260360017474 101.63670410531866,2.7036680003866995,16.217968312328424 101.6368662270985,2.7036673438762913,16.21173371331848 101.6370286611189,2.703666492404271,16.203238965051128 101.63662302322312,2.7038075563246338,16.21886511884589 101.63646171226003,2.703808846503681,16.22308927285799 101.63629943254274,2.7038075207185575,16.226568274986764 101.63613862861442,2.7038077326582166,16.230792356581485 101.63597518359819,2.703807693835149,16.237057566013654 101.63710995538226,2.703806844786951,16.1951895713716 101.63694776789775,2.703807081628749,16.205301328173675 101.63678573210838,2.7038083166758544,16.212852874345216 101.63702789361123,2.703950213862801,16.195655792752028 101.63686743871231,2.7039493569133213,16.204435153971254 101.63670483084304,2.703950368348708,16.211536635272132 101.63654380072833,2.7039511007791286,16.217101586132905 101.6363811338949,2.7039517298568065,16.22139146911942 101.63621935331476,2.7039509856121984,16.22576707173891 101.63605766632084,2.7039515612482132,16.231547846680193 101.63589509166208,2.7039505469101184,16.23934418719212 101.63613688071072,2.7040899537524203,16.224544948039316 101.63597573461384,2.704090672162983,16.23174722737066 101.6362993847996,2.704090675996705,16.219019609161364 101.63646310640168,2.7040904004777797,16.214357450329583 101.63662467598623,2.7040912266212778,16.20907410530314 101.63678514882108,2.704090723740502,16.202348850228336 101.63694826500927,2.704089760723407,16.19427171655837 101.63710893202801,2.7040908540291118,16.184935726190083 101.63702834011409,2.7042250600963254,16.184240544380195 101.633375,2.70425,3 </coordinates></LineString></Placemark>
<Placemark><name>Route 11</name><Style><LineStyle><color>ffffff00</color><width>4</width></LineStyle></Style><LineString><altitudeMode>relativeToGround</altitudeMode><coordinates>101.633375,2.70425,3 101.63986202988845,2.7040927350289325,16.088677357854095 101.63969816461734,2.704091494740755,16.097779483962796 101.64002179932952,2.7040919950968734,16.078864186018784 101.64018420203338,2.7040910109885044,16.06842463234824 101.6403463253593,2.704091209451214,16.055654465944222 101.64050913329518,2.704092183413391,16.039271695298027 101.64067174843615,2.704092987915658,16.020649555465454 101.64083212434606,2.7040941524588367,16.001898103081235 101.64099456723571,2.7040941902388274,15.984267409611366 101.64115733046367,2.704094381563076,15.968330972308406 101.64131934552675,2.704093289203666,15.953201379501406 101.64042780772512,2.7042242832376964,16.038537373562455 101.64058842342419,2.704223966252472,16.021860084346088 101.64075053032246,2.7042245121904513,16.004047040317232 101.64091307352722,2.7042243309244003,15.987090689152257 101.64107590102755,2.7042231453863605,15.971894085511282 101.64123591744531,2.704222395474357,15.957745203629647 101.64140023672577,2.7042215223455064,15.943706639606404 101.64139777664448,2.703947695555121,15.94908987544076 101.64123710462005,2.7039477314430864,15.965495649939346 101.64107577476231,2.703947721065818,15.982711505986009 101.64091364407462,2.703947569704088,16.00143679257961 101.64075039902275,2.7039471677507234,16.021378249708576 101.64058886213742,2.7039480614848244,16.040688095760277 101.64042766428126,2.7039491829353626,16.05809121342914 101.64026598981127,2.703948249400438,16.07243930172885 101.6401036575747,2.7039488293337213,16.083556655518464 101.63994292532739,2.7039500607440097,16.09323594976194 101.63978094242931,2.703950763339867,16.10197629571252 101.64083210144453,2.7038057207206934,16.022369295874988 101.64099494582982,2.703805658103404,16.00126964278041 101.64115523473788,2.7038063402186947,15.980842928359209 101.64131842760534,2.703805512071027,15.96125696767626 101.64067054315471,2.703806504159887,16.042221622506936 101.64050786971214,2.7038061653936483,16.06021984146169 101.64034570858038,2.7038066043488924,16.075115645233204 101.64018584859163,2.7038056785707854,16.086803741820958 101.64002368232687,2.7038064348750663,16.096557626935617 101.6398617912802,2.703806360355645,16.1049268665055 101.64010307170689,2.7036634283893832,16.09811682374926 101.6399429663407,2.7036641782228146,16.10614836196881 101.64042711692328,2.703663428490944,16.076559860402142 101.6405899265454,2.7036633198924886,16.061761224766137 101.64075141313894,2.7036637802176555,16.04365210008214 101.6409126325157,2.7036626144079645,16.02264655140072 101.64107543477922,2.7036615371839696,15.999312568971355 101.64123603352387,2.703661392002057,15.976311069199783 101.64139918637608,2.7036618093325995,15.954147992486092 101.64026478044332,2.7036626494602447,16.088388925543747 101.64018440119115,2.703527868021879,16.097577973255724 101.64002181997368,2.703529180224748,16.105858263289228 101.64034806242289,2.7035265889476743,16.087984917495362 101.64050935034842,2.7035267723816916,16.076577237330177 101.64067042615777,2.7035264511045973,16.061704542233727 101.64083230324825,2.7035263618955017,16.042242807729217 101.64099557883529,2.70352719288998,16.018379357829055 101.64115610406841,2.7035263537346825,15.992529520530452 101.64131903211562,2.703525786723561,15.966971571440068 101.64139781495545,2.703384421722087,15.954590234308212 101.64123807137088,2.70338534205425,15.98093345728069 101.64107443038021,2.703386103385938,16.009581675546738 101.64091469068207,2.70338492974427,16.03603318085529 101.64075123694,2.703385481654191,16.058529794161217 101.64058908695323,2.7033865696636266,16.07514669911027 101.64042745190088,2.7033869538148836,16.086918608046883 101.64026705416244,2.7033875745686675,16.096006585931466 101.64010454194913,2.7033885737994217,16.104365199778677 101.64099375494321,2.7032553673013773,16.02447182522245 101.64083340724817,2.7032548070914606,16.049964396777234 101.64067007121292,2.7032537638874987,16.070079369036534 101.64050844038768,2.703255009181416,16.083959156826744 101.64034785002204,2.703255478849246,16.093715990267746 101.64018512391745,2.703254281542655,16.102138305142834 101.633375,2.70425,3 </coordinates></LineString></Placemark>
<Placemark><name>Route 12</name><Style><LineStyle><color>ff9900ff</color><width>4</width></LineStyle></Style><LineString><altitudeMode>relativeToGround</altitudeMode><coordinates>101.633375,2.70425,3 101.63573375496276,2.701707952678514,16.221409947158495 101.63589437168568,2.7017069259239546,16.216790873799578 101.63605798154127,2.7017069302491064,16.21222575602257 101.63637988554594,2.701705373487093,16.200550915849377 101.63654233599242,2.7017043389234705,16.193115818719534 101.63670379879015,2.7017042561321376,16.185465657072875 101.6362184992706,2.701705883866328,16.207007364038013 101.63662260386612,2.7015720316415344,16.189951322475512 101.63646219722695,2.701573120213674,16.197747090420233 101.63629898483418,2.701572244711535,16.20475232270239 101.63613811350257,2.701573305042265,16.210319626814357 101.635975380214,2.7015726408742475,16.214961671629368 101.6358136141006,2.701571654355583,16.219539793523367 101.63573275664297,2.7014289938432476,16.223977778629433 101.6358940383996,2.7014292854139015,16.218560161307792 101.63605734112014,2.701428445606697,16.213694746662302 101.63621789724243,2.7014291471129317,16.20844526518443 101.63638171636399,2.7014278277172354,16.2017771377975 101.63654272311285,2.7014274229216775,16.193854501943242 101.63670584899705,2.701428767443037,16.185033628763684 101.63581370668145,2.7012880702883564,16.22285184936996 101.63565377840179,2.7012869983292638,16.229332240195127 101.63597520515897,2.7012867266452703,16.21720450599986 101.63613773205422,2.701288049719941,16.211631217497757 101.63629992983135,2.7012869850589953,16.205108624512043 101.63646154815702,2.7012871935130858,16.197143690917272 101.63678688269728,2.7012886298669243,16.178236375052638 101.6366247032055,2.701287708811221,16.187927011852413 101.63637959581281,2.701145159855803,16.199893916806424 101.63670434945418,2.7011476003267956,16.180521547785098 101.63654315519398,2.7011463352262406,16.190526574096484 101.63622023572506,2.701145624468799,16.20767623395681 101.63605789543216,2.701144698236029,16.214275874037874 101.63589447281075,2.7011439816756795,16.22044716851505 101.63573364029433,2.70114440722755,16.227106350594106 101.63557054349232,2.7011433906710316,16.234544418531332 101.63581569047716,2.701006837956544,16.22288740974099 101.63597739441362,2.7010081418730394,16.216237540970205 101.6361387612346,2.7010086929445563,16.209710422170723 101.63630074408556,2.701008551857295,16.202194302842496 101.63646248773841,2.7010082103273705,16.193230971598048 101.63662391815683,2.7010079904209996,16.183171610962436 101.63678602879028,2.701008588612831,16.172705164392312 101.63565362680909,2.7010074484160116,16.230437026712444 101.63557157518203,2.700866832574736,16.23255484153293 101.63573267183773,2.700867325185105,16.224573407567988 101.63589438354472,2.7008669700753516,16.217340077222634 101.63605600570584,2.700867023687898,16.210889597193752 101.63621827127723,2.7008665941871595,16.204084681136838 101.6363822461391,2.7008668399753506,16.19591818240049 101.63654339107352,2.7008656111928744,16.1864475652004 101.63670383370346,2.700865704263488,16.176266184788112 101.63686556738048,2.700866358581979,16.165845073968978 101.6361380938687,2.701846437685754,16.20991246052433 101.63630053200679,2.7018461830995038,16.2032684716459 101.63597745803621,2.7018463086725273,16.21530417998472 101.6358148921894,2.7018466632323497,16.220076412326403 101.633375,2.70425,3 </coordinates></LineString></Placemark>
<Placemark><name>Route 13</name><Style><LineStyle><color>ff0000ff</color><width>4</width></LineStyle></Style><LineString><altitudeMode>relativeToGround</altitudeMode><coordinates>101.633375,2.70425,3 101.63363000102086,2.701989114544207,16.321510377875132 101.63346622040507,2.701987905754616,16.327220333664705 101.63379185845456,2.70198854811578,16.315775135559768 101.63395359079367,2.701988842014105,16.308738281005283 101.63411550352313,2.7019876863877657,16.299755948119888 101.63427662819007,2.7019888220273525,16.28948456643857 101.63443915318501,2.701989929962186,16.27912173127916 101.63435614950157,2.7018493559523575,16.283392611118117 101.63419514806913,2.7018486754178532,16.293814059795725 101.63403414189287,2.701847648577689,16.303563140353262 101.63387229738494,2.7018469833864667,16.311612847046103 101.63371074490638,2.7018467127364887,16.317925216620274 101.6335481721169,2.7018479519160272,16.323589238116227 101.63354744747863,2.702128348283479,16.325249151880442 101.63371014259064,2.702128118982208,16.319688757225002 101.63387277753934,2.7021271167191943,16.3134381561012 101.63403498659326,2.70212654039652,16.305492877316908 101.63419522154167,2.7021262834677304,16.295918838777148 101.63435773803342,2.702127613816776,16.28550783652863 101.63452063508802,2.7021274048775363,16.275526353896346 101.63468226318649,2.7021268028110406,16.2657433235722 101.63411546994445,2.702267676033389,16.302212142284812 101.63395153996768,2.7022676348210144,16.310691823417272 101.63378959175844,2.702268284501821,16.317463860822446 101.6336289885309,2.7022676440653166,16.323195166755877 101.6334681957233,2.702268697225218,16.32897346335892 101.63427638371074,2.70226884681709,16.29266483057453 101.63443837000612,2.7022685705800735,16.282839319518185 101.63460060992037,2.7022687419109457,16.273351054842006 101.63476307094778,2.702269101248771,16.263841992869466 101.63370880751465,2.7024065569367672,16.320725754422845 101.63354809453227,2.702407534049268,16.32672156218866 101.63387081508097,2.7024059925900517,16.314576230513282 101.6340328182091,2.7024051949701464,16.307558984818318 101.63419624008674,2.7024065039130343,16.299314915645922 101.63435820974483,2.7024076347485764,16.290361131877457 101.63451901463714,2.702408331472302,16.281357968317696 101.6346824312473,2.702408914758242,16.272273084180107 101.63484312131466,2.702409561591434,16.263793915657715 101.63492510725328,2.7025502749470456,16.264813534060465 101.63476216622783,2.7025496628165944,16.272194259814263 101.63459965981673,2.7025487396805383,16.280433844548234 101.6344376174683,2.7025483294250443,16.288949544411416 101.6342755156501,2.7025494781427293,16.297215843118483 101.63411586554682,2.702549714270892,16.30462818105478 101.63395151404067,2.7025500997677145,16.311459513468954 101.63379180133973,2.7025488238790927,16.317643968589863 101.63362779789865,2.7025480188479842,16.324057203063045 101.63346692251814,2.702547821861762,16.330770446905582 101.63354792136056,2.7026892024362037,16.327994199838855 101.6337088479843,2.702688157047048,16.32104106233668 101.63387202782496,2.702688525651778,16.314584853794514 101.63403452102284,2.702687617499701,16.3085165889164 101.63419469504578,2.7026874920030104,16.302339811777045 101.6343563965762,2.702688530965766,16.295352697682652 101.63451869088856,2.7026877476166384,16.287440890061895 101.63468057609425,2.702688744454063,16.279510588734713 101.63484188976015,2.7026884376782854,16.272316891182594 101.6347615933569,2.7028314633638875,16.278383838727812 101.6345993234537,2.702830592641353,16.28559871395168 101.63443959886578,2.7028307383546135,16.29323810106506 101.63427522380515,2.702830129933812,16.30033269013154 101.6341140215968,2.7028297889030855,16.30628518177437 101.63395393803437,2.702828710931022,16.311920652085945 101.63379004070399,2.702827774657791,16.318182156827277 101.63363028748572,2.702827629698119,16.325041752265278 101.63346765107454,2.7028283652554674,16.33250024637357 101.63371102916447,2.7029668061888015,16.322502060429485 101.63354933102454,2.7029671749951385,16.329706411653515 101.63387231281665,2.7029662355999604,16.315878155880107 101.63403501620382,2.7029665870701907,16.30995376516828 101.63419511963912,2.7029667961130994,16.304383189064673 101.63435809958881,2.7029664935382014,16.298078152322127 101.63452030293195,2.702966537456415,16.290689969021994 101.633375,2.70425,3 </coordinates></LineString></Placemark>
<Placemark><name>Route 14</name><Style><LineStyle><color>ff00ff00</color><width>4</width></LineStyle></Style><LineString><altitudeMode>relativeToGround</altitudeMode><coordinates>101.633375,2.70425,3 101.63969807029665,2.703807307167654,16.111626191793487 101.6395379451443,2.7038063876611367,16.116426322978477 101.63937626780215,2.703805437026429,16.119650581954005 101.6394571085878,2.7039499479257882,16.113411184343896 101.63961733031766,2.7039501645465136,16.10897163332877 101.6395384355375,2.7040902022677007,16.10440093369808 101.63970049468548,2.7035299399359283,16.11611026417218 101.6398601439748,2.703530026545666,16.11188013907016 101.63953765532773,2.703529348473615,16.119954665603856 101.63937585986469,2.703529758651458,16.124057066432762 101.63921377255423,2.703529664632583,16.128273452829326 101.63945767329109,2.703664668790698,16.120817471011136 101.63929556417641,2.7036644137085086,16.124135983929662 101.63961797105549,2.703664089103857,16.11705279619642 101.63978098670937,2.7036632147143367,16.112359754953175 101.63961830886468,2.703388708334432,16.1185243862939 101.63977962693583,2.703388658611325,16.115121249091075 101.63994256430239,2.7033895597027104,16.110918320949605 101.63945542688411,2.703388601278912,16.122720594163997 101.63929459800502,2.7033886788192834,16.12773838907191 101.63913313571702,2.7033876062624618,16.13265908391816 101.63905185565334,2.703255472534519,16.136511305754155 101.63921343045709,2.7032559670449205,16.13178726888092 101.63937526400383,2.7032554615774385,16.12630351978277 101.63953629754084,2.7032551037670003,16.12138396201493 101.63970067172951,2.7032540681670527,16.117705314957412 101.63986210821236,2.7032543243779257,16.11447682252043 101.64002253733743,2.7032551589791423,16.109627060771572 101.63961964302051,2.7031057437064154,16.12079006057882 101.63977962599287,2.7031051779238826,16.117693918226347 101.63994225455004,2.7031042660791313,16.113908297097097 101.6401043580031,2.7031048356207634,16.107570855712986 101.63945597531881,2.7031068232870097,16.1250032035438 101.63929496922793,2.7031067934118087,16.130210148984627 101.63913220581905,2.7031078704960807,16.13521758188484 101.63897203310637,2.7031079598339214,16.139233926720912 101.63880790317577,2.7031077997751374,16.143252454644283 101.63872831469183,2.7029632409886997,16.144016843830713 101.6388892467996,2.7029626205090658,16.14035378246065 101.63905071805823,2.7029616666599967,16.13673741844339 101.63921276423129,2.70296225259035,16.132710899172153 101.63937429380205,2.7029633503940516,16.127816003313733 101.63953862131744,2.7029632333558076,16.123195554736387 101.63969993986423,2.702963696448411,16.119767436240643 101.63986192749317,2.7029632540775084,16.11652252196823 101.6400233180411,2.7029639449761222,16.111469312184745 101.63897107546624,2.702831125435138,16.136511595641657 101.6388098859349,2.7028324178176555,16.139693798922334 101.63929585076201,2.702830292944285,16.129601730382472 101.63913272065967,2.7028303766508803,16.133509644080398 101.6394577463373,2.7028289608737834,16.125258662332953 101.6396175047254,2.7028293712674065,16.12157407584264 101.63977919918041,2.7028298148449337,16.118392627047704 101.6399430364455,2.7028299814918424,16.114217078079015 101.64010489738483,2.7028307728973067,16.10748304704559 101.63937632046715,2.702692613627352,16.12669315624715 101.6392128970163,2.702692659982557,16.12996845217178 101.63905245081129,2.7026932391539704,16.132185838954086 101.63888980732206,2.7026927882641236,16.134120081959047 101.63953686724378,2.7026921480424893,16.123161956202726 101.63970041254798,2.7026919183910647,16.11976139312235 101.63986088666421,2.7026923714869424,16.115993839691907 101.6400225401759,2.7026925322186828,16.110341021267114 101.63961746570716,2.7025581099804357,16.120507166599978 101.63978093836418,2.702557633552965,16.11651989592398 101.63994320420723,2.702557944878344,16.111330977505002 101.63945582903897,2.7025586592899926,16.1238688288107 101.63929468978198,2.7025576458968033,16.126524963143318 101.63913200086523,2.702556837100898,16.127999745514337 101.6389710522271,2.7025578927854497,16.128617111272042 101.63921489017868,2.702404278815951,16.123416513365214 101.63905084162022,2.7024052632595503,16.12292322097999 101.63929518971659,2.7022720050834868,16.11880466910806 101.63913409510221,2.7022707739663017,16.118275978373738 101.633375,2.70425,3 </coordinates></LineString></Placemark>
<Placemark><name>Route 15</name><Style><LineStyle><color>ffff0000</color><width>4</width></LineStyle></Style><LineString><altitudeMode>relativeToGround</altitudeMode><coordinates>101.633375,2.70425,3 101.63686525006068,2.701146470164446,16.170098228423537 101.63702952354848,2.701146170606248,16.15843846104134 101.63718936171577,2.7011456511847984,16.147011383383767 101.63735106049428,2.7011469612658727,16.137245364395845 101.63751537870421,2.7011464921725055,16.130019194353615 101.63767467377566,2.7011471405455887,16.124999416184938 101.63783792355751,2.70114653987297,16.12034561964121 101.63799845027725,2.7011473062194296,16.116085465660984 101.63694664518653,2.7010080682795445,16.16172792728623 101.63743204198082,2.701006952162006,16.131814968830753 101.63727220094026,2.7010067309940693,16.139346567008378 101.63710815264243,2.7010080669155783,16.15002001877255 101.63759624392995,2.701006170556486,16.126967002803063 101.63775591882288,2.7010050361654154,16.123452310647874 101.63791763344273,2.7010045588292644,16.119728427704658 101.63800010675729,2.7008633584846136,16.120219091537525 101.6378366274173,2.7008625108152966,16.123445861383164 101.63767650875243,2.7008637189417644,16.12661166865608 101.63751312292572,2.7008649959610347,16.129945584001774 101.6373512177429,2.7008656401179474,16.13531022462478 101.63718955525947,2.700865539087027,16.143815502377997 101.63702732456402,2.700866838912853,16.154691335998994 101.63759594194244,2.7012878513980736,16.129177222002653 101.63775599502101,2.7012878379955456,16.12291193240238 101.63791877415538,2.701289123590361,16.11687401734117 101.63743268287898,2.7012889680324097,16.13669567665584 101.63727079329283,2.7012876238901846,16.145898499163355 101.6371082504133,2.7012886021278235,16.156779837830427 101.63694727942398,2.701287533852343,16.167891782922688 101.6371904564154,2.7014283674184947,16.155588700984513 101.63702745771955,2.7014288643158024,16.165971214830265 101.63686631787468,2.701427706386094,16.175857740250223 101.63735208985183,2.701427904080661,16.145595396599813 101.63751316820569,2.7014272070972303,16.136393385872807 101.63767542265927,2.70142669891436,16.12796997744597 101.6378383596608,2.701427009591156,16.12013680335161 101.63800026090458,2.7014258882214657,16.112922416639435 101.63791922983093,2.701570037004757,16.117230551278883 101.63775803372269,2.7015710238587056,16.1260979201249 101.6375957166256,2.7015714256898025,16.135586344235165 101.63743352158393,2.7015706498362166,16.145255111309105 101.63727142893354,2.7015716060655635,16.15481778671152 101.63710957387237,2.701571120949358,16.16401765825448 101.63694796899836,2.7015711904353954,16.172941293555418 101.6367852131858,2.701571279621364,16.181661556324293 101.6370272263672,2.7017032348213728,16.169827611629092 101.63686730152331,2.7017034475393618,16.1775603217893 101.63718973925484,2.7017025881956083,16.16193738810979 101.63735134465165,2.7017032720625638,16.153494039942 101.63751306395677,2.7017039670481187,16.144105305903718 101.63767706085987,2.7017035485548107,16.133906953501914 101.63783713110817,2.7017046585076323,16.124119213202995 101.63799949952373,2.701705641052614,16.114652985335248 101.63791989287627,2.701846783412415,16.12273430664436 101.63775708301462,2.7018474151311596,16.13257195355392 101.637594054703,2.7018470169489803,16.142634038898102 101.63743435274426,2.7018462085618653,16.15179458080626 101.63727125795992,2.7018460623955427,16.159834612480527 101.6371100008332,2.7018454868070347,16.166713118643692 101.63694793698072,2.701846140853565,16.173471150315393 101.6367844607225,2.7018452236723305,16.180805532717628 101.63719045012986,2.701985998718582,16.16418929974077 101.63702829717879,2.7019857568504086,16.169996711832553 101.63735272564658,2.7019872279490436,16.15789570554829 101.63751489378382,2.7019868330019268,16.150204219511167 101.6376761064169,2.7019875265554,16.141222656672028 101.63711031730006,2.7021285619128745,16.1673979379793 101.63727068919847,2.702127730656299,16.162631804084455 101.63743413853247,2.702127308564472,16.156853212226753 101.63719069613032,2.702267613086506,16.166022841330204 101.633375,2.70425,3 </coordinates></LineString></Placemark>
</Folder>
</Document></kml>